IDENTIFIANT_CREDIT,IDENTIFIANT_TIERS,VILLE_RC,REGION_RC,VILLE_TIERS,REGION_TIERS,DATE_CREATION_ENTREPRISE,CODE_SECT_ACTIVITE,CODE_BRANCHE_ACTIVITE,CODE_SSBRANCHE_ACT,NBRE_EMPLOI_ACREER,NBRE_EMPLOI_EXIST,ID_IFP,TAUX_INTERET,PERIODICITE,DATE_ACCORD,DUREE_CONCOURS,UNITE_DUREE_CONCOURS,DATE_PREMIER_DEBLOCAGE,CENTRE_AFFAIRE,FINALITE_CREDIT,CLASSE_RISQUE,NBRE_JOUR_IMPAYE,MONTANT_DEMANDE_MEJ,AGE1,AGE2,AGE3,ANTP1,ANTP2,ANTP3,CU,CV,CW,DO,DU,ENGA1,ENGA2,ENGA3,ET,EXP1,EXP2,EXP3,FF,FI,GI2,GI3,HA1,HA3,HA4,HA5,HDG,HP,HZ,JCX,KW,LFAS1,LFAS2,LFAS3,LOCALE,LP,LV,MC,MD,MP,MT,MU,NIVED1,NIVED2,NIVED3,NOTE11,NOTE12,NOTE13,NOTE14,PATR1,PATR2,PATR3,QALDE,RGI,DEFAUT,FLAG_SANS_INDICATEUR_FIN
3068790,01A1005,MEKNES,Fès-Meknès,MEKNES,Fès-Meknès,03/11/2009,4521,45,452,0,108,23,6.0,Mensuelle,16/07/2018,47.0,mois,05/05/2018,CENTRE D’AFFAIRES DE FES,Développement,B,,,0.0,0.0,0.0,0.0,0.0,0.0,3906402.5,1695068.375,2211334.125,5883377.5,13291152.875,0.0,0.0,0.0,26379227.875,0.0,0.0,0.0,140014.875,28730576.875,9769794.0,6173507.5,15634118.5,2553425.875,705329.625,395144.75,11684172.5,1844092.25,573823.25,-85960.875,261261.0,0.0,0.0,0.0,0.0,6262381.125,1726349.625,7988730.75,3016013.0,18091573.5,2650272.625,28730576.875,0.0,0.0,0.0,0.0,0.0,0.0,0.0,0.0,0.0,0.0,0.0,31680.25,0,0
3066431,01A1007,CASABLANCA,Casablanca-Settat,CASABLANCA,Casablanca-Settat,24/08/2010,5121,51,512,0,52,22,5.0,Mensuelle,21/06/2018,60.0,mois,07/09/2018,CENTRE D’AFFAIRES DE CASABLANCA,Développement,A,,,0.0,0.0,0.0,0.0,0.0,0.0,21006128.0,5829752.5,15176375.5,12457516.5,27954641.0,0.0,0.0,0.0,48770507.5,0.0,0.0,0.0,17783051.0,81729934.0,105097007.71428572,64745864.14285714,204507589.0,14905891.0,9430707.0,4936717.5,179654046.0,5384665.0,7887880.0,-3127267.0,3366077.0,0.0,0.0,0.0,0.0,16777189.0,3438149.0,20215338.0,26984457.5,32699524.0,28815000.5,81729862.5,0.0,0.0,0.0,0.0,0.0,0.0,0.0,0.0,0.0,0.0,0.0,408554.71428571426,0,0
3120096,01A1125,,Autres,,Autres,,5165,51,516,2,0,1,5.5,Mensuelle,27/08/2019,7.0,an(s),21/10/2019,CENTRE D’AFFAIRES DE CASABLANCA,Développement,C,,,28.571428571428573,0.0,0.0,0.2857142857142857,0.0,0.0,5419414.0,764478.0,4654936.0,4559054.5,15344329.0,28.571428571428573,0.0,0.0,22358693.5,28.571428571428573,0.0,0.0,1677962.0,28691591.5,19270925.35714286,9889673.92857143,35685364.0,7449227.5,5159654.5,3740236.5,27002690.0,2128126.0,4443796.5,-368725.5,3015155.0,18.571428571428573,0.0,0.0,0.42857142857142855,8345337.0,2411123.0,10756460.0,12418763.5,17619602.0,315529.5,28691591.5,28.571428571428573,0.0,0.0,11.16302857142857,0.0,0.0,10.642385714285714,23.714285714285715,0.0,0.0,0.2857142857142857,71031.71428571429,0,0
3073304,01A1326,CASABLANCA,Casablanca-Settat,CASABLANCA,Casablanca-Settat,27/06/2007,1725,17,172,0,50,35,5.95,Trimestrielle,29/08/2018,84.0,mois,,,Développement,,,2455534.72,,,,,,,,,,,,,,,,,,,,,,,,,,,,,,,,,,,,,,,,,,,,,,,,,,,,,,,1,1
3059883,01A1348,FES,Fès-Meknès,FES,Fès-Meknès,04/07/2003,4521,45,452,0,45,4,6.0,Mensuelle,13/04/2018,84.0,mois,09/07/2018,CENTRE D’AFFAIRES DE FES,Développement,C,,,0.0,0.0,0.0,0.0,0.0,0.0,2999287.933333333,1109233.125,2068305.9333333333,1402964.0625,18935041.125,0.0,0.0,0.0,19217585.4,0.0,0.0,0.0,277902.625,21483320.8,8818212.6,4570464.2,15586447.866666667,3459188.2,944792.7333333333,521264.6,12156519.375,2774208.9375,724438.7333333333,-485372.4,300910.6,0.0,0.0,0.0,0.0,3905651.2666666666,1179621.7333333334,5085273.0,4544540.0,7643602.266666667,10177855.1875,21483320.8,0.0,0.0,0.0,0.0,0.0,0.0,0.0,0.0,0.0,0.0,0.0,34589.75,0,0
3038368,01A1395,MARRAKECH,Marrakech-Safi,MARRAKECH,Marrakech-Safi,08/07/1999,5147,51,514,6,20,4,6.5,Mensuelle,09/03/2018,120.0,mois,,CENTRE D’AFFAIRES DE MARRAKECH,Développement,B,,,33.333333333333336,16.666666666666668,0.0,33.333333333333336,16.666666666666668,0.0,3311641.6666666665,837136.3,2614028.0833333335,6148976.166666667,8023432.083333333,25.0,8.333333333333334,0.0,15582817.25,27.666666666666668,11.0,0.0,1112694.9166666667,19309540.25,17851500.333333332,14090743.25,21469865.083333332,2754918.8333333335,1445444.0,834333.5,17562044.5,1257589.6666666667,1302634.6666666667,-260093.16666666666,691524.1666666666,16.666666666666668,11.666666666666666,0.0,0.5,5833410.916666667,2884381.5,8717792.416666666,4863859.0,9354345.0,1237402.8333333333,19309540.25,33.333333333333336,16.666666666666668,0.0,13.503883333333334,6.500533333333333,0.0,13.218850000000002,16.5,11.0,0.0,0.3333333333333333,42095.833333333336,0,0
3051380,01A1414,BERRECHID,Casablanca-Settat,BERRECHID,Casablanca-Settat,12/07/2011,1564,15,156,1,10,22,1.0,Mensuelle,23/01/2018,60.0,mois,,CENTRE D’AFFAIRES DE CASABLANCA,Développement,B,,,,,,,,,,,,,,,,,,,,,,,,,,,,,,,,,,,,,,,,,,,,,,,,,,,,,,,,,0,1
3083190,01A1433,MEKNES,Fès-Meknès,MEKNES,Fès-Meknès,22/10/2009,4521,45,452,2,63,24,0.7,Mensuelle,28/11/2018,60.0,mois,24/07/2018,CENTRE D’AFFAIRES DE FES,Développement,D,,,0.0,0.0,0.0,0.0,0.0,0.0,8673541.305,3768250.915,4905290.390000001,13085619.69,14380541.89,0.0,0.0,0.0,28052833.38,0.0,0.0,0.0,973437.465,33931561.235,18241510.425714284,11531132.57142857,39210637.18,4978083.825,1641213.145,985989.29,29271430.759999998,3222138.9200000004,975782.665,-350528.03500000003,320558.81,0.0,0.0,0.0,0.0,12739776.334999999,2239945.565,14979721.9,4383846.61,12974503.685,5977328.5,33931554.085,0.0,0.0,0.0,0.0,0.0,0.0,0.0,0.0,0.0,0.0,0.0,70862.56571428572,0,0
3085956,01A1433,MEKNES,Fès-Meknès,MEKNES,Fès-Meknès,22/10/2009,4521,45,452,0,63,24,1.0,Mensuelle,20/12/2018,60.0,mois,,CENTRE D’AFFAIRES DE FES,Développement,C,,,0.0,0.0,0.0,0.0,0.0,0.0,8673541.305,3768250.915,4905290.390000001,13085619.69,14380541.89,0.0,0.0,0.0,28052833.38,0.0,0.0,0.0,973437.465,33931561.235,18241510.425714284,11531132.57142857,39210637.18,4978083.825,1641213.145,985989.29,29271430.759999998,3222138.9200000004,975782.665,-350528.03500000003,320558.81,0.0,0.0,0.0,0.0,12739776.334999999,2239945.565,14979721.9,4383846.61,12974503.685,5977328.5,33931554.085,0.0,0.0,0.0,0.0,0.0,0.0,0.0,0.0,0.0,0.0,0.0,70862.56571428572,0,0
3088260,01A1433,MEKNES,Fès-Meknès,MEKNES,Fès-Meknès,22/10/2009,4521,45,452,0,63,24,1.0,Mensuelle,07/01/2019,60.0,mois,31/12/2018,CENTRE D’AFFAIRES DE FES,Développement,C,,,0.0,0.0,0.0,0.0,0.0,0.0,8673541.305,3768250.915,4905290.390000001,13085619.69,14380541.89,0.0,0.0,0.0,28052833.38,0.0,0.0,0.0,973437.465,33931561.235,18241510.425714284,11531132.57142857,39210637.18,4978083.825,1641213.145,985989.29,29271430.759999998,3222138.9200000004,975782.665,-350528.03500000003,320558.81,0.0,0.0,0.0,0.0,12739776.334999999,2239945.565,14979721.9,4383846.61,12974503.685,5977328.5,33931554.085,0.0,0.0,0.0,0.0,0.0,0.0,0.0,0.0,0.0,0.0,0.0,70862.56571428572,0,0
3088383,01A1433,MEKNES,Fès-Meknès,MEKNES,Fès-Meknès,22/10/2009,4521,45,452,0,63,24,1.0,Mensuelle,08/01/2019,60.0,mois,31/12/2018,CENTRE D’AFFAIRES DE FES,Développement,C,,,0.0,0.0,0.0,0.0,0.0,0.0,8673541.305,3768250.915,4905290.390000001,13085619.69,14380541.89,0.0,0.0,0.0,28052833.38,0.0,0.0,0.0,973437.465,33931561.235,18241510.425714284,11531132.57142857,39210637.18,4978083.825,1641213.145,985989.29,29271430.759999998,3222138.9200000004,975782.665,-350528.03500000003,320558.81,0.0,0.0,0.0,0.0,12739776.334999999,2239945.565,14979721.9,4383846.61,12974503.685,5977328.5,33931554.085,0.0,0.0,0.0,0.0,0.0,0.0,0.0,0.0,0.0,0.0,0.0,70862.56571428572,0,0
3080085,01A1487,CASABLANCA,Casablanca-Settat,CASABLANCA,Casablanca-Settat,26/07/2013,4030,40,403,5,4,22,1.0,Mensuelle,30/10/2018,60.0,mois,,CENTRE D’AFFAIRES DE CASABLANCA,Développement,C,,,0.0,0.0,0.0,0.0,0.0,0.0,16806039.25,8185844.333333333,8620194.916666666,361361.0,9712536.166666666,0.0,0.0,0.0,12456777.666666666,0.0,0.0,0.0,411327.5833333333,21488300.166666668,8719177.333333334,5241833.0,18076725.333333332,2766096.6666666665,-374374.0,335835.5,11679250.916666666,3258588.6666666665,-1661826.8333333333,-187687.5,-1902066.8333333333,0.0,0.0,0.0,0.0,6891134.25,6274935.333333333,13166069.583333334,4514760.25,8116108.0,206122.58333333334,21488300.166666668,0.0,0.0,0.0,0.0,0.0,0.0,0.0,0.0,0.0,0.0,0.0,35429.166666666664,0,0
3080094,01A1487,CASABLANCA,Casablanca-Settat,CASABLANCA,Casablanca-Settat,26/07/2013,4030,40,403,5,4,22,1.0,Mensuelle,30/10/2018,60.0,mois,,CENTRE D’AFFAIRES DE CASABLANCA,Développement,C,,,0.0,0.0,0.0,0.0,0.0,0.0,16806039.25,8185844.333333333,8620194.916666666,361361.0,9712536.166666666,0.0,0.0,0.0,12456777.666666666,0.0,0.0,0.0,411327.5833333333,21488300.166666668,8719177.333333334,5241833.0,18076725.333333332,2766096.6666666665,-374374.0,335835.5,11679250.916666666,3258588.6666666665,-1661826.8333333333,-187687.5,-1902066.8333333333,0.0,0.0,0.0,0.0,6891134.25,6274935.333333333,13166069.583333334,4514760.25,8116108.0,206122.58333333334,21488300.166666668,0.0,0.0,0.0,0.0,0.0,0.0,0.0,0.0,0.0,0.0,0.0,35429.166666666664,0,0
3084034,01A1487,CASABLANCA,Casablanca-Settat,CASABLANCA,Casablanca-Settat,26/07/2013,5166,51,516,5,4,23,1.0,Mensuelle,05/12/2018,60.0,mois,05/03/2019,CENTRE D’AFFAIRES DE CASABLANCA,Développement,B,,,0.0,0.0,0.0,0.0,0.0,0.0,16806039.25,8185844.333333333,8620194.916666666,361361.0,9712536.166666666,0.0,0.0,0.0,12456777.666666666,0.0,0.0,0.0,411327.5833333333,21488300.166666668,8719177.333333334,5241833.0,18076725.333333332,2766096.6666666665,-374374.0,335835.5,11679250.916666666,3258588.6666666665,-1661826.8333333333,-187687.5,-1902066.8333333333,0.0,0.0,0.0,0.0,6891134.25,6274935.333333333,13166069.583333334,4514760.25,8116108.0,206122.58333333334,21488300.166666668,0.0,0.0,0.0,0.0,0.0,0.0,0.0,0.0,0.0,0.0,0.0,35429.166666666664,0,0
3090807,01A1544,CASABLANCA,Casablanca-Settat,CASABLANCA,Casablanca-Settat,23/04/2002,1744,17,174,10,500,23,1.0,Mensuelle,11/02/2019,60.0,mois,05/02/2020,CENTRE D’AFFAIRES DE CASABLANCA,Développement,A,,,0.0,0.0,0.0,0.0,0.0,0.0,21937916.0,7448023.916666667,14489892.083333334,17488220.75,8069728.333333333,0.0,0.0,0.0,29908128.25,0.0,0.0,0.0,3926339.0833333335,48324359.416666664,71074221.75,39114766.0,81812897.83333333,22357251.583333332,3780610.1666666665,2386467.4166666665,55251696.5,18550198.333333332,2678425.75,-1316815.5,800382.9166666666,0.0,0.0,0.0,0.0,21903131.25,7448023.916666667,29351155.166666668,11551122.916666666,15398049.333333334,3575154.9166666665,48324359.416666664,0.0,0.0,0.0,0.0,0.0,0.0,0.0,0.0,0.0,0.0,0.0,164152.83333333334,0,0
3068520,01A1598,RABAT,Rabat-Salé-Kénitra,RABAT,Rabat-Salé-Kénitra,05/11/1998,5211,52,521,0,0,36,6.5,Mensuelle,12/07/2018,180.0,mois,,CENTRE D’AFFAIRES DE RABAT,Développement,B,,,,,,,,,,,,,,,,,,,,,,,,,,,,,,,,,,,,,,,,,,,,,,,,,,,,,,,,,0,1
3071357,01A1647,INZEGANE,Souss-Massa,AIT MELLOUL,Souss-Massa,06/10/2020,2956,29,295,0,15,22,7.0,Mensuelle,07/08/2018,48.0,mois,10/09/2018,CENTRE D’AFFAIRES D'AGADIR,Développement,B,,,28.571428571428573,0.0,0.0,28.571428571428573,0.0,0.0,12492122.5,4541465.5,7950657.0,4059627.0,11340186.0,28.571428571428573,0.0,0.0,23170218.5,28.571428571428573,0.0,0.0,79937.0,31200812.5,17206985.57142857,11509209.285714285,29000185.5,5212064.0,1653795.0,703560.0,20574196.5,3498423.5,875446.0,-221149.5,-74789.0,8.571428571428571,0.0,0.0,0.42857142857142855,2136634.5,2260973.0,4397607.5,13102875.5,24713760.5,2089444.5,31200812.5,21.428571428571427,0.0,0.0,10.650899999999998,0.0,0.0,10.023671428571431,14.142857142857142,0.0,0.0,0.42857142857142855,56612.28571428572,0,0
3120640,01A1647,INZEGANE,Souss-Massa,AIT MELLOUL,Souss-Massa,06/10/2020,2953,29,295,10,15,23,1.0,Mensuelle,16/09/2019,48.0,mois,05/08/2019,CENTRE D’AFFAIRES D'AGADIR,Développement,C,,,28.571428571428573,0.0,0.0,28.571428571428573,0.0,0.0,12492122.5,4541465.5,7950657.0,4059627.0,11340186.0,28.571428571428573,0.0,0.0,23170218.5,28.571428571428573,0.0,0.0,79937.0,31200812.5,17206985.57142857,11509209.285714285,29000185.5,5212064.0,1653795.0,703560.0,20574196.5,3498423.5,875446.0,-221149.5,-74789.0,8.571428571428571,0.0,0.0,0.42857142857142855,2136634.5,2260973.0,4397607.5,13102875.5,24713760.5,2089444.5,31200812.5,21.428571428571427,0.0,0.0,10.650899999999998,0.0,0.0,10.023671428571431,14.142857142857142,0.0,0.0,0.42857142857142855,56612.28571428572,0,0
3066192,01A1692,CASABLANCA,Casablanca-Settat,CASABLANCA,Casablanca-Settat,21/11/2012,7470,74,747,5,4070,23,1.0,Mensuelle,20/06/2018,4.0,an(s),05/08/2018,CENTRE D’AFFAIRES DE CASABLANCA,Développement,C,,,0.0,0.0,0.0,0.0,0.0,0.0,2982336.5,2257040.5,725296.0,4058840.5,51252415.5,0.0,0.0,0.0,65888966.0,0.0,0.0,0.0,716639.0,67279712.5,44329440.21428572,30989346.214285713,79154933.0,68179683.0,1598239.5,594880.0,4749173.0,66552843.5,1220791.0,-695409.0,217431.5,0.0,0.0,0.0,0.0,5524519.0,4517870.5,10042389.5,4175099.5,49338789.5,7898533.5,67279712.5,0.0,0.0,0.0,0.0,0.0,0.0,0.0,0.0,0.0,0.0,0.0,156555.14285714287,0,0
3056937,01A1727,RABAT,Rabat-Salé-Kénitra,RABAT,Rabat-Salé-Kénitra,30/01/2014,6220,62,622,2,30,22,5.0,Mensuelle,30/03/2018,84.0,mois,,CENTRE D’AFFAIRES DE RABAT,Développement,C,,,0.0,0.0,0.0,0.0,0.0,0.0,5282181.923076923,3101670.0,3095537.3076923075,670741.5,9258678.0,0.0,0.0,0.0,13744720.307692308,0.0,0.0,0.0,7482761.0,22293384.846153848,21223161.46153846,9699977.23076923,42510564.23076923,11059401.307692308,6357385.461538462,5026195.615384615,30055311.0,5697978.0,5485127.692307692,-385954.3846153846,4153937.846153846,0.0,0.0,0.0,0.0,8647652.615384616,2406998.769230769,11054651.384615384,6756607.0,11229570.461538462,9926.583333333334,22293384.846153848,0.0,0.0,0.0,0.0,0.0,0.0,0.0,0.0,0.0,0.0,0.0,118619.28571428571,0,0
3117669,01A1734,FES,Fès-Meknès,CASABLANCA,Casablanca-Settat,17/08/2007,4521,45,452,20,60,23,5.0,Mensuelle,31/07/2019,60.0,mois,25/10/2019,CENTRE D’AFFAIRES DE FES,Développement,D,250.0,,0.0,0.0,0.0,0.0,0.0,0.0,4582510.79,1363318.385,3219192.4050000003,5983620.5,13350150.385,0.0,0.0,0.0,20057205.740000002,0.0,0.0,0.0,122697.575,23399095.72,10690453.107142856,7015478.214285715,25357683.065,4608024.85,1770675.3349999997,855901.2605,16982893.07,2778429.225,1387080.695,-604703.385,471663.1205,0.0,0.0,0.0,0.0,7327449.9155,2155005.71,9482455.6255,3641482.13,7776835.495,6139797.234999999,23399088.3555,0.0,0.0,0.0,0.0,0.0,0.0,0.0,0.0,0.0,0.0,0.0,49239.688571428575,1,0
3105592,01A1784,OUARZAZATE,Drâa-Tafilalet,OUARZAZATE,Drâa-Tafilalet,02/03/2006,4521,45,452,3,660,24,1.0,Mensuelle,07/05/2019,48.0,mois,07/05/2019,CENTRE D’AFFAIRES D'AGADIR,Développement,C,2690.0,,0.0,0.0,0.0,0.0,0.0,0.0,23642368.75,7852094.25,15790274.5,11505744.25,14975961.0,0.0,0.0,0.0,31068287.25,0.0,0.0,0.0,11511.5,46870073.25,16305539.25,3118615.5,41607816.25,8026268.25,4194440.25,2926173.25,26740463.75,3681928.25,1878126.25,-981981.0,609859.25,0.0,0.0,0.0,0.0,17246979.75,4235731.5,21482711.25,11533772.25,14930916.0,10456446.0,46870073.25,0.0,0.0,0.0,0.0,0.0,0.0,0.0,0.0,0.0,0.0,0.0,78938.5,1,0
3116171,01A1784,OUARZAZATE,Drâa-Tafilalet,OUARZAZATE,Drâa-Tafilalet,02/03/2006,4521,45,452,1,660,24,5.0,Mensuelle,22/07/2019,48.0,mois,22/07/2019,CENTRE D’AFFAIRES D'AGADIR,Développement,C,2639.0,,0.0,0.0,0.0,0.0,0.0,0.0,23642368.75,7852094.25,15790274.5,11505744.25,14975961.0,0.0,0.0,0.0,31068287.25,0.0,0.0,0.0,11511.5,46870073.25,16305539.25,3118615.5,41607816.25,8026268.25,4194440.25,2926173.25,26740463.75,3681928.25,1878126.25,-981981.0,609859.25,0.0,0.0,0.0,0.0,17246979.75,4235731.5,21482711.25,11533772.25,14930916.0,10456446.0,46870073.25,0.0,0.0,0.0,0.0,0.0,0.0,0.0,0.0,0.0,0.0,0.0,78938.5,1,0
3120955,01A1784,OUARZAZATE,Drâa-Tafilalet,OUARZAZATE,Drâa-Tafilalet,02/03/2006,4521,45,452,15,660,26,6.25,Quadrimestrielle,02/09/2019,2.0,an(s),18/09/2019,CENTRE D’AFFAIRES D'AGADIR,Développement,C,2309.0,,0.0,0.0,0.0,0.0,0.0,0.0,23642368.75,7852094.25,15790274.5,11505744.25,14975961.0,0.0,0.0,0.0,31068287.25,0.0,0.0,0.0,11511.5,46870073.25,16305539.25,3118615.5,41607816.25,8026268.25,4194440.25,2926173.25,26740463.75,3681928.25,1878126.25,-981981.0,609859.25,0.0,0.0,0.0,0.0,17246979.75,4235731.5,21482711.25,11533772.25,14930916.0,10456446.0,46870073.25,0.0,0.0,0.0,0.0,0.0,0.0,0.0,0.0,0.0,0.0,0.0,78938.5,1,0
3106001,01A1836,RABAT,Rabat-Salé-Kénitra,,Autres,16/07/2008,5532,55,553,4,40,36,7.95,Mensuelle,09/05/2019,83.0,mois,,CENTRE D’AFFAIRES DE RABAT,Développement,D,,,,,,,,,5726000.0,2581000.0,3145000.0,828000.0,2345000.0,,,,4874000.0,,,,40000.0,8059000.0,8784000.0,7894000.0,9326000.0,2074000.0,1502000.0,1170000.0,6443000.0,517000.0,702000.0,-222000.0,370000.0,,,,,1382000.0,3547000.0,4929000.0,2082000.0,2542000.0,588000.0,8059000.0,,,,,,,,,,,,,0,0
3077388,01A1871,LARACHE,Tanger-Tétouan-Al Hoceima,,Autres,13/06/2014,117,1,11,0,155,34,6.5,Mensuelle,11/10/2018,36.0,mois,,CENTRE D’AFFAIRES DE TANGER,Développement,A,,,,,,,,,,,,,,,,,,,,,,,,,,,,,,,,,,,,,,,,,,,,,,,,,,,,,,,,,0,1
3101522,01A1883,MARRAKECH,Marrakech-Safi,MARRAKECH,Marrakech-Safi,07/10/2010,6022,60,602,2,26,23,7.5,Mensuelle,04/06/2019,48.0,mois,,CENTRE D’AFFAIRES DE MARRAKECH,Développement,C,,,0.0,0.0,0.0,0.0,0.0,0.0,2348095.75,1803968.8333333333,544126.9166666666,0.0,2690938.25,0.0,0.0,0.0,2778609.1666666665,0.0,0.0,0.0,332665.6666666667,3655401.75,2693677.9166666665,2086666.5833333333,4466044.916666667,737820.4166666666,229812.91666666666,338588.25,2473888.0833333335,484817.6666666667,98348.25,-12095.416666666666,207123.58333333334,0.0,0.0,0.0,0.0,1691189.5,398815.0833333333,2090004.5833333333,418501.4166666667,1560892.6666666667,6006.0,3655401.75,0.0,0.0,0.0,0.0,0.0,0.0,0.0,0.0,0.0,0.0,0.0,8899.333333333334,0,0
3057988,01A1889,SEFROU,Fès-Meknès,SEFROU,Fès-Meknès,28/04/2015,2670,26,267,0,64,28,7.0,Trimestrielle,30/03/2018,7.0,an(s),07/09/2018,CENTRE D’AFFAIRES DE FES,Développement,C,,,0.0,0.0,0.0,0.0,0.0,0.0,6094588.5,2500297.8,3594290.7,441040.6,1756955.2,0.0,0.0,0.0,6127020.9,0.0,0.0,0.0,1568366.8,11289678.4,9030387.1,5555335.6,15750134.4,4260456.2,2707504.8,2361559.2,8413705.3,1534032.5,1950048.1,-210410.2,1560859.3,0.0,0.0,0.0,0.0,5508102.6,2070268.2,7578370.8,2592489.9,3700096.4,18685.333333333332,11289678.4,0.0,0.0,0.0,0.0,0.0,0.0,0.0,0.0,0.0,0.0,0.0,31304.8,0,0
3063106,01A1928,CASABLANCA,Casablanca-Settat,CASABLANCA,Casablanca-Settat,01/01/1990,2523,25,252,2,0,22,1.0,Mensuelle,18/05/2018,84.0,mois,18/10/2018,CENTRE D’AFFAIRES DE CASABLANCA,Développement,C,,,0.0,0.0,0.0,0.0,0.0,0.0,25149424.3,10153476.666666666,16011295.3,8976968.0,14273859.6,0.0,0.0,0.0,26995268.3,0.0,0.0,0.0,332031.7,43338595.3,21393524.0,15311097.1,28536007.5,7597890.3,3406503.1,2603400.8,14948133.2,4093589.5,1083782.7,-746145.4,280680.4,0.0,0.0,0.0,0.0,11331119.8,2578075.5,13909195.3,11796384.6,21969447.5,7459952.5,43338595.3,0.0,0.0,0.0,0.0,0.0,0.0,0.0,0.0,0.0,0.0,0.0,57015.0,0,0
3099702,01A1928,CASABLANCA,Casablanca-Settat,CASABLANCA,Casablanca-Settat,01/01/1990,2523,25,252,5,0,24,1.0,Mensuelle,01/04/2019,48.0,mois,31/12/2019,CENTRE D’AFFAIRES DE CASABLANCA,Développement,B,,,0.0,0.0,0.0,0.0,0.0,0.0,25149424.3,10153476.666666666,16011295.3,8976968.0,14273859.6,0.0,0.0,0.0,26995268.3,0.0,0.0,0.0,332031.7,43338595.3,21393524.0,15311097.1,28536007.5,7597890.3,3406503.1,2603400.8,14948133.2,4093589.5,1083782.7,-746145.4,280680.4,0.0,0.0,0.0,0.0,11331119.8,2578075.5,13909195.3,11796384.6,21969447.5,7459952.5,43338595.3,0.0,0.0,0.0,0.0,0.0,0.0,0.0,0.0,0.0,0.0,0.0,57015.0,0,0
3110572,01A2261,CASABLANCA,Casablanca-Settat,CASABLANCA,Casablanca-Settat,03/06/2009,7134,71,713,0,60,24,1.0,Mensuelle,14/06/2019,48.0,mois,14/06/2019,CENTRE D’AFFAIRES DE FES,Développement,C,2987.0,,0.0,0.0,0.0,0.0,0.0,0.0,4191854.3333333335,1599097.5,2592756.8333333335,0.0,22180491.666666668,0.0,0.0,0.0,26451758.666666668,0.0,0.0,0.0,282782.5,29327298.0,22907885.0,14929604.666666666,23794604.166666668,1333999.3333333333,1142641.5,453453.0,19793607.166666668,135301.83333333334,1069902.1666666667,-629629.0,380713.6666666667,0.0,0.0,0.0,0.0,11643465.166666666,997997.0,12641462.166666666,5813974.833333333,10438094.333333334,6247741.5,29327298.0,0.0,0.0,0.0,0.0,0.0,0.0,0.0,0.0,0.0,0.0,0.0,47541.666666666664,1,0
3111007,01A2261,CASABLANCA,Casablanca-Settat,CASABLANCA,Casablanca-Settat,03/06/2009,5166,51,516,0,60,24,0.0,Mensuelle,18/06/2019,48.0,mois,18/06/2019,CENTRE D’AFFAIRES DE FES,Développement,B,2965.0,,0.0,0.0,0.0,0.0,0.0,0.0,4191854.3333333335,1599097.5,2592756.8333333335,0.0,22180491.666666668,0.0,0.0,0.0,26451758.666666668,0.0,0.0,0.0,282782.5,29327298.0,22907885.0,14929604.666666666,23794604.166666668,1333999.3333333333,1142641.5,453453.0,19793607.166666668,135301.83333333334,1069902.1666666667,-629629.0,380713.6666666667,0.0,0.0,0.0,0.0,11643465.166666666,997997.0,12641462.166666666,5813974.833333333,10438094.333333334,6247741.5,29327298.0,0.0,0.0,0.0,0.0,0.0,0.0,0.0,0.0,0.0,0.0,0.0,47541.666666666664,1,0
3111008,01A2261,CASABLANCA,Casablanca-Settat,CASABLANCA,Casablanca-Settat,03/06/2009,5166,51,516,0,60,24,1.0,Mensuelle,19/06/2019,48.0,mois,,CENTRE D’AFFAIRES DE FES,Développement,B,,,0.0,0.0,0.0,0.0,0.0,0.0,4191854.3333333335,1599097.5,2592756.8333333335,0.0,22180491.666666668,0.0,0.0,0.0,26451758.666666668,0.0,0.0,0.0,282782.5,29327298.0,22907885.0,14929604.666666666,23794604.166666668,1333999.3333333333,1142641.5,453453.0,19793607.166666668,135301.83333333334,1069902.1666666667,-629629.0,380713.6666666667,0.0,0.0,0.0,0.0,11643465.166666666,997997.0,12641462.166666666,5813974.833333333,10438094.333333334,6247741.5,29327298.0,0.0,0.0,0.0,0.0,0.0,0.0,0.0,0.0,0.0,0.0,0.0,47541.666666666664,0,0
3111159,01A2261,CASABLANCA,Casablanca-Settat,CASABLANCA,Casablanca-Settat,03/06/2009,5166,51,516,0,60,24,1.0,Mensuelle,19/06/2019,48.0,mois,,CENTRE D’AFFAIRES DE FES,Développement,B,,,0.0,0.0,0.0,0.0,0.0,0.0,4191854.3333333335,1599097.5,2592756.8333333335,0.0,22180491.666666668,0.0,0.0,0.0,26451758.666666668,0.0,0.0,0.0,282782.5,29327298.0,22907885.0,14929604.666666666,23794604.166666668,1333999.3333333333,1142641.5,453453.0,19793607.166666668,135301.83333333334,1069902.1666666667,-629629.0,380713.6666666667,0.0,0.0,0.0,0.0,11643465.166666666,997997.0,12641462.166666666,5813974.833333333,10438094.333333334,6247741.5,29327298.0,0.0,0.0,0.0,0.0,0.0,0.0,0.0,0.0,0.0,0.0,0.0,47541.666666666664,0,0
3111180,01A2261,CASABLANCA,Casablanca-Settat,CASABLANCA,Casablanca-Settat,03/06/2009,5166,51,516,0,60,24,1.0,Mensuelle,19/06/2019,48.0,mois,19/06/2019,CENTRE D’AFFAIRES DE FES,Développement,B,2965.0,,0.0,0.0,0.0,0.0,0.0,0.0,4191854.3333333335,1599097.5,2592756.8333333335,0.0,22180491.666666668,0.0,0.0,0.0,26451758.666666668,0.0,0.0,0.0,282782.5,29327298.0,22907885.0,14929604.666666666,23794604.166666668,1333999.3333333333,1142641.5,453453.0,19793607.166666668,135301.83333333334,1069902.1666666667,-629629.0,380713.6666666667,0.0,0.0,0.0,0.0,11643465.166666666,997997.0,12641462.166666666,5813974.833333333,10438094.333333334,6247741.5,29327298.0,0.0,0.0,0.0,0.0,0.0,0.0,0.0,0.0,0.0,0.0,0.0,47541.666666666664,1,0
3087919,01A2271,CASABLANCA,Casablanca-Settat,CASABLANCA,Casablanca-Settat,31/12/2014,131,1,13,1,6,7,5.5,Mensuelle,03/01/2019,5.0,an(s),08/02/2019,CENTRE D’AFFAIRES DE CASABLANCA,Développement,C,,,0.0,0.0,0.0,0.0,0.0,0.0,10444058.625,4332757.0,6652896.25,1076075.0,443300.0,0.0,0.0,0.0,1494493.0,0.0,0.0,0.0,69944.875,8217334.125,4419790.375,2225097.875,6831574.75,1155654.5,830579.75,978852.875,5123368.25,371228.0,-234234.0,-110860.75,-86211.125,0.0,0.0,0.0,0.0,883632.75,1878501.625,2762134.375,3118615.5,5225345.125,262691.0,8217334.125,0.0,0.0,0.0,0.0,0.0,0.0,0.0,0.0,0.0,0.0,0.0,13063.25,0,0
3109385,01A2271,CASABLANCA,Casablanca-Settat,CASABLANCA,Casablanca-Settat,31/12/2014,140,1,14,0,6,7,5.5,Annuelle,10/06/2019,4.0,an(s),23/07/2019,CENTRE D’AFFAIRES DE FES,Développement,C,,,0.0,0.0,0.0,0.0,0.0,0.0,10444058.625,4332757.0,6652896.25,1076075.0,443300.0,0.0,0.0,0.0,1494493.0,0.0,0.0,0.0,69944.875,8217334.125,4419790.375,2225097.875,6831574.75,1155654.5,830579.75,978852.875,5123368.25,371228.0,-234234.0,-110860.75,-86211.125,0.0,0.0,0.0,0.0,883632.75,1878501.625,2762134.375,3118615.5,5225345.125,262691.0,8217334.125,0.0,0.0,0.0,0.0,0.0,0.0,0.0,0.0,0.0,0.0,0.0,13063.25,0,0
3104420,01A2277,CASABLANCA,Casablanca-Settat,CASABLANCA,Casablanca-Settat,16/04/1979,5241,52,524,8,110,23,5.95,Mensuelle,29/04/2019,60.0,mois,25/12/2019,CENTRE D’AFFAIRES DE CASABLANCA,Développement,B,,,0.0,0.0,0.0,0.0,0.0,0.0,12334536.5,8914834.5,3419702.0,21814078.0,1818459.5,0.0,0.0,0.0,28715115.0,0.0,0.0,0.0,3795649.0,35930466.0,22559834.285714287,14294367.57142857,43136736.5,7796503.0,2282280.0,1329971.5,26180368.5,5153863.0,1707992.0,-707778.5,748533.5,0.0,0.0,0.0,0.0,11490622.0,2432501.5,13923123.5,14341970.5,18057253.5,3950089.0,35930466.0,0.0,0.0,0.0,0.0,0.0,0.0,0.0,0.0,0.0,0.0,0.0,86070.85714285714,0,0
3078529,01A2430,RABAT,Rabat-Salé-Kénitra,RABAT,Rabat-Salé-Kénitra,04/03/1998,8022,80,802,0,135,9,6.5,Mensuelle,19/10/2018,5.0,an(s),10/01/2019,CENTRE D’AFFAIRES DE RABAT,Développement,B,,,0.0,0.0,0.0,0.0,0.0,0.0,11463452.0,7667159.5,3796292.5,0.0,1962460.5,0.0,0.0,0.0,2052550.5,0.0,0.0,0.0,691691.0,6540534.0,10849839.0,9912402.5,11465454.0,5372367.0,1558056.5,1212211.0,2212210.0,3763259.5,1037036.0,-19019.0,692692.0,0.0,0.0,0.0,0.0,4569565.0,714714.0,5284279.0,33033.0,1256255.0,0.0,6540534.0,0.0,0.0,0.0,0.0,0.0,0.0,0.0,0.0,0.0,0.0,0.0,22908.0,0,0
3049192,01A2444,CASABLANCA,Casablanca-Settat,CASABLANCA,Casablanca-Settat,15/01/2009,7421,74,742,0,2,5,7.5,Mensuelle,18/01/2018,10.0,an(s),,CENTRE D’AFFAIRES D’OUJDA,Développement,D,,,,,,,,,,,,,,,,,,,,,,,,,,,,,,,,,,,,,,,,,,,,,,,,,,,,,,,,,0,1
3081453,01A2535,MEKNES,Fès-Meknès,MEKNES,Fès-Meknès,18/02/2003,2225,22,222,0,13,23,7.0,Mensuelle,13/11/2018,60.0,mois,25/04/2019,CENTRE D’AFFAIRES DE FES,Développement,B,,,0.0,0.0,0.0,0.0,0.0,0.0,11990121.0,3965104.0,8025017.0,3923848.5,6518083.0,0.0,0.0,0.0,12439713.0,0.0,0.0,0.0,1276418.0,21741148.0,14423766.285714285,8135711.0,28245574.5,6755534.5,3817599.5,2895821.5,17856267.0,2898181.0,2988128.0,-257972.0,2063061.0,0.0,0.0,0.0,0.0,10300004.0,1813526.0,12113530.0,5105386.0,8442005.0,1185613.0,21741148.0,0.0,0.0,0.0,0.0,0.0,0.0,0.0,0.0,0.0,0.0,0.0,54314.57142857143,0,0
3089469,01A2535,MEKNES,Fès-Meknès,MEKNES,Fès-Meknès,18/02/2003,2225,22,222,0,13,1,5.0,Trimestrielle,17/01/2019,7.0,an(s),13/06/2019,CENTRE D’AFFAIRES DE FES,Développement,C,,,0.0,0.0,0.0,0.0,0.0,0.0,11990121.0,3965104.0,8025017.0,3923848.5,6518083.0,0.0,0.0,0.0,12439713.0,0.0,0.0,0.0,1276418.0,21741148.0,14423766.285714285,8135711.0,28245574.5,6755534.5,3817599.5,2895821.5,17856267.0,2898181.0,2988128.0,-257972.0,2063061.0,0.0,0.0,0.0,0.0,10300004.0,1813526.0,12113530.0,5105386.0,8442005.0,1185613.0,21741148.0,0.0,0.0,0.0,0.0,0.0,0.0,0.0,0.0,0.0,0.0,0.0,54314.57142857143,0,0
3132633,01A2535,MEKNES,Fès-Meknès,MEKNES,Fès-Meknès,18/02/2003,2225,22,222,0,13,25,0.0,Mensuelle,04/12/2019,60.0,mois,29/06/2020,CENTRE D’AFFAIRES DE FES,Développement,C,,,0.0,0.0,0.0,0.0,0.0,0.0,11990121.0,3965104.0,8025017.0,3923848.5,6518083.0,0.0,0.0,0.0,12439713.0,0.0,0.0,0.0,1276418.0,21741148.0,14423766.285714285,8135711.0,28245574.5,6755534.5,3817599.5,2895821.5,17856267.0,2898181.0,2988128.0,-257972.0,2063061.0,0.0,0.0,0.0,0.0,10300004.0,1813526.0,12113530.0,5105386.0,8442005.0,1185613.0,21741148.0,0.0,0.0,0.0,0.0,0.0,0.0,0.0,0.0,0.0,0.0,0.0,54314.57142857143,0,0
3099811,01A2748,SALE,Rabat-Salé-Kénitra,SALE,Rabat-Salé-Kénitra,15/07/1998,4522,45,452,2,205,23,0.0,Mensuelle,25/04/2019,48.0,mois,25/07/2019,CENTRE D’AFFAIRES DE RABAT,Développement,C,,,0.0,0.0,0.0,0.0,0.0,0.0,11394383.0,4476847.375,6917535.625,34120586.5,24325301.0,0.0,0.0,0.0,60762451.75,0.0,0.0,0.0,738362.625,68418350.0,35959914.375,23586497.75,58939630.75,10645509.875,4627122.5,2149147.0,43410492.125,5954949.0,3763009.25,-1980228.25,1285033.75,0.0,0.0,0.0,0.0,22287640.375,4076072.0,26363712.375,8650892.25,18666773.125,23387864.5,68418350.0,0.0,0.0,0.0,0.0,0.0,0.0,0.0,0.0,0.0,0.0,0.0,105342.25,0,0
3124249,01A2748,SALE,Rabat-Salé-Kénitra,SALE,Rabat-Salé-Kénitra,15/07/1998,4522,45,452,4,205,23,0.0,Mensuelle,27/09/2019,48.0,mois,25/05/2019,CENTRE D’AFFAIRES DE RABAT,Développement,C,,,0.0,0.0,0.0,0.0,0.0,0.0,11394383.0,4476847.375,6917535.625,34120586.5,24325301.0,0.0,0.0,0.0,60762451.75,0.0,0.0,0.0,738362.625,68418350.0,35959914.375,23586497.75,58939630.75,10645509.875,4627122.5,2149147.0,43410492.125,5954949.0,3763009.25,-1980228.25,1285033.75,0.0,0.0,0.0,0.0,22287640.375,4076072.0,26363712.375,8650892.25,18666773.125,23387864.5,68418350.0,0.0,0.0,0.0,0.0,0.0,0.0,0.0,0.0,0.0,0.0,0.0,105342.25,0,0
3054261,01A279,OUARZAZATE,Drâa-Tafilalet,OUARZAZATE,Drâa-Tafilalet,11/11/2004,6042,60,604,4,19,24,8.0,Mensuelle,17/02/2018,48.0,mois,,CENTRE D’AFFAIRES DE MARRAKECH,Développement,C,,,0.0,0.0,0.0,0.0,0.0,0.0,1082081.0,971047.0,180394.5,667833.8333333334,1698113.0833333333,0.0,0.0,0.0,2167236.5,0.0,0.0,0.0,152581.0,2500212.0,4448291.785714285,2554421.714285714,5438504.5,1837335.5,1105747.5,752323.0,1704917.5,707564.0,811811.0,-108108.0,458386.5,0.0,0.0,0.0,0.0,1517659.0,355140.5,1872799.5,176891.0,529743.5,113947.16666666667,2500212.0,0.0,0.0,0.0,0.0,0.0,0.0,0.0,0.0,0.0,0.0,0.0,10866.142857142857,0,0
3083732,01A279,OUARZAZATE,Drâa-Tafilalet,OUARZAZATE,Drâa-Tafilalet,11/11/2004,6031,60,603,5,19,24,1.0,Mensuelle,03/12/2018,48.0,mois,27/07/2018,CENTRE D’AFFAIRES D'AGADIR,Développement,C,,,0.0,0.0,0.0,0.0,0.0,0.0,1082081.0,971047.0,180394.5,667833.8333333334,1698113.0833333333,0.0,0.0,0.0,2167236.5,0.0,0.0,0.0,152581.0,2500212.0,4448291.785714285,2554421.714285714,5438504.5,1837335.5,1105747.5,752323.0,1704917.5,707564.0,811811.0,-108108.0,458386.5,0.0,0.0,0.0,0.0,1517659.0,355140.5,1872799.5,176891.0,529743.5,113947.16666666667,2500212.0,0.0,0.0,0.0,0.0,0.0,0.0,0.0,0.0,0.0,0.0,0.0,10866.142857142857,0,0
3057995,01A2863,CASABLANCA,Casablanca-Settat,MOHAMMEDIA,Casablanca-Settat,01/01/2014,3430,34,343,27,0,1,6.0,Trimestrielle,27/04/2018,8.0,an(s),24/10/2018,CENTRE D’AFFAIRES DE CASABLANCA,Développement,C,2396.0,,,,,,,,,,,,,,,,,,,,,,,,,,,,,,,,,,,,,,,,,,,,,,,,,,,,,,,,1,1
3057991,01A2970,CASABLANCA,Casablanca-Settat,CASABLANCA,Casablanca-Settat,05/08/2014,7470,74,747,0,0,23,1.0,Mensuelle,02/04/2018,48.0,mois,25/04/2018,CENTRE D’AFFAIRES DE CASABLANCA,Développement,C,,,0.0,0.0,0.0,0.0,0.0,0.0,2724650.5,894751.0,1829899.5,70213.0,6965172.5,0.0,0.0,0.0,8186607.0,0.0,0.0,0.0,819104.0,10835610.5,7711087.571428572,3777860.3571428573,14804647.0,9366643.0,876733.0,682467.5,4257467.5,8434497.5,496067.0,-92378.0,217431.5,0.0,0.0,0.0,0.0,1251250.0,2296365.5,3547615.5,2929283.5,7139346.5,148648.5,10835610.5,0.0,0.0,0.0,0.0,0.0,0.0,0.0,0.0,0.0,0.0,0.0,29601.0,0,0
3096709,01A349,TAROUDANT,Souss-Massa,TAROUDANT,Souss-Massa,17/06/2002,4521,45,452,0,600,23,5.5,Mensuelle,06/03/2019,48.0,mois,25/02/2019,CENTRE D’AFFAIRES D'AGADIR,Développement,C,,,0.0,0.0,0.0,0.0,0.0,0.0,27234350.0,10845263.0,16389087.0,47358454.0,40740986.0,0.0,0.0,0.0,93803710.0,0.0,0.0,0.0,286429.0,110479226.0,40877930.0,20831777.285714287,86003489.0,15333103.5,1049405.5,1445372.5,54257346.0,12802718.5,868439.0,-2281064.5,-233590.5,0.0,0.0,0.0,0.0,17220060.0,29378635.0,46598695.0,24330449.0,39056374.5,24824156.5,110479226.0,0.0,0.0,0.0,0.0,0.0,0.0,0.0,0.0,0.0,0.0,0.0,172319.7142857143,0,0
3105986,01A349,TAROUDANT,Souss-Massa,TAROUDANT,Souss-Massa,17/06/2002,4521,45,452,9,600,24,6.5,Mensuelle,09/05/2019,48.0,mois,17/09/2018,CENTRE D’AFFAIRES D'AGADIR,Développement,C,,,0.0,0.0,0.0,0.0,0.0,0.0,27234350.0,10845263.0,16389087.0,47358454.0,40740986.0,0.0,0.0,0.0,93803710.0,0.0,0.0,0.0,286429.0,110479226.0,40877930.0,20831777.285714287,86003489.0,15333103.5,1049405.5,1445372.5,54257346.0,12802718.5,868439.0,-2281064.5,-233590.5,0.0,0.0,0.0,0.0,17220060.0,29378635.0,46598695.0,24330449.0,39056374.5,24824156.5,110479226.0,0.0,0.0,0.0,0.0,0.0,0.0,0.0,0.0,0.0,0.0,0.0,172319.7142857143,0,0
3105999,01A349,TAROUDANT,Souss-Massa,TAROUDANT,Souss-Massa,17/06/2002,4521,45,452,7,600,24,0.0,Mensuelle,09/05/2019,48.0,mois,31/03/2019,CENTRE D’AFFAIRES D'AGADIR,Développement,C,,,0.0,0.0,0.0,0.0,0.0,0.0,27234350.0,10845263.0,16389087.0,47358454.0,40740986.0,0.0,0.0,0.0,93803710.0,0.0,0.0,0.0,286429.0,110479226.0,40877930.0,20831777.285714287,86003489.0,15333103.5,1049405.5,1445372.5,54257346.0,12802718.5,868439.0,-2281064.5,-233590.5,0.0,0.0,0.0,0.0,17220060.0,29378635.0,46598695.0,24330449.0,39056374.5,24824156.5,110479226.0,0.0,0.0,0.0,0.0,0.0,0.0,0.0,0.0,0.0,0.0,0.0,172319.7142857143,0,0
3075703,01A669,MARRAKECH,Marrakech-Safi,MARRAKECH,Marrakech-Safi,06/03/1992,7023,70,702,0,100,30,5.25,Trimestrielle,23/10/2018,7.0,an(s),,CENTRE D’AFFAIRES DE MARRAKECH,Développement,C,,,,,,,,,,,,,,,,,,,,,,,,,,,,,,,,,,,,,,,,,,,,,,,,,,,,,,,,,0,1
3114540,01A727,MEKNES,Fès-Meknès,MEKNES,Fès-Meknès,03/06/2010,1534,15,153,0,460,24,7.0,Mensuelle,10/07/2019,84.0,mois,29/10/2019,CENTRE D’AFFAIRES DE FES,Développement,C,,,0.0,0.0,0.0,0.0,0.0,0.0,99741808.83333333,55934962.416666664,43806846.416666664,45786323.916666664,11927582.333333334,0.0,0.0,0.0,79525362.58333333,0.0,0.0,0.0,7849508.333333333,131181717.33333333,64244427.25,41879055.083333336,129213167.41666667,23906382.5,9252826.916666666,6915575.333333333,91056966.0,13089493.083333334,2624955.6666666665,-3331161.1666666665,-600099.5,0.0,0.0,0.0,0.0,43533573.416666664,20573469.583333332,64107043.0,16417317.583333334,33797930.833333336,33276743.5,131181717.33333333,0.0,0.0,0.0,0.0,0.0,0.0,0.0,0.0,0.0,0.0,0.0,255193.5,0,0
3114705,01A727,MEKNES,Fès-Meknès,MEKNES,Fès-Meknès,03/06/2010,1597,15,159,0,460,24,7.0,Mensuelle,10/07/2019,60.0,mois,30/11/2019,CENTRE D’AFFAIRES DE FES,Développement,C,,,0.0,0.0,0.0,0.0,0.0,0.0,99741808.83333333,55934962.416666664,43806846.416666664,45786323.916666664,11927582.333333334,0.0,0.0,0.0,79525362.58333333,0.0,0.0,0.0,7849508.333333333,131181717.33333333,64244427.25,41879055.083333336,129213167.41666667,23906382.5,9252826.916666666,6915575.333333333,91056966.0,13089493.083333334,2624955.6666666665,-3331161.1666666665,-600099.5,0.0,0.0,0.0,0.0,43533573.416666664,20573469.583333332,64107043.0,16417317.583333334,33797930.833333336,33276743.5,131181717.33333333,0.0,0.0,0.0,0.0,0.0,0.0,0.0,0.0,0.0,0.0,0.0,255193.5,0,0
3077524,01A811,LARACHE,Tanger-Tétouan-Al Hoceima,LARACHE,Tanger-Tétouan-Al Hoceima,04/05/2005,117,1,11,0,454,34,7.25,Mensuelle,11/10/2018,36.0,mois,,CENTRE D’AFFAIRES DE TANGER,Développement,B,,,,,,,,,,,,,,,,,,,,,,,,,,,,,,,,,,,,,,,,,,,,,,,,,,,,,,,,,0,1
3114332,01A907,FES,Fès-Meknès,FES,Fès-Meknès,20/06/1988,117,1,11,0,49,7,6.5,Annuelle,08/07/2019,10.0,an(s),22/07/2019,CENTRE D’AFFAIRES DE FES,Développement,C,,,0.0,0.0,0.0,0.0,0.0,0.0,26874798.411764707,5126677.111111111,22763316.76470588,11585407.166666666,16692286.722222222,0.0,0.0,0.0,31752512.588235293,0.0,0.0,0.0,221999.55555555556,54668711.23529412,15055890.05882353,9809845.235294119,34128731.52941176,2326593.6470588236,2408459.0588235296,1695326.4117647058,33247658.888888888,3621506.777777778,1523463.6470588236,-1008229.5294117647,567971.2352941176,0.0,0.0,0.0,0.0,14979029.294117646,5468930.05882353,20447959.352941178,19095910.166666668,21888517.94117647,14012720.944444444,54668711.23529412,0.0,0.0,0.0,0.0,0.0,0.0,0.0,0.0,0.0,0.0,0.0,76277.55555555556,0,0
3114333,01A907,FES,Fès-Meknès,FES,Fès-Meknès,20/06/1988,117,1,11,0,49,7,5.0,Annuelle,09/07/2019,10.0,an(s),23/08/2021,CENTRE D’AFFAIRES DE FES,Développement,C,,,0.0,0.0,0.0,0.0,0.0,0.0,26874798.411764707,5126677.111111111,22763316.76470588,11585407.166666666,16692286.722222222,0.0,0.0,0.0,31752512.588235293,0.0,0.0,0.0,221999.55555555556,54668711.23529412,15055890.05882353,9809845.235294119,34128731.52941176,2326593.6470588236,2408459.0588235296,1695326.4117647058,33247658.888888888,3621506.777777778,1523463.6470588236,-1008229.5294117647,567971.2352941176,0.0,0.0,0.0,0.0,14979029.294117646,5468930.05882353,20447959.352941178,19095910.166666668,21888517.94117647,14012720.944444444,54668711.23529412,0.0,0.0,0.0,0.0,0.0,0.0,0.0,0.0,0.0,0.0,0.0,76277.55555555556,0,0
3114334,01A907,FES,Fès-Meknès,FES,Fès-Meknès,20/06/1988,117,1,11,0,49,7,5.0,Annuelle,09/07/2019,10.0,an(s),,CENTRE D’AFFAIRES DE FES,Développement,C,,,0.0,0.0,0.0,0.0,0.0,0.0,26874798.411764707,5126677.111111111,22763316.76470588,11585407.166666666,16692286.722222222,0.0,0.0,0.0,31752512.588235293,0.0,0.0,0.0,221999.55555555556,54668711.23529412,15055890.05882353,9809845.235294119,34128731.52941176,2326593.6470588236,2408459.0588235296,1695326.4117647058,33247658.888888888,3621506.777777778,1523463.6470588236,-1008229.5294117647,567971.2352941176,0.0,0.0,0.0,0.0,14979029.294117646,5468930.05882353,20447959.352941178,19095910.166666668,21888517.94117647,14012720.944444444,54668711.23529412,0.0,0.0,0.0,0.0,0.0,0.0,0.0,0.0,0.0,0.0,0.0,76277.55555555556,0,0
3114335,01A907,FES,Fès-Meknès,FES,Fès-Meknès,20/06/1988,117,1,11,0,49,7,5.0,Annuelle,09/07/2019,10.0,an(s),28/01/2022,CENTRE D’AFFAIRES DE FES,Développement,C,,,0.0,0.0,0.0,0.0,0.0,0.0,26874798.411764707,5126677.111111111,22763316.76470588,11585407.166666666,16692286.722222222,0.0,0.0,0.0,31752512.588235293,0.0,0.0,0.0,221999.55555555556,54668711.23529412,15055890.05882353,9809845.235294119,34128731.52941176,2326593.6470588236,2408459.0588235296,1695326.4117647058,33247658.888888888,3621506.777777778,1523463.6470588236,-1008229.5294117647,567971.2352941176,0.0,0.0,0.0,0.0,14979029.294117646,5468930.05882353,20447959.352941178,19095910.166666668,21888517.94117647,14012720.944444444,54668711.23529412,0.0,0.0,0.0,0.0,0.0,0.0,0.0,0.0,0.0,0.0,0.0,76277.55555555556,0,0
3114336,01A907,FES,Fès-Meknès,FES,Fès-Meknès,20/06/1988,117,1,11,0,49,7,5.0,Annuelle,09/07/2019,2.0,an(s),05/07/2021,CENTRE D’AFFAIRES DE FES,Développement,C,,,0.0,0.0,0.0,0.0,0.0,0.0,26874798.411764707,5126677.111111111,22763316.76470588,11585407.166666666,16692286.722222222,0.0,0.0,0.0,31752512.588235293,0.0,0.0,0.0,221999.55555555556,54668711.23529412,15055890.05882353,9809845.235294119,34128731.52941176,2326593.6470588236,2408459.0588235296,1695326.4117647058,33247658.888888888,3621506.777777778,1523463.6470588236,-1008229.5294117647,567971.2352941176,0.0,0.0,0.0,0.0,14979029.294117646,5468930.05882353,20447959.352941178,19095910.166666668,21888517.94117647,14012720.944444444,54668711.23529412,0.0,0.0,0.0,0.0,0.0,0.0,0.0,0.0,0.0,0.0,0.0,76277.55555555556,0,0
3114337,01A907,FES,Fès-Meknès,FES,Fès-Meknès,20/06/1988,117,1,11,0,49,7,5.0,Annuelle,09/07/2019,7.0,an(s),23/08/2021,CENTRE D’AFFAIRES DE FES,Développement,C,,,0.0,0.0,0.0,0.0,0.0,0.0,26874798.411764707,5126677.111111111,22763316.76470588,11585407.166666666,16692286.722222222,0.0,0.0,0.0,31752512.588235293,0.0,0.0,0.0,221999.55555555556,54668711.23529412,15055890.05882353,9809845.235294119,34128731.52941176,2326593.6470588236,2408459.0588235296,1695326.4117647058,33247658.888888888,3621506.777777778,1523463.6470588236,-1008229.5294117647,567971.2352941176,0.0,0.0,0.0,0.0,14979029.294117646,5468930.05882353,20447959.352941178,19095910.166666668,21888517.94117647,14012720.944444444,54668711.23529412,0.0,0.0,0.0,0.0,0.0,0.0,0.0,0.0,0.0,0.0,0.0,76277.55555555556,0,0
3114338,01A907,FES,Fès-Meknès,FES,Fès-Meknès,20/06/1988,117,1,11,0,49,7,5.0,Annuelle,09/07/2019,10.0,an(s),23/08/2021,CENTRE D’AFFAIRES DE FES,Développement,C,,,0.0,0.0,0.0,0.0,0.0,0.0,26874798.411764707,5126677.111111111,22763316.76470588,11585407.166666666,16692286.722222222,0.0,0.0,0.0,31752512.588235293,0.0,0.0,0.0,221999.55555555556,54668711.23529412,15055890.05882353,9809845.235294119,34128731.52941176,2326593.6470588236,2408459.0588235296,1695326.4117647058,33247658.888888888,3621506.777777778,1523463.6470588236,-1008229.5294117647,567971.2352941176,0.0,0.0,0.0,0.0,14979029.294117646,5468930.05882353,20447959.352941178,19095910.166666668,21888517.94117647,14012720.944444444,54668711.23529412,0.0,0.0,0.0,0.0,0.0,0.0,0.0,0.0,0.0,0.0,0.0,76277.55555555556,0,0
3114339,01A907,FES,Fès-Meknès,FES,Fès-Meknès,20/06/1988,117,1,11,0,49,7,5.0,Annuelle,09/07/2019,2.0,an(s),05/07/2021,CENTRE D’AFFAIRES DE FES,Développement,C,,,0.0,0.0,0.0,0.0,0.0,0.0,26874798.411764707,5126677.111111111,22763316.76470588,11585407.166666666,16692286.722222222,0.0,0.0,0.0,31752512.588235293,0.0,0.0,0.0,221999.55555555556,54668711.23529412,15055890.05882353,9809845.235294119,34128731.52941176,2326593.6470588236,2408459.0588235296,1695326.4117647058,33247658.888888888,3621506.777777778,1523463.6470588236,-1008229.5294117647,567971.2352941176,0.0,0.0,0.0,0.0,14979029.294117646,5468930.05882353,20447959.352941178,19095910.166666668,21888517.94117647,14012720.944444444,54668711.23529412,0.0,0.0,0.0,0.0,0.0,0.0,0.0,0.0,0.0,0.0,0.0,76277.55555555556,0,0
3114340,01A907,FES,Fès-Meknès,FES,Fès-Meknès,20/06/1988,117,1,11,0,49,7,5.0,Annuelle,09/07/2019,7.0,an(s),,CENTRE D’AFFAIRES DE FES,Développement,C,,,0.0,0.0,0.0,0.0,0.0,0.0,26874798.411764707,5126677.111111111,22763316.76470588,11585407.166666666,16692286.722222222,0.0,0.0,0.0,31752512.588235293,0.0,0.0,0.0,221999.55555555556,54668711.23529412,15055890.05882353,9809845.235294119,34128731.52941176,2326593.6470588236,2408459.0588235296,1695326.4117647058,33247658.888888888,3621506.777777778,1523463.6470588236,-1008229.5294117647,567971.2352941176,0.0,0.0,0.0,0.0,14979029.294117646,5468930.05882353,20447959.352941178,19095910.166666668,21888517.94117647,14012720.944444444,54668711.23529412,0.0,0.0,0.0,0.0,0.0,0.0,0.0,0.0,0.0,0.0,0.0,76277.55555555556,0,0
3114341,01A907,FES,Fès-Meknès,FES,Fès-Meknès,20/06/1988,117,1,11,0,49,7,5.0,Annuelle,09/07/2019,2.0,an(s),,CENTRE D’AFFAIRES DE FES,Développement,C,,,0.0,0.0,0.0,0.0,0.0,0.0,26874798.411764707,5126677.111111111,22763316.76470588,11585407.166666666,16692286.722222222,0.0,0.0,0.0,31752512.588235293,0.0,0.0,0.0,221999.55555555556,54668711.23529412,15055890.05882353,9809845.235294119,34128731.52941176,2326593.6470588236,2408459.0588235296,1695326.4117647058,33247658.888888888,3621506.777777778,1523463.6470588236,-1008229.5294117647,567971.2352941176,0.0,0.0,0.0,0.0,14979029.294117646,5468930.05882353,20447959.352941178,19095910.166666668,21888517.94117647,14012720.944444444,54668711.23529412,0.0,0.0,0.0,0.0,0.0,0.0,0.0,0.0,0.0,0.0,0.0,76277.55555555556,0,0
3114342,01A907,FES,Fès-Meknès,FES,Fès-Meknès,20/06/1988,117,1,11,0,49,7,5.0,Annuelle,09/07/2019,7.0,an(s),,CENTRE D’AFFAIRES DE FES,Développement,C,,,0.0,0.0,0.0,0.0,0.0,0.0,26874798.411764707,5126677.111111111,22763316.76470588,11585407.166666666,16692286.722222222,0.0,0.0,0.0,31752512.588235293,0.0,0.0,0.0,221999.55555555556,54668711.23529412,15055890.05882353,9809845.235294119,34128731.52941176,2326593.6470588236,2408459.0588235296,1695326.4117647058,33247658.888888888,3621506.777777778,1523463.6470588236,-1008229.5294117647,567971.2352941176,0.0,0.0,0.0,0.0,14979029.294117646,5468930.05882353,20447959.352941178,19095910.166666668,21888517.94117647,14012720.944444444,54668711.23529412,0.0,0.0,0.0,0.0,0.0,0.0,0.0,0.0,0.0,0.0,0.0,76277.55555555556,0,0
3114343,01A907,FES,Fès-Meknès,FES,Fès-Meknès,20/06/1988,117,1,11,0,49,7,5.0,Annuelle,09/07/2019,2.0,an(s),,CENTRE D’AFFAIRES DE FES,Développement,C,,,0.0,0.0,0.0,0.0,0.0,0.0,26874798.411764707,5126677.111111111,22763316.76470588,11585407.166666666,16692286.722222222,0.0,0.0,0.0,31752512.588235293,0.0,0.0,0.0,221999.55555555556,54668711.23529412,15055890.05882353,9809845.235294119,34128731.52941176,2326593.6470588236,2408459.0588235296,1695326.4117647058,33247658.888888888,3621506.777777778,1523463.6470588236,-1008229.5294117647,567971.2352941176,0.0,0.0,0.0,0.0,14979029.294117646,5468930.05882353,20447959.352941178,19095910.166666668,21888517.94117647,14012720.944444444,54668711.23529412,0.0,0.0,0.0,0.0,0.0,0.0,0.0,0.0,0.0,0.0,0.0,76277.55555555556,0,0
3114344,01A907,FES,Fès-Meknès,FES,Fès-Meknès,20/06/1988,117,1,11,0,49,7,5.0,Annuelle,09/07/2019,7.0,an(s),,CENTRE D’AFFAIRES DE FES,Développement,C,,,0.0,0.0,0.0,0.0,0.0,0.0,26874798.411764707,5126677.111111111,22763316.76470588,11585407.166666666,16692286.722222222,0.0,0.0,0.0,31752512.588235293,0.0,0.0,0.0,221999.55555555556,54668711.23529412,15055890.05882353,9809845.235294119,34128731.52941176,2326593.6470588236,2408459.0588235296,1695326.4117647058,33247658.888888888,3621506.777777778,1523463.6470588236,-1008229.5294117647,567971.2352941176,0.0,0.0,0.0,0.0,14979029.294117646,5468930.05882353,20447959.352941178,19095910.166666668,21888517.94117647,14012720.944444444,54668711.23529412,0.0,0.0,0.0,0.0,0.0,0.0,0.0,0.0,0.0,0.0,0.0,76277.55555555556,0,0
3114345,01A907,FES,Fès-Meknès,FES,Fès-Meknès,20/06/1988,117,1,11,0,49,7,5.0,Annuelle,09/07/2019,2.0,an(s),,CENTRE D’AFFAIRES DE FES,Développement,C,,,0.0,0.0,0.0,0.0,0.0,0.0,26874798.411764707,5126677.111111111,22763316.76470588,11585407.166666666,16692286.722222222,0.0,0.0,0.0,31752512.588235293,0.0,0.0,0.0,221999.55555555556,54668711.23529412,15055890.05882353,9809845.235294119,34128731.52941176,2326593.6470588236,2408459.0588235296,1695326.4117647058,33247658.888888888,3621506.777777778,1523463.6470588236,-1008229.5294117647,567971.2352941176,0.0,0.0,0.0,0.0,14979029.294117646,5468930.05882353,20447959.352941178,19095910.166666668,21888517.94117647,14012720.944444444,54668711.23529412,0.0,0.0,0.0,0.0,0.0,0.0,0.0,0.0,0.0,0.0,0.0,76277.55555555556,0,0
3114346,01A907,FES,Fès-Meknès,FES,Fès-Meknès,20/06/1988,117,1,11,0,49,7,5.0,Annuelle,09/07/2019,7.0,an(s),,CENTRE D’AFFAIRES DE FES,Développement,C,,,0.0,0.0,0.0,0.0,0.0,0.0,26874798.411764707,5126677.111111111,22763316.76470588,11585407.166666666,16692286.722222222,0.0,0.0,0.0,31752512.588235293,0.0,0.0,0.0,221999.55555555556,54668711.23529412,15055890.05882353,9809845.235294119,34128731.52941176,2326593.6470588236,2408459.0588235296,1695326.4117647058,33247658.888888888,3621506.777777778,1523463.6470588236,-1008229.5294117647,567971.2352941176,0.0,0.0,0.0,0.0,14979029.294117646,5468930.05882353,20447959.352941178,19095910.166666668,21888517.94117647,14012720.944444444,54668711.23529412,0.0,0.0,0.0,0.0,0.0,0.0,0.0,0.0,0.0,0.0,0.0,76277.55555555556,0,0
3114347,01A907,FES,Fès-Meknès,FES,Fès-Meknès,20/06/1988,117,1,11,0,49,7,5.0,Annuelle,09/07/2019,2.0,an(s),,CENTRE D’AFFAIRES DE FES,Développement,C,,,0.0,0.0,0.0,0.0,0.0,0.0,26874798.411764707,5126677.111111111,22763316.76470588,11585407.166666666,16692286.722222222,0.0,0.0,0.0,31752512.588235293,0.0,0.0,0.0,221999.55555555556,54668711.23529412,15055890.05882353,9809845.235294119,34128731.52941176,2326593.6470588236,2408459.0588235296,1695326.4117647058,33247658.888888888,3621506.777777778,1523463.6470588236,-1008229.5294117647,567971.2352941176,0.0,0.0,0.0,0.0,14979029.294117646,5468930.05882353,20447959.352941178,19095910.166666668,21888517.94117647,14012720.944444444,54668711.23529412,0.0,0.0,0.0,0.0,0.0,0.0,0.0,0.0,0.0,0.0,0.0,76277.55555555556,0,0
3114348,01A907,FES,Fès-Meknès,FES,Fès-Meknès,20/06/1988,117,1,11,0,49,7,5.0,Annuelle,09/07/2019,7.0,an(s),,CENTRE D’AFFAIRES DE FES,Développement,C,,,0.0,0.0,0.0,0.0,0.0,0.0,26874798.411764707,5126677.111111111,22763316.76470588,11585407.166666666,16692286.722222222,0.0,0.0,0.0,31752512.588235293,0.0,0.0,0.0,221999.55555555556,54668711.23529412,15055890.05882353,9809845.235294119,34128731.52941176,2326593.6470588236,2408459.0588235296,1695326.4117647058,33247658.888888888,3621506.777777778,1523463.6470588236,-1008229.5294117647,567971.2352941176,0.0,0.0,0.0,0.0,14979029.294117646,5468930.05882353,20447959.352941178,19095910.166666668,21888517.94117647,14012720.944444444,54668711.23529412,0.0,0.0,0.0,0.0,0.0,0.0,0.0,0.0,0.0,0.0,0.0,76277.55555555556,0,0
3114349,01A907,FES,Fès-Meknès,FES,Fès-Meknès,20/06/1988,117,1,11,0,49,7,5.0,Annuelle,09/07/2019,7.0,an(s),,CENTRE D’AFFAIRES DE FES,Développement,C,,,0.0,0.0,0.0,0.0,0.0,0.0,26874798.411764707,5126677.111111111,22763316.76470588,11585407.166666666,16692286.722222222,0.0,0.0,0.0,31752512.588235293,0.0,0.0,0.0,221999.55555555556,54668711.23529412,15055890.05882353,9809845.235294119,34128731.52941176,2326593.6470588236,2408459.0588235296,1695326.4117647058,33247658.888888888,3621506.777777778,1523463.6470588236,-1008229.5294117647,567971.2352941176,0.0,0.0,0.0,0.0,14979029.294117646,5468930.05882353,20447959.352941178,19095910.166666668,21888517.94117647,14012720.944444444,54668711.23529412,0.0,0.0,0.0,0.0,0.0,0.0,0.0,0.0,0.0,0.0,0.0,76277.55555555556,0,0
3114350,01A907,FES,Fès-Meknès,FES,Fès-Meknès,20/06/1988,117,1,11,0,49,7,5.0,Annuelle,09/07/2019,7.0,an(s),,CENTRE D’AFFAIRES DE FES,Développement,C,,,0.0,0.0,0.0,0.0,0.0,0.0,26874798.411764707,5126677.111111111,22763316.76470588,11585407.166666666,16692286.722222222,0.0,0.0,0.0,31752512.588235293,0.0,0.0,0.0,221999.55555555556,54668711.23529412,15055890.05882353,9809845.235294119,34128731.52941176,2326593.6470588236,2408459.0588235296,1695326.4117647058,33247658.888888888,3621506.777777778,1523463.6470588236,-1008229.5294117647,567971.2352941176,0.0,0.0,0.0,0.0,14979029.294117646,5468930.05882353,20447959.352941178,19095910.166666668,21888517.94117647,14012720.944444444,54668711.23529412,0.0,0.0,0.0,0.0,0.0,0.0,0.0,0.0,0.0,0.0,0.0,76277.55555555556,0,0
3114351,01A907,FES,Fès-Meknès,FES,Fès-Meknès,20/06/1988,117,1,11,0,49,7,5.0,Annuelle,09/07/2019,5.0,an(s),,CENTRE D’AFFAIRES DE FES,Développement,C,,,0.0,0.0,0.0,0.0,0.0,0.0,26874798.411764707,5126677.111111111,22763316.76470588,11585407.166666666,16692286.722222222,0.0,0.0,0.0,31752512.588235293,0.0,0.0,0.0,221999.55555555556,54668711.23529412,15055890.05882353,9809845.235294119,34128731.52941176,2326593.6470588236,2408459.0588235296,1695326.4117647058,33247658.888888888,3621506.777777778,1523463.6470588236,-1008229.5294117647,567971.2352941176,0.0,0.0,0.0,0.0,14979029.294117646,5468930.05882353,20447959.352941178,19095910.166666668,21888517.94117647,14012720.944444444,54668711.23529412,0.0,0.0,0.0,0.0,0.0,0.0,0.0,0.0,0.0,0.0,0.0,76277.55555555556,0,0
3114352,01A907,FES,Fès-Meknès,FES,Fès-Meknès,20/06/1988,117,1,11,0,49,7,5.0,Annuelle,09/07/2019,5.0,an(s),,CENTRE D’AFFAIRES DE FES,Développement,C,,,0.0,0.0,0.0,0.0,0.0,0.0,26874798.411764707,5126677.111111111,22763316.76470588,11585407.166666666,16692286.722222222,0.0,0.0,0.0,31752512.588235293,0.0,0.0,0.0,221999.55555555556,54668711.23529412,15055890.05882353,9809845.235294119,34128731.52941176,2326593.6470588236,2408459.0588235296,1695326.4117647058,33247658.888888888,3621506.777777778,1523463.6470588236,-1008229.5294117647,567971.2352941176,0.0,0.0,0.0,0.0,14979029.294117646,5468930.05882353,20447959.352941178,19095910.166666668,21888517.94117647,14012720.944444444,54668711.23529412,0.0,0.0,0.0,0.0,0.0,0.0,0.0,0.0,0.0,0.0,0.0,76277.55555555556,0,0
3071397,01B1031,CASABLANCA,Casablanca-Settat,CASABLANCA,Casablanca-Settat,07/07/1997,1931,19,193,8,100,35,6.0,Mensuelle,17/09/2018,7.0,an(s),,CENTRE D’AFFAIRES DE CASABLANCA,Développement,D,,,0.0,0.0,0.0,0.0,0.0,0.0,5040375.461538462,4407975.0,1136402.3846153845,7626476.0,2096737.5,0.0,0.0,0.0,11692721.0,0.0,0.0,0.0,276991.0,13060882.923076924,6492187.0,4784263.846153846,9643732.692307692,3407609.153846154,464204.76923076925,268008.76923076925,5066919.0,3134631.5,88348.61538461539,-248094.0,-107847.38461538461,0.0,0.0,0.0,0.0,3286535.769230769,2743339.153846154,6029874.923076923,2581364.5,5341812.615384615,2226152.5,13061313.307692308,0.0,0.0,0.0,0.0,0.0,0.0,0.0,0.0,0.0,0.0,0.0,21256.85714285714,0,0
3055106,01B1064,CASABLANCA,Casablanca-Settat,CASABLANCA,Casablanca-Settat,15/12/1993,5235,52,523,1,0,24,1.0,Mensuelle,27/02/2018,120.0,mois,21/03/2018,CENTRE D’AFFAIRES DE CASABLANCA,Développement,B,835.0,,,,,,,,,,,,,,,,,,,,,,,,,,,,,,,,,,,,,,,,,,,,,,,,,,,,,,,,1,1
3051755,01B1070,FES,Fès-Meknès,FES,Fès-Meknès,07/10/1996,4521,45,452,0,300,23,6.0,Mensuelle,28/02/2018,48.0,mois,05/01/2018,CENTRE D’AFFAIRES DE FES,Développement,C,,,0.0,0.0,0.0,0.0,0.0,0.0,16833900.416666668,10584240.333333334,6249660.083333333,16773923.833333334,66425442.416666664,0.0,0.0,0.0,85180345.25,0.0,0.0,0.0,479812.6666666667,91909818.0,41621740.5,22486200.416666668,55566427.583333336,5283528.25,2375122.75,1406655.25,45164619.5,2768182.0833333335,2215546.6666666665,-1353352.0,738738.0,0.0,0.0,0.0,0.0,31267152.583333332,6315392.416666667,37582545.0,17761744.0,41197322.833333336,13129950.166666666,91909818.0,0.0,0.0,0.0,0.0,0.0,0.0,0.0,0.0,0.0,0.0,0.0,109646.5,0,0
3098576,01B1243,MARRAKECH,Marrakech-Safi,MARRAKECH,Marrakech-Safi,14/02/2011,1320,13,132,2,0,22,5.0,Mensuelle,20/03/2019,36.0,mois,,CENTRE D’AFFAIRES DE CASABLANCA,Développement,A,,,,,,,,,,,,,,,,,,,,,,,,,,,,,,,,,,,,,,,,,,,,,,,,,,,,,,,,,0,1
3067839,01B1616,CASABLANCA,Casablanca-Settat,CASABLANCA,Casablanca-Settat,18/01/2010,2521,25,252,2,0,22,7.0,Mensuelle,03/07/2018,48.0,mois,,CENTRE D’AFFAIRES DE CASABLANCA,Développement,C,,,0.0,0.0,0.0,0.0,0.0,0.0,18545028.0,7629747.125,12359297.733333332,11072498.9375,17006051.5625,0.0,0.0,0.0,28540641.266666666,0.0,0.0,0.0,1445068.625,42090545.53333333,24733741.6,17759365.066666666,41270283.46666667,6510954.733333333,3576441.933333333,2219854.466666667,34234575.375,3364736.375,1923823.2,-1116794.2666666666,554289.4666666667,0.0,0.0,0.0,0.0,8241245.133333334,4136129.533333333,12377374.666666666,19184165.0,21308755.933333334,9148139.0,42090545.53333333,0.0,0.0,0.0,0.0,0.0,0.0,0.0,0.0,0.0,0.0,0.0,96183.5,0,0
3103493,01B1646,OUJDA,L'oriental,OUJDA,L'oriental,13/10/1999,2125,21,212,20,11,33,7.25,Trimestrielle,06/05/2019,84.0,mois,,CENTRE D’AFFAIRES D’OUJDA,Développement,D,,,0.0,0.0,0.0,0.0,0.0,0.0,6742807.5,2361359.0,4381448.5,817674.0,6589797.5,0.0,0.0,0.0,8424630.5,0.0,0.0,0.0,136636.5,12942715.5,9255973.285714285,4569573.5,12967526.0,1757255.5,672028.5,715357.5,10393240.0,994350.5,266337.5,-113327.5,106535.0,0.0,0.0,0.0,0.0,3169738.0,2412267.0,5582005.0,5146713.0,6866359.5,494351.0,12942715.5,0.0,0.0,0.0,0.0,0.0,0.0,0.0,0.0,0.0,0.0,0.0,25898.571428571428,0,0
3062593,01B1697,TANGER,Tanger-Tétouan-Al Hoceima,TANGER,Tanger-Tétouan-Al Hoceima,12/05/2001,1586,15,158,20,0,23,6.0,Mensuelle,14/05/2018,60.0,mois,25/11/2018,CENTRE D’AFFAIRES DE TANGER,Développement,A,,,0.0,0.0,0.0,0.0,0.0,0.0,9504244.75,988737.75,8515507.0,10740479.75,1497746.25,0.0,0.0,0.0,14489975.5,0.0,0.0,0.0,289789.5,23295272.0,39557267.75,24885360.5,46928882.0,6055549.5,2082580.5,1487736.25,37460423.0,3813810.0,1534032.5,-205955.75,773022.25,0.0,0.0,0.0,0.0,6845338.5,9643383.75,16488722.25,4167663.5,5643137.5,1163412.25,23295272.0,0.0,0.0,0.0,0.0,0.0,0.0,0.0,0.0,0.0,0.0,0.0,93764.0,0,0
3104863,01B1737,KENITRA,Rabat-Salé-Kénitra,KENITRA,Rabat-Salé-Kénitra,08/03/2011,2420,24,242,10,150,4,5.5,Trimestrielle,09/05/2019,7.0,an(s),16/12/2019,CENTRE D’AFFAIRES DE RABAT,Développement,C,,,0.0,0.0,0.0,0.0,0.0,0.0,31130099.0,9853343.5,21276755.5,22756984.25,12589577.0,0.0,0.0,0.0,46250204.0,0.0,0.0,0.0,1058307.25,68585266.75,64477913.5,54507703.25,74732658.0,12171909.75,7139632.5,5433428.0,58149341.25,4813809.0,5337332.0,-1028027.0,3631127.5,0.0,0.0,0.0,0.0,34145611.5,6881875.0,41027486.5,24531507.0,24997722.75,2560057.5,68585266.75,0.0,0.0,0.0,0.0,0.0,0.0,0.0,0.0,0.0,0.0,0.0,147833.0,0,0
3091803,01B1778,EL JADIDA,Casablanca-Settat,EL JADIDA,Casablanca-Settat,30/03/2015,6062,60,606,5,0,24,5.0,Mensuelle,19/02/2019,84.0,mois,,CENTRE D’AFFAIRES DE CASABLANCA,Développement,C,,,0.0,0.0,0.0,0.0,0.0,0.0,1137757.7142857143,2010708.7,1134888.142857143,532406.875,2684281.6,0.0,0.0,0.0,454829.5714285714,0.0,0.0,0.0,259659.4,1595802.5714285714,3396520.4285714286,2487055.285714286,3515722.285714286,314116.14285714284,222556.2857142857,173675.42857142858,229829.6,625.625,220958.2857142857,-4104.571428571428,172077.42857142858,0.0,0.0,0.0,0.0,446249.85714285716,13839.285714285714,460089.14285714284,2561959.4,1128256.7142857143,2121819.7,1595802.5714285714,0.0,0.0,0.0,0.0,0.0,0.0,0.0,0.0,0.0,0.0,0.0,16203.0,0,0
3093104,01B1794,MOHAMMEDIA,Casablanca-Settat,MOHAMMEDIA,Casablanca-Settat,19/07/2016,2875,28,287,5,50,22,7.0,Mensuelle,13/02/2019,60.0,mois,,CENTRE D’AFFAIRES DE CASABLANCA,Développement,C,,,16.666666666666668,0.0,0.0,16.666666666666668,0.0,0.0,45453908.5,8828653.166666666,36625255.333333336,12864518.333333334,40723683.0,16.666666666666668,0.0,0.0,71624052.5,16.666666666666668,0.0,0.0,336502.8333333333,108585810.66666667,24048938.666666668,24550388.916666668,75184025.58333333,17552117.916666668,9505996.5,9854010.833333334,49768051.666666664,7908483.916666667,7256749.5,-1919918.0,7601677.416666667,5.0,0.0,0.0,0.0,21248227.0,12736390.333333334,33984617.333333336,25117842.75,52087035.0,22514158.333333332,108585810.66666667,16.666666666666668,0.0,0.0,7.473166666666667,0.0,0.0,0.0,16.666666666666668,0.0,0.0,0.0,147061.83333333334,0,0
3135126,01B1794,MOHAMMEDIA,Casablanca-Settat,MOHAMMEDIA,Casablanca-Settat,19/07/2016,2875,28,287,0,50,25,7.0,Mensuelle,19/12/2019,60.0,mois,30/12/2019,CENTRE D’AFFAIRES DE RABAT,Développement,D,,,16.666666666666668,0.0,0.0,16.666666666666668,0.0,0.0,45453908.5,8828653.166666666,36625255.333333336,12864518.333333334,40723683.0,16.666666666666668,0.0,0.0,71624052.5,16.666666666666668,0.0,0.0,336502.8333333333,108585810.66666667,24048938.666666668,24550388.916666668,75184025.58333333,17552117.916666668,9505996.5,9854010.833333334,49768051.666666664,7908483.916666667,7256749.5,-1919918.0,7601677.416666667,5.0,0.0,0.0,0.0,21248227.0,12736390.333333334,33984617.333333336,25117842.75,52087035.0,22514158.333333332,108585810.66666667,16.666666666666668,0.0,0.0,7.473166666666667,0.0,0.0,0.0,16.666666666666668,0.0,0.0,0.0,147061.83333333334,0,0
3127582,01B1861,TANGER,Tanger-Tétouan-Al Hoceima,TANGER,Tanger-Tétouan-Al Hoceima,14/01/2008,7132,71,713,0,0,23,8.5,Mensuelle,26/10/2019,60.0,mois,05/11/2019,CENTRE D’AFFAIRES DE TANGER,Développement,D,,,0.0,0.0,0.0,0.0,0.0,0.0,0.0,0.0,0.0,0.0,0.0,0.0,0.0,0.0,0.0,0.0,0.0,0.0,0.0,0.0,0.0,0.0,0.0,0.0,0.0,0.0,0.0,0.0,0.0,0.0,0.0,0.0,0.0,0.0,0.0,0.0,0.0,0.0,0.0,0.0,0.0,0.0,0.0,0.0,0.0,0.0,0.0,0.0,0.0,0.0,0.0,0.0,0.0,0.0,0,0
3135424,01B55,TANGER,Tanger-Tétouan-Al Hoceima,TANGER,Tanger-Tétouan-Al Hoceima,01/11/2001,1751,17,175,7,71,34,4.95,Trimestrielle,20/12/2019,7.0,an(s),27/12/2019,CENTRE D’AFFAIRES DE TANGER,Développement,C,,,0.0,0.0,0.0,0.0,0.0,0.0,12852840.0,7870362.5,4982477.5,22112340.25,5247742.5,0.0,0.0,0.0,33058775.75,0.0,0.0,0.0,532281.75,38573535.0,32137355.25,27393366.0,41021480.5,5076571.5,2556303.75,1358357.0,33850316.5,2335082.75,1587335.75,-865865.0,389389.0,0.0,0.0,0.0,0.0,5170415.25,5199194.0,10369609.25,15082067.0,25965189.25,2238736.5,38573535.0,0.0,0.0,0.0,0.0,0.0,0.0,0.0,0.0,0.0,0.0,0.0,79085.5,0,0
3108095,01B677,NADOR,L'oriental,NADOR,L'oriental,01/03/2001,4521,45,452,2,156,24,6.0,Mensuelle,27/05/2019,60.0,mois,28/06/2019,CENTRE D’AFFAIRES D’OUJDA,Développement,C,1425.0,,25.0,0.0,0.0,25.0,0.0,0.0,4922918.0,3746868.125,1176049.875,7020513.5,12982594.625,25.0,0.0,0.0,31285379.125,25.0,0.0,0.0,1127126.0,33588555.0,28754350.625,20464157.75,40351936.625,6029898.875,2795417.625,1848346.5,22652129.5,2341589.25,2341714.375,-423297.875,1394643.25,25.0,0.0,0.0,0.25,11229343.125,4165536.375,15394879.5,14268754.5,15825059.25,2368616.25,33588555.0,12.75,0.0,0.0,10.975425,0.0,0.0,8.918575,25.0,0.0,0.0,0.5,78659.25,1,0
3128370,01B677,NADOR,L'oriental,NADOR,L'oriental,01/03/2001,4521,45,452,7,156,24,6.0,Mensuelle,05/11/2019,48.0,mois,13/12/2019,CENTRE D’AFFAIRES D’OUJDA,Développement,C,1445.0,,25.0,0.0,0.0,25.0,0.0,0.0,4922918.0,3746868.125,1176049.875,7020513.5,12982594.625,25.0,0.0,0.0,31285379.125,25.0,0.0,0.0,1127126.0,33588555.0,28754350.625,20464157.75,40351936.625,6029898.875,2795417.625,1848346.5,22652129.5,2341589.25,2341714.375,-423297.875,1394643.25,25.0,0.0,0.0,0.25,11229343.125,4165536.375,15394879.5,14268754.5,15825059.25,2368616.25,33588555.0,12.75,0.0,0.0,10.975425,0.0,0.0,8.918575,25.0,0.0,0.0,0.5,78659.25,1,0
3088643,01B864,MARRAKECH,Marrakech-Safi,MARRAKECH,Marrakech-Safi,02/05/2008,4529,45,452,3,100,23,1.0,Mensuelle,09/01/2019,48.0,mois,25/01/2019,CENTRE D’AFFAIRES DE MARRAKECH,Développement,B,,,0.0,0.0,0.0,0.0,0.0,0.0,6911279.375,4019015.0,2892264.375,10654769.125,30207927.75,0.0,0.0,0.0,44653984.375,0.0,0.0,0.0,32282.25,47578531.0,42859316.5,35548903.875,38067279.25,5452947.5,1807430.625,873497.625,30030125.125,3611733.125,1411034.625,-641766.125,477101.625,0.0,0.0,0.0,0.0,10144259.125,1945318.375,12089577.5,8618109.5,31214683.5,4274270.0,47578531.0,0.0,0.0,0.0,0.0,0.0,0.0,0.0,0.0,0.0,0.0,0.0,81584.25,0,0
3089338,01B864,MARRAKECH,Marrakech-Safi,MARRAKECH,Marrakech-Safi,02/05/2008,4521,45,452,3,100,24,8.0,Mensuelle,17/01/2019,48.0,mois,06/03/2019,CENTRE D’AFFAIRES DE MARRAKECH,Développement,B,,,0.0,0.0,0.0,0.0,0.0,0.0,6911279.375,4019015.0,2892264.375,10654769.125,30207927.75,0.0,0.0,0.0,44653984.375,0.0,0.0,0.0,32282.25,47578531.0,42859316.5,35548903.875,38067279.25,5452947.5,1807430.625,873497.625,30030125.125,3611733.125,1411034.625,-641766.125,477101.625,0.0,0.0,0.0,0.0,10144259.125,1945318.375,12089577.5,8618109.5,31214683.5,4274270.0,47578531.0,0.0,0.0,0.0,0.0,0.0,0.0,0.0,0.0,0.0,0.0,0.0,81584.25,0,0
3127043,01B864,MARRAKECH,Marrakech-Safi,MARRAKECH,Marrakech-Safi,02/05/2008,4529,45,452,2,100,24,6.0,Mensuelle,29/10/2019,48.0,mois,15/04/2020,CENTRE D’AFFAIRES DE MARRAKECH,Développement,C,1807.0,,0.0,0.0,0.0,0.0,0.0,0.0,6911279.375,4019015.0,2892264.375,10654769.125,30207927.75,0.0,0.0,0.0,44653984.375,0.0,0.0,0.0,32282.25,47578531.0,42859316.5,35548903.875,38067279.25,5452947.5,1807430.625,873497.625,30030125.125,3611733.125,1411034.625,-641766.125,477101.625,0.0,0.0,0.0,0.0,10144259.125,1945318.375,12089577.5,8618109.5,31214683.5,4274270.0,47578531.0,0.0,0.0,0.0,0.0,0.0,0.0,0.0,0.0,0.0,0.0,0.0,81584.25,1,0
3127029,01B879,TANGER,Tanger-Tétouan-Al Hoceima,TANGER,Tanger-Tétouan-Al Hoceima,24/05/2013,3613,36,361,0,120,21,6.0,Mensuelle,23/10/2019,48.0,mois,,CENTRE D’AFFAIRES DE TANGER,Développement,B,,,0.0,0.0,0.0,0.0,0.0,0.0,1582724.0,706777.5,875946.5,5109676.0,2180678.5,0.0,0.0,0.0,7826461.5,0.0,0.0,0.0,235878.5,8938286.5,3531530.0714285714,1972077.4285714286,9217565.5,1107177.5,518589.5,329400.5,6109103.0,542041.5,380094.0,-261189.5,190333.0,0.0,0.0,0.0,0.0,1990703.0,842699.0,2833402.0,2875229.5,5344553.5,760331.0,8938286.5,0.0,0.0,0.0,0.0,0.0,0.0,0.0,0.0,0.0,0.0,0.0,17637.14285714286,0,0
3068678,01B926,OUJDA,L'oriental,SAIDIA,L'oriental,08/08/2008,5541,55,554,19,0,33,6.5,Annuelle,10/07/2018,12.0,an(s),,,Développement,,,,,,,,,,,,,,,,,,,,,,,,,,,,,,,,,,,,,,,,,,,,,,,,,,,,,,,,,,0,1
3065001,01C1003,LAAYOUNE,Laâyoune-Sakia El Hamra,LAAYOUNE,Laâyoune-Sakia El Hamra,15/03/2001,1522,15,152,34,45,4,6.5,Trimestrielle,06/06/2018,60.0,mois,28/08/2018,CENTRE D’AFFAIRES DE LAAYOUNE,Développement,A,,,0.0,0.0,0.0,0.0,0.0,0.0,25408583.2,9747738.0,15660845.2,2242139.9,3635431.8,0.0,0.0,0.0,12920707.8,0.0,0.0,0.0,602001.4,29183554.4,36948991.7,26357711.9,55322066.8,8146338.2,4045741.7,3894690.8,43159416.3,3780576.8,2227725.5,-694794.1,2087985.9,0.0,0.0,0.0,0.0,12401889.5,7373766.4,19775655.9,2888685.8,4448243.8,4959654.7,29183554.4,0.0,0.0,0.0,0.0,0.0,0.0,0.0,0.0,0.0,0.0,0.0,110757.0,0,0
3130084,01C1076,NADOR,L'oriental,NADOR,L'oriental,04/06/2010,1741,17,174,0,3,32,4.95,Trimestrielle,20/11/2019,60.0,mois,,CENTRE D’AFFAIRES D’OUJDA,Développement,C,,318925.87,33.333333333333336,0.0,0.0,33.333333333333336,0.0,0.0,18769584.166666668,8912403.5,9857180.666666666,16418235.166666666,14705691.0,33.333333333333336,0.0,0.0,39821114.666666664,33.333333333333336,0.0,0.0,143309.83333333334,49821605.166666664,20978123.833333332,20233379.833333332,22363007.333333332,3416746.6666666665,1510175.3333333333,937102.8333333334,16447764.666666666,1686017.6666666667,-383883.5,-302969.3333333333,-956956.0,23.333333333333332,0.0,0.0,0.6666666666666666,4247076.166666667,17137620.5,21384696.666666668,7555381.166666667,27106079.0,1330829.5,49821605.166666664,17.0,0.0,0.0,12.978299999999999,0.0,0.0,15.168333333333335,22.0,0.0,0.0,0.3333333333333333,39179.333333333336,1,0
3060131,01C1079,CASABLANCA,Casablanca-Settat,CASABLANCA,Casablanca-Settat,02/03/2011,4550,45,455,0,3,24,7.0,Mensuelle,16/04/2018,60.0,mois,07/03/2019,CENTRE D’AFFAIRES D’OUJDA,Développement,B,,,0.0,0.0,0.0,0.0,0.0,0.0,3475472.0,3098095.0,893726.1666666666,92926.16666666667,5439434.0,0.0,0.0,0.0,7534193.333333333,0.0,0.0,0.0,173339.83333333334,8601259.333333334,4851680.166666667,3857189.5,5443271.166666667,1579911.6666666667,843843.0,578578.0,2911241.6666666665,721721.0,419752.6666666667,-69402.66666666667,355021.3333333333,0.0,0.0,0.0,0.0,2565396.1666666665,75408.66666666667,2640804.8333333335,4242238.0,5902396.5,58058.0,8601259.333333334,0.0,0.0,0.0,0.0,0.0,0.0,0.0,0.0,0.0,0.0,0.0,10475.0,0,0
3116798,01C1099,CASABLANCA,Casablanca-Settat,CASABLANCA,Casablanca-Settat,22/12/2008,1715,17,171,2,0,24,6.5,Mensuelle,24/07/2019,60.0,mois,12/12/2019,CENTRE D’AFFAIRES DE CASABLANCA,Développement,B,,,0.0,0.0,0.0,0.0,0.0,0.0,1123433.0,578355.5555555555,707966.3333333334,62862.8,1751850.1,0.0,0.0,0.0,2690642.111111111,0.0,0.0,0.0,215014.8,3458847.111111111,2907961.0,1768680.111111111,4082402.888888889,1578272.0,432128.0,320627.6666666667,1891489.6,1255354.1,344233.0,-104369.0,232732.66666666666,0.0,0.0,0.0,0.0,1065529.3333333333,396695.3333333333,1462224.6666666667,1063562.5,1773510.6666666667,200800.6,3458847.111111111,0.0,0.0,0.0,0.0,0.0,0.0,0.0,0.0,0.0,0.0,0.0,9711.2,0,0
3050618,01C1148,RABAT,Rabat-Salé-Kénitra,RABAT,Rabat-Salé-Kénitra,09/09/2009,6033,60,603,3,82,22,6.0,Mensuelle,10/01/2018,60.0,mois,,CENTRE D’AFFAIRES DE RABAT,Développement,B,,,0.0,0.0,0.0,0.0,0.0,0.0,19431555.0,7251029.5,12180525.5,13845689.0,61180190.5,0.0,0.0,0.0,82565268.5,0.0,0.0,0.0,30959.5,94776753.5,36795070.78571428,23117550.785714287,81940072.5,8589938.5,4741093.5,3225436.5,55173833.0,4032600.0,2550691.0,-1721148.0,608179.0,0.0,0.0,0.0,0.0,20870564.0,5500995.5,26371559.5,22126175.5,43552938.0,24852256.0,94776753.5,0.0,0.0,0.0,0.0,0.0,0.0,0.0,0.0,0.0,0.0,0.0,162612.14285714287,0,0
3087332,01C1148,RABAT,Rabat-Salé-Kénitra,RABAT,Rabat-Salé-Kénitra,09/09/2009,6033,60,603,3,82,22,0.0,Mensuelle,28/12/2018,60.0,mois,,CENTRE D’AFFAIRES DE RABAT,Développement,B,,,0.0,0.0,0.0,0.0,0.0,0.0,19431555.0,7251029.5,12180525.5,13845689.0,61180190.5,0.0,0.0,0.0,82565268.5,0.0,0.0,0.0,30959.5,94776753.5,36795070.78571428,23117550.785714287,81940072.5,8589938.5,4741093.5,3225436.5,55173833.0,4032600.0,2550691.0,-1721148.0,608179.0,0.0,0.0,0.0,0.0,20870564.0,5500995.5,26371559.5,22126175.5,43552938.0,24852256.0,94776753.5,0.0,0.0,0.0,0.0,0.0,0.0,0.0,0.0,0.0,0.0,0.0,162612.14285714287,0,0
3084551,01C1212,TAZA,Fès-Meknès,TAZA,Fès-Meknès,25/02/2015,1320,13,132,0,11,23,1.0,Mensuelle,11/12/2018,60.0,mois,25/03/2019,CENTRE D’AFFAIRES DE FES,Développement,B,,,0.0,0.0,0.0,0.0,0.0,0.0,3508474.1428571427,1985358.375,2069707.4285714286,6784715.4375,1059558.5,0.0,0.0,0.0,5477934.714285715,0.0,0.0,0.0,4316.8125,7550218.5,1509974.0,1014145.4285714285,3895268.0714285714,736366.7857142857,526675.7142857143,375855.78571428574,2382755.375,213776.0625,262039.2142857143,-113844.0,111219.28571428571,0.0,0.0,0.0,0.0,3724097.8571428573,1586898.4285714286,5310996.285714285,639889.25,1282187.9285714286,1166498.6666666667,7550218.5,0.0,0.0,0.0,0.0,0.0,0.0,0.0,0.0,0.0,0.0,0.0,8038.0,0,0
3105982,01C1239,CASABLANCA,Casablanca-Settat,CASABLANCA,Casablanca-Settat,06/03/2007,9301,93,930,1,0,35,6.25,Mensuelle,10/05/2019,15.0,an(s),29/05/2019,CENTRE D’AFFAIRES DE CASABLANCA,Développement,D,,,0.0,0.0,0.0,0.0,0.0,0.0,142142.0,95095.0,47047.0,125125.0,617116.5,0.0,0.0,0.0,760760.0,0.0,0.0,0.0,163163.0,970970.0,849849.0,837837.0,852351.5,535034.5,247747.5,245245.0,200700.5,285285.0,232232.0,0.0,229729.5,0.0,0.0,0.0,0.0,339339.0,0.0,339339.0,202202.0,590590.0,41041.0,970970.0,0.0,0.0,0.0,0.0,0.0,0.0,0.0,0.0,0.0,0.0,0.0,1453.0,0,0
3084646,01C1260,KENITRA,Rabat-Salé-Kénitra,CASABLANCA,Casablanca-Settat,10/02/2010,5121,51,512,5,8,4,6.0,Mensuelle,17/12/2018,84.0,mois,,CENTRE D’AFFAIRES DE RABAT,Développement,B,,,0.0,0.0,0.0,0.0,0.0,0.0,1584704.9333333333,485672.6875,1176120.7333333334,1098097.0,3554363.3125,0.0,0.0,0.0,5203727.0,0.0,0.0,0.0,635822.6875,6975191.933333334,1615325.7333333334,1107676.6666666667,3597009.1333333333,908193.7333333333,393241.8,269369.06666666665,2164912.75,563563.0,326559.6666666667,-55732.6,202686.93333333332,0.0,0.0,0.0,0.0,2102580.066666667,624261.2,2726841.2666666666,3368740.375,3889642.3333333335,414476.5625,6975191.933333334,0.0,0.0,0.0,0.0,0.0,0.0,0.0,0.0,0.0,0.0,0.0,7639.875,0,0
3128661,01C1260,KENITRA,Rabat-Salé-Kénitra,CASABLANCA,Casablanca-Settat,10/02/2010,5121,51,512,5,8,4,6.0,Mensuelle,05/11/2019,84.0,mois,29/01/2020,CENTRE D’AFFAIRES DE RABAT,Développement,C,,,0.0,0.0,0.0,0.0,0.0,0.0,1584704.9333333333,485672.6875,1176120.7333333334,1098097.0,3554363.3125,0.0,0.0,0.0,5203727.0,0.0,0.0,0.0,635822.6875,6975191.933333334,1615325.7333333334,1107676.6666666667,3597009.1333333333,908193.7333333333,393241.8,269369.06666666665,2164912.75,563563.0,326559.6666666667,-55732.6,202686.93333333332,0.0,0.0,0.0,0.0,2102580.066666667,624261.2,2726841.2666666666,3368740.375,3889642.3333333335,414476.5625,6975191.933333334,0.0,0.0,0.0,0.0,0.0,0.0,0.0,0.0,0.0,0.0,0.0,7639.875,0,0
3061685,01C1349,SALE,Rabat-Salé-Kénitra,SALE,Rabat-Salé-Kénitra,10/11/2006,5541,55,554,0,0,36,9.2,Mensuelle,14/05/2018,132.0,mois,08/08/2017,,Développement,,,,,,,,,,,,,,,,,,,,,,,,,,,,,,,,,,,,,,,,,,,,,,,,,,,,,,,,,,0,1
3080597,01C1363,MARRAKECH,Marrakech-Safi,MARRAKECH,Marrakech-Safi,01/01/1947,1534,15,153,52,100,9,4.5,Trimestrielle,19/11/2018,7.0,an(s),28/02/2019,CENTRE D’AFFAIRES DE MARRAKECH,Développement,B,,,0.0,0.0,0.0,0.0,0.0,0.0,95987016.125,44650539.266666666,54127135.5625,61552928.9375,29089247.6875,0.0,0.0,0.0,96810839.125,0.0,0.0,0.0,1074135.5625,152012110.25,85820125.3125,60189458.5625,110940767.4375,15997919.4375,6996864.875,4599344.75,84297213.0,9681359.1875,2496494.0,-3118803.1875,-417667.25,0.0,0.0,0.0,0.0,62630693.125,16026698.1875,78657391.3125,16611782.6875,18427096.1875,54927622.75,152012110.25,0.0,0.0,0.0,0.0,0.0,0.0,0.0,0.0,0.0,0.0,0.0,208439.125,0,0
3087766,01C1381,TANGER,Tanger-Tétouan-Al Hoceima,TANGER,Tanger-Tétouan-Al Hoceima,08/10/2009,1744,17,174,80,5,25,7.5,Mensuelle,02/01/2019,60.0,mois,30/01/2019,CENTRE D’AFFAIRES DE TANGER,Développement,A,6669.0,,0.0,0.0,0.0,0.0,0.0,0.0,4419081.333333333,1829994.8333333333,2589086.5,729061.6666666666,26796603.166666668,0.0,0.0,0.0,35355820.5,0.0,0.0,0.0,1965296.6666666667,39910203.666666664,42050008.0,24752987.666666668,48340458.833333336,32793594.166666668,2028693.3333333333,-418751.6666666667,9226217.0,30749885.833333332,1023522.5,-802802.0,-1392891.5,0.0,0.0,0.0,0.0,1984649.3333333333,3168331.8333333335,5152981.166666667,8218210.0,29011315.666666668,5745906.833333333,39910203.666666664,0.0,0.0,0.0,0.0,0.0,0.0,0.0,0.0,0.0,0.0,0.0,96584.33333333333,1,0
3111726,01C1506,CASABLANCA,Casablanca-Settat,CASABLANCA,Casablanca-Settat,03/02/1984,8031,80,803,14,55,6,7.0,Mensuelle,05/07/2019,84.0,mois,,CENTRE D’AFFAIRES DE CASABLANCA,Développement,C,,,,,,,,,6174000.0,4539000.0,1635000.0,0.0,139000.0,,,,390000.0,,,,2795000.0,4820000.0,7915000.0,18832000.0,8023000.0,6524000.0,874000.0,810000.0,485000.0,5594000.0,316000.0,0.0,252000.0,,,,,2971000.0,0.0,2971000.0,312000.0,1849000.0,0.0,4820000.0,,,,,,,,,,,,,0,0
3059092,01C1559,CASABLANCA,Casablanca-Settat,CASABLANCA,Casablanca-Settat,05/03/2004,6710,67,671,0,230,23,5.3,Mensuelle,18/04/2018,60.0,mois,25/02/2019,CENTRE D’AFFAIRES DE CASABLANCA,Développement,B,,,0.0,0.0,0.0,0.0,0.0,0.0,78846267.5,18969200.25,59877067.25,734483.75,8887879.0,0.0,0.0,0.0,49236437.25,0.0,0.0,0.0,34370586.25,143484090.75,84396812.5,60881821.0,115317952.75,35379344.0,21131110.0,21703932.25,61271460.25,12763751.0,21899377.5,-1885884.0,12257995.75,0.0,0.0,0.0,0.0,58061753.75,10312051.75,68373805.5,17748981.25,63125062.0,11985223.25,143484090.75,0.0,0.0,0.0,0.0,0.0,0.0,0.0,0.0,0.0,0.0,0.0,230405.5,0,0
3096845,01C1606,FES,Fès-Meknès,FES,Fès-Meknès,18/06/2020,8511,85,851,17,0,4,5.0,Mensuelle,07/03/2019,7.0,an(s),,CENTRE D’AFFAIRES DE FES,Développement,C,,389532.11,0.0,0.0,0.0,0.0,0.0,0.0,13438925.5,3590987.4,9847938.1,444587.0,2560335.5555555555,0.0,0.0,0.0,2896293.4,0.0,0.0,0.0,128828.7,12873060.2,5530224.7,4563458.9,7482975.5,144844.7,-783783.0,133133.0,3197082.777777778,972972.0,-2192590.4,-251851.6,-1275674.4,0.0,0.0,0.0,0.0,-3546142.6,3097894.8,-448247.8,7356949.6,13123210.1,247622.375,12873060.2,0.0,0.0,0.0,0.0,0.0,0.0,0.0,0.0,0.0,0.0,0.0,14951.0,1,0
3106878,01C1628,MOHAMMEDIA,Casablanca-Settat,MOHAMMEDIA,Casablanca-Settat,05/06/2006,4521,45,452,6,0,24,5.75,Mensuelle,16/05/2019,48.0,mois,,CENTRE D’AFFAIRES DE CASABLANCA,Développement,C,,732000.0,0.0,0.0,0.0,0.0,0.0,0.0,9286277.0,3629125.5,5657151.5,33722188.5,14287273.0,0.0,0.0,0.0,58992433.5,0.0,0.0,0.0,467467.0,65117052.0,57983941.0,22457578.0,68323255.0,5766761.0,3302799.5,1869868.0,44962417.5,2361359.0,2371369.0,-1567566.0,938437.5,0.0,0.0,0.0,0.0,27479952.5,383383.0,27863335.5,22695673.0,30004975.0,7248741.5,65117052.0,0.0,0.0,0.0,0.0,0.0,0.0,0.0,0.0,0.0,0.0,0.0,93498.0,1,0
3106909,01C1628,MOHAMMEDIA,Casablanca-Settat,MOHAMMEDIA,Casablanca-Settat,05/06/2006,4521,45,452,6,0,24,5.75,Mensuelle,16/05/2019,48.0,mois,,CENTRE D’AFFAIRES DE CASABLANCA,Développement,D,,,0.0,0.0,0.0,0.0,0.0,0.0,9286277.0,3629125.5,5657151.5,33722188.5,14287273.0,0.0,0.0,0.0,58992433.5,0.0,0.0,0.0,467467.0,65117052.0,57983941.0,22457578.0,68323255.0,5766761.0,3302799.5,1869868.0,44962417.5,2361359.0,2371369.0,-1567566.0,938437.5,0.0,0.0,0.0,0.0,27479952.5,383383.0,27863335.5,22695673.0,30004975.0,7248741.5,65117052.0,0.0,0.0,0.0,0.0,0.0,0.0,0.0,0.0,0.0,0.0,0.0,93498.0,0,0
3110297,01C1628,MOHAMMEDIA,Casablanca-Settat,MOHAMMEDIA,Casablanca-Settat,05/06/2006,4529,45,452,6,0,24,5.0,Mensuelle,13/06/2019,48.0,mois,,CENTRE D’AFFAIRES DE LAAYOUNE,Développement,C,,,0.0,0.0,0.0,0.0,0.0,0.0,9286277.0,3629125.5,5657151.5,33722188.5,14287273.0,0.0,0.0,0.0,58992433.5,0.0,0.0,0.0,467467.0,65117052.0,57983941.0,22457578.0,68323255.0,5766761.0,3302799.5,1869868.0,44962417.5,2361359.0,2371369.0,-1567566.0,938437.5,0.0,0.0,0.0,0.0,27479952.5,383383.0,27863335.5,22695673.0,30004975.0,7248741.5,65117052.0,0.0,0.0,0.0,0.0,0.0,0.0,0.0,0.0,0.0,0.0,0.0,93498.0,0,0
3130932,01C1638,FES,Fès-Meknès,FES,Fès-Meknès,09/02/2004,6033,60,603,0,0,23,7.0,Mensuelle,26/11/2019,60.0,mois,05/12/2019,CENTRE D’AFFAIRES DE FES,Développement,D,240.0,,0.0,0.0,0.0,0.0,0.0,0.0,1897967.5,959805.0,1006720.0,3621403.5,2954022.5,0.0,0.0,0.0,6746025.0,0.0,0.0,0.0,55198.0,7807943.0,942651.7142857143,661767.2857142857,2930356.0,399184.5,157514.5,165880.0,1923707.5,249964.0,129701.0,-27813.5,138066.5,0.0,0.0,0.0,0.0,3381235.0,716430.0,4097665.0,252180.5,3591159.0,138972.16666666666,7807943.0,0.0,0.0,0.0,0.0,0.0,0.0,0.0,0.0,0.0,0.0,0.0,5594.428571428572,1,0
3076032,01C1755,TIZNIT,Souss-Massa,TIZNIT,Souss-Massa,15/10/2014,5050,50,505,24,18,4,6.5,Mensuelle,27/09/2018,60.0,mois,02/04/2019,CENTRE D’AFFAIRES D'AGADIR,Développement,B,,,,,,,,,,,,,,,,,,,,,,,,,,,,,,,,,,,,,,,,,,,,,,,,,,,,,,,,,0,1
3068040,01C1759,ESSAOUIRA,Marrakech-Safi,ESSAOUIRA,Marrakech-Safi,02/12/2010,5533,55,553,10,50,5,9.0,Mensuelle,05/07/2018,84.0,mois,,CENTRE D’AFFAIRES D'AGADIR,Développement,C,,,,,,,,,,,,,,,,,,,,,,,,,,,,,,,,,,,,,,,,,,,,,,,,,,,,,,,,,0,1
3113994,01C1804,CASABLANCA,Casablanca-Settat,CASABLANCA,Casablanca-Settat,03/07/2015,5511,55,551,10,45,39,6.0,Mensuelle,18/07/2019,7.0,an(s),28/01/2021,CENTRE D’AFFAIRES DE RABAT,Développement,B,,,0.0,0.0,0.0,0.0,0.0,0.0,8831072.25,3227724.5,5603347.75,73573.5,1337336.0,0.0,0.0,0.0,2659156.5,0.0,0.0,0.0,1992991.0,10255495.25,16691174.5,15238223.0,17284016.75,5554298.75,2629126.5,2134882.75,4823068.25,2761508.75,1602100.5,-58558.5,1107856.75,0.0,0.0,0.0,0.0,3836582.75,0.0,3836582.75,3624871.25,6418912.5,0.0,10255495.25,0.0,0.0,0.0,0.0,0.0,0.0,0.0,0.0,0.0,0.0,0.0,34486.0,0,0
3061232,01C317,SAFI,Marrakech-Safi,SAFI,Marrakech-Safi,01/10/2001,1586,15,158,46,600,1,5.0,Trimestrielle,30/04/2018,5.0,an(s),15/07/2019,CENTRE D’AFFAIRES DE MARRAKECH,Développement,A,,,0.0,0.0,0.0,0.0,0.0,0.0,23229331.125,12159397.25,11069933.875,16094828.75,8057049.0,0.0,0.0,0.0,26506855.375,0.0,0.0,0.0,170295.125,37747084.375,66399833.5,51980573.125,74620671.125,5487231.75,4060431.375,2534782.25,65409969.625,1474973.5,2599471.875,-1103852.75,1073822.75,0.0,0.0,0.0,0.0,10508998.5,2831578.75,13340577.25,7025518.5,8821938.125,15584569.0,37747084.375,0.0,0.0,0.0,0.0,0.0,0.0,0.0,0.0,0.0,0.0,0.0,147202.25,0,0
3063111,01C666,CASABLANCA,Casablanca-Settat,CASABLANCA,Casablanca-Settat,03/02/1993,2710,27,271,10,259,22,5.0,Mensuelle,21/05/2018,60.0,mois,,CENTRE D’AFFAIRES DE CASABLANCA,Développement,B,,142257.0,0.0,0.0,0.0,0.0,0.0,0.0,13393680.3,5310204.9,8083475.4,13054341.3,31152121.0,0.0,0.0,0.0,49324275.0,0.0,0.0,0.0,535535.0,57943285.4,37542181.9,29095792.3,45597852.3,15288273.0,3397293.9,2273371.1,24241817.6,11842330.5,1749047.3,-1053352.3,625424.8,0.0,0.0,0.0,0.0,9973363.4,7330823.5,17304186.9,19342823.5,32074742.7,8564355.8,57943285.4,0.0,0.0,0.0,0.0,0.0,0.0,0.0,0.0,0.0,0.0,0.0,85105.6,1,0
3137384,01C710,TAN TAN,Guelmim-Oued Noun,TAN TAN,Guelmim-Oued Noun,16/04/2009,4529,45,452,1,34,25,7.0,Mensuelle,31/12/2019,60.0,mois,03/03/2020,CENTRE D’AFFAIRES DE LAAYOUNE,Développement,D,148.0,,0.0,0.0,0.0,0.0,0.0,0.0,5073668.6,1970368.4,3103300.2,2112810.7,3692188.5,0.0,0.0,0.0,6623617.0,0.0,0.0,0.0,359859.5,10086776.7,8161806.6,3609266.4,12039627.6,2127024.9,1319818.5,1073372.3,9206597.4,763262.5,661260.6,-94694.6,414814.4,0.0,0.0,0.0,0.0,3891087.2,2528025.5,6419112.7,1893892.0,3572869.3,94794.7,10086776.7,0.0,0.0,0.0,0.0,0.0,0.0,0.0,0.0,0.0,0.0,0.0,22513.4,1,0
3137385,01C710,TAN TAN,Guelmim-Oued Noun,TAN TAN,Guelmim-Oued Noun,16/04/2009,4529,45,452,1,34,25,7.0,Mensuelle,31/12/2019,60.0,mois,03/03/2020,CENTRE D’AFFAIRES DE LAAYOUNE,Développement,D,148.0,,0.0,0.0,0.0,0.0,0.0,0.0,5073668.6,1970368.4,3103300.2,2112810.7,3692188.5,0.0,0.0,0.0,6623617.0,0.0,0.0,0.0,359859.5,10086776.7,8161806.6,3609266.4,12039627.6,2127024.9,1319818.5,1073372.3,9206597.4,763262.5,661260.6,-94694.6,414814.4,0.0,0.0,0.0,0.0,3891087.2,2528025.5,6419112.7,1893892.0,3572869.3,94794.7,10086776.7,0.0,0.0,0.0,0.0,0.0,0.0,0.0,0.0,0.0,0.0,0.0,22513.4,1,0
3112224,01C735,BERRECHID,Casablanca-Settat,CASABLANCA,Casablanca-Settat,09/05/2007,2524,25,252,4,150,23,5.8,Mensuelle,27/06/2019,60.0,mois,05/07/2019,CENTRE D’AFFAIRES DE CASABLANCA,Développement,C,,,0.0,0.0,0.0,0.0,0.0,0.0,60008305.5,18235574.5,41772731.0,30053237.5,1602315.0,0.0,0.0,0.0,37058450.0,0.0,0.0,0.0,1275774.5,80106955.5,44143283.071428575,27997132.5,99728772.0,17681950.0,13853625.5,9403537.0,65328334.5,3635203.0,9816163.5,-1317745.0,5366075.0,0.0,0.0,0.0,0.0,30721619.5,11016720.0,41738339.5,26175220.5,32910091.5,5878411.0,80106955.5,0.0,0.0,0.0,0.0,0.0,0.0,0.0,0.0,0.0,0.0,0.0,196632.57142857142,0,0
3114513,01C735,BERRECHID,Casablanca-Settat,CASABLANCA,Casablanca-Settat,09/05/2007,2524,25,252,3,150,23,5.8,Mensuelle,10/07/2019,60.0,mois,25/12/2019,CENTRE D’AFFAIRES DE CASABLANCA,Développement,C,,,0.0,0.0,0.0,0.0,0.0,0.0,60008305.5,18235574.5,41772731.0,30053237.5,1602315.0,0.0,0.0,0.0,37058450.0,0.0,0.0,0.0,1275774.5,80106955.5,44143283.071428575,27997132.5,99728772.0,17681950.0,13853625.5,9403537.0,65328334.5,3635203.0,9816163.5,-1317745.0,5366075.0,0.0,0.0,0.0,0.0,30721619.5,11016720.0,41738339.5,26175220.5,32910091.5,5878411.0,80106955.5,0.0,0.0,0.0,0.0,0.0,0.0,0.0,0.0,0.0,0.0,0.0,196632.57142857142,0,0
3124972,01C735,BERRECHID,Casablanca-Settat,CASABLANCA,Casablanca-Settat,09/05/2007,2524,25,252,2,150,24,5.5,Mensuelle,07/10/2019,60.0,mois,,CENTRE D’AFFAIRES DE CASABLANCA,Développement,C,,,0.0,0.0,0.0,0.0,0.0,0.0,60008305.5,18235574.5,41772731.0,30053237.5,1602315.0,0.0,0.0,0.0,37058450.0,0.0,0.0,0.0,1275774.5,80106955.5,44143283.071428575,27997132.5,99728772.0,17681950.0,13853625.5,9403537.0,65328334.5,3635203.0,9816163.5,-1317745.0,5366075.0,0.0,0.0,0.0,0.0,30721619.5,11016720.0,41738339.5,26175220.5,32910091.5,5878411.0,80106955.5,0.0,0.0,0.0,0.0,0.0,0.0,0.0,0.0,0.0,0.0,0.0,196632.57142857142,0,0
3087928,01C743,CASABLANCA,Casablanca-Settat,CASABLANCA,Casablanca-Settat,12/03/2007,5249,52,524,0,1,35,6.25,Mensuelle,04/01/2019,15.0,an(s),,CENTRE D’AFFAIRES DE CASABLANCA,Développement,C,,,0.0,0.0,0.0,0.0,0.0,0.0,467.3333333333333,208875.33333333334,50.0,1048213.8333333334,3876372.5,0.0,0.0,0.0,10595.666666666666,0.0,0.0,0.0,388054.3333333333,11421.0,15052.666666666666,11343.333333333334,18338.0,823.0,428.3333333333333,305.3333333333333,8253078.166666667,193860.33333333334,408.6666666666667,-26.666666666666668,285.6666666666667,0.0,0.0,0.0,0.0,2201.3333333333335,0.0,2201.3333333333335,1097096.0,9219.666666666666,0.0,11421.0,0.0,0.0,0.0,0.0,0.0,0.0,0.0,0.0,0.0,0.0,0.0,18338.0,0,0
3066813,01C878,DAKHLA,Dakhla-Oued Ed-Dahab,DAKHLA,Dakhla-Oued Ed-Dahab,08/09/1999,1522,15,152,27,0,29,5.25,Trimestrielle,23/06/2018,7.0,an(s),27/07/2018,CENTRE D’AFFAIRES DE LAAYOUNE,Développement,B,1735.0,,0.0,0.0,0.0,0.0,0.0,0.0,16052036.0,5416411.0,10635625.0,1443191.75,2254001.75,0.0,0.0,0.0,5096841.75,0.0,0.0,0.0,20770.75,15753237.5,14499985.5,10151641.5,16892625.75,3742238.5,1855603.75,1671169.5,12699436.75,1858106.25,732231.5,-184434.25,547797.25,0.0,0.0,0.0,0.0,4117363.25,9707948.25,13825311.5,726726.0,830579.75,1097346.25,15753237.5,0.0,0.0,0.0,0.0,0.0,0.0,0.0,0.0,0.0,0.0,0.0,32107.5,1,0
3126677,01C899,CASABLANCA,Casablanca-Settat,CASABLANCA,Casablanca-Settat,08/08/1991,9002,90,900,5,3025,22,6.0,Mensuelle,18/10/2019,48.0,mois,22/01/2020,CENTRE D’AFFAIRES DE CASABLANCA,Développement,C,,,0.0,0.0,0.0,0.0,0.0,0.0,58535405.5,32316713.0,26218692.5,36340073.0,61953463.0,0.0,0.0,0.0,103362402.0,0.0,0.0,0.0,1523808.0,131104902.5,45416462.0,26771516.57142857,62684908.0,27483313.0,6218855.5,5413479.5,19881361.5,20775326.0,1864362.5,-303517.5,788359.0,0.0,0.0,0.0,0.0,14568482.5,28485099.5,43053582.0,31013554.0,85895595.5,2155725.0,131104902.5,0.0,0.0,0.0,0.0,0.0,0.0,0.0,0.0,0.0,0.0,0.0,125261.85714285714,0,0
3093166,01C927,TETOUAN,Tanger-Tétouan-Al Hoceima,TETOUAN,Tanger-Tétouan-Al Hoceima,04/04/2004,1320,13,132,0,112,24,6.0,Mensuelle,15/02/2019,60.0,mois,14/05/2019,CENTRE D’AFFAIRES DE TANGER,Développement,A,,,0.0,0.0,0.0,0.0,0.0,0.0,60460233.166666664,34703942.0,28648286.333333332,12450104.333333334,21378190.166666668,0.0,0.0,0.0,36570367.166666664,0.0,0.0,0.0,12762.75,65231416.25,11312454.833333334,5764992.083333333,23273250.0,7716208.5,2217798.9166666665,2279610.6666666665,13886789.583333334,3414077.3333333335,-2658155.5,-242075.16666666666,-2598262.3333333335,0.0,0.0,0.0,0.0,12782770.0,1051383.6666666667,13834153.666666666,6312973.333333333,48663531.583333336,2982252.0,65231416.25,0.0,0.0,0.0,0.0,0.0,0.0,0.0,0.0,0.0,0.0,0.0,39926.166666666664,0,0
3073618,01C959,TETOUAN,Tanger-Tétouan-Al Hoceima,TETOUAN,Tanger-Tétouan-Al Hoceima,27/09/2007,1320,13,132,0,0,5,7.0,Mensuelle,10/09/2018,48.0,mois,,CENTRE D’AFFAIRES DE TANGER,Développement,A,,,33.333333333333336,0.0,0.0,33.333333333333336,0.0,0.0,10418241.166666666,8197189.0,2221052.1666666665,966966.0,5863357.5,33.333333333333336,0.0,0.0,8416741.666666666,33.333333333333336,0.0,0.0,798464.3333333334,11436258.166666666,8191850.333333333,5369438.166666667,7477803.666666667,2092590.5,-1391723.6666666667,-617450.1666666666,3036533.5,755588.1666666666,-1673838.8333333333,-94260.83333333333,-901567.3333333334,23.333333333333332,0.0,0.0,0.6666666666666666,2027692.3333333333,5384212.166666667,7411904.5,2111609.5,3752415.3333333335,271938.3333333333,11436258.166666666,17.0,0.0,0.0,14.3009,0.0,0.0,10.807433333333334,33.333333333333336,0.0,0.0,0.3333333333333333,13889.0,0,0
3133342,01D118,KENITRA,Rabat-Salé-Kénitra,KENITRA,Rabat-Salé-Kénitra,25/06/2007,1532,15,153,20,0,25,8.0,Mensuelle,10/12/2019,48.0,mois,,CENTRE D’AFFAIRES DE RABAT,Développement,B,,,0.0,0.0,0.0,0.0,0.0,0.0,15789423.581598332,10371586.56898,6282135.893366667,930185.711,792118.7365000001,0.0,0.0,0.0,6866682.1498275,0.0,0.0,0.0,1713343.45819,14719382.879868334,10626572.756843334,4244083.941843334,18460033.886460833,1815490.0321891669,1034957.7805233333,818782.5303991666,16392493.24622,651077.73185,274218.4561783333,-99513.8969825,58043.206054166665,0.0,0.0,0.0,0.0,6890379.010515,21938.583333333332,6912317.593848333,4374984.18903,7807051.450531666,15.014999999999999,14719382.808130002,0.0,0.0,0.0,0.0,0.0,0.0,0.0,0.0,0.0,0.0,0.0,36452.62489,0,0
3083144,01D131,MOHAMMEDIA,Casablanca-Settat,CASABLANCA,Casablanca-Settat,09/10/1995,2223,22,222,10,0,23,1.0,Mensuelle,30/11/2018,60.0,mois,25/04/2019,CENTRE D’AFFAIRES DE CASABLANCA,Développement,C,,,14.285714285714286,14.285714285714286,0.0,7.142857142857143,7.142857142857143,0.0,29411811.0,16647130.5,12764680.5,454096.5,7435428.0,10.714285714285714,10.714285714285714,0.0,10553543.0,14.285714285714286,14.285714285714286,0.0,1452737.0,24770960.5,16103077.0,9308684.357142856,23850970.0,7777055.0,1855997.0,1775416.5,12147850.0,5196548.5,1037751.0,-40326.0,797582.5,5.0,5.0,0.0,0.2857142857142857,9253816.0,3980691.0,13234507.0,6513292.5,11501847.5,44044.0,24770960.5,7.285714285714286,7.285714285714286,0.0,5.498171428571429,4.931342857142857,0.0,6.500714285714286,14.285714285714286,9.428571428571429,0.0,0.14285714285714285,46401.857142857145,0,0
3115701,01D380,CASABLANCA,Casablanca-Settat,CASABLANCA,Casablanca-Settat,09/01/2001,3611,36,361,5,160,7,6.5,Mensuelle,19/07/2019,96.0,mois,,CENTRE D’AFFAIRES DE CASABLANCA,Développement,C,,,0.0,0.0,0.0,0.0,0.0,0.0,6586079.5,3849345.5,2736734.0,14741727.0,39370831.5,0.0,0.0,0.0,59054495.5,0.0,0.0,0.0,194194.0,61985423.5,23839816.0,21749728.0,28957929.0,10275765.5,635635.0,572572.0,16748732.0,9605596.0,146146.0,-1044043.0,83083.0,0.0,0.0,0.0,0.0,7055048.0,5430425.0,12485473.0,10576065.5,39660621.0,9839329.5,61985423.5,0.0,0.0,0.0,0.0,0.0,0.0,0.0,0.0,0.0,0.0,0.0,49607.0,0,0
3111971,01D410,CASABLANCA,Casablanca-Settat,CASABLANCA,Casablanca-Settat,01/01/2006,5165,51,516,5,0,16,9.0,Trimestrielle,26/06/2019,7.0,an(s),08/11/2019,CENTRE D’AFFAIRES DE CASABLANCA,Développement,B,,,0.0,0.0,0.0,0.0,0.0,0.0,1344515.7142857143,684684.0,1129824.2857142857,997997.0,5922216.3,0.0,0.0,0.0,5270608.714285715,0.0,0.0,0.0,184517.66666666666,6455384.285714285,3790752.5714285714,3395151.5714285714,4471901.0,1347648.7142857143,1035846.8571428572,960778.0,6067261.2,632531.9,955305.2857142857,-59226.42857142857,880236.4285714285,0.0,0.0,0.0,0.0,1605180.4285714286,615823.1428571428,2221003.5714285714,5104799.7,4160023.0,612167.1111111111,6455384.285714285,0.0,0.0,0.0,0.0,0.0,0.0,0.0,0.0,0.0,0.0,0.0,16260.4,0,0
3117652,01D558,CASABLANCA,Casablanca-Settat,CASABLANCA,Casablanca-Settat,03/08/2010,6025,60,602,4,0,20,6.0,Mensuelle,01/08/2019,48.0,mois,,CENTRE D’AFFAIRES DE CASABLANCA,Développement,D,,,0.0,0.0,0.0,0.0,0.0,0.0,6674783.25,3994726.0,2680057.25,0.0,5388967.75,0.0,0.0,0.0,6177978.75,0.0,0.0,0.0,64252.25,8922288.25,14398840.5,12863701.0,14094818.75,3271546.5,1977797.5,1283166.25,6215495.25,1158499.0,957483.25,-614338.75,242852.0,0.0,0.0,0.0,0.0,3581620.5,1156533.5,4738154.0,2666165.5,3669255.5,514878.75,8922288.25,0.0,0.0,0.0,0.0,0.0,0.0,0.0,0.0,0.0,0.0,0.0,19275.0,0,0
3081272,01D607,RABAT,Rabat-Salé-Kénitra,RABAT,Rabat-Salé-Kénitra,29/10/2015,6422,64,642,234,800,22,0.0,Mensuelle,12/11/2018,36.0,mois,,CENTRE D’AFFAIRES DE RABAT,Développement,B,,,,,,,,,,,,,,,,,,,,,,,,,,,,,,,,,,,,,,,,,,,,,,,,,,,,,,,,,0,1
3051592,01D628,CASABLANCA,Casablanca-Settat,CASABLANCA,Casablanca-Settat,19/07/2007,5141,51,514,0,0,22,1.0,Mensuelle,25/01/2018,120.0,mois,27/02/2018,CENTRE D’AFFAIRES DE CASABLANCA,Développement,B,,,0.0,0.0,0.0,0.0,0.0,0.0,4760756.0,716716.0,4044040.0,1176175.0,2356354.0,0.0,0.0,0.0,4785280.5,0.0,0.0,0.0,1501.5,8830822.0,5225720.5,5794288.5,4595090.5,765264.5,366366.0,291791.5,3117114.0,389389.0,89089.0,-51551.5,14514.5,0.0,0.0,0.0,0.0,1272271.0,0.0,1272271.0,6274268.0,6949943.0,608608.0,8830822.0,0.0,0.0,0.0,0.0,0.0,0.0,0.0,0.0,0.0,0.0,0.0,9181.0,0,0
3066723,01D639,DAKHLA,Dakhla-Oued Ed-Dahab,DAKHLA,Dakhla-Oued Ed-Dahab,17/02/1999,5532,55,553,10,60,4,6.5,Trimestrielle,23/06/2018,60.0,mois,04/09/2018,CENTRE D’AFFAIRES DE LAAYOUNE,Développement,B,4932.0,,0.0,0.0,0.0,0.0,0.0,0.0,13706943.25,5970464.5,7736478.75,391641.25,1005504.5,0.0,0.0,0.0,2459957.5,0.0,0.0,0.0,294043.75,10490480.0,11848837.0,11580569.0,11662651.0,2730477.75,1678677.0,1557055.5,8689430.75,1051800.75,1107106.0,-120870.75,985484.5,0.0,0.0,0.0,0.0,6447691.25,3042039.0,9489730.25,377377.0,560810.25,439939.5,10490480.0,0.0,0.0,0.0,0.0,0.0,0.0,0.0,0.0,0.0,0.0,0.0,23302.0,1,0
3126807,01D649,INZEGANE,Souss-Massa,AGADIR,Souss-Massa,28/06/2011,6062,60,606,2,70,20,1.0,Mensuelle,21/10/2019,48.0,mois,,CENTRE D’AFFAIRES D'AGADIR,Développement,C,,,0.0,0.0,0.0,0.0,0.0,0.0,2857354.5,1685684.0,1171670.5,498498.0,6151145.0,0.0,0.0,0.0,10220710.5,0.0,0.0,0.0,51551.5,11443932.5,19511992.5,19849329.5,19529510.0,3656653.0,1342841.5,1220219.0,9726216.5,2168166.0,1500999.5,-465965.5,575575.0,0.0,0.0,0.0,0.0,2643140.5,186686.5,2829827.0,5067562.5,7193686.5,1420419.0,11443932.5,0.0,0.0,0.0,0.0,0.0,0.0,0.0,0.0,0.0,0.0,0.0,39020.0,0,0
3129023,01D649,INZEGANE,Souss-Massa,AGADIR,Souss-Massa,28/06/2011,6062,60,606,0,70,22,1.0,Mensuelle,08/11/2019,48.0,mois,,CENTRE D’AFFAIRES D'AGADIR,Développement,C,,589708.52,0.0,0.0,0.0,0.0,0.0,0.0,2857354.5,1685684.0,1171670.5,498498.0,6151145.0,0.0,0.0,0.0,10220710.5,0.0,0.0,0.0,51551.5,11443932.5,19511992.5,19849329.5,19529510.0,3656653.0,1342841.5,1220219.0,9726216.5,2168166.0,1500999.5,-465965.5,575575.0,0.0,0.0,0.0,0.0,2643140.5,186686.5,2829827.0,5067562.5,7193686.5,1420419.0,11443932.5,0.0,0.0,0.0,0.0,0.0,0.0,0.0,0.0,0.0,0.0,0.0,39020.0,1,0
3104621,01D707,CASABLANCA,Casablanca-Settat,CASABLANCA,Casablanca-Settat,13/02/2009,7110,71,711,1,25,20,5.0,Mensuelle,02/05/2019,36.0,mois,,CENTRE D’AFFAIRES DE CASABLANCA,Développement,D,,,0.0,0.0,0.0,0.0,0.0,0.0,4114610.5,1325824.5,2788786.0,0.0,5717211.5,0.0,0.0,0.0,6965458.5,0.0,0.0,0.0,6006.0,9760250.5,13287774.5,0.0,10572061.5,57057.0,-1910408.5,923923.0,419419.0,1762761.0,-2490988.5,-90590.5,343343.0,0.0,0.0,0.0,0.0,5692186.5,23523.5,5715710.0,2478476.0,3453950.5,590590.0,9760250.5,0.0,0.0,0.0,0.0,0.0,0.0,0.0,0.0,0.0,0.0,0.0,19224.0,0,0
3123476,01D775,CASABLANCA,Casablanca-Settat,CASABLANCA,Casablanca-Settat,25/08/2010,6062,60,606,2,0,24,6.5,Mensuelle,24/09/2019,48.0,mois,13/11/2019,CENTRE D’AFFAIRES DE CASABLANCA,Développement,C,,,0.0,0.0,0.0,0.0,0.0,0.0,34467147.0,18886868.0,15580279.0,107536.0,6960096.0,0.0,0.0,0.0,21822515.0,0.0,0.0,0.0,49978.5,37452772.5,16605846.714285715,10239796.42857143,36497318.0,11865782.5,6116396.0,4331613.0,17847973.0,5898678.5,3215927.0,-926640.0,1403974.0,0.0,0.0,0.0,0.0,9223285.5,3145714.0,12368999.5,5791071.0,16341754.0,8742019.0,37452772.5,0.0,0.0,0.0,0.0,0.0,0.0,0.0,0.0,0.0,0.0,0.0,72844.0,0,0
3123307,01E1069,,Autres,,Autres,,4529,45,452,0,0,23,6.2,Mensuelle,21/09/2019,48.0,mois,25/12/2019,CENTRE D’AFFAIRES DE TANGER,Développement,C,,,0.0,0.0,0.0,0.0,0.0,0.0,1316815.5,773272.5,543543.0,0.0,6929422.5,0.0,0.0,0.0,7440433.0,0.0,0.0,0.0,1001.0,7984977.0,9994484.5,7022515.5,12785773.0,2664161.5,468468.0,379879.5,9937427.5,2185683.5,338338.0,-24524.5,249749.5,0.0,0.0,0.0,0.0,3206703.5,1129628.5,4336332.0,1225224.0,2738736.0,909909.0,7984977.0,0.0,0.0,0.0,0.0,0.0,0.0,0.0,0.0,0.0,0.0,0.0,25546.0,0,0
3076510,01E124,CASABLANCA,Casablanca-Settat,CASABLANCA,Casablanca-Settat,30/06/1997,2221,22,222,6,60,9,6.5,Trimestrielle,18/10/2018,6.0,an(s),,CENTRE D’AFFAIRES DE CASABLANCA,Développement,B,,,0.0,0.0,0.0,0.0,0.0,0.0,34314637.5,27786187.0,6528450.5,3173885.0,6790998.5,0.0,0.0,0.0,12159075.5,0.0,0.0,0.0,757614.0,19445140.0,10940791.142857144,8130453.0,15264249.0,5474612.0,2242311.5,1808092.0,8993556.0,4150003.0,928499.0,-188259.5,558844.0,0.0,0.0,0.0,0.0,11032736.0,2476474.0,13509210.0,2449661.5,4852562.0,1166704.0,19445140.0,0.0,0.0,0.0,0.0,0.0,0.0,0.0,0.0,0.0,0.0,0.0,30490.85714285714,0,0
3129651,01E1270,CASABLANCA,Casablanca-Settat,CASABLANCA,Casablanca-Settat,20/01/2004,6422,64,642,2,0,23,6.5,Trimestrielle,15/11/2019,36.0,mois,05/11/2019,CENTRE D’AFFAIRES DE CASABLANCA,Développement,C,,,0.0,0.0,0.0,0.0,0.0,0.0,119060155.5,7149928.5,111910227.0,0.0,12144775.5,0.0,0.0,0.0,18294562.0,0.0,0.0,0.0,327398.5,130532187.5,35267483.14285714,23427484.714285713,62460898.5,46632800.5,4090872.5,2242597.5,7145996.0,42078179.0,1527526.0,1844557.0,1229943.0,0.0,0.0,0.0,0.0,71693693.5,28321007.0,100014700.5,8419625.5,26032578.0,4484909.0,130532187.5,0.0,0.0,0.0,0.0,0.0,0.0,0.0,0.0,0.0,0.0,0.0,124470.14285714286,0,0
3097852,01E1467,CASABLANCA,Casablanca-Settat,CASABLANCA,Casablanca-Settat,11/11/2004,6042,60,604,2,0,24,5.0,Mensuelle,15/03/2019,60.0,mois,,CENTRE D’AFFAIRES DE CASABLANCA,Développement,C,,,0.0,0.0,0.0,0.0,0.0,0.0,751752.5,923589.3333333334,114618.5,0.0,1033699.3333333334,0.0,0.0,0.0,628780.75,0.0,0.0,0.0,262095.16666666666,782042.0,715846.5,714260.5,839066.75,221134.75,61376.25,49915.75,922421.5,331831.5,61376.25,-4754.75,49915.75,0.0,0.0,0.0,0.0,437377.0,0.0,437377.0,1252751.5,300120.5,29696.333333333332,782042.0,0.0,0.0,0.0,0.0,0.0,0.0,0.0,0.0,0.0,0.0,0.0,4755.666666666667,0,0
3120942,01E1515,MARRAKECH,Marrakech-Safi,MARRAKECH,Marrakech-Safi,01/10/2013,2222,22,222,5,19,23,7.0,Mensuelle,06/09/2019,60.0,mois,25/12/2019,CENTRE D’AFFAIRES DE MARRAKECH,Développement,D,,,0.0,0.0,0.0,0.0,0.0,0.0,1596745.0,965748.3333333334,630996.6666666666,1092120.0,4752508.0,0.0,0.0,0.0,7491719.333333333,0.0,0.0,0.0,9337.666666666666,8132053.666666667,5502903.333333333,5044138.0,5980930.666666667,1388347.6666666667,420555.0,317474.0,3449723.6666666665,950786.0,129093.33333333333,-31333.333333333332,26012.333333333332,0.0,0.0,0.0,0.0,794056.6666666666,65344.0,859400.6666666666,1224315.3333333333,7097518.0,175135.0,8132053.666666667,0.0,0.0,0.0,0.0,0.0,0.0,0.0,0.0,0.0,0.0,0.0,9792.0,0,0
3056408,01E1614,TANGER,Tanger-Tétouan-Al Hoceima,TANGER,Tanger-Tétouan-Al Hoceima,29/11/2006,8013,80,801,48,0,9,8.0,Trimestrielle,14/03/2018,8.0,an(s),,,Développement,,,1200000.0,,,,,,,,,,,,,,,,,,,,,,,,,,,,,,,,,,,,,,,,,,,,,,,,,,,,,,,1,1
3068682,01E1658,CASABLANCA,Casablanca-Settat,CASABLANCA,Casablanca-Settat,26/01/2006,2225,22,222,3,33,35,7.0,Mensuelle,13/07/2018,10.0,an(s),,CENTRE D’AFFAIRES DE CASABLANCA,Développement,D,,,,,,,,,,,,,,,,,,,,,,,,,,,,,,,,,,,,,,,,,,,,,,,,,,,,,,,,,0,1
3124997,01E1658,CASABLANCA,Casablanca-Settat,CASABLANCA,Casablanca-Settat,26/01/2006,2121,21,212,2,33,23,6.5,Mensuelle,04/10/2019,60.0,mois,05/03/2020,CENTRE D’AFFAIRES DE CASABLANCA,Développement,D,2367.0,,,,,,,,,,,,,,,,,,,,,,,,,,,,,,,,,,,,,,,,,,,,,,,,,,,,,,,,1,1
3109699,01E1787,RABAT,Rabat-Salé-Kénitra,RABAT,Rabat-Salé-Kénitra,15/10/2009,4529,45,452,2,3,20,5.0,Mensuelle,13/06/2019,60.0,mois,,CENTRE D’AFFAIRES DE RABAT,Développement,D,,,0.0,0.0,0.0,0.0,0.0,0.0,15605590.0,6020228.5,9585361.5,25937912.0,120546569.0,0.0,0.0,0.0,151971820.0,0.0,0.0,0.0,839982.0,162397163.5,14683529.357142856,10336071.42857143,38467143.0,7146639.5,2773985.5,5364859.5,27211970.5,4263902.5,-1631344.0,-669383.0,959530.0,0.0,0.0,0.0,0.0,36224617.0,10123327.5,46347944.5,19860555.0,79042177.5,37007041.5,162397163.5,0.0,0.0,0.0,0.0,0.0,0.0,0.0,0.0,0.0,0.0,0.0,75138.0,0,0
3131209,01E1885,CASABLANCA,Casablanca-Settat,CASABLANCA,Casablanca-Settat,03/12/2010,5511,55,551,0,257,24,1.0,Mensuelle,28/11/2019,72.0,mois,,CENTRE D’AFFAIRES DE CASABLANCA,Développement,D,,,0.0,0.0,0.0,0.0,0.0,0.0,96940129.0,6418489.0,90980103.5,70070.0,845630.5,0.0,0.0,0.0,4455379.5,0.0,0.0,0.0,1815313.5,97250796.5,12741295.5,4825646.928571428,24233566.5,3570138.0,1813383.0,166094.5,18201326.0,1592662.5,-811096.0,-1854424.0,-2530742.5,0.0,0.0,0.0,0.0,19717626.5,56928657.5,76646284.0,12766039.0,20075627.0,673127.0,97250796.5,0.0,0.0,0.0,0.0,0.0,0.0,0.0,0.0,0.0,0.0,0.0,48418.71428571428,0,0
3076730,01E1968,MARRAKECH,Marrakech-Safi,MARRAKECH,Marrakech-Safi,11/02/2015,9002,90,900,0,51,24,1.0,Mensuelle,19/10/2018,60.0,mois,,CENTRE D’AFFAIRES DE MARRAKECH,Développement,B,,,0.0,0.0,0.0,0.0,0.0,0.0,32965432.5,1044543.5,31920889.0,31531.5,22767745.0,0.0,0.0,0.0,27297770.5,0.0,0.0,0.0,857857.0,60076516.5,17189672.5,18294276.0,19335316.0,9234725.5,7206199.0,4599094.5,2354852.5,2024022.0,6907400.5,-941440.5,4170166.0,0.0,0.0,0.0,0.0,16043527.5,16304288.0,32347815.5,21082561.5,26112086.0,1616615.0,60076516.5,0.0,0.0,0.0,0.0,0.0,0.0,0.0,0.0,0.0,0.0,0.0,38632.0,0,0
3107963,01E1968,MARRAKECH,Marrakech-Safi,MARRAKECH,Marrakech-Safi,11/02/2015,9002,90,900,8,51,24,1.0,Mensuelle,11/06/2019,60.0,mois,,CENTRE D’AFFAIRES DE MARRAKECH,Développement,C,,,0.0,0.0,0.0,0.0,0.0,0.0,32965432.5,1044543.5,31920889.0,31531.5,22767745.0,0.0,0.0,0.0,27297770.5,0.0,0.0,0.0,857857.0,60076516.5,17189672.5,18294276.0,19335316.0,9234725.5,7206199.0,4599094.5,2354852.5,2024022.0,6907400.5,-941440.5,4170166.0,0.0,0.0,0.0,0.0,16043527.5,16304288.0,32347815.5,21082561.5,26112086.0,1616615.0,60076516.5,0.0,0.0,0.0,0.0,0.0,0.0,0.0,0.0,0.0,0.0,0.0,38632.0,0,0
3122141,01E1968,MARRAKECH,Marrakech-Safi,MARRAKECH,Marrakech-Safi,11/02/2015,9002,90,900,0,51,24,1.0,Mensuelle,11/09/2019,60.0,mois,18/10/2019,CENTRE D’AFFAIRES DE MARRAKECH,Développement,C,,,0.0,0.0,0.0,0.0,0.0,0.0,32965432.5,1044543.5,31920889.0,31531.5,22767745.0,0.0,0.0,0.0,27297770.5,0.0,0.0,0.0,857857.0,60076516.5,17189672.5,18294276.0,19335316.0,9234725.5,7206199.0,4599094.5,2354852.5,2024022.0,6907400.5,-941440.5,4170166.0,0.0,0.0,0.0,0.0,16043527.5,16304288.0,32347815.5,21082561.5,26112086.0,1616615.0,60076516.5,0.0,0.0,0.0,0.0,0.0,0.0,0.0,0.0,0.0,0.0,0.0,38632.0,0,0
3122143,01E1968,MARRAKECH,Marrakech-Safi,MARRAKECH,Marrakech-Safi,11/02/2015,9002,90,900,0,51,24,1.0,Mensuelle,11/09/2019,60.0,mois,30/09/2019,CENTRE D’AFFAIRES DE MARRAKECH,Développement,C,123.0,,0.0,0.0,0.0,0.0,0.0,0.0,32965432.5,1044543.5,31920889.0,31531.5,22767745.0,0.0,0.0,0.0,27297770.5,0.0,0.0,0.0,857857.0,60076516.5,17189672.5,18294276.0,19335316.0,9234725.5,7206199.0,4599094.5,2354852.5,2024022.0,6907400.5,-941440.5,4170166.0,0.0,0.0,0.0,0.0,16043527.5,16304288.0,32347815.5,21082561.5,26112086.0,1616615.0,60076516.5,0.0,0.0,0.0,0.0,0.0,0.0,0.0,0.0,0.0,0.0,0.0,38632.0,1,0
3122157,01E1968,MARRAKECH,Marrakech-Safi,MARRAKECH,Marrakech-Safi,11/02/2015,9002,90,900,0,51,24,1.0,Mensuelle,11/09/2019,60.0,mois,08/06/2020,CENTRE D’AFFAIRES DE MARRAKECH,Développement,C,,,0.0,0.0,0.0,0.0,0.0,0.0,32965432.5,1044543.5,31920889.0,31531.5,22767745.0,0.0,0.0,0.0,27297770.5,0.0,0.0,0.0,857857.0,60076516.5,17189672.5,18294276.0,19335316.0,9234725.5,7206199.0,4599094.5,2354852.5,2024022.0,6907400.5,-941440.5,4170166.0,0.0,0.0,0.0,0.0,16043527.5,16304288.0,32347815.5,21082561.5,26112086.0,1616615.0,60076516.5,0.0,0.0,0.0,0.0,0.0,0.0,0.0,0.0,0.0,0.0,0.0,38632.0,0,0
3122165,01E1968,MARRAKECH,Marrakech-Safi,MARRAKECH,Marrakech-Safi,11/02/2015,9002,90,900,0,51,24,1.0,Mensuelle,11/09/2019,60.0,mois,29/07/2020,CENTRE D’AFFAIRES DE MARRAKECH,Développement,C,,,0.0,0.0,0.0,0.0,0.0,0.0,32965432.5,1044543.5,31920889.0,31531.5,22767745.0,0.0,0.0,0.0,27297770.5,0.0,0.0,0.0,857857.0,60076516.5,17189672.5,18294276.0,19335316.0,9234725.5,7206199.0,4599094.5,2354852.5,2024022.0,6907400.5,-941440.5,4170166.0,0.0,0.0,0.0,0.0,16043527.5,16304288.0,32347815.5,21082561.5,26112086.0,1616615.0,60076516.5,0.0,0.0,0.0,0.0,0.0,0.0,0.0,0.0,0.0,0.0,0.0,38632.0,0,0
3122190,01E1968,MARRAKECH,Marrakech-Safi,MARRAKECH,Marrakech-Safi,11/02/2015,9002,90,900,0,51,24,1.0,Mensuelle,11/09/2019,60.0,mois,30/09/2019,CENTRE D’AFFAIRES DE MARRAKECH,Développement,C,123.0,,0.0,0.0,0.0,0.0,0.0,0.0,32965432.5,1044543.5,31920889.0,31531.5,22767745.0,0.0,0.0,0.0,27297770.5,0.0,0.0,0.0,857857.0,60076516.5,17189672.5,18294276.0,19335316.0,9234725.5,7206199.0,4599094.5,2354852.5,2024022.0,6907400.5,-941440.5,4170166.0,0.0,0.0,0.0,0.0,16043527.5,16304288.0,32347815.5,21082561.5,26112086.0,1616615.0,60076516.5,0.0,0.0,0.0,0.0,0.0,0.0,0.0,0.0,0.0,0.0,0.0,38632.0,1,0
3080079,01E2279,TIZNIT,Souss-Massa,TIZNIT,Souss-Massa,17/01/2007,5511,55,551,16,2,26,7.5,Quadrimestrielle,30/10/2018,10.0,an(s),,CENTRE D’AFFAIRES D'AGADIR,Développement,C,,,,,,,,,,,,,,,,,,,,,,,,,,,,,,,,,,,,,,,,,,,,,,,,,,,,,,,,,0,1
3051874,01E2326,BERRECHID,Casablanca-Settat,HAD SOUALEM,Casablanca-Settat,21/09/2011,6025,60,602,0,15,23,5.0,Mensuelle,30/01/2018,48.0,mois,25/01/2018,CENTRE D’AFFAIRES DE CASABLANCA,Développement,C,,,0.0,0.0,0.0,0.0,0.0,0.0,1930011.4166666667,1534260.0,523606.4166666667,2671919.25,10403976.916666666,0.0,0.0,0.0,14666818.833333334,0.0,0.0,0.0,102185.41666666667,15292610.666666666,10023701.5,6516667.916666667,17474290.166666668,991657.3333333334,604020.0833333334,655237.9166666666,12527681.833333334,369619.25,363529.8333333333,-2836.1666666666665,414747.6666666667,0.0,0.0,0.0,0.0,2240488.25,1127626.5,3368114.75,9418158.75,11923912.0,637.0,15292610.666666666,0.0,0.0,0.0,0.0,0.0,0.0,0.0,0.0,0.0,0.0,0.0,34913.666666666664,0,0
3107965,01E2340,CASABLANCA,Casablanca-Settat,CASABLANCA,Casablanca-Settat,13/09/1989,2213,22,221,2,20,2,5.0,Mensuelle,28/05/2019,3.0,an(s),28/05/2019,CENTRE D’AFFAIRES DE CASABLANCA,Développement,C,,,0.0,0.0,0.0,0.0,0.0,0.0,2821318.5,981480.5,1839838.0,736736.0,6925418.5,0.0,0.0,0.0,8310802.5,0.0,0.0,0.0,310810.5,10461451.0,12435923.5,15231216.0,10759248.5,6719212.5,1407406.0,1220719.5,1184183.0,5227722.5,4036032.0,-27527.5,175675.5,0.0,0.0,0.0,0.0,651651.0,0.0,651651.0,1120119.0,9804294.5,5505.5,10461451.0,0.0,0.0,0.0,0.0,0.0,0.0,0.0,0.0,0.0,0.0,0.0,22514.0,0,0
3134175,01E2528,RABAT,Rabat-Salé-Kénitra,RABAT,Rabat-Salé-Kénitra,13/05/2015,5147,51,514,0,6,20,7.0,Mensuelle,18/12/2019,120.0,mois,,CENTRE D’AFFAIRES DE RABAT,Développement,C,,,0.0,0.0,0.0,0.0,0.0,0.0,415915.5,41041.0,374874.5,468801.6666666667,1536701.8333333333,0.0,0.0,0.0,2264762.5,0.0,0.0,0.0,335168.1666666667,2974805.1666666665,3386049.3333333335,1772809.5,4538367.166666667,895561.3333333334,340673.6666666667,221054.16666666666,3115278.8333333335,389555.8333333333,307974.3333333333,-10844.166666666666,188354.83333333334,0.0,0.0,0.0,0.0,898063.8333333334,194027.16666666666,1092091.0,586419.1666666666,1882714.1666666667,0.0,2974805.1666666665,0.0,0.0,0.0,0.0,0.0,0.0,0.0,0.0,0.0,0.0,0.0,9067.666666666666,0,0
3121304,01E29,TETOUAN,Tanger-Tétouan-Al Hoceima,CASABLANCA,Casablanca-Settat,01/01/1999,8511,85,851,0,110,4,5.5,Mensuelle,04/09/2019,84.0,mois,26/09/2019,CENTRE D’AFFAIRES DE TANGER,Développement,D,,,0.0,0.0,0.0,0.0,0.0,0.0,18220774.0,3053765.0,15167009.0,619905.0,1932073.0,0.0,0.0,0.0,3181249.5,0.0,0.0,0.0,242528.0,18590786.5,5497385.5,3638774.5714285714,11660720.5,5802797.0,634777.0,-142571.0,3491488.0,4989198.5,-3360.5,-94880.5,-725725.0,0.0,0.0,0.0,0.0,7737444.0,2799153.5,10536597.5,1808449.5,5624261.5,2429927.5,18590786.5,0.0,0.0,0.0,0.0,0.0,0.0,0.0,0.0,0.0,0.0,0.0,23313.714285714286,0,0
3060368,01E355,,Autres,TANGER,Tanger-Tétouan-Al Hoceima,21/02/2008,8040,80,804,0,0,34,6.25,Mensuelle,18/04/2018,180.0,mois,05/07/2018,CENTRE D’AFFAIRES DE TANGER,Développement,C,,,,,,,,,,,,,,,,,,,,,,,,,,,,,,,,,,,,,,,,,,,,,,,,,,,,,,,,,0,1
3090059,01E525,CASABLANCA,Casablanca-Settat,CASABLANCA,Casablanca-Settat,24/11/2009,7110,71,711,2,0,22,7.0,Mensuelle,22/01/2019,60.0,mois,,CENTRE D’AFFAIRES DE CASABLANCA,Développement,C,,,0.0,0.0,0.0,0.0,0.0,0.0,951283.6666666666,583583.0,367700.6666666667,0.0,1222304.4166666667,0.0,0.0,0.0,1522938.0833333333,0.0,0.0,0.0,187270.41666666666,2077909.1666666667,1956682.1666666667,1363121.8333333333,3631294.3333333335,-355855.5,-1106522.0833333333,-205872.33333333334,166416.25,710126.0833333334,-1313729.0833333333,-73990.58333333333,-395311.5833333333,0.0,0.0,0.0,0.0,-181764.91666666666,1318150.1666666667,1136385.25,165832.33333333334,519101.9166666667,506906.4,2077909.1666666667,0.0,0.0,0.0,0.0,0.0,0.0,0.0,0.0,0.0,0.0,0.0,6917.0,0,0
3053943,01E830,AGADIR,Souss-Massa,AGADIR,Souss-Massa,20/11/2000,5137,51,513,81,60,4,5.62,Trimestrielle,13/03/2018,9.0,an(s),10/09/2018,CENTRE D’AFFAIRES D'AGADIR,Développement,B,122.0,,0.0,0.0,0.0,0.0,0.0,0.0,12492824.066666666,3869866.0,8847033.666666666,5438870.9375,1014888.875,0.0,0.0,0.0,7402015.733333333,0.0,0.0,0.0,205768.0625,16467202.0,14519670.666666666,9097654.2,27099601.133333333,2754416.933333333,413978.93333333335,-60851.6,25179754.6,2523988.1333333333,-31898.266666666666,-327716.4666666667,-506728.8,0.0,0.0,0.0,0.0,4040091.1333333333,4285575.466666667,8325666.6,3471968.5,4906114.733333333,2584456.875,15054935.333333334,0.0,0.0,0.0,0.0,0.0,0.0,0.0,0.0,0.0,0.0,0.0,53032.5,1,0
3058947,01F215,MIDELT,Drâa-Tafilalet,MIDELT,Drâa-Tafilalet,02/07/2010,6312,63,631,0,6,31,8.95,Semestrielle,03/04/2018,7.0,an(s),,,Développement,,,,0.0,0.0,0.0,0.0,0.0,0.0,20446926.5,8770762.0,11676164.5,5623868.25,1516014.5,0.0,0.0,0.0,7410653.25,0.0,0.0,0.0,1073572.5,20160390.25,2467715.25,3324821.5,2844842.0,2239987.75,2162410.25,1368367.0,431681.25,34284.25,992491.5,-733482.75,198448.25,0.0,0.0,0.0,0.0,5973467.5,11386625.25,17360092.75,239489.25,873122.25,1927175.25,20160390.25,0.0,0.0,0.0,0.0,0.0,0.0,0.0,0.0,0.0,0.0,0.0,3432.0,0,0
3133542,01F378,CASABLANCA,Casablanca-Settat,CASABLANCA,Casablanca-Settat,28/09/2011,1532,15,153,10,52,22,6.5,Mensuelle,10/12/2019,60.0,mois,30/09/2020,CENTRE D’AFFAIRES DE CASABLANCA,Développement,C,,,0.0,0.0,0.0,0.0,0.0,0.0,1334583.25,743367.625,591215.625,239239.0,1971844.875,0.0,0.0,0.0,2531153.625,0.0,0.0,0.0,137387.25,3259756.5,4825070.25,2746618.875,7021264.25,1493617.125,-166666.5,228603.375,3986357.375,1668667.0,-275775.5,-44044.0,119494.375,0.0,0.0,0.0,0.0,213588.375,466966.5,680554.875,1470093.625,2207079.875,372121.75,3259756.5,0.0,0.0,0.0,0.0,0.0,0.0,0.0,0.0,0.0,0.0,0.0,14028.5,0,0
3070795,01F440,CASABLANCA,Casablanca-Settat,CASABLANCA,Casablanca-Settat,08/09/1975,2745,27,274,15,26,4,6.0,Trimestrielle,31/07/2018,84.0,mois,,CENTRE D’AFFAIRES DE CASABLANCA,Développement,C,,,0.0,0.0,0.0,0.0,0.0,0.0,6901394.5,4269765.5,2631629.0,5310805.5,6898892.0,0.0,0.0,0.0,14966952.0,0.0,0.0,0.0,49549.5,17648130.5,7509502.0,2814311.5,7649642.0,2766263.5,858357.5,333333.0,4134130.0,1825824.0,546045.5,-360360.0,21021.0,0.0,0.0,0.0,0.0,553553.0,1791289.5,2344842.5,4093589.5,10531521.0,4771767.0,17648130.5,0.0,0.0,0.0,0.0,0.0,0.0,0.0,0.0,0.0,0.0,0.0,10961.0,0,0
3058862,01F552,MIDELT,Drâa-Tafilalet,MIDELT,Drâa-Tafilalet,18/02/2008,5110,51,511,3,11,31,8.95,Trimestrielle,02/04/2018,10.0,an(s),,,Développement,,,,0.0,0.0,0.0,0.0,0.0,0.0,21600161.916666668,9881288.083333334,11718873.833333334,1881212.6666666667,1628376.75,0.0,0.0,0.0,4008337.6666666665,0.0,0.0,0.0,484734.25,16211945.75,941052.4166666666,875856.1666666666,1026692.3333333334,522772.25,463713.25,336085.75,415506.0,36703.333333333336,-117700.91666666667,-130380.25,-245328.41666666666,0.0,0.0,0.0,0.0,5106768.333333333,2389303.5833333335,7496071.916666667,153153.0,6218879.333333333,2496994.5,16211945.75,0.0,0.0,0.0,0.0,0.0,0.0,0.0,0.0,0.0,0.0,0.0,1879.5,0,0
3130786,01F584,BERRECHID,Casablanca-Settat,CASABLANCA,Casablanca-Settat,19/07/1994,5147,51,514,5,52,4,4.66,Trimestrielle,03/12/2019,83.0,mois,,CENTRE D’AFFAIRES DE CASABLANCA,Développement,D,,,0.0,0.0,0.0,0.0,0.0,0.0,11935495.0,3834330.5,8101164.5,30407663.0,48453119.0,0.0,0.0,0.0,96375851.0,0.0,0.0,0.0,1953451.5,106430467.0,67132756.78571428,37064578.428571425,115913726.5,16785483.0,11982256.0,6170164.0,97114517.5,4524162.5,11350339.0,-2819102.0,5350917.0,0.0,0.0,0.0,0.0,18439921.5,8860637.5,27300559.0,42601702.0,56034836.0,23095072.0,106430467.0,0.0,0.0,0.0,0.0,0.0,0.0,0.0,0.0,0.0,0.0,0.0,231277.0,0,0
3110804,01G227,LAAYOUNE,Laâyoune-Sakia El Hamra,LAAYOUNE,Laâyoune-Sakia El Hamra,07/07/2001,4529,45,452,2,125,24,5.0,Mensuelle,17/06/2019,48.0,mois,,CENTRE D’AFFAIRES DE LAAYOUNE,Développement,C,,,0.0,0.0,0.0,0.0,0.0,0.0,10024014.0,6984060.416666667,3039953.5833333335,11120776.333333334,41244786.916666664,0.0,0.0,0.0,60387160.166666664,0.0,0.0,0.0,1365280.5833333333,64792394.333333336,24757530.333333332,22194765.666666668,26485709.25,4765010.25,955120.8333333334,575074.5,16732465.75,3687850.8333333335,816315.5,-709291.9166666666,3253.25,0.0,0.0,0.0,0.0,13013834.166666666,5103765.333333333,18117599.5,9632956.666666666,42994785.166666664,3680009.6666666665,64792394.333333336,0.0,0.0,0.0,0.0,0.0,0.0,0.0,0.0,0.0,0.0,0.0,53126.166666666664,0,0
3053624,01G279,MARRAKECH,Marrakech-Safi,CASABLANCA,Casablanca-Settat,10/10/2002,4521,45,452,5,10,23,7.0,Mensuelle,09/02/2018,48.0,mois,25/09/2018,CENTRE D’AFFAIRES DE MARRAKECH,Développement,B,,,0.0,0.0,0.0,0.0,0.0,0.0,2331851.6428571427,1945380.9375,903416.2857142857,34199352.6875,9003744.75,0.0,0.0,0.0,32844427.57142857,0.0,0.0,0.0,145019.875,33905080.85714286,11729310.642857144,8450201.07142857,27511894.35714286,4497813.857142857,1223317.0714285714,731823.9285714285,30946603.1875,4585518.4375,1000458.0,-278689.14285714284,508964.35714285716,0.0,0.0,0.0,0.0,6875527.071428572,2004701.642857143,8880228.714285715,7660965.8125,24234062.85714286,1129253.125,33905080.85714286,0.0,0.0,0.0,0.0,0.0,0.0,0.0,0.0,0.0,0.0,0.0,65938.25,0,0
3073859,01G284,CASABLANCA,Casablanca-Settat,CASABLANCA,Casablanca-Settat,01/01/2006,6340,63,634,3,14,24,0.1,Mensuelle,10/10/2018,120.0,mois,10/10/2018,CENTRE D’AFFAIRES DE CASABLANCA,Développement,C,2680.0,,,,,,,,,,,,,,,,,,,,,,,,,,,,,,,,,,,,,,,,,,,,,,,,,,,,,,,,1,1
3092974,01G405,CASABLANCA,Casablanca-Settat,CASABLANCA,Casablanca-Settat,27/06/1994,3162,31,316,40,122,1,6.5,Mensuelle,14/02/2019,8.0,an(s),,CENTRE D’AFFAIRES DE CASABLANCA,Développement,C,,,0.0,0.0,0.0,0.0,0.0,0.0,7632877.214285715,1659515.0,6021647.928571428,5953590.5,21184234.5,0.0,0.0,0.0,31404024.64285714,0.0,0.0,0.0,1157370.5,38305971.64285714,22005533.214285713,13102691.642857144,47706730.35714286,7481488.642857143,2305009.5,1580771.0,38283388.0,4842194.5,1996844.5,-591079.3571428572,966014.0,0.0,0.0,0.0,0.0,5608652.0,3830795.285714286,9439447.285714285,17237291.5,22743431.214285713,5312736.0,38305971.64285714,0.0,0.0,0.0,0.0,0.0,0.0,0.0,0.0,0.0,0.0,0.0,94271.71428571429,0,0
3092981,01G405,CASABLANCA,Casablanca-Settat,CASABLANCA,Casablanca-Settat,27/06/1994,3162,31,316,40,122,1,6.5,Mensuelle,14/02/2019,8.0,an(s),,CENTRE D’AFFAIRES DE CASABLANCA,Développement,C,,,0.0,0.0,0.0,0.0,0.0,0.0,7632877.214285715,1659515.0,6021647.928571428,5953590.5,21184234.5,0.0,0.0,0.0,31404024.64285714,0.0,0.0,0.0,1157370.5,38305971.64285714,22005533.214285713,13102691.642857144,47706730.35714286,7481488.642857143,2305009.5,1580771.0,38283388.0,4842194.5,1996844.5,-591079.3571428572,966014.0,0.0,0.0,0.0,0.0,5608652.0,3830795.285714286,9439447.285714285,17237291.5,22743431.214285713,5312736.0,38305971.64285714,0.0,0.0,0.0,0.0,0.0,0.0,0.0,0.0,0.0,0.0,0.0,94271.71428571429,0,0
3112630,01G405,CASABLANCA,Casablanca-Settat,CASABLANCA,Casablanca-Settat,27/06/1994,3162,31,316,10,122,9,5.75,Trimestrielle,23/10/2019,7.0,an(s),16/12/2021,CENTRE D’AFFAIRES DE CASABLANCA,Développement,C,,,0.0,0.0,0.0,0.0,0.0,0.0,7632877.214285715,1659515.0,6021647.928571428,5953590.5,21184234.5,0.0,0.0,0.0,31404024.64285714,0.0,0.0,0.0,1157370.5,38305971.64285714,22005533.214285713,13102691.642857144,47706730.35714286,7481488.642857143,2305009.5,1580771.0,38283388.0,4842194.5,1996844.5,-591079.3571428572,966014.0,0.0,0.0,0.0,0.0,5608652.0,3830795.285714286,9439447.285714285,17237291.5,22743431.214285713,5312736.0,38305971.64285714,0.0,0.0,0.0,0.0,0.0,0.0,0.0,0.0,0.0,0.0,0.0,94271.71428571429,0,0
3116808,01G450,CASABLANCA,Casablanca-Settat,CASABLANCA,Casablanca-Settat,01/02/2014,4529,45,452,2,30,24,6.0,Mensuelle,25/07/2019,60.0,mois,25/07/2019,CENTRE D’AFFAIRES DE CASABLANCA,Développement,D,3215.0,,0.0,0.0,0.0,0.0,0.0,0.0,4006002.0,515848.6666666667,3490153.3333333335,6992585.6,2527358.1666666665,0.0,0.0,0.0,9288112.166666666,0.0,0.0,0.0,801400.6,13446099.333333334,10654810.833333334,8334778.833333333,9403060.333333334,3436099.3333333335,3144808.3333333335,2333831.5,4770265.5,217550.66666666666,2974471.5,-27861.166666666668,2163494.6666666665,0.0,0.0,0.0,0.0,6946773.166666667,0.0,6946773.166666667,2477308.1666666665,6239566.666666667,259759.5,13446099.333333334,0.0,0.0,0.0,0.0,0.0,0.0,0.0,0.0,0.0,0.0,0.0,18787.333333333332,1,0
3077651,01G460,NADOR,L'oriental,NADOR,L'oriental,06/05/2014,117,1,11,0,150,34,6.5,Mensuelle,12/10/2018,36.0,mois,,CENTRE D’AFFAIRES DE TANGER,Développement,A,,,,,,,,,,,,,,,,,,,,,,,,,,,,,,,,,,,,,,,,,,,,,,,,,,,,,,,,,0,1
3064687,01G471,CASABLANCA,Casablanca-Settat,CASABLANCA,Casablanca-Settat,26/06/2009,4543,45,454,0,450,23,6.5,Mensuelle,04/06/2018,48.0,mois,,CENTRE D’AFFAIRES DE CASABLANCA,Développement,C,,,0.0,0.0,0.0,0.0,0.0,0.0,3517013.5,1828684.0,1688329.5,19428909.5,40375764.0,0.0,0.0,0.0,67798445.0,0.0,0.0,0.0,674960.0,70161734.5,46737290.571428575,26014697.85714286,79531881.0,13159003.0,2172813.5,1324537.5,58333132.0,10934280.5,1852994.0,-567352.5,1032460.0,0.0,0.0,0.0,0.0,6526448.5,4988698.0,11515146.5,34785179.0,53327274.0,5319314.0,70161734.5,0.0,0.0,0.0,0.0,0.0,0.0,0.0,0.0,0.0,0.0,0.0,159049.0,0,0
3103367,01G472,CASABLANCA,Casablanca-Settat,CASABLANCA,Casablanca-Settat,29/09/2003,1742,17,174,2,0,24,5.0,Mensuelle,22/04/2019,120.0,mois,16/05/2019,CENTRE D’AFFAIRES DE CASABLANCA,Développement,B,,,0.0,0.0,0.0,0.0,0.0,0.0,1301800.5,862361.5,439439.0,150150.0,2361359.0,0.0,0.0,0.0,3325822.5,0.0,0.0,0.0,42042.0,3807303.5,3192689.5,3527023.5,3123120.0,821320.5,306806.5,241241.0,1558557.0,509008.5,204704.5,-44044.0,139139.0,0.0,0.0,0.0,0.0,1060059.0,0.0,1060059.0,297797.5,2740237.5,7007.0,3807303.5,0.0,0.0,0.0,0.0,0.0,0.0,0.0,0.0,0.0,0.0,0.0,6962.0,0,0
3103851,01G521,CASABLANCA,Casablanca-Settat,CASABLANCA,Casablanca-Settat,26/04/2010,1553,15,155,5,30,24,1.0,Mensuelle,24/04/2019,60.0,mois,11/09/2019,CENTRE D’AFFAIRES DE CASABLANCA,Développement,B,,,0.0,0.0,0.0,0.0,0.0,0.0,43233333.0,16118960.0,27114373.0,8767616.0,3537248.0,0.0,0.0,0.0,13406536.0,0.0,0.0,0.0,473187.0,40994096.0,22528287.285714287,13044380.92857143,44561517.0,11675092.0,5533313.5,4582792.5,26545447.5,5700051.5,2372084.0,-442370.5,1406762.5,0.0,0.0,0.0,0.0,14436493.5,17669294.5,32105788.0,2936576.5,7733511.5,1243627.0,40994096.0,0.0,0.0,0.0,0.0,0.0,0.0,0.0,0.0,0.0,0.0,0.0,88611.0,0,0
3058868,01G540,CASABLANCA,Casablanca-Settat,CASABLANCA,Casablanca-Settat,01/01/1997,6033,60,603,4,100,24,1.0,Mensuelle,02/04/2018,48.0,mois,28/02/2019,CENTRE D’AFFAIRES DE CASABLANCA,Développement,B,,,0.0,0.0,0.0,0.0,0.0,0.0,23217194.0,15558543.0,7658651.0,1356355.0,24974199.25,0.0,0.0,0.0,28220192.0,0.0,0.0,0.0,47047.0,35925890.0,39227438.25,31032751.75,38427639.25,11367856.5,6405148.75,2624371.75,13069556.5,4778774.0,1083332.25,-506255.75,650149.5,0.0,0.0,0.0,0.0,7319812.5,3253.25,7323065.75,11873862.0,23594070.5,5008753.75,35925890.0,0.0,0.0,0.0,0.0,0.0,0.0,0.0,0.0,0.0,0.0,0.0,76778.5,0,0
3118036,01G540,CASABLANCA,Casablanca-Settat,CASABLANCA,Casablanca-Settat,01/01/1997,6033,60,603,7,100,24,5.0,Mensuelle,02/08/2019,60.0,mois,12/12/2019,CENTRE D’AFFAIRES DE CASABLANCA,Développement,C,443.0,,0.0,0.0,0.0,0.0,0.0,0.0,23217194.0,15558543.0,7658651.0,1356355.0,24974199.25,0.0,0.0,0.0,28220192.0,0.0,0.0,0.0,47047.0,35925890.0,39227438.25,31032751.75,38427639.25,11367856.5,6405148.75,2624371.75,13069556.5,4778774.0,1083332.25,-506255.75,650149.5,0.0,0.0,0.0,0.0,7319812.5,3253.25,7323065.75,11873862.0,23594070.5,5008753.75,35925890.0,0.0,0.0,0.0,0.0,0.0,0.0,0.0,0.0,0.0,0.0,0.0,76778.5,1,0
3087718,01G560,CASABLANCA,Casablanca-Settat,CASABLANCA,Casablanca-Settat,13/11/2002,6033,60,603,4,14,23,5.0,Mensuelle,02/01/2019,48.0,mois,,CENTRE D’AFFAIRES DE CASABLANCA,Développement,D,,,,,,,,,,,,,,,,,,,,,,,,,,,,,,,,,,,,,,,,,,,,,,,,,,,,,,,,,0,1
3090282,01G594,SAFI,Marrakech-Safi,CASABLANCA,Casablanca-Settat,27/01/2012,1412,14,141,3,220,24,1.0,Mensuelle,23/01/2019,48.0,mois,11/02/2019,CENTRE D’AFFAIRES DE MARRAKECH,Développement,C,,,0.0,0.0,0.0,0.0,0.0,0.0,25602540.933333334,13225462.25,14683981.2,1019581.0625,16431102.1875,0.0,0.0,0.0,28665052.466666665,0.0,0.0,0.0,690627.4375,44075636.266666666,28520588.466666665,17149964.933333334,57564341.8,9036970.066666666,4941594.133333334,3257504.8,40409243.875,4924044.125,2652639.8,-1080458.2,940294.8666666667,0.0,0.0,0.0,0.0,10969559.733333332,6134232.066666666,17103791.8,15202562.375,15809358.6,12405393.0,44075636.266666666,0.0,0.0,0.0,0.0,0.0,0.0,0.0,0.0,0.0,0.0,0.0,128650.625,0,0
3049633,01G698,KENITRA,Rabat-Salé-Kénitra,KENITRA,Rabat-Salé-Kénitra,10/01/1994,8512,85,851,2,13,24,5.0,Mensuelle,15/01/2018,96.0,mois,15/08/2018,CENTRE D’AFFAIRES DE RABAT,Développement,C,,,0.0,0.0,0.0,0.0,0.0,0.0,1566314.75,641390.75,924924.0,61561.5,20020.0,0.0,0.0,0.0,97597.5,0.0,0.0,0.0,104104.0,1126625.5,1958206.25,578931.5,2668916.25,473473.0,66066.0,-34284.25,662161.5,373122.75,-64564.5,-9259.25,-164914.75,0.0,0.0,0.0,0.0,472722.25,212712.5,685434.75,98348.25,385885.5,55305.25,1126625.5,0.0,0.0,0.0,0.0,0.0,0.0,0.0,0.0,0.0,0.0,0.0,5332.5,0,0
3108069,01H267,OUARZAZATE,Drâa-Tafilalet,OUARZAZATE,Drâa-Tafilalet,06/04/2004,4529,45,452,10,22,25,8.0,Mensuelle,28/05/2019,48.0,mois,,CENTRE D’AFFAIRES DE MARRAKECH,Développement,D,,,0.0,0.0,0.0,0.0,0.0,0.0,3426423.0,2427925.5,998497.5,9059550.5,2958956.0,0.0,0.0,0.0,12361349.0,0.0,0.0,0.0,235735.5,13595582.0,3847343.5,7693686.0,6319813.5,866866.0,505505.0,268268.0,5145640.5,350350.0,207707.5,-4004.0,-29529.5,0.0,0.0,0.0,0.0,11081070.0,258258.0,11339328.0,509008.5,2256254.0,0.0,13595582.0,0.0,0.0,0.0,0.0,0.0,0.0,0.0,0.0,0.0,0.0,0.0,12687.0,0,0
3115380,01H267,OUARZAZATE,Drâa-Tafilalet,OUARZAZATE,Drâa-Tafilalet,06/04/2004,4529,45,452,10,22,25,8.0,Mensuelle,17/07/2019,48.0,mois,,CENTRE D’AFFAIRES DE MARRAKECH,Développement,D,1207.0,420000.0,0.0,0.0,0.0,0.0,0.0,0.0,3426423.0,2427925.5,998497.5,9059550.5,2958956.0,0.0,0.0,0.0,12361349.0,0.0,0.0,0.0,235735.5,13595582.0,3847343.5,7693686.0,6319813.5,866866.0,505505.0,268268.0,5145640.5,350350.0,207707.5,-4004.0,-29529.5,0.0,0.0,0.0,0.0,11081070.0,258258.0,11339328.0,509008.5,2256254.0,0.0,13595582.0,0.0,0.0,0.0,0.0,0.0,0.0,0.0,0.0,0.0,0.0,0.0,12687.0,1,0
3103495,01H296,FES,Fès-Meknès,FES,Fès-Meknès,01/04/2010,5162,51,516,0,80,22,1.0,Mensuelle,22/04/2019,36.0,mois,20/05/2019,CENTRE D’AFFAIRES DE FES,Développement,C,,,0.0,0.0,0.0,0.0,0.0,0.0,31666571.365000002,13127306.334999999,18539265.03,2016185.5999999999,6932830.905,0.0,0.0,0.0,11611048.02,0.0,0.0,0.0,818148.76,30968461.810000002,9531002.246428572,4993536.857142857,16676359.700000001,4014296.715,3056974.6350000002,2321297.55,10368538.180000002,848815.8250000001,1360806.5899999999,-586207.765,543918.375,0.0,0.0,0.0,0.0,8554623.935,10719091.24,19273715.175,5674720.4799999995,8097102.585,3597651.915,30968469.675,0.0,0.0,0.0,0.0,0.0,0.0,0.0,0.0,0.0,0.0,0.0,32836.24857142857,0,0
3058257,01H325,,Autres,TAHALA,Fès-Meknès,01/01/2007,127,1,12,5,18,7,5.5,Annuelle,28/03/2018,7.0,an(s),,CENTRE D’AFFAIRES DE FES,Développement,B,,,,,,,,,,,,,,,,,,,,,,,,,,,,,,,,,,,,,,,,,,,,,,,,,,,,,,,,,0,1
3058258,01H325,,Autres,TAHALA,Fès-Meknès,01/01/2007,127,1,12,5,18,7,5.5,Annuelle,28/03/2018,2.0,an(s),,CENTRE D’AFFAIRES DE FES,Développement,B,,,,,,,,,,,,,,,,,,,,,,,,,,,,,,,,,,,,,,,,,,,,,,,,,,,,,,,,,0,1
3058259,01H325,,Autres,TAHALA,Fès-Meknès,01/01/2007,127,1,12,5,18,7,5.5,Annuelle,28/03/2018,7.0,an(s),,CENTRE D’AFFAIRES DE FES,Développement,B,,,,,,,,,,,,,,,,,,,,,,,,,,,,,,,,,,,,,,,,,,,,,,,,,,,,,,,,,0,1
3058260,01H325,,Autres,TAHALA,Fès-Meknès,01/01/2007,127,1,12,5,18,7,5.5,Annuelle,28/03/2018,2.0,an(s),,CENTRE D’AFFAIRES DE FES,Développement,B,,,,,,,,,,,,,,,,,,,,,,,,,,,,,,,,,,,,,,,,,,,,,,,,,,,,,,,,,0,1
3058261,01H325,,Autres,TAHALA,Fès-Meknès,01/01/2007,127,1,12,5,18,7,5.5,Annuelle,28/03/2018,7.0,an(s),,CENTRE D’AFFAIRES DE FES,Développement,B,,,,,,,,,,,,,,,,,,,,,,,,,,,,,,,,,,,,,,,,,,,,,,,,,,,,,,,,,0,1
3058262,01H325,,Autres,TAHALA,Fès-Meknès,01/01/2007,127,1,12,5,18,7,5.5,Annuelle,28/03/2018,2.0,an(s),,CENTRE D’AFFAIRES DE FES,Développement,B,,,,,,,,,,,,,,,,,,,,,,,,,,,,,,,,,,,,,,,,,,,,,,,,,,,,,,,,,0,1
3058263,01H325,,Autres,TAHALA,Fès-Meknès,01/01/2007,127,1,12,5,18,7,5.5,Annuelle,28/03/2018,7.0,an(s),,CENTRE D’AFFAIRES DE FES,Développement,B,,,,,,,,,,,,,,,,,,,,,,,,,,,,,,,,,,,,,,,,,,,,,,,,,,,,,,,,,0,1
3058264,01H325,,Autres,TAHALA,Fès-Meknès,01/01/2007,127,1,12,5,18,7,5.5,Annuelle,28/03/2018,7.0,an(s),,CENTRE D’AFFAIRES DE FES,Développement,B,,,,,,,,,,,,,,,,,,,,,,,,,,,,,,,,,,,,,,,,,,,,,,,,,,,,,,,,,0,1
3058265,01H325,,Autres,TAHALA,Fès-Meknès,01/01/2007,127,1,12,5,18,7,5.5,Annuelle,28/03/2018,7.0,an(s),,CENTRE D’AFFAIRES DE FES,Développement,B,,,,,,,,,,,,,,,,,,,,,,,,,,,,,,,,,,,,,,,,,,,,,,,,,,,,,,,,,0,1
3058266,01H325,,Autres,TAHALA,Fès-Meknès,01/01/2007,127,1,12,5,18,7,5.5,Annuelle,28/03/2018,7.0,an(s),,CENTRE D’AFFAIRES DE FES,Développement,B,,,,,,,,,,,,,,,,,,,,,,,,,,,,,,,,,,,,,,,,,,,,,,,,,,,,,,,,,0,1
3058267,01H325,,Autres,TAHALA,Fès-Meknès,01/01/2007,127,1,12,5,18,7,5.5,Annuelle,28/03/2018,7.0,an(s),,CENTRE D’AFFAIRES DE FES,Développement,B,,,,,,,,,,,,,,,,,,,,,,,,,,,,,,,,,,,,,,,,,,,,,,,,,,,,,,,,,0,1
3124390,01H439,RABAT,Rabat-Salé-Kénitra,TEMARA,Rabat-Salé-Kénitra,02/01/2006,4523,45,452,0,400,25,8.0,Mensuelle,30/09/2019,48.0,mois,,CENTRE D’AFFAIRES DE RABAT,Développement,C,,,0.0,0.0,0.0,0.0,0.0,0.0,9465098.5,2408477.5,7056621.0,20218055.0,40395784.0,0.0,0.0,0.0,63904483.5,0.0,0.0,0.0,166666.5,71127771.0,21913757.35714286,16609799.07142857,43466280.0,7932996.5,1892104.5,657299.5,29687515.0,5936788.0,1599097.5,-730015.0,364292.5,0.0,0.0,0.0,0.0,10825886.5,7816523.0,18642409.5,14962948.0,28245932.0,24239429.5,71127771.0,0.0,0.0,0.0,0.0,0.0,0.0,0.0,0.0,0.0,0.0,0.0,87591.28571428571,0,0
3122862,01H544,MARRAKECH,Marrakech-Safi,CASABLANCA,Casablanca-Settat,08/05/2013,5531,55,553,0,110,24,1.0,Mensuelle,17/09/2019,60.0,mois,17/09/2019,CENTRE D’AFFAIRES DE MARRAKECH,Développement,D,,,0.0,0.0,0.0,0.0,0.0,0.0,14183026.0,7749456.0,6433570.0,311382.5,890532.5,0.0,0.0,0.0,16943140.5,0.0,0.0,0.0,543829.0,23920539.5,9576571.785714285,5232072.5,22783332.0,5985336.5,1193978.5,2635919.0,10106739.5,4740664.5,390676.0,617259.5,652723.5,0.0,0.0,0.0,0.0,4365861.5,4693474.5,9059336.0,10350769.0,12256387.0,2604816.5,23920539.5,0.0,0.0,0.0,0.0,0.0,0.0,0.0,0.0,0.0,0.0,0.0,45346.57142857143,0,0
3103361,01H621,CASABLANCA,Casablanca-Settat,CASABLANCA,Casablanca-Settat,05/03/2013,7421,74,742,2,7,24,5.0,Mensuelle,22/04/2019,120.0,mois,,CENTRE D’AFFAIRES DE CASABLANCA,Développement,D,,,0.0,0.0,0.0,0.0,0.0,0.0,317317.0,104604.5,212712.5,319319.0,1208707.5,0.0,0.0,0.0,2290288.0,0.0,0.0,0.0,1001.0,2504001.5,2006504.5,990990.0,3592589.0,575575.0,487987.5,483483.0,2764762.0,87587.5,450950.5,0.0,446446.0,0.0,0.0,0.0,0.0,789288.5,80580.5,869869.0,94594.5,1135634.5,498498.0,2504001.5,0.0,0.0,0.0,0.0,0.0,0.0,0.0,0.0,0.0,0.0,0.0,7178.0,0,0
3060627,01H677,RABAT,Rabat-Salé-Kénitra,CASABLANCA,Casablanca-Settat,08/11/2001,4543,45,454,3,193,24,5.0,Mensuelle,20/04/2018,60.0,mois,06/08/2018,CENTRE D’AFFAIRES DE RABAT,Développement,B,757.0,,0.0,0.0,0.0,0.0,0.0,0.0,2536748.5,1301872.0,1234876.5,11151712.0,15096009.5,0.0,0.0,0.0,27848106.0,0.0,0.0,0.0,850850.0,29933832.5,15090790.0,11835858.357142856,16095722.5,2997923.5,610109.5,249392.0,12064338.0,2227940.0,427427.0,-241956.0,67996.5,0.0,0.0,0.0,0.0,3946228.0,1938007.5,5884235.5,6884949.5,18501268.5,5548400.0,29933904.0,0.0,0.0,0.0,0.0,0.0,0.0,0.0,0.0,0.0,0.0,0.0,30732.85714285714,1,0
3084071,01H897,RABAT,Rabat-Salé-Kénitra,RABAT,Rabat-Salé-Kénitra,17/11/1998,5533,55,553,10,220,6,7.0,Mensuelle,07/12/2018,4.0,an(s),,CENTRE D’AFFAIRES DE RABAT,Développement,B,,,0.0,0.0,0.0,0.0,0.0,0.0,20562792.25,8594586.0,11968206.25,1211460.25,449699.25,0.0,0.0,0.0,4954699.75,0.0,0.0,0.0,751500.75,17674406.75,34547262.75,33758474.75,34155121.0,13943179.25,4750245.5,3286783.5,11732721.0,8585827.25,3513760.25,-204704.5,1998496.5,0.0,0.0,0.0,0.0,7464457.0,3656653.0,11121110.0,4247743.5,5374869.5,1178427.25,17674406.75,0.0,0.0,0.0,0.0,0.0,0.0,0.0,0.0,0.0,0.0,0.0,68247.0,0,0
3082728,01I145,TANGER,Tanger-Tétouan-Al Hoceima,TANGER,Tanger-Tétouan-Al Hoceima,01/01/1977,2722,27,272,64,120,3,4.16,Trimestrielle,11/12/2018,7.0,an(s),,CENTRE D’AFFAIRES DE TANGER,Développement,B,,,0.0,0.0,0.0,0.0,0.0,0.0,97932534.7,38359721.4,59572813.3,48053205.2,41148607.5,0.0,0.0,0.0,111467356.0,0.0,0.0,0.0,5538833.3,176579002.6,87177744.5,55549842.9,112167755.7,16037221.2,8491082.6,3986734.1744230003,92023531.6,7292385.1,3920868.374423,-4888283.4,-939086.725577,0.0,0.0,0.0,0.0,21368046.7,58023865.9,79391912.6,48795446.7,60942081.2,36245008.8,176579002.6,0.0,0.0,0.0,0.0,0.0,0.0,0.0,0.0,0.0,0.0,0.0,217838.4,0,0
3052726,01I231,CASABLANCA,Casablanca-Settat,CASABLANCA,Casablanca-Settat,27/10/1997,5161,51,516,0,19,23,1.0,Mensuelle,09/02/2018,60.0,mois,05/03/2018,CENTRE D’AFFAIRES DE CASABLANCA,Développement,B,,,0.0,0.0,0.0,0.0,0.0,0.0,7736045.846153846,3614754.0,4692618.461538462,4771195.0,15496695.5,0.0,0.0,0.0,19533994.615384616,0.0,0.0,0.0,1385455.5,25663488.230769232,17909772.153846152,11390448.384615384,33505599.0,6953417.692307692,3045326.6923076925,3882119.923076923,28045374.5,4033458.0,1729893.1538461538,-404666.23076923075,739095.3846153846,0.0,0.0,0.0,0.0,4303186.769230769,2458101.153846154,6761287.923076923,8174237.5,14710682.615384616,5414909.5,25663719.230769232,0.0,0.0,0.0,0.0,0.0,0.0,0.0,0.0,0.0,0.0,0.0,77683.85714285714,0,0
3050120,01I280,MARRAKECH,Marrakech-Safi,MARRAKECH,Marrakech-Safi,19/12/2001,4521,45,452,200,300,22,8.0,Mensuelle,05/01/2018,36.0,mois,,CENTRE D’AFFAIRES DE MARRAKECH,Développement,C,3802.0,,0.0,0.0,0.0,0.0,0.0,0.0,10625239.625,7065433.375,3559806.25,34408749.375,78047594.625,0.0,0.0,0.0,125730980.375,0.0,0.0,0.0,2461709.25,131752495.875,110501766.375,71427770.625,139042778.875,15425660.25,4780150.375,1285909.625,112137775.75,10526015.5,3977223.25,-2486108.625,482982.5,0.0,0.0,0.0,0.0,17791023.25,8852343.5,26643366.75,46055759.75,71543597.125,33565532.0,131752495.875,0.0,0.0,0.0,0.0,0.0,0.0,0.0,0.0,0.0,0.0,0.0,259542.0,1,0
3110848,01I329,CASABLANCA,Casablanca-Settat,CASABLANCA,Casablanca-Settat,16/08/2012,6033,60,603,4,0,24,5.3,Mensuelle,17/06/2019,48.0,mois,17/06/2019,CENTRE D’AFFAIRES D’OUJDA,Développement,D,4367.0,,0.0,0.0,0.0,0.0,0.0,0.0,16084568.5,3888885.0,12195683.5,0.0,11726715.0,0.0,0.0,0.0,14134620.5,0.0,0.0,0.0,1288287.0,27618591.0,24819294.5,0.0,27402875.5,3357854.5,2944942.0,2937935.0,22987464.5,355855.5,1238237.0,-7007.0,1231230.0,0.0,0.0,0.0,0.0,7903395.5,0.0,7903395.5,12217205.0,19715195.5,0.0,27618591.0,0.0,0.0,0.0,0.0,0.0,0.0,0.0,0.0,0.0,0.0,0.0,54751.0,1,0
3111000,01I329,CASABLANCA,Casablanca-Settat,CASABLANCA,Casablanca-Settat,16/08/2012,6033,60,603,6,0,20,5.3,Mensuelle,18/06/2019,36.0,mois,,CENTRE D’AFFAIRES D’OUJDA,Développement,D,,,0.0,0.0,0.0,0.0,0.0,0.0,16084568.5,3888885.0,12195683.5,0.0,11726715.0,0.0,0.0,0.0,14134620.5,0.0,0.0,0.0,1288287.0,27618591.0,24819294.5,0.0,27402875.5,3357854.5,2944942.0,2937935.0,22987464.5,355855.5,1238237.0,-7007.0,1231230.0,0.0,0.0,0.0,0.0,7903395.5,0.0,7903395.5,12217205.0,19715195.5,0.0,27618591.0,0.0,0.0,0.0,0.0,0.0,0.0,0.0,0.0,0.0,0.0,0.0,54751.0,0,0
3068347,01I447,TANGER,Tanger-Tétouan-Al Hoceima,CASABLANCA,Casablanca-Settat,23/07/2010,6062,60,606,0,85,24,6.0,Mensuelle,06/07/2018,48.0,mois,,CENTRE D’AFFAIRES DE TANGER,Développement,C,,,0.0,0.0,0.0,0.0,0.0,0.0,15856521.615384616,10469031.923076924,5387489.692307692,83690.69230769231,13088669.076923076,0.0,0.0,0.0,21238087.076923076,0.0,0.0,0.0,702052.6923076923,27327629.46153846,21460167.230769232,12728671.846153846,47953546.0,6246982.230769231,3150899.3846153845,2793637.230769231,31785800.53846154,3165712.5384615385,1374566.3846153845,-555800.3846153846,800656.1538461539,0.0,0.0,0.0,0.0,6545516.230769231,3408256.3076923075,9953772.538461538,14275371.307692308,16204487.538461538,1169369.3846153845,27327629.46153846,0.0,0.0,0.0,0.0,0.0,0.0,0.0,0.0,0.0,0.0,0.0,83683.0,0,0
3069166,01I447,TANGER,Tanger-Tétouan-Al Hoceima,CASABLANCA,Casablanca-Settat,23/07/2010,6062,60,606,0,85,24,6.0,Mensuelle,16/07/2018,48.0,mois,30/06/2019,CENTRE D’AFFAIRES DE TANGER,Développement,C,,,0.0,0.0,0.0,0.0,0.0,0.0,15856521.615384616,10469031.923076924,5387489.692307692,83690.69230769231,13088669.076923076,0.0,0.0,0.0,21238087.076923076,0.0,0.0,0.0,702052.6923076923,27327629.46153846,21460167.230769232,12728671.846153846,47953546.0,6246982.230769231,3150899.3846153845,2793637.230769231,31785800.53846154,3165712.5384615385,1374566.3846153845,-555800.3846153846,800656.1538461539,0.0,0.0,0.0,0.0,6545516.230769231,3408256.3076923075,9953772.538461538,14275371.307692308,16204487.538461538,1169369.3846153845,27327629.46153846,0.0,0.0,0.0,0.0,0.0,0.0,0.0,0.0,0.0,0.0,0.0,83683.0,0,0
3069232,01I447,TANGER,Tanger-Tétouan-Al Hoceima,CASABLANCA,Casablanca-Settat,23/07/2010,6062,60,606,0,85,24,6.0,Mensuelle,16/07/2018,48.0,mois,,CENTRE D’AFFAIRES DE TANGER,Développement,C,,,0.0,0.0,0.0,0.0,0.0,0.0,15856521.615384616,10469031.923076924,5387489.692307692,83690.69230769231,13088669.076923076,0.0,0.0,0.0,21238087.076923076,0.0,0.0,0.0,702052.6923076923,27327629.46153846,21460167.230769232,12728671.846153846,47953546.0,6246982.230769231,3150899.3846153845,2793637.230769231,31785800.53846154,3165712.5384615385,1374566.3846153845,-555800.3846153846,800656.1538461539,0.0,0.0,0.0,0.0,6545516.230769231,3408256.3076923075,9953772.538461538,14275371.307692308,16204487.538461538,1169369.3846153845,27327629.46153846,0.0,0.0,0.0,0.0,0.0,0.0,0.0,0.0,0.0,0.0,0.0,83683.0,0,0
3079292,01I447,TANGER,Tanger-Tétouan-Al Hoceima,CASABLANCA,Casablanca-Settat,23/07/2010,6062,60,606,5,85,23,5.5,Mensuelle,24/10/2018,48.0,mois,25/06/2018,CENTRE D’AFFAIRES DE TANGER,Développement,B,,,0.0,0.0,0.0,0.0,0.0,0.0,15856521.615384616,10469031.923076924,5387489.692307692,83690.69230769231,13088669.076923076,0.0,0.0,0.0,21238087.076923076,0.0,0.0,0.0,702052.6923076923,27327629.46153846,21460167.230769232,12728671.846153846,47953546.0,6246982.230769231,3150899.3846153845,2793637.230769231,31785800.53846154,3165712.5384615385,1374566.3846153845,-555800.3846153846,800656.1538461539,0.0,0.0,0.0,0.0,6545516.230769231,3408256.3076923075,9953772.538461538,14275371.307692308,16204487.538461538,1169369.3846153845,27327629.46153846,0.0,0.0,0.0,0.0,0.0,0.0,0.0,0.0,0.0,0.0,0.0,83683.0,0,0
3123465,01I458,CASABLANCA,Casablanca-Settat,CASABLANCA,Casablanca-Settat,19/06/1995,6111,61,611,1,120,23,1.0,Mensuelle,23/09/2019,48.0,mois,25/12/2019,CENTRE D’AFFAIRES DE LAAYOUNE,Développement,C,,,0.0,0.0,0.0,0.0,0.0,0.0,18066262.5,4897178.0,13169084.5,314314.0,22042949.5,0.0,0.0,0.0,28787830.5,0.0,0.0,0.0,3681392.0,45638307.0,37319539.428571425,26437536.0,77659868.0,13250880.5,3420417.0,5838547.0,56358230.5,9242090.0,2640566.5,-821964.0,3313882.0,0.0,0.0,0.0,0.0,13177879.0,7427777.5,20605656.5,13222209.0,20582991.0,4449659.5,45638307.0,0.0,0.0,0.0,0.0,0.0,0.0,0.0,0.0,0.0,0.0,0.0,155107.7142857143,0,0
3095682,01I493,SALE,Rabat-Salé-Kénitra,SALE,Rabat-Salé-Kénitra,18/12/2012,8022,80,802,0,314,36,6.0,Mensuelle,22/03/2019,72.0,mois,,CENTRE D’AFFAIRES DE RABAT,Développement,C,,,,,,,,,,,,,,,,,,,,,,,,,,,,,,,,,,,,,,,,,,,,,,,,,,,,,,,,,0,1
3073153,01I551,AGADIR,Souss-Massa,AGADIR,Souss-Massa,01/06/2008,6024,60,602,27,30,24,7.0,Mensuelle,03/09/2018,48.0,mois,17/09/2018,CENTRE D’AFFAIRES D'AGADIR,Développement,B,1818.0,,0.0,0.0,0.0,0.0,0.0,0.0,2856186.6666666665,2428926.5,427260.1666666667,153153.0,3446443.0,0.0,0.0,0.0,5560054.5,0.0,0.0,0.0,7841.166666666667,5995155.833333333,5389050.333333333,3490820.6666666665,7480473.0,996161.8333333334,14681.333333333334,358524.8333333333,5011506.5,713212.5,-463629.8333333333,-100100.0,-119786.33333333333,0.0,0.0,0.0,0.0,1178010.1666666667,350350.0,1528360.1666666667,2417748.6666666665,3380543.8333333335,1086251.8333333333,5995155.833333333,0.0,0.0,0.0,0.0,0.0,0.0,0.0,0.0,0.0,0.0,0.0,14946.0,1,0
3117663,01I570,,Autres,,Autres,11/10/2007,2852,28,285,5,0,4,5.5,Mensuelle,01/08/2019,7.0,an(s),05/02/2020,CENTRE D’AFFAIRES DE CASABLANCA,Développement,D,,,0.0,0.0,0.0,0.0,0.0,0.0,6647569.5,1962031.5,4685538.0,4068922.0,10970245.0,0.0,0.0,0.0,16198396.5,0.0,0.0,0.0,2188686.5,23072621.0,12947441.07142857,6537889.5,16322949.5,6120757.5,1758971.5,1479120.5,8869074.5,4309662.5,1403259.0,-264764.5,709780.5,0.0,0.0,0.0,0.0,6820242.0,5262686.0,12082928.0,5373082.0,10616606.0,401786.0,23072621.0,0.0,0.0,0.0,0.0,0.0,0.0,0.0,0.0,0.0,0.0,0.0,32293.14285714286,0,0
3112210,01I577,LAAYOUNE,Laâyoune-Sakia El Hamra,CASABLANCA,Casablanca-Settat,08/04/2008,6031,60,603,1,128,24,5.0,Mensuelle,26/06/2019,48.0,mois,10/08/2019,CENTRE D’AFFAIRES DE LAAYOUNE,Développement,D,,,0.0,0.0,0.0,0.0,0.0,0.0,2989629.5,1746530.5,1243099.0,246460.5,5382448.5,0.0,0.0,0.0,7066988.5,0.0,0.0,0.0,64278.5,8374366.0,6661662.642857143,4940810.714285715,13699900.5,2882522.5,840697.0,461961.5,5357566.5,2389744.5,487344.0,-119262.0,108608.5,0.0,0.0,0.0,0.0,1222578.5,1442941.5,2665520.0,1393606.5,4812522.0,896324.0,8374366.0,0.0,0.0,0.0,0.0,0.0,0.0,0.0,0.0,0.0,0.0,0.0,27372.428571428572,0,0
3064877,01I752,CASABLANCA,Casablanca-Settat,CASABLANCA,Casablanca-Settat,18/05/2000,4543,45,454,50,90,35,6.0,Mensuelle,12/06/2018,10.0,an(s),,CENTRE D’AFFAIRES DE CASABLANCA,Développement,C,,,0.0,0.0,0.0,0.0,0.0,0.0,3773913.0,1026668.5,2747244.5,2085798.0,6019299.0,0.0,0.0,0.0,11608525.5,0.0,0.0,0.0,36822.5,14392592.5,2507452.0714285714,1227146.0,5057838.5,787644.0,-202702.5,-312240.5,3940937.0,961889.5,-197268.5,-207493.0,-477906.0,0.0,0.0,0.0,0.0,2445657.5,456742.0,2902399.5,2394964.0,9811516.0,1678677.0,14392592.5,0.0,0.0,0.0,0.0,0.0,0.0,0.0,0.0,0.0,0.0,0.0,10028.714285714286,0,0
3073861,01J239,TANGER,Tanger-Tétouan-Al Hoceima,TANGER,Tanger-Tétouan-Al Hoceima,26/02/2015,5131,51,513,0,32,23,7.5,Mensuelle,05/09/2018,60.0,mois,,CENTRE D’AFFAIRES DE TANGER,Développement,A,,1397530.0,0.0,0.0,0.0,0.0,0.0,0.0,0.0,0.0,0.0,0.0,0.0,0.0,0.0,0.0,0.0,0.0,0.0,0.0,0.0,0.0,11173083.75,1328244.75,0.0,0.0,0.0,0.0,0.0,0.0,0.0,0.0,0.0,0.0,0.0,0.0,0.0,0.0,0.0,0.0,0.0,0.0,0.0,0.0,0.0,0.0,0.0,0.0,0.0,0.0,0.0,0.0,0.0,0.0,0.0,0.0,1,0
3128252,01K227,CASABLANCA,Casablanca-Settat,CASABLANCA,Casablanca-Settat,05/07/1995,1825,18,182,90,10,5,5.62,Mensuelle,07/11/2019,10.0,an(s),,CENTRE D’AFFAIRES DE CASABLANCA,Développement,D,,,0.0,0.0,0.0,0.0,0.0,0.0,36105784.071428575,13267325.5,22838387.14285714,7185392.5,13058903.0,0.0,0.0,0.0,26054742.85714286,0.0,0.0,0.0,2633202.0,51526332.0,32110063.714285713,15370005.714285715,55179052.5,11376079.0,4213280.5,2663732.5,39205881.0,6798363.0,2926566.5,-1370011.5,1230229.0,0.0,0.0,0.0,0.0,19069088.85714286,6501599.142857143,25570688.0,12240013.5,16406032.5,9549611.5,51526332.0,0.0,0.0,0.0,0.0,0.0,0.0,0.0,0.0,0.0,0.0,0.0,109942.28571428571,0,0
3064085,01K279,CASABLANCA,Casablanca-Settat,CASABLANCA,Casablanca-Settat,24/09/2008,121,1,12,0,0,7,5.5,Semestrielle,29/05/2018,13.0,an(s),18/08/2020,,Développement,,,,,,,,,,,,,,,,,,,,,,,,,,,,,,,,,,,,,,,,,,,,,,,,,,,,,,,,,,0,1
3052411,01K507,RABAT,Rabat-Salé-Kénitra,TEMARA,Rabat-Salé-Kénitra,27/10/2005,4522,45,452,2,90,24,0.0,Mensuelle,07/02/2018,60.0,mois,,CENTRE D’AFFAIRES DE RABAT,Développement,C,,,0.0,0.0,0.0,0.0,0.0,0.0,26112372.0,18165004.0,7947368.0,2771840.5,14361847.5,0.0,0.0,0.0,19946283.5,0.0,0.0,0.0,97311.5,27990963.0,14710999.57142857,8724890.714285715,35162913.5,6724217.5,1136993.0,2051049.0,24141760.5,5336545.5,-837837.0,-310024.0,-209352.0,0.0,0.0,0.0,0.0,3108534.0,5244096.0,8352630.0,7311590.0,14629400.5,5008932.5,27990963.0,0.0,0.0,0.0,0.0,0.0,0.0,0.0,0.0,0.0,0.0,0.0,68780.85714285714,0,0
3066308,01K507,RABAT,Rabat-Salé-Kénitra,TEMARA,Rabat-Salé-Kénitra,27/10/2005,4522,45,452,0,90,24,0.0,Mensuelle,20/06/2018,48.0,mois,31/05/2018,CENTRE D’AFFAIRES DE RABAT,Développement,C,,,0.0,0.0,0.0,0.0,0.0,0.0,26112372.0,18165004.0,7947368.0,2771840.5,14361847.5,0.0,0.0,0.0,19946283.5,0.0,0.0,0.0,97311.5,27990963.0,14710999.57142857,8724890.714285715,35162913.5,6724217.5,1136993.0,2051049.0,24141760.5,5336545.5,-837837.0,-310024.0,-209352.0,0.0,0.0,0.0,0.0,3108534.0,5244096.0,8352630.0,7311590.0,14629400.5,5008932.5,27990963.0,0.0,0.0,0.0,0.0,0.0,0.0,0.0,0.0,0.0,0.0,0.0,68780.85714285714,0,0
3075200,01L1004,MARRAKECH,Marrakech-Safi,MARRAKECH,Marrakech-Safi,12/02/2014,7023,70,702,0,5,24,1.0,Mensuelle,02/11/2018,48.0,mois,29/10/2018,CENTRE D’AFFAIRES DE MARRAKECH,Développement,C,913.0,,,,,,,,,,,,,,,,,,,,,,,,,,,,,,,,,,,,,,,,,,,,,,,,,,,,,,,,1,1
3129796,01L1091,CASABLANCA,Casablanca-Settat,CASABLANCA,Casablanca-Settat,04/11/2011,2733,27,273,7,32,23,6.0,Mensuelle,15/11/2019,48.0,mois,25/01/2020,CENTRE D’AFFAIRES DE CASABLANCA,Développement,C,,,0.0,0.0,0.0,0.0,0.0,0.0,1808306.5,575861.0,1232445.5,0.0,7928420.5,0.0,0.0,0.0,10888806.5,0.0,0.0,0.0,36536.5,12157788.5,7183073.071428572,4395589.857142857,11149138.0,783783.0,-127842.0,350922.0,8693613.5,887744.0,-228228.0,-40540.5,246818.0,0.0,0.0,0.0,0.0,3303014.0,870083.5,4173097.5,4147000.0,7725289.0,259402.0,12157788.5,0.0,0.0,0.0,0.0,0.0,0.0,0.0,0.0,0.0,0.0,0.0,22276.0,0,0
3127143,01L1206,FES,Fès-Meknès,FES,Fès-Meknès,05/02/2016,124,1,12,0,8,7,6.5,Annuelle,23/10/2019,10.0,an(s),,CENTRE D’AFFAIRES DE FES,Développement,D,,,28.571428571428573,0.0,0.0,14.285714285714286,0.0,0.0,8546285.605,1246834.82,7388510.415,797627.831,169491.54444444444,21.428571428571427,0.0,0.0,1085009.6400000001,28.571428571428573,0.0,0.0,92721.91500000001,8566241.97,2100340.0942857144,1334651.5,3252828.15,1503739.3800000001,696998.4450000001,522465.515,1471752.425,807132.04,288892.89,-182119.79499999998,65310.96,10.0,0.0,0.0,0.5714285714285714,1057429.23,3814626.5300000003,4872055.76,390980.58999999997,2693268.435,1077929.16,8566258.415000001,14.571428571428571,0.0,0.0,10.996342857142858,0.0,0.0,13.477142857142857,28.571428571428573,0.0,0.0,0.2857142857142857,5677.637142857143,0,0
3080437,01L1208,MOHAMMEDIA,Casablanca-Settat,CASABLANCA,Casablanca-Settat,11/06/2013,2710,27,271,1,0,22,5.0,Mensuelle,01/11/2018,60.0,mois,,CENTRE D’AFFAIRES DE CASABLANCA,Développement,A,,,0.0,0.0,0.0,0.0,0.0,0.0,4460084.6,3142326.6875,1653802.8,7113439.666666667,26803464.1875,0.0,0.0,0.0,40349808.93333333,0.0,0.0,0.0,2226536.8125,43151517.666666664,23104189.6,15063526.266666668,42562237.06666667,4258637.2,1762058.7333333334,1264192.3333333333,40126523.9375,2777837.5625,929850.4666666667,-397940.13333333336,431984.06666666665,0.0,0.0,0.0,0.0,5991298.933333334,2081743.6,8073042.533333333,22918520.625,26116248.533333335,9471899.9375,43151517.666666664,0.0,0.0,0.0,0.0,0.0,0.0,0.0,0.0,0.0,0.0,0.0,99634.625,0,0
3081944,01L1208,MOHAMMEDIA,Casablanca-Settat,CASABLANCA,Casablanca-Settat,11/06/2013,2751,27,275,1,0,22,5.0,Mensuelle,16/11/2018,60.0,mois,,CENTRE D’AFFAIRES DE CASABLANCA,Développement,A,,,0.0,0.0,0.0,0.0,0.0,0.0,4460084.6,3142326.6875,1653802.8,7113439.666666667,26803464.1875,0.0,0.0,0.0,40349808.93333333,0.0,0.0,0.0,2226536.8125,43151517.666666664,23104189.6,15063526.266666668,42562237.06666667,4258637.2,1762058.7333333334,1264192.3333333333,40126523.9375,2777837.5625,929850.4666666667,-397940.13333333336,431984.06666666665,0.0,0.0,0.0,0.0,5991298.933333334,2081743.6,8073042.533333333,22918520.625,26116248.533333335,9471899.9375,43151517.666666664,0.0,0.0,0.0,0.0,0.0,0.0,0.0,0.0,0.0,0.0,0.0,99634.625,0,0
3106735,01L121,LAAYOUNE,Laâyoune-Sakia El Hamra,LAAYOUNE,Laâyoune-Sakia El Hamra,24/07/2001,4547,45,454,2,43,29,7.5,Trimestrielle,15/05/2019,5.0,an(s),27/06/2019,CENTRE D’AFFAIRES DE LAAYOUNE,Développement,D,,,0.0,0.0,0.0,0.0,0.0,0.0,13374740.333333334,9934674.75,4399620.6,5471215.75,4503499.0,0.0,0.0,0.0,9301496.4,0.0,0.0,0.0,1196257.5625,14845725.066666666,9656909.8,5420009.933333334,14101650.466666667,3149745.7333333334,2871876.066666667,2618784.2,11338764.9375,283533.25,1940311.9333333333,-204143.6,1792891.6666666667,0.0,0.0,0.0,0.0,8461468.8,2479428.933333333,10940897.733333332,590965.375,2611724.6666666665,1285033.75,14845725.066666666,0.0,0.0,0.0,0.0,0.0,0.0,0.0,0.0,0.0,0.0,0.0,31137.75,0,0
3106777,01L1254,CASABLANCA,Casablanca-Settat,CASABLANCA,Casablanca-Settat,21/12/2010,7210,72,721,1,0,5,5.0,Mensuelle,16/05/2019,120.0,mois,,CENTRE D’AFFAIRES DE CASABLANCA,Développement,C,,,0.0,0.0,0.0,0.0,0.0,0.0,83583.5,23523.5,60060.0,126626.5,1159158.0,0.0,0.0,0.0,1610609.0,0.0,0.0,0.0,55055.0,1725724.0,1417916.5,1135134.0,2442440.0,571070.5,407407.0,325825.5,1817816.0,160660.5,407407.0,0.0,325825.5,0.0,0.0,0.0,0.0,515515.0,0.0,515515.0,589088.5,1210209.0,0.0,1725724.0,0.0,0.0,0.0,0.0,0.0,0.0,0.0,0.0,0.0,0.0,0.0,4880.0,0,0
3120943,01L405,INZEGANE,Souss-Massa,INZEGANE,Souss-Massa,17/10/2011,6062,60,606,4,21,24,1.0,Mensuelle,02/09/2019,48.0,mois,07/10/2019,CENTRE D’AFFAIRES D'AGADIR,Développement,D,,,100.0,100.0,0.0,100.0,100.0,0.0,9085336.8,8414412.0,670924.8,0.0,4059702.8,100.0,100.0,0.0,6828734.6,100.0,100.0,0.0,1174455.8,8674115.2,11306205.4,7283331.6,15094214.8,3265924.4,1064133.8,1054057.4,6897054.8,2005747.0,580089.6,-43025.6,563613.2,100.0,100.0,0.0,2.0,3374434.6,691635.6,4066070.2,2858405.0,4602445.0,5600.0,8674115.2,51.0,51.0,0.0,39.9339,43.9017,0.0,37.8893,66.0,100.0,0.0,2.0,18074.0,0,0
3128049,01L490,CASABLANCA,Casablanca-Settat,CASABLANCA,Casablanca-Settat,03/06/2011,5154,51,515,6,40,25,8.0,Mensuelle,30/10/2019,48.0,mois,,CENTRE D’AFFAIRES DE CASABLANCA,Développement,C,,,0.0,0.0,0.0,0.0,0.0,0.0,12848929.510083333,8385190.230083334,4463739.28,3633412.2825,25464451.846166667,0.0,0.0,0.0,30405906.61441667,0.0,0.0,0.0,564347.1166666667,35433993.011083335,20657504.340666667,13628198.674,37205592.424,4934081.986166666,2439106.92025,1325969.8118333335,24267313.070000004,2416942.4445833336,1568810.1595833332,-656379.3903333334,455673.0511666667,0.0,0.0,0.0,0.0,9266038.364916667,3953853.65375,13219892.018666668,6743960.056166667,14058996.284666667,8155081.18425,35433969.48758333,0.0,0.0,0.0,0.0,0.0,0.0,0.0,0.0,0.0,0.0,0.0,74336.68133333333,0,0
3104618,01L495,OUJDA,L'oriental,OUJDA,L'oriental,01/03/2000,2430,24,243,0,264,9,4.66,Mensuelle,30/04/2019,5.0,an(s),13/09/2019,CENTRE D’AFFAIRES D’OUJDA,Développement,C,,,14.285714285714286,0.0,0.0,14.285714285714286,0.0,0.0,22478742.0,11984687.0,10494055.0,17092718.5,28184728.0,7.142857142857143,0.0,0.0,48213308.0,14.285714285714286,0.0,0.0,4432428.0,63139791.0,21740180.42857143,14578255.142857144,52464698.0,10425772.5,2324822.5,904403.5,37280815.0,7918267.5,1333546.5,-1194765.0,-76147.5,14.285714285714286,0.0,0.0,0.14285714285714285,25914889.0,5466461.0,31381350.0,14858772.5,24996257.0,6762184.0,63139791.0,14.285714285714286,0.0,0.0,5.957457142857143,0.0,0.0,6.596071428571428,9.428571428571429,0.0,0.0,0.14285714285714285,102054.14285714286,0,0
3090626,01L497,CASABLANCA,Casablanca-Settat,CASABLANCA,Casablanca-Settat,17/01/2013,1421,14,142,0,0,23,6.0,Mensuelle,25/01/2019,60.0,mois,25/10/2019,CENTRE D’AFFAIRES DE CASABLANCA,Développement,B,,,0.0,0.0,0.0,0.0,0.0,0.0,2628726.1,1613211.6,1015514.5,4643338.7,3379175.8,0.0,0.0,0.0,8880771.9,0.0,0.0,0.0,21221.2,9917507.6,3120283.4,2496333.6,3900396.5,828027.2,-375675.3,243543.3,1451349.9,1091290.2,-733232.5,-37837.8,-114013.9,0.0,0.0,0.0,0.0,495094.6,192392.2,687486.8,3309406.1,9044035.0,185985.8,9917507.6,0.0,0.0,0.0,0.0,0.0,0.0,0.0,0.0,0.0,0.0,0.0,7463.4,0,0
3128735,01L598,SETTAT,Casablanca-Settat,SETTAT,Casablanca-Settat,11/06/2014,8021,80,802,46,28,2,5.0,Trimestrielle,08/11/2019,12.0,an(s),07/08/2020,CENTRE D’AFFAIRES DE MARRAKECH,Développement,D,,,0.0,0.0,0.0,0.0,0.0,0.0,4779024.25,721345.625,4057678.625,0.0,167167.0,0.0,0.0,0.0,178178.0,0.0,0.0,0.0,185810.625,4421667.25,752877.125,525525.0,926300.375,738988.25,354354.0,174924.75,134759.625,373748.375,174549.375,-170795.625,-4879.875,0.0,0.0,0.0,0.0,495119.625,2185933.75,2681053.375,4379.375,1705078.375,35535.5,4421667.25,0.0,0.0,0.0,0.0,0.0,0.0,0.0,0.0,0.0,0.0,0.0,1850.75,0,0
3075053,01L625,MARRAKECH,Marrakech-Safi,MARRAKECH,Marrakech-Safi,17/10/1994,1574,15,157,27,40,30,5.5,Trimestrielle,27/09/2018,7.0,an(s),12/11/2020,CENTRE D’AFFAIRES DE MARRAKECH,Développement,B,,,,,,,,,,,,,,,,,,,,,,,,,,,,,,,,,,,,,,,,,,,,,,,,,,,,,,,,,0,1
3135761,01L647,RABAT,Rabat-Salé-Kénitra,RABAT,Rabat-Salé-Kénitra,13/11/1990,5232,52,523,2,122,36,4.66,Mensuelle,26/12/2019,3.0,an(s),04/02/2020,CENTRE D’AFFAIRES DE RABAT,Développement,C,,,0.0,0.0,0.0,0.0,0.0,0.0,21541269.75,6222466.25,15318803.5,12129867.75,5368863.5,0.0,0.0,0.0,22805532.75,0.0,0.0,0.0,1707706.0,39832042.25,40005215.25,36632345.75,44873078.25,14173409.25,7234477.25,5380375.0,25613838.25,6421415.0,5883627.75,16516.5,4029525.5,0.0,0.0,0.0,0.0,29651872.25,0.0,29651872.25,6011505.5,9460951.5,719218.5,39832042.25,0.0,0.0,0.0,0.0,0.0,0.0,0.0,0.0,0.0,0.0,0.0,89656.5,0,0
3135897,01L706,CASABLANCA,Casablanca-Settat,CASABLANCA,Casablanca-Settat,25/07/2011,6025,60,602,2,16,25,5.0,Mensuelle,25/12/2019,60.0,mois,,CENTRE D’AFFAIRES DE CASABLANCA,Développement,D,,,0.0,0.0,0.0,0.0,0.0,0.0,5735229.5,5271766.5,463463.0,3114611.5,11321310.0,0.0,0.0,0.0,15116101.0,0.0,0.0,0.0,0.0,15579564.0,12747735.0,12960948.0,7634126.5,2489487.0,982982.0,254754.5,2981979.0,1431430.0,345845.5,-61061.0,254754.5,0.0,0.0,0.0,0.0,4517513.0,20520.5,4538033.5,1447446.0,10028518.5,1013012.0,15579564.0,0.0,0.0,0.0,0.0,0.0,0.0,0.0,0.0,0.0,0.0,0.0,15253.0,0,0
3093966,01L73,CASABLANCA,Casablanca-Settat,CASABLANCA,Casablanca-Settat,18/03/1981,2970,29,297,212,300,2,4.9,Mensuelle,05/03/2019,7.0,an(s),05/05/2022,CENTRE D’AFFAIRES DE CASABLANCA,Développement,C,,,0.0,0.0,0.0,0.0,0.0,0.0,87749995.66666667,50213496.666666664,37536499.0,56705148.5,13503072.916666666,0.0,0.0,0.0,75171262.83333333,0.0,0.0,0.0,3581828.25,116289590.08333333,62182157.833333336,42976367.166666664,98267335.83333333,25898205.666666668,12708362.333333334,10781604.166666666,64121974.583333336,12734304.916666666,8409818.083333334,-2418666.25,3626623.0,0.0,0.0,0.0,0.0,51417783.083333336,22750728.0,74168511.08333333,15451602.833333334,23455432.0,18665647.0,116289590.08333333,0.0,0.0,0.0,0.0,0.0,0.0,0.0,0.0,0.0,0.0,0.0,191958.33333333334,0,0
3074618,01L787,CASABLANCA,Casablanca-Settat,CASABLANCA,Casablanca-Settat,10/05/2013,5147,51,514,1,3,24,6.5,Mensuelle,14/09/2018,120.0,mois,,CENTRE D’AFFAIRES DE CASABLANCA,Développement,C,,,,,,,,,,,,,,,,,,,,,,,,,,,,,,,,,,,,,,,,,,,,,,,,,,,,,,,,,0,1
3077271,01L797,LAAYOUNE,Laâyoune-Sakia El Hamra,LAAYOUNE,Laâyoune-Sakia El Hamra,25/02/1986,6023,60,602,1,1000,24,1.0,Mensuelle,08/10/2018,60.0,mois,25/10/2018,CENTRE D’AFFAIRES DE LAAYOUNE,Développement,C,920.0,,0.0,0.0,0.0,0.0,0.0,0.0,71904833.0,32553270.75,39351562.25,1674923.25,63675862.25,0.0,0.0,0.0,93169076.0,0.0,0.0,0.0,278528.25,132799166.5,73409336.0,87357520.25,74731907.25,29984454.5,10209199.0,6608351.75,32182900.75,19188919.75,7121614.5,-1951699.75,3520767.25,0.0,0.0,0.0,0.0,29357578.25,22027755.75,51385334.0,28865837.0,69841021.25,11573562.0,132799917.25,0.0,0.0,0.0,0.0,0.0,0.0,0.0,0.0,0.0,0.0,0.0,149314.5,1,0
3130159,01L797,LAAYOUNE,Laâyoune-Sakia El Hamra,LAAYOUNE,Laâyoune-Sakia El Hamra,25/02/1986,6070,60,607,0,1000,24,0.0,Mensuelle,21/11/2019,48.0,mois,13/12/2019,CENTRE D’AFFAIRES DE LAAYOUNE,Développement,C,808.0,,0.0,0.0,0.0,0.0,0.0,0.0,71904833.0,32553270.75,39351562.25,1674923.25,63675862.25,0.0,0.0,0.0,93169076.0,0.0,0.0,0.0,278528.25,132799166.5,73409336.0,87357520.25,74731907.25,29984454.5,10209199.0,6608351.75,32182900.75,19188919.75,7121614.5,-1951699.75,3520767.25,0.0,0.0,0.0,0.0,29357578.25,22027755.75,51385334.0,28865837.0,69841021.25,11573562.0,132799917.25,0.0,0.0,0.0,0.0,0.0,0.0,0.0,0.0,0.0,0.0,0.0,149314.5,1,0
3084156,01L840,CASABLANCA,Casablanca-Settat,CASABLANCA,Casablanca-Settat,26/07/2000,3420,34,342,1,50,23,5.0,Mensuelle,06/12/2018,60.0,mois,,CENTRE D’AFFAIRES DE CASABLANCA,Développement,C,,,0.0,0.0,0.0,0.0,0.0,0.0,4625263.5,1238523.0,3386740.5,3537033.5,7973179.5,0.0,0.0,0.0,12442573.0,0.0,0.0,0.0,154011.0,15983324.5,8262178.571428572,6131269.0,17123821.0,2970253.0,917488.0,524595.5,12885587.0,1951592.5,682110.0,-283569.0,287144.0,0.0,0.0,0.0,0.0,2189616.0,1969253.0,4158869.0,4606673.5,8947796.0,2876659.5,15983324.5,0.0,0.0,0.0,0.0,0.0,0.0,0.0,0.0,0.0,0.0,0.0,33985.71428571428,0,0
3126744,01L869,CASABLANCA,Casablanca-Settat,CASABLANCA,Casablanca-Settat,21/02/1994,4521,45,452,4,0,24,7.0,Mensuelle,21/10/2019,48.0,mois,25/11/2019,CENTRE D’AFFAIRES DE MARRAKECH,Développement,C,2753.0,,0.0,0.0,0.0,0.0,0.0,0.0,6367961.6,4309805.5,2920117.2,2249372.125,9661526.875,0.0,0.0,0.0,10221110.9,0.0,0.0,0.0,73573.5,13200086.9,14829270.9,10226578.5,17491474.0,5514809.3,1480378.9,1269968.7,13813925.125,4998743.75,526225.7,-117317.2,330830.5,0.0,0.0,0.0,0.0,2963060.1,714914.2,3677974.3,3733479.75,8250642.4,1589337.75,13200086.9,0.0,0.0,0.0,0.0,0.0,0.0,0.0,0.0,0.0,0.0,0.0,35127.2,1,0
3129659,01L869,CASABLANCA,Casablanca-Settat,CASABLANCA,Casablanca-Settat,21/02/1994,4521,45,452,4,0,24,6.0,Mensuelle,19/11/2019,48.0,mois,17/12/2019,CENTRE D’AFFAIRES DE MARRAKECH,Développement,C,2722.0,,0.0,0.0,0.0,0.0,0.0,0.0,6367961.6,4309805.5,2920117.2,2249372.125,9661526.875,0.0,0.0,0.0,10221110.9,0.0,0.0,0.0,73573.5,13200086.9,14829270.9,10226578.5,17491474.0,5514809.3,1480378.9,1269968.7,13813925.125,4998743.75,526225.7,-117317.2,330830.5,0.0,0.0,0.0,0.0,2963060.1,714914.2,3677974.3,3733479.75,8250642.4,1589337.75,13200086.9,0.0,0.0,0.0,0.0,0.0,0.0,0.0,0.0,0.0,0.0,0.0,35127.2,1,0
3086981,01L941,CASABLANCA,Casablanca-Settat,CASABLANCA,Casablanca-Settat,10/11/2005,6025,60,602,5,102,23,7.0,Mensuelle,02/01/2019,48.0,mois,,CENTRE D’AFFAIRES DE CASABLANCA,Développement,B,,,0.0,0.0,0.0,0.0,0.0,0.0,10361422.5,5957165.5,4404257.0,701844.0,17761958.5,0.0,0.0,0.0,23627246.5,0.0,0.0,0.0,2523020.5,30554524.0,29037926.64285714,18351118.14285714,57865808.0,14826097.0,6896890.0,4860284.0,18719915.5,8270977.0,6002496.5,-195338.0,3878374.5,0.0,0.0,0.0,0.0,7096875.5,3629554.5,10726430.0,12876649.5,18311793.5,1516300.5,30554524.0,0.0,0.0,0.0,0.0,0.0,0.0,0.0,0.0,0.0,0.0,0.0,115595.14285714286,0,0
3096456,01L941,CASABLANCA,Casablanca-Settat,CASABLANCA,Casablanca-Settat,10/11/2005,6025,60,602,3,102,23,7.0,Mensuelle,05/03/2019,48.0,mois,,CENTRE D’AFFAIRES DE CASABLANCA,Développement,B,,,0.0,0.0,0.0,0.0,0.0,0.0,10361422.5,5957165.5,4404257.0,701844.0,17761958.5,0.0,0.0,0.0,23627246.5,0.0,0.0,0.0,2523020.5,30554524.0,29037926.64285714,18351118.14285714,57865808.0,14826097.0,6896890.0,4860284.0,18719915.5,8270977.0,6002496.5,-195338.0,3878374.5,0.0,0.0,0.0,0.0,7096875.5,3629554.5,10726430.0,12876649.5,18311793.5,1516300.5,30554524.0,0.0,0.0,0.0,0.0,0.0,0.0,0.0,0.0,0.0,0.0,0.0,115595.14285714286,0,0
3136930,01L960,CASABLANCA,Casablanca-Settat,CASABLANCA,Casablanca-Settat,03/05/2012,6033,60,603,1,10,25,5.95,Mensuelle,30/12/2019,60.0,mois,05/05/2020,CENTRE D’AFFAIRES DE LAAYOUNE,Développement,D,5913.0,,0.0,0.0,0.0,0.0,0.0,0.0,17711360.333333332,4667996.666666667,13043363.666666666,0.0,5416577.833333333,0.0,0.0,0.0,10508664.833333334,0.0,0.0,0.0,1219384.8333333333,24771413.333333332,9648138.5,6409088.833333333,9959616.333333334,2125289.8333333335,1919918.0,1681346.3333333333,6562556.0,112278.83333333333,547046.5,-185852.33333333334,308474.8333333333,0.0,0.0,0.0,0.0,14241393.833333334,527693.8333333334,14769087.666666666,2391722.6666666665,6775435.333333333,3226890.3333333335,24771413.333333332,0.0,0.0,0.0,0.0,0.0,0.0,0.0,0.0,0.0,0.0,0.0,19899.333333333332,1,0
3101808,01L997,AGADIR,Souss-Massa,AGADIR,Souss-Massa,10/08/2015,7423,74,742,0,30,1,7.0,Mensuelle,10/04/2019,7.0,an(s),,CENTRE D’AFFAIRES D'AGADIR,Développement,D,,,0.0,0.0,0.0,0.0,0.0,0.0,4670332.333333333,2026691.3333333333,2643641.0,0.0,3731060.6666666665,0.0,0.0,0.0,3843506.3333333335,0.0,0.0,0.0,122789.33333333333,6609936.666666667,3240070.1666666665,1814085.6666666667,4202364.833333333,2473804.6666666665,640139.5,479812.6666666667,1316481.8333333333,1814979.8333333333,308975.3333333333,-84584.5,144644.5,0.0,0.0,0.0,0.0,2652316.3333333335,2356687.6666666665,5009004.0,88922.16666666667,1600932.6666666667,0.0,6609936.666666667,0.0,0.0,0.0,0.0,0.0,0.0,0.0,0.0,0.0,0.0,0.0,8396.333333333334,0,0
3093731,01M1005,CASABLANCA,Casablanca-Settat,CASABLANCA,Casablanca-Settat,26/01/2015,6062,60,606,0,52,20,6.0,Mensuelle,15/02/2019,10.0,an(s),,CENTRE D’AFFAIRES DE CASABLANCA,Développement,C,,,0.0,0.0,0.0,0.0,0.0,0.0,5090474.8,2183932.0,2906542.8,1801.8,12452782.4,0.0,0.0,0.0,20361397.4,0.0,0.0,0.0,151743.4,23419683.6,19791355.0,24022365.8,13781660.0,3846723.6,467531.0,67468.4,6362464.8,3237666.6,-195298.8,-357050.8,-595361.4,0.0,0.0,0.0,0.0,5226303.0,2057861.4,7284164.4,9534254.2,12591722.4,3543796.8,23419683.6,0.0,0.0,0.0,0.0,0.0,0.0,0.0,0.0,0.0,0.0,0.0,27150.0,0,0
3105830,01M1011,KSAR EL KEBIR,Tanger-Tétouan-Al Hoceima,LARACHE,Tanger-Tétouan-Al Hoceima,12/06/2001,116,1,11,0,500,20,6.0,Mensuelle,22/05/2019,48.0,mois,,CENTRE D’AFFAIRES DE TANGER,Développement,B,,,0.0,0.0,0.0,0.0,0.0,0.0,22148376.25,11425414.0,13579315.75,1678677.0,128878.75,0.0,0.0,0.0,8026768.75,0.0,0.0,0.0,573573.0,22179657.5,72679607.0,67221904.75,84011427.5,14044030.0,3553550.0,2355353.0,58242684.5,10294784.5,1307556.25,-1015014.0,109359.25,0.0,0.0,0.0,0.0,3534030.5,1513762.25,5047792.75,3096343.25,17131864.75,0.0,22179657.5,0.0,0.0,0.0,0.0,0.0,0.0,0.0,0.0,0.0,0.0,0.0,170464.5,0,0
3050122,01M1108,BERRECHID,Casablanca-Settat,BERRECHID,Casablanca-Settat,17/06/2013,2623,26,262,2,25,35,6.6,Mensuelle,05/01/2018,4.0,an(s),31/01/2018,CENTRE D’AFFAIRES DE MARRAKECH,Développement,C,2791.0,,0.0,0.0,0.0,0.0,0.0,0.0,24013489.5,4736946.5,19276543.0,22654846.5,9832680.0,0.0,0.0,0.0,38713532.0,0.0,0.0,0.0,298941.5,58289016.5,18877849.42857143,10420696.5,40475578.0,5042680.5,4107246.0,1886456.0,31944913.0,894965.5,3047902.0,-1736449.0,827112.0,0.0,0.0,0.0,0.0,10125901.5,12433206.5,22559108.0,19228638.0,25171789.5,10558119.0,58289016.5,0.0,0.0,0.0,0.0,0.0,0.0,0.0,0.0,0.0,0.0,0.0,79627.57142857143,1,0
3062373,01M1297,CASABLANCA,Casablanca-Settat,CASABLANCA,Casablanca-Settat,21/12/2010,3430,34,343,30,160,22,5.0,Mensuelle,29/05/2018,72.0,mois,11/10/2018,CENTRE D’AFFAIRES DE CASABLANCA,Développement,C,,,0.0,0.0,0.0,0.0,0.0,0.0,37729477.5,12790063.0,24939414.5,17348974.5,33487954.5,0.0,0.0,0.0,58367452.0,0.0,0.0,0.0,5799794.0,89106660.5,33144418.214285713,21961927.64285714,63225662.5,6724646.5,3230799.0,2592804.5,50972421.5,4133200.5,1151364.5,-157371.5,556127.0,0.0,0.0,0.0,0.0,28518704.5,34829437.5,63348142.0,14815086.0,25683300.5,95732.0,89106660.5,0.0,0.0,0.0,0.0,0.0,0.0,0.0,0.0,0.0,0.0,0.0,127228.28571428571,0,0
3051281,01M1841,RABAT,Rabat-Salé-Kénitra,TEMARA,Rabat-Salé-Kénitra,14/11/2013,6025,60,602,2,20,22,0.0,Mensuelle,23/01/2018,60.0,mois,,CENTRE D’AFFAIRES DE RABAT,Développement,C,,355989.24,,,,,,,,,,,,,,,,,,,,,,,,,,,,,,,,,,,,,,,,,,,,,,,,,,,,,,,1,1
3069809,01M1841,RABAT,Rabat-Salé-Kénitra,TEMARA,Rabat-Salé-Kénitra,14/11/2013,6025,60,602,1,20,24,0.0,Mensuelle,24/07/2018,60.0,mois,,CENTRE D’AFFAIRES DE RABAT,Développement,C,,,,,,,,,,,,,,,,,,,,,,,,,,,,,,,,,,,,,,,,,,,,,,,,,,,,,,,,,0,1
3094960,01M2041,MARRAKECH,Marrakech-Safi,,Autres,01/01/2006,6042,60,604,3,0,24,9.0,Mensuelle,28/02/2019,54.0,mois,10/01/2020,CENTRE D’AFFAIRES DE MARRAKECH,Développement,B,,,,,,,,,11888000.0,6457000.0,5431000.0,0.0,386000.0,,,,1166000.0,,,,165000.0,6762000.0,7854000.0,7103000.0,9082000.0,3485000.0,2192000.0,1617000.0,477000.0,1257000.0,1118000.0,-37000.0,543000.0,,,,,1995000.0,115000.0,2110000.0,1303000.0,4652000.0,0.0,6762000.0,,,,,,,,,,,,,0,0
3095931,01M2041,MARRAKECH,Marrakech-Safi,,Autres,01/01/2006,6031,60,603,3,0,24,9.0,Mensuelle,28/02/2019,54.0,mois,10/01/2020,CENTRE D’AFFAIRES DE MARRAKECH,Développement,B,,,,,,,,,11888000.0,6457000.0,5431000.0,0.0,386000.0,,,,1166000.0,,,,165000.0,6762000.0,7854000.0,7103000.0,9082000.0,3485000.0,2192000.0,1617000.0,477000.0,1257000.0,1118000.0,-37000.0,543000.0,,,,,1995000.0,115000.0,2110000.0,1303000.0,4652000.0,0.0,6762000.0,,,,,,,,,,,,,0,0
3066060,01M2357,BIOUGRA,Souss-Massa,AIT BAHA,Souss-Massa,01/01/2000,127,1,12,20,10,5,7.0,Mensuelle,19/06/2018,48.0,mois,,CENTRE D’AFFAIRES D'AGADIR,Développement,C,9182.0,,,,,,,,,,,,,,,,,,,,,,,,,,,,,,,,,,,,,,,,,,,,,,,,,,,,,,,,1,1
3087931,01M275,CASABLANCA,Casablanca-Settat,CASABLANCA,Casablanca-Settat,15/04/1988,3611,36,361,10,250,35,2.0,Mensuelle,10/01/2019,7.0,an(s),17/03/2021,CENTRE D’AFFAIRES DE CASABLANCA,Développement,C,,,0.0,0.0,0.0,0.0,0.0,0.0,14939710.5,9573993.0,5365717.5,9765327.0,11859347.5,0.0,0.0,0.0,26836023.5,0.0,0.0,0.0,663091.0,32864832.0,14323881.57142857,8752076.857142856,30908520.5,5779488.0,2560701.0,1251321.5,20941921.0,3092160.5,1755754.0,-1055054.0,400471.5,0.0,0.0,0.0,0.0,8898532.5,5886237.5,14784770.0,6285279.0,8486907.0,9593155.0,32864832.0,0.0,0.0,0.0,0.0,0.0,0.0,0.0,0.0,0.0,0.0,0.0,61209.42857142857,0,0
3081442,01M59,CASABLANCA,Casablanca-Settat,CASABLANCA,Casablanca-Settat,03/01/2001,9214,92,921,9,98,6,5.0,Mensuelle,14/11/2018,7.0,an(s),13/08/2020,CENTRE D’AFFAIRES DE RABAT,Développement,C,,,0.0,0.0,0.0,0.0,0.0,0.0,154375971.75,76021195.25,78354776.5,252001.75,3882128.25,0.0,0.0,0.0,9778518.75,0.0,0.0,0.0,5660655.0,93793950.25,36121335.25,40530740.25,36505969.5,13850837.0,9738228.5,6282776.5,15085570.5,3662659.0,2857104.25,-1462711.25,-403653.25,0.0,0.0,0.0,0.0,30520490.0,21541269.75,52061759.75,8865606.75,41731940.25,0.0,93793700.0,0.0,0.0,0.0,0.0,0.0,0.0,0.0,0.0,0.0,0.0,0.0,72804.5,0,0
3081443,01M59,CASABLANCA,Casablanca-Settat,CASABLANCA,Casablanca-Settat,03/01/2001,9214,92,921,24,98,6,5.0,Mensuelle,14/11/2018,9.0,an(s),13/08/2020,CENTRE D’AFFAIRES DE RABAT,Développement,C,,,0.0,0.0,0.0,0.0,0.0,0.0,154375971.75,76021195.25,78354776.5,252001.75,3882128.25,0.0,0.0,0.0,9778518.75,0.0,0.0,0.0,5660655.0,93793950.25,36121335.25,40530740.25,36505969.5,13850837.0,9738228.5,6282776.5,15085570.5,3662659.0,2857104.25,-1462711.25,-403653.25,0.0,0.0,0.0,0.0,30520490.0,21541269.75,52061759.75,8865606.75,41731940.25,0.0,93793700.0,0.0,0.0,0.0,0.0,0.0,0.0,0.0,0.0,0.0,0.0,0.0,72804.5,0,0
3059194,01M594,EL JADIDA,Casablanca-Settat,EL JADIDA,Casablanca-Settat,09/03/1995,5162,51,516,3,101,22,1.0,Mensuelle,06/04/2018,48.0,mois,,CENTRE D’AFFAIRES DE CASABLANCA,Développement,A,,,0.0,0.0,0.0,0.0,0.0,0.0,5168496.666666667,3692105.0833333335,1476391.5833333333,3074821.75,8923664.75,0.0,0.0,0.0,17126692.916666668,0.0,0.0,0.0,7007.0,18610091.5,30908960.666666668,22135685.5,52929877.0,1032781.75,649148.5,364113.75,50268301.416666664,214047.16666666666,517850.6666666667,-91007.58333333333,232815.91666666666,0.0,0.0,0.0,0.0,5692520.166666667,1953952.0,7646472.166666667,4548710.833333333,10194934.75,768684.5833333334,18610091.5,0.0,0.0,0.0,0.0,0.0,0.0,0.0,0.0,0.0,0.0,0.0,103853.83333333333,0,0
3059195,01M594,EL JADIDA,Casablanca-Settat,EL JADIDA,Casablanca-Settat,09/03/1995,5162,51,516,3,101,22,1.0,Mensuelle,06/04/2018,48.0,an(s),,CENTRE D’AFFAIRES DE CASABLANCA,Développement,B,,,0.0,0.0,0.0,0.0,0.0,0.0,5168496.666666667,3692105.0833333335,1476391.5833333333,3074821.75,8923664.75,0.0,0.0,0.0,17126692.916666668,0.0,0.0,0.0,7007.0,18610091.5,30908960.666666668,22135685.5,52929877.0,1032781.75,649148.5,364113.75,50268301.416666664,214047.16666666666,517850.6666666667,-91007.58333333333,232815.91666666666,0.0,0.0,0.0,0.0,5692520.166666667,1953952.0,7646472.166666667,4548710.833333333,10194934.75,768684.5833333334,18610091.5,0.0,0.0,0.0,0.0,0.0,0.0,0.0,0.0,0.0,0.0,0.0,103853.83333333333,0,0
3084957,01M752,FES,Fès-Meknès,FES,Fès-Meknès,19/03/2003,2524,25,252,0,0,23,1.0,Mensuelle,13/12/2018,60.0,mois,,CENTRE D’AFFAIRES DE FES,Développement,B,,,0.0,0.0,0.0,0.0,0.0,0.0,2493732.3076923075,505791.0,1970803.5384615385,803016.5,3548545.0,0.0,0.0,0.0,6535355.307692308,0.0,0.0,0.0,110253.0,8605585.153846154,3559688.3076923075,1537199.076923077,5161050.846153846,403808.46153846156,309540.1538461539,-31224.923076923078,5212922.0,103603.5,305680.6153846154,-149110.3076923077,-35084.46153846154,0.0,0.0,0.0,0.0,3591061.3076923075,461384.0,4052445.3076923075,2440795.5,3510155.0,1201414.5,8605585.153846154,0.0,0.0,0.0,0.0,0.0,0.0,0.0,0.0,0.0,0.0,0.0,11808.714285714286,0,0
3058644,01M767,RABAT,Rabat-Salé-Kénitra,RABAT,Rabat-Salé-Kénitra,24/04/2012,7023,70,702,2,46,24,5.0,Mensuelle,30/03/2018,84.0,mois,01/04/2018,CENTRE D’AFFAIRES DE RABAT,Développement,C,3196.0,,0.0,0.0,0.0,0.0,0.0,0.0,18097746.333333332,5160321.833333333,12937424.5,2008172.8333333333,6588415.166666667,0.0,0.0,0.0,9732889.833333334,0.0,0.0,0.0,261261.0,22931575.333333332,8075400.666666667,2809474.3333333335,12580901.666666666,3287784.5,1628126.5,1647145.5,6762922.833333333,1439938.5,331998.3333333333,-301634.6666666667,351017.3333333333,0.0,0.0,0.0,0.0,3711374.3333333335,4116112.0,7827486.333333333,3721884.8333333335,14951436.5,152652.5,22931575.333333332,0.0,0.0,0.0,0.0,0.0,0.0,0.0,0.0,0.0,0.0,0.0,24643.0,1,0
3055752,01M938,CASABLANCA,Casablanca-Settat,CASABLANCA,Casablanca-Settat,18/03/2004,5227,52,522,3,0,3,7.0,Mensuelle,06/03/2018,8.0,an(s),,CENTRE D’AFFAIRES DE CASABLANCA,Développement,B,,,,,,,,,,,,,,,,,,,,,,,,,,,,,,,,,,,,,,,,,,,,,,,,,,,,,,,,,0,1
3122427,01N13,TANGER,Tanger-Tétouan-Al Hoceima,TANGER,Tanger-Tétouan-Al Hoceima,25/11/2004,6062,60,606,0,20,23,7.0,Mensuelle,16/09/2019,60.0,an(s),25/11/2019,CENTRE D’AFFAIRES DE TANGER,Développement,D,,,0.0,0.0,0.0,0.0,0.0,0.0,4966211.25,2342214.875,2623996.375,0.0,2656028.375,0.0,0.0,0.0,6200068.875,0.0,0.0,0.0,100100.0,8924165.25,11238252.375,7585728.5,14458694.25,1480479.0,-740865.125,-488988.5,8913154.25,2176549.375,-885384.5,-270019.75,-633507.875,0.0,0.0,0.0,0.0,2589837.25,943817.875,3533655.125,3704200.5,4098844.75,1291665.375,8924165.25,0.0,0.0,0.0,0.0,0.0,0.0,0.0,0.0,0.0,0.0,0.0,28888.5,0,0
3091964,01N152,TANGER,Tanger-Tétouan-Al Hoceima,TANGER,Tanger-Tétouan-Al Hoceima,30/08/2006,502,5,50,0,15,1,5.0,Mensuelle,08/02/2019,7.0,an(s),,CENTRE D’AFFAIRES DE RABAT,Développement,D,,,0.0,0.0,0.0,0.0,0.0,0.0,20495140.25,17393075.7,10520795.625,8226618.4,3571367.8,0.0,0.0,0.0,9971620.375,0.0,0.0,0.0,2018916.9,22313437.125,11896309.375,7785129.75,15199909.625,4305659.375,3209548.25,2677311.375,11296184.9,1133232.1,2040943.75,-33300.0,1501232.25,0.0,0.0,0.0,0.0,16327379.625,1916528.375,18243908.0,2280678.4,4069654.25,0.0,22313562.25,0.0,0.0,0.0,0.0,0.0,0.0,0.0,0.0,0.0,0.0,0.0,39332.2,0,0
3058789,01N170,RABAT,Rabat-Salé-Kénitra,CASABLANCA,Casablanca-Settat,18/08/2010,5170,51,517,2,32,24,5.0,Mensuelle,04/04/2018,60.0,mois,05/04/2018,CENTRE D’AFFAIRES DE RABAT,Développement,A,,,0.0,0.0,0.0,0.0,0.0,0.0,2093734.5,1391467.0,801658.0,2963889.5,10577924.5,0.0,0.0,0.0,17453650.5,0.0,0.0,0.0,272701.0,18528009.5,8764492.07142857,4074944.6428571427,15951864.5,2505002.5,221793.0,-136279.0,11552612.5,2266478.5,-332761.0,-372515.0,-689045.5,0.0,0.0,0.0,0.0,1229657.0,1717859.0,2947516.0,4514367.0,8855847.0,6724646.5,18528009.5,0.0,0.0,0.0,0.0,0.0,0.0,0.0,0.0,0.0,0.0,0.0,31364.85714285714,0,0
3053759,01N289,,Autres,INZEGANE,Souss-Massa,03/01/2014,8511,85,851,36,43,26,6.0,Trimestrielle,14/03/2018,12.0,an(s),,CENTRE D’AFFAIRES D'AGADIR,Développement,D,,,,,,,,,,,,,,,,,,,,,,,,,,,,,,,,,,,,,,,,,,,,,,,,,,,,,,,,,0,1
3059557,01N310,TANGER,Tanger-Tétouan-Al Hoceima,CASABLANCA,Casablanca-Settat,01/01/2011,1582,15,158,0,120,21,8.0,Mensuelle,11/04/2018,60.0,mois,,CENTRE D’AFFAIRES DE TANGER,Développement,A,,,0.0,0.0,0.0,0.0,0.0,0.0,0.0,0.0,0.0,0.0,0.0,0.0,0.0,0.0,0.0,0.0,0.0,0.0,0.0,0.0,0.0,0.0,0.0,0.0,0.0,0.0,0.0,0.0,0.0,0.0,0.0,0.0,0.0,0.0,0.0,0.0,0.0,0.0,0.0,0.0,0.0,0.0,0.0,0.0,0.0,0.0,0.0,0.0,0.0,0.0,0.0,0.0,0.0,0.0,0,0
3091601,01N310,TANGER,Tanger-Tétouan-Al Hoceima,CASABLANCA,Casablanca-Settat,01/01/2011,1744,17,174,0,120,21,1.0,Mensuelle,01/02/2019,48.0,mois,05/07/2019,CENTRE D’AFFAIRES DE TANGER,Développement,A,,,0.0,0.0,0.0,0.0,0.0,0.0,0.0,0.0,0.0,0.0,0.0,0.0,0.0,0.0,0.0,0.0,0.0,0.0,0.0,0.0,0.0,0.0,0.0,0.0,0.0,0.0,0.0,0.0,0.0,0.0,0.0,0.0,0.0,0.0,0.0,0.0,0.0,0.0,0.0,0.0,0.0,0.0,0.0,0.0,0.0,0.0,0.0,0.0,0.0,0.0,0.0,0.0,0.0,0.0,0,0
3091620,01N310,TANGER,Tanger-Tétouan-Al Hoceima,CASABLANCA,Casablanca-Settat,01/01/2011,1744,17,174,0,120,21,1.0,Mensuelle,01/02/2019,48.0,mois,,CENTRE D’AFFAIRES DE TANGER,Développement,B,,,0.0,0.0,0.0,0.0,0.0,0.0,0.0,0.0,0.0,0.0,0.0,0.0,0.0,0.0,0.0,0.0,0.0,0.0,0.0,0.0,0.0,0.0,0.0,0.0,0.0,0.0,0.0,0.0,0.0,0.0,0.0,0.0,0.0,0.0,0.0,0.0,0.0,0.0,0.0,0.0,0.0,0.0,0.0,0.0,0.0,0.0,0.0,0.0,0.0,0.0,0.0,0.0,0.0,0.0,0,0
3106386,01N310,TANGER,Tanger-Tétouan-Al Hoceima,CASABLANCA,Casablanca-Settat,01/01/2011,1730,17,173,0,120,21,6.0,Mensuelle,14/05/2019,48.0,mois,,CENTRE D’AFFAIRES DE TANGER,Développement,B,,,0.0,0.0,0.0,0.0,0.0,0.0,0.0,0.0,0.0,0.0,0.0,0.0,0.0,0.0,0.0,0.0,0.0,0.0,0.0,0.0,0.0,0.0,0.0,0.0,0.0,0.0,0.0,0.0,0.0,0.0,0.0,0.0,0.0,0.0,0.0,0.0,0.0,0.0,0.0,0.0,0.0,0.0,0.0,0.0,0.0,0.0,0.0,0.0,0.0,0.0,0.0,0.0,0.0,0.0,0,0
3079106,01N402,SOUK EL A.EL RH,Rabat-Salé-Kénitra,SOUK EL A.EL RH,Rabat-Salé-Kénitra,28/11/2013,1534,15,153,0,0,7,6.0,Annuelle,07/11/2018,7.0,an(s),30/01/2019,CENTRE D’AFFAIRES DE RABAT,Développement,B,,,,,,,,,,,,,,,,,,,,,,,,,,,,,,,,,,,,,,,,,,,,,,,,,,,,,,,,,0,1
3055190,01N438,MARRAKECH,Marrakech-Safi,EL KELAA,Marrakech-Safi,17/01/2007,5010,50,501,3,12,30,6.0,Mensuelle,01/03/2018,84.0,mois,02/04/2019,CENTRE D’AFFAIRES DE MARRAKECH,Développement,B,,,0.0,0.0,0.0,0.0,0.0,0.0,4580290.0,1023407.0,3629983.5,2335905.0,3328682.5,0.0,0.0,0.0,6725647.5,0.0,0.0,0.0,634348.0,10989979.0,11624908.57142857,6881509.071428572,17639193.0,786357.0,460174.0,378664.0,16583996.0,282568.0,433218.5,-64278.5,195409.5,0.0,0.0,0.0,0.0,2380878.5,1832616.5,4213495.0,3561343.5,6614393.5,189105.58333333334,10989979.0,0.0,0.0,0.0,0.0,0.0,0.0,0.0,0.0,0.0,0.0,0.0,35239.71428571428,0,0
3066007,01N572,AGADIR,Souss-Massa,AGADIR,Souss-Massa,12/06/2015,6031,60,603,6,23,26,9.25,Trimestrielle,14/06/2018,84.0,mois,,CENTRE D’AFFAIRES D'AGADIR,Développement,D,,,65.0,100.0,0.0,100.0,100.0,0.0,4064560.5,458958.5,3605602.0,0.0,847847.0,100.0,100.0,0.0,890890.0,100.0,100.0,0.0,105105.0,4601597.0,319819.5,0.0,1869367.5,546546.0,418918.5,365865.5,329329.0,115115.0,-9009.0,-43043.0,-62062.0,100.0,100.0,0.0,2.0,1463462.0,2530027.5,3993489.5,384884.5,449449.0,158658.5,4601597.0,51.0,51.0,0.0,38.9339,39.9339,0.0,34.5893,66.0,66.0,0.0,2.0,3735.0,0,0
3114518,01N572,AGADIR,Souss-Massa,AGADIR,Souss-Massa,12/06/2015,6042,60,604,4,23,25,0.5,Mensuelle,09/07/2019,60.0,mois,25/10/2019,CENTRE D’AFFAIRES D'AGADIR,Développement,D,1036.0,738880.23,65.0,100.0,0.0,100.0,100.0,0.0,4064560.5,458958.5,3605602.0,0.0,847847.0,100.0,100.0,0.0,890890.0,100.0,100.0,0.0,105105.0,4601597.0,319819.5,0.0,1869367.5,546546.0,418918.5,365865.5,329329.0,115115.0,-9009.0,-43043.0,-62062.0,100.0,100.0,0.0,2.0,1463462.0,2530027.5,3993489.5,384884.5,449449.0,158658.5,4601597.0,51.0,51.0,0.0,38.9339,39.9339,0.0,34.5893,66.0,66.0,0.0,2.0,3735.0,1,0
3114519,01N572,AGADIR,Souss-Massa,AGADIR,Souss-Massa,12/06/2015,6042,60,604,3,23,23,0.5,Mensuelle,09/07/2019,48.0,mois,25/07/2019,CENTRE D’AFFAIRES D'AGADIR,Développement,D,2691.0,,65.0,100.0,0.0,100.0,100.0,0.0,4064560.5,458958.5,3605602.0,0.0,847847.0,100.0,100.0,0.0,890890.0,100.0,100.0,0.0,105105.0,4601597.0,319819.5,0.0,1869367.5,546546.0,418918.5,365865.5,329329.0,115115.0,-9009.0,-43043.0,-62062.0,100.0,100.0,0.0,2.0,1463462.0,2530027.5,3993489.5,384884.5,449449.0,158658.5,4601597.0,51.0,51.0,0.0,38.9339,39.9339,0.0,34.5893,66.0,66.0,0.0,2.0,3735.0,1,0
3090083,01N99,TANGER,Tanger-Tétouan-Al Hoceima,TANGER,Tanger-Tétouan-Al Hoceima,20/07/2006,1744,17,174,0,530,24,7.0,Mensuelle,23/01/2019,48.0,mois,04/11/2019,CENTRE D’AFFAIRES DE TANGER,Développement,A,,,0.0,0.0,0.0,0.0,0.0,0.0,10694433.75,4639134.5,6055299.25,3050547.5,2869616.75,0.0,0.0,0.0,34957172.25,0.0,0.0,0.0,19977958.0,60990429.5,152590187.75,138497108.75,148990091.25,28738960.25,6822315.5,5729223.5,113771908.25,21831059.25,5933177.25,524023.5,4840085.25,0.0,0.0,0.0,0.0,30766986.25,0.0,30766986.25,26932405.5,29423644.25,799799.0,60990429.5,0.0,0.0,0.0,0.0,0.0,0.0,0.0,0.0,0.0,0.0,0.0,298514.0,0,0
3123853,01O181,RABAT,Rabat-Salé-Kénitra,RABAT,Rabat-Salé-Kénitra,21/10/1991,7423,74,742,0,90,22,0.0,Mensuelle,25/09/2019,48.0,mois,,CENTRE D’AFFAIRES DE RABAT,Développement,C,,,0.0,0.0,0.0,0.0,0.0,0.0,3198565.6666666665,2040538.5,1377457.9333333333,2473596.125,13512749.25,0.0,0.0,0.0,15468249.2,0.0,0.0,0.0,6127809.1875,22573170.266666666,9721951.2,6381589.6,22619779.133333333,16089877.266666668,3778719.2666666666,3062744.6666666665,2527399.875,14044780.75,3020795.8,-30031.666666666668,2095468.8,0.0,0.0,0.0,0.0,15352784.733333332,0.0,15352784.733333332,1502438.4375,7220385.533333333,0.0,22573170.266666666,0.0,0.0,0.0,0.0,0.0,0.0,0.0,0.0,0.0,0.0,0.0,49156.5,0,0
3069614,01O245,LAAYOUNE,Laâyoune-Sakia El Hamra,LAAYOUNE,Laâyoune-Sakia El Hamra,08/07/2010,1522,15,152,10,100,1,5.0,Trimestrielle,20/07/2018,7.0,an(s),07/05/2020,CENTRE D’AFFAIRES DE LAAYOUNE,Développement,B,327.0,642857.14,0.0,0.0,0.0,0.0,0.0,0.0,26370594.25,3553550.0,22817044.25,6424418.0,11117106.0,0.0,0.0,0.0,22312039.75,0.0,0.0,0.0,1893641.75,47022725.75,116876509.75,112512400.0,108644786.25,6271515.25,3907904.0,3418415.0,101482381.0,2281529.25,2248246.0,-489489.0,1758757.0,0.0,0.0,0.0,0.0,15636871.25,12543781.25,28180652.5,11191680.5,11315053.75,7527019.5,47022725.75,0.0,0.0,0.0,0.0,0.0,0.0,0.0,0.0,0.0,0.0,0.0,218235.5,1,0
3117520,01O347,OUJDA,L'oriental,OUJDA,L'oriental,20/03/2001,2661,26,266,0,52,33,4.95,Mensuelle,31/07/2019,60.0,mois,02/12/2020,CENTRE D’AFFAIRES D’OUJDA,Développement,C,,,100.0,0.0,0.0,100.0,0.0,0.0,18746227.5,17072055.0,1674172.5,5106101.0,14822808.0,100.0,0.0,0.0,22260738.5,100.0,0.0,0.0,127627.5,24062538.5,18319301.0,22726203.5,18847328.5,4131627.5,1981479.5,1517015.5,13630116.5,2104602.5,1578577.0,-66566.5,1114113.0,100.0,0.0,0.0,1.0,13530016.5,0.0,13530016.5,6002997.0,9265756.5,1266765.5,24062538.5,51.0,0.0,0.0,36.0828,0.0,0.0,46.1725,33.0,0.0,0.0,1.0,36148.0,0,0
3069564,01O397,CASABLANCA,Casablanca-Settat,CASABLANCA,Casablanca-Settat,08/12/2005,140,1,14,2,49,4,6.0,Trimestrielle,19/07/2018,7.0,an(s),28/11/2018,CENTRE D’AFFAIRES DE CASABLANCA,Développement,C,1709.0,,,,,,,,,,,,,,,,,,,,,,,,,,,,,,,,,,,,,,,,,,,,,,,,,,,,,,,,1,1
3098233,01O454,TANGER,Tanger-Tétouan-Al Hoceima,CASABLANCA,Casablanca-Settat,16/03/2012,5235,52,523,0,10,23,7.0,Mensuelle,20/03/2019,60.0,mois,25/04/2019,CENTRE D’AFFAIRES DE TANGER,Développement,B,,,0.0,0.0,0.0,0.0,0.0,0.0,1764480.7692307692,370370.0,1534159.2307692308,8228720.5,515097.9166666667,0.0,0.0,0.0,9049210.384615384,0.0,0.0,0.0,82439.5,10662612.153846154,7871645.846153846,4113080.769230769,16033723.76923077,1395102.923076923,862430.3846153846,499896.07692307694,13577278.0,736235.5,738393.6923076923,-95961.0,399652.3846153846,0.0,0.0,0.0,0.0,2325184.5384615385,635353.7692307692,2960538.3076923075,3224149.5,7015318.692307692,701915.5,10662612.153846154,0.0,0.0,0.0,0.0,0.0,0.0,0.0,0.0,0.0,0.0,0.0,39629.857142857145,0,0
3128748,01O528,LAAYOUNE,Laâyoune-Sakia El Hamra,LAAYOUNE,Laâyoune-Sakia El Hamra,25/04/2008,6033,60,603,1,15,23,6.5,Trimestrielle,05/11/2019,48.0,mois,25/10/2019,CENTRE D’AFFAIRES DE LAAYOUNE,Développement,D,,,16.666666666666668,0.0,0.0,16.666666666666668,0.0,0.0,1388804.0833333333,1251667.0833333333,137137.0,62729.333333333336,6641051.083333333,16.666666666666668,0.0,0.0,6885295.083333333,16.666666666666668,0.0,0.0,127491.0,7139298.833333333,4272085.666666667,2720763.1666666665,8118276.833333333,764263.5,353770.0833333333,390139.75,5415576.833333333,382131.75,290290.0,-50133.416666666664,326659.6666666667,5.0,0.0,0.0,0.3333333333333333,3866445.9166666665,644477.1666666666,4510923.083333333,2206704.5,2345926.9166666665,282448.8333333333,7139298.833333333,8.333333333333334,0.0,0.0,6.917333333333333,0.0,0.0,7.139833333333333,16.666666666666668,0.0,0.0,0.3333333333333333,16220.333333333334,0,0
3092648,01P210,AGADIR,Souss-Massa,AGADIR,Souss-Massa,01/08/2000,6042,60,604,3,2,23,5.0,Mensuelle,07/02/2019,48.0,mois,25/09/2019,CENTRE D’AFFAIRES DE CASABLANCA,Développement,C,,,,,,,,,,,,,,,,,,,,,,,,,,,,,,,,,,,,,,,,,,,,,,,,,,,,,,,,,0,1
3078344,01P346,CASABLANCA,Casablanca-Settat,CASABLANCA,Casablanca-Settat,04/02/1998,7210,72,721,1,25,35,5.9,Trimestrielle,17/10/2018,6.0,an(s),,CENTRE D’AFFAIRES DE CASABLANCA,Développement,B,,,,,,,,,,,,,,,,,,,,,,,,,,,,,,,,,,,,,,,,,,,,,,,,,,,,,,,,,0,1
3057980,01P363,CASABLANCA,Casablanca-Settat,MOHAMMEDIA,Casablanca-Settat,01/07/2013,2215,22,221,68,75,35,4.95,Trimestrielle,09/04/2018,7.0,an(s),31/10/2019,CENTRE D’AFFAIRES DE CASABLANCA,Développement,C,,,14.285714285714286,14.285714285714286,14.285714285714286,0.14285714285714285,14.285714285714286,0.14285714285714285,16917043.0,6473538.5,10443504.5,3074643.0,8149141.0,14.285714285714286,14.285714285714286,14.285714285714286,15129686.0,14.285714285714286,14.285714285714286,14.285714285714286,15658.5,25588849.0,6977645.5,4180367.3571428573,16746086.5,4036461.0,1829685.0,1959386.0,7731867.0,2072284.5,257543.0,-441727.0,387244.0,14.285714285714286,14.285714285714286,14.285714285714286,0.0,7336114.5,4887668.5,12223783.0,3336118.5,9996701.0,3368365.0,25588849.0,7.142857142857143,7.142857142857143,7.142857142857143,5.555,5.695314285714285,5.555,0.0,14.285714285714286,9.428571428571429,14.285714285714286,0.0,33431.0,0,0
3123294,01P363,CASABLANCA,Casablanca-Settat,MOHAMMEDIA,Casablanca-Settat,01/07/2013,2225,22,222,2,75,24,6.5,Mensuelle,20/09/2019,33.0,mois,23/01/2020,CENTRE D’AFFAIRES DE CASABLANCA,Développement,C,,,14.285714285714286,14.285714285714286,14.285714285714286,0.14285714285714285,14.285714285714286,0.14285714285714285,16917043.0,6473538.5,10443504.5,3074643.0,8149141.0,14.285714285714286,14.285714285714286,14.285714285714286,15129686.0,14.285714285714286,14.285714285714286,14.285714285714286,15658.5,25588849.0,6977645.5,4180367.3571428573,16746086.5,4036461.0,1829685.0,1959386.0,7731867.0,2072284.5,257543.0,-441727.0,387244.0,14.285714285714286,14.285714285714286,14.285714285714286,0.0,7336114.5,4887668.5,12223783.0,3336118.5,9996701.0,3368365.0,25588849.0,7.142857142857143,7.142857142857143,7.142857142857143,5.555,5.695314285714285,5.555,0.0,14.285714285714286,9.428571428571429,14.285714285714286,0.0,33431.0,0,0
3089316,01P412,LAAYOUNE,Laâyoune-Sakia El Hamra,LAAYOUNE,Laâyoune-Sakia El Hamra,19/01/2011,5030,50,503,8,7,29,7.25,Mensuelle,16/01/2019,7.0,an(s),21/05/2019,CENTRE D’AFFAIRES DE LAAYOUNE,Développement,B,,,,,,,,,,,,,,,,,,,,,,,,,,,,,,,,,,,,,,,,,,,,,,,,,,,,,,,,,0,1
3085955,01P463,CASABLANCA,Casablanca-Settat,CASABLANCA,Casablanca-Settat,18/07/2014,1543,15,154,0,545,7,6.5,Trimestrielle,08/01/2019,7.0,an(s),19/03/2019,CENTRE D’AFFAIRES DE FES,Développement,B,1018.0,,0.0,0.0,0.0,0.0,0.0,0.0,44157446.666666664,5264926.333333333,38892520.333333336,3431261.1666666665,3875371.5,0.0,0.0,0.0,10032689.333333334,0.0,0.0,0.0,15015.0,48940224.666666664,4533702.666666667,2434994.0,14581066.5,2782613.1666666665,-1474306.1666666667,-2322653.6666666665,9489813.666666666,4179341.8333333335,-3344007.3333333335,-1248580.6666666667,-4484980.5,0.0,0.0,0.0,0.0,1507172.3333333333,28683154.5,30190326.833333332,5552380.166666667,13431251.166666666,5318646.666666667,48940224.666666664,0.0,0.0,0.0,0.0,0.0,0.0,0.0,0.0,0.0,0.0,0.0,20070.333333333332,1,0
3132868,01P514,CASABLANCA,Casablanca-Settat,CASABLANCA,Casablanca-Settat,31/12/2010,2222,22,222,0,45,25,0.0,Mensuelle,05/12/2019,48.0,mois,15/10/2020,CENTRE D’AFFAIRES DE RABAT,Développement,D,,,0.0,0.0,0.0,0.0,0.0,0.0,7033598.0,1553981.0,5479617.0,2965033.5,6905613.0,0.0,0.0,0.0,12157073.5,0.0,0.0,0.0,139639.5,17776330.0,10561019.785714285,7363074.142857143,16676374.0,2217858.5,1039252.5,653438.5,13335608.0,1145072.5,729657.5,-364864.5,343843.5,0.0,0.0,0.0,0.0,3802370.0,1352994.5,5155364.5,9042247.5,11747378.5,873587.0,17776330.0,0.0,0.0,0.0,0.0,0.0,0.0,0.0,0.0,0.0,0.0,0.0,33540.42857142857,0,0
3065021,01P525,RABAT,Rabat-Salé-Kénitra,RABAT,Rabat-Salé-Kénitra,13/11/2018,7023,70,702,5,0,4,5.62,Mensuelle,19/06/2018,12.0,an(s),,CENTRE D’AFFAIRES DE RABAT,Développement,C,,,33.333333333333336,0.0,0.0,33.333333333333336,0.0,0.0,12755.666666666666,318651.6666666667,12119.0,0.0,0.0,33.333333333333336,0.0,0.0,18.0,33.333333333333336,0.0,0.0,667.3333333333334,12138.333333333334,780.0,520.0,780.0,-126.0,-177.33333333333334,-528.3333333333334,14014.0,0.0,-791.0,-367.3333333333333,-1164.0,10.0,0.0,0.0,0.3333333333333333,-7690.666666666667,195.0,-7495.666666666667,216716.5,14318.333333333334,2660491.1666666665,12138.333333333334,33.333333333333336,0.0,0.0,12.340033333333333,0.0,0.0,13.474266666666667,11.0,0.0,0.0,0.3333333333333333,780.0,0,0
3076221,01P525,RABAT,Rabat-Salé-Kénitra,RABAT,Rabat-Salé-Kénitra,13/11/2018,8511,85,851,20,0,24,5.0,Mensuelle,04/10/2018,120.0,mois,31/12/2018,CENTRE D’AFFAIRES DE RABAT,Développement,C,,,33.333333333333336,0.0,0.0,33.333333333333336,0.0,0.0,12755.666666666666,318651.6666666667,12119.0,0.0,0.0,33.333333333333336,0.0,0.0,18.0,33.333333333333336,0.0,0.0,667.3333333333334,12138.333333333334,780.0,520.0,780.0,-126.0,-177.33333333333334,-528.3333333333334,14014.0,0.0,-791.0,-367.3333333333333,-1164.0,10.0,0.0,0.0,0.3333333333333333,-7690.666666666667,195.0,-7495.666666666667,216716.5,14318.333333333334,2660491.1666666665,12138.333333333334,33.333333333333336,0.0,0.0,12.340033333333333,0.0,0.0,13.474266666666667,11.0,0.0,0.0,0.3333333333333333,780.0,0,0
3056216,01P529,CASABLANCA,Casablanca-Settat,CASABLANCA,Casablanca-Settat,18/01/2007,5213,52,521,0,13,23,1.0,Mensuelle,15/03/2018,60.0,mois,25/04/2018,CENTRE D’AFFAIRES DE CASABLANCA,Développement,A,,,0.0,0.0,0.0,0.0,0.0,0.0,2450948.5,1621620.0,829328.5,7531524.0,10769401.5,0.0,0.0,0.0,19905171.0,0.0,0.0,0.0,402974.0,21137473.5,13615505.5,7358362.857142857,23108442.5,3224936.0,1933503.0,1011367.5,18152062.5,1222578.5,1731801.5,-505290.5,742527.5,0.0,0.0,0.0,0.0,3990915.5,2035247.5,6026163.0,5042680.5,9101807.0,6009503.5,21137473.5,0.0,0.0,0.0,0.0,0.0,0.0,0.0,0.0,0.0,0.0,0.0,46170.71428571428,0,0
3118232,01P544,CASABLANCA,Casablanca-Settat,CASABLANCA,Casablanca-Settat,26/08/2008,7132,71,713,2,7,24,6.5,Mensuelle,05/08/2019,60.0,mois,,CENTRE D’AFFAIRES DE CASABLANCA,Développement,D,,,0.0,0.0,0.0,0.0,0.0,0.0,10062838.5,3807446.5,6255392.0,1161875.0,10753028.0,0.0,0.0,0.0,14735649.5,0.0,0.0,0.0,1236235.0,22227276.5,10608973.857142856,6919444.5,23294128.0,3962387.0,3434645.5,3328396.5,6515294.5,268554.0,1353995.5,-245459.5,1247746.5,0.0,0.0,0.0,0.0,10078997.5,1525667.0,11604664.5,4565990.0,8406827.0,2215785.0,22227276.5,0.0,0.0,0.0,0.0,0.0,0.0,0.0,0.0,0.0,0.0,0.0,46152.57142857143,0,0
3117438,01P545,MARRAKECH,Marrakech-Safi,MARRAKECH,Marrakech-Safi,08/01/2010,117,1,11,0,15,7,,,27/08/2019,,an(s),,CENTRE D’AFFAIRES DE MARRAKECH,Développement,C,,,0.0,0.0,0.0,0.0,0.0,0.0,1310738.0,832832.0,477906.0,28344745.0,3552906.5,0.0,0.0,0.0,38728547.0,0.0,0.0,0.0,309237.5,39515690.5,67537125.42857143,66772863.71428572,100427827.5,2137135.0,1665306.5,-1346917.0,96684516.5,271342.5,1543971.0,-1694693.0,-1479406.5,0.0,0.0,0.0,0.0,2246887.5,2804945.0,5051832.5,15936921.0,19899594.0,14564264.0,39515690.5,0.0,0.0,0.0,0.0,0.0,0.0,0.0,0.0,0.0,0.0,0.0,197056.7142857143,0,0
3107795,01P572,CHEFCHAOUN,Tanger-Tétouan-Al Hoceima,CHEFCHAOUN,Tanger-Tétouan-Al Hoceima,04/01/2009,5512,55,551,0,24,7,6.0,Semestrielle,24/05/2019,10.0,an(s),29/05/2019,CENTRE D’AFFAIRES DE TANGER,Développement,D,597.0,,0.0,0.0,0.0,0.0,0.0,0.0,0.0,0.0,0.0,3742238.5,692191.5,0.0,0.0,0.0,4434430.0,0.0,0.0,0.0,39039.0,4473469.0,0.0,0.0,0.0,-8508.5,-34534.5,-36036.0,0.0,26026.0,-34534.5,0.0,-36036.0,0.0,0.0,0.0,0.0,111111.0,2502500.0,2613611.0,106106.0,1859858.0,0.0,4473469.0,0.0,0.0,0.0,0.0,0.0,0.0,0.0,0.0,0.0,0.0,0.0,0.0,1,0
3090461,01P696,AGADIR,Souss-Massa,AGADIR,Souss-Massa,08/06/2012,5050,50,505,150,24,5,5.25,Trimestrielle,07/02/2019,5.0,an(s),,CENTRE D’AFFAIRES D'AGADIR,Développement,B,,,0.0,0.0,0.0,0.0,0.0,0.0,19020644.5,6951873.5,12068771.0,3636204.0,13939068.0,0.0,0.0,0.0,23702750.5,0.0,0.0,0.0,10650354.0,46421875.5,158618328.7857143,95375899.21428572,246705745.0,12253527.0,8550685.0,6996847.0,229843399.5,3482193.0,6377800.0,-581724.0,3705487.5,0.0,0.0,0.0,0.0,12192037.0,5351775.0,17543812.0,23304924.5,26420537.0,2457526.5,46421875.5,0.0,0.0,0.0,0.0,0.0,0.0,0.0,0.0,0.0,0.0,0.0,492918.5714285714,0,0
3093053,01P696,AGADIR,Souss-Massa,AGADIR,Souss-Massa,08/06/2012,5050,50,505,200,24,9,4.9,Trimestrielle,14/02/2019,5.0,an(s),,CENTRE D’AFFAIRES D'AGADIR,Développement,B,,,0.0,0.0,0.0,0.0,0.0,0.0,19020644.5,6951873.5,12068771.0,3636204.0,13939068.0,0.0,0.0,0.0,23702750.5,0.0,0.0,0.0,10650354.0,46421875.5,158618328.7857143,95375899.21428572,246705745.0,12253527.0,8550685.0,6996847.0,229843399.5,3482193.0,6377800.0,-581724.0,3705487.5,0.0,0.0,0.0,0.0,12192037.0,5351775.0,17543812.0,23304924.5,26420537.0,2457526.5,46421875.5,0.0,0.0,0.0,0.0,0.0,0.0,0.0,0.0,0.0,0.0,0.0,492918.5714285714,0,0
3054196,01P756,RABAT,Rabat-Salé-Kénitra,RABAT,Rabat-Salé-Kénitra,17/09/2012,5533,55,553,20,0,36,8.75,Mensuelle,21/02/2018,83.0,mois,,CENTRE D’AFFAIRES DE RABAT,Développement,C,669.0,,,,,,,,,,,,,,,,,,,,,,,,,,,,,,,,,,,,,,,,,,,,,,,,,,,,,,,,1,1
3116161,01P787,MARRAKECH,Marrakech-Safi,MARRAKECH,Marrakech-Safi,09/04/2014,5161,51,516,7,2,7,6.5,Annuelle,01/08/2019,3.0,an(s),,CENTRE D’AFFAIRES DE MARRAKECH,Développement,C,,,0.0,0.0,0.0,0.0,0.0,0.0,114614.5,31531.5,83083.0,75575.5,1568066.5,0.0,0.0,0.0,1722721.0,0.0,0.0,0.0,230230.0,2036034.0,1078577.5,517016.5,2159157.0,637136.5,449449.0,322822.5,1047546.5,187187.0,436436.0,-18018.0,309809.5,0.0,0.0,0.0,0.0,726726.0,0.0,726726.0,568568.0,1243242.0,66066.0,2036034.0,0.0,0.0,0.0,0.0,0.0,0.0,0.0,0.0,0.0,0.0,0.0,4314.0,0,0
3119442,01P887,MARRAKECH,Marrakech-Safi,MARRAKECH,Marrakech-Safi,02/07/2014,4529,45,452,2,50,23,7.5,Mensuelle,28/08/2019,48.0,mois,25/10/2019,CENTRE D’AFFAIRES DE MARRAKECH,Développement,D,,,0.0,0.0,0.0,0.0,0.0,0.0,1675602.5,212982.0,1477833.5,5601381.5,1924279.5,0.0,0.0,0.0,8386521.0,0.0,0.0,0.0,139425.0,10003779.5,10796949.642857144,8641752.0,15253023.5,2353351.0,922493.0,658944.0,12116390.0,1419561.0,842484.5,-55198.0,578935.5,0.0,0.0,0.0,0.0,3934430.5,566280.0,4500710.5,3169237.5,4747957.5,813197.0,10003779.5,0.0,0.0,0.0,0.0,0.0,0.0,0.0,0.0,0.0,0.0,0.0,27785.285714285714,0,0
3113998,01Q21,CASABLANCA,Casablanca-Settat,CASABLANCA,Casablanca-Settat,23/10/2003,6070,60,607,7,70,20,6.0,Mensuelle,05/07/2019,60.0,mois,,CENTRE D’AFFAIRES DE CASABLANCA,Développement,D,,,0.0,0.0,0.0,0.0,0.0,0.0,1228666.923076923,947732.5,403185.76923076925,95810.0,4309162.0,0.0,0.0,0.0,4480981.230769231,0.0,0.0,0.0,1148576.0,6102018.076923077,9046845.615384616,6658766.230769231,13588983.923076924,2930774.6923076925,607127.5384615385,496763.6153846154,8954088.0,2707848.0,539278.3076923077,-48129.769230769234,381463.3076923077,0.0,0.0,0.0,0.0,2366117.3076923075,538116.0,2904233.3076923075,1955739.5,2938495.6923076925,340197.0,6102018.076923077,0.0,0.0,0.0,0.0,0.0,0.0,0.0,0.0,0.0,0.0,0.0,29970.14285714286,0,0
3069966,01Q8,INZEGANE,Souss-Massa,AGADIR,Souss-Massa,30/10/2002,114,1,11,0,2500,9,4.75,Trimestrielle,31/07/2018,6.0,an(s),,CENTRE D’AFFAIRES D'AGADIR,Développement,B,,,25.0,0.0,0.0,25.0,0.0,0.0,399700676.375,220158438.5,179542237.875,96495399.0,48385399.5625,25.0,0.0,0.0,182024968.125,25.0,0.0,0.0,10668407.75,372235613.75,203531015.5625,110640508.4375,356292624.1875,116656790.25,39024485.5,37007220.25,207567172.3125,77208005.875,10739979.25,-5614358.75,2341276.4375,7.5,0.0,0.0,0.25,55853172.375,177410045.3125,233263217.6875,80596828.8125,94256787.625,44715608.4375,372235613.75,25.0,0.0,0.0,10.713775,0.0,0.0,9.8639625,20.75,0.0,0.0,0.25,708489.125,0,0
3097221,01R125,RABAT,Rabat-Salé-Kénitra,CASABLANCA,Casablanca-Settat,17/02/2005,1411,14,141,2,0,24,0.0,Mensuelle,14/03/2019,48.0,mois,11/10/2018,CENTRE D’AFFAIRES DE RABAT,Développement,A,,,14.285714285714286,0.0,0.0,14.285714285714286,0.0,0.0,10329272.23076923,10292282.0,949968.5384615385,1134848.0,6974539.0,14.285714285714286,0.0,0.0,8178198.538461538,14.285714285714286,0.0,0.0,916201.0,9498537.384615384,4333498.0,2774955.769230769,8611832.692307692,2738964.230769231,912125.0769230769,358765.53846153844,4697121.0,1672385.0,169023.0,-63093.53846153846,-380948.53846153844,14.285714285714286,0.0,0.0,0.0,2842976.4615384615,1418775.4615384615,4261751.923076923,3040609.0,4867798.846153846,416559.0,9498537.384615384,14.285714285714286,0.0,0.0,6.738571428571428,0.0,0.0,0.0,14.285714285714286,0.0,0.0,0.0,20643.285714285714,0,0
3131799,01R231,TIZNIT,Souss-Massa,TIZNIT,Souss-Massa,03/12/2003,2524,25,252,4,59,25,1.0,Mensuelle,29/11/2019,60.0,mois,22/06/2020,CENTRE D’AFFAIRES D'AGADIR,Développement,C,,,0.0,0.0,0.0,0.0,0.0,0.0,23450927.5,9326817.5,14124110.0,12838826.0,8173665.5,0.0,0.0,0.0,23413390.0,0.0,0.0,0.0,433433.0,37970933.0,17555037.5,13951437.5,21344823.5,4804299.5,2449447.0,2002000.0,14177663.5,2235733.5,1098597.5,-362862.5,651150.5,0.0,0.0,0.0,0.0,13242729.5,2303301.0,15546030.5,8546037.5,19942422.5,2482480.0,37970933.0,0.0,0.0,0.0,0.0,0.0,0.0,0.0,0.0,0.0,0.0,0.0,37266.0,0,0
3074896,01R631,AGADIR,Souss-Massa,AGADIR,Souss-Massa,20/02/2007,5222,52,522,8,10,26,6.25,Mensuelle,18/09/2018,180.0,mois,30/10/2018,CENTRE D’AFFAIRES D'AGADIR,Développement,C,,,,,,,,,,,,,,,,,,,,,,,,,,,,,,,,,,,,,,,,,,,,,,,,,,,,,,,,,0,1
3112058,01R649,RABAT,Rabat-Salé-Kénitra,RABAT,Rabat-Salé-Kénitra,22/09/2015,7484,74,748,20,50,36,4.95,Mensuelle,08/07/2019,83.0,mois,,CENTRE D’AFFAIRES DE RABAT,Développement,D,,,0.0,0.0,0.0,0.0,0.0,0.0,22923515.533333335,10212514.8125,14461233.066666666,868067.2,8612541.4375,0.0,0.0,0.0,10917340.6,0.0,0.0,0.0,276588.8125,25671135.066666666,6247132.0,3125194.533333333,16487409.133333333,4428320.6,3300523.1333333333,2652016.466666667,11582195.625,1337148.3125,1127895.5333333334,-385358.26666666666,479389.4,0.0,0.0,0.0,0.0,7822247.066666666,10300847.533333333,18123094.6,4121304.6875,7492945.266666667,228695.13333333333,25671068.333333332,0.0,0.0,0.0,0.0,0.0,0.0,0.0,0.0,0.0,0.0,0.0,35138.0,0,0
3109562,01S1001,CASABLANCA,Casablanca-Settat,CASABLANCA,Casablanca-Settat,30/05/2008,2661,26,266,2,0,24,6.0,Mensuelle,10/06/2019,60.0,mois,,CENTRE D’AFFAIRES DE CASABLANCA,Développement,D,,,100.0,0.0,0.0,100.0,0.0,0.0,10023513.5,7461954.5,2561559.0,6125119.0,29867838.0,100.0,0.0,0.0,49675125.5,0.0,0.0,0.0,1615614.0,53852298.5,49933383.5,30848818.0,53189636.5,4194690.5,3116613.5,3213710.5,48176628.5,1071070.0,536035.5,-1131630.5,633132.5,30.0,0.0,0.0,1.0,13037524.5,1762761.0,14800285.5,18387369.0,23514991.5,15537021.5,53852298.5,100.0,0.0,0.0,35.8712,0.0,0.0,41.6403,66.0,0.0,0.0,1.0,106725.0,0,0
3114178,01S1001,CASABLANCA,Casablanca-Settat,CASABLANCA,Casablanca-Settat,30/05/2008,2661,26,266,0,0,24,6.0,Mensuelle,08/07/2019,60.0,mois,,CENTRE D’AFFAIRES D’OUJDA,Développement,D,,,100.0,0.0,0.0,100.0,0.0,0.0,10023513.5,7461954.5,2561559.0,6125119.0,29867838.0,100.0,0.0,0.0,49675125.5,0.0,0.0,0.0,1615614.0,53852298.5,49933383.5,30848818.0,53189636.5,4194690.5,3116613.5,3213710.5,48176628.5,1071070.0,536035.5,-1131630.5,633132.5,30.0,0.0,0.0,1.0,13037524.5,1762761.0,14800285.5,18387369.0,23514991.5,15537021.5,53852298.5,100.0,0.0,0.0,35.8712,0.0,0.0,41.6403,66.0,0.0,0.0,1.0,106725.0,0,0
3075436,01S1021,TANGER,Tanger-Tétouan-Al Hoceima,TANGER,Tanger-Tétouan-Al Hoceima,02/08/1994,6062,60,606,0,400,24,6.5,Mensuelle,13/11/2018,48.0,mois,05/10/2018,CENTRE D’AFFAIRES DE TANGER,Développement,C,,,0.0,0.0,0.0,0.0,0.0,0.0,152250661.0625,23626402.8,130100908.4375,1235546.8125,63018643.1875,0.0,0.0,0.0,101697283.1875,0.0,0.0,0.0,2340025.1875,234138216.8125,48242450.625,23450676.5,105825907.6875,23713252.0625,-332081.75,-4232665.9375,57017648.1875,23281383.125,-4275834.0625,199449.25,-8951817.875,0.0,0.0,0.0,0.0,79065674.1875,40738072.375,119803746.5625,60585775.25,92391674.375,21942795.875,234138216.8125,0.0,0.0,0.0,0.0,0.0,0.0,0.0,0.0,0.0,0.0,0.0,204222.375,0,0
3103279,01S1098,MEKNES,Fès-Meknès,CASABLANCA,Casablanca-Settat,25/10/1993,3613,36,361,0,120,1,5.0,Trimestrielle,19/04/2019,7.0,an(s),28/08/2019,CENTRE D’AFFAIRES DE FES,Développement,B,62.0,,0.0,0.0,0.0,0.0,0.0,0.0,48552689.9,33371782.015000004,15180907.885,21950640.139999997,24863302.75,0.0,0.0,0.0,53509871.415,0.0,0.0,0.0,1108154.19,69798933.49,31963668.787142854,21498749.14285714,72075733.73,11355008.665000001,5917412.93,3904634.3049999997,55721417.894999996,5221907.405,2323039.29,-1280246.825,473852.66500000004,0.0,0.0,0.0,0.0,25281461.919999998,4843100.405,30124562.325,11735540.959999999,16832807.419999998,22841564.46,69798934.205,0.0,0.0,0.0,0.0,0.0,0.0,0.0,0.0,0.0,0.0,0.0,142373.14571428573,1,0
3060737,01S1168,FES,Fès-Meknès,FES,Fès-Meknès,23/01/1975,1931,19,193,0,0,4,5.25,Trimestrielle,23/04/2018,84.0,mois,27/12/2018,CENTRE D’AFFAIRES DE FES,Développement,C,,,14.285714285714286,0.0,0.0,7.142857142857143,0.0,0.0,10649829.905000001,6160195.47,4489634.4350000005,1507708.345,4984323.63,10.714285714285714,0.0,0.0,12417718.17,14.285714285714286,0.0,0.0,442607.16500000004,17349959.77,9931159.146428572,6477993.0,20892237.080000002,5935812.024999999,1520329.5250000001,1144516.945,13757707.535,4357881.385,917545.2000000001,-290460.885,482745.12,5.0,0.0,0.0,0.2857142857142857,5359153.085,1466646.6099999999,6825799.695,6904612.714999999,9689172.35,834980.5750000001,17349952.62,7.285714285714286,0.0,0.0,4.3811857142857145,0.0,0.0,6.500714285714286,4.714285714285714,0.0,0.0,0.14285714285714285,41884.15,0,0
3050705,01S1230,FES,Fès-Meknès,FES,Fès-Meknès,26/02/2004,9002,90,900,51,27,28,7.0,Mensuelle,16/01/2018,4.0,an(s),02/05/2018,CENTRE D’AFFAIRES DE FES,Développement,C,,,0.0,0.0,0.0,0.0,0.0,0.0,6961943.341428571,5010828.3225,2957929.5442857146,41798.00625,8610061.46,0.0,0.0,0.0,8098407.967142857,0.0,0.0,0.0,566764.94875,11447143.167142857,6674641.427142858,4158751.104285714,7230177.9428571435,3734465.568571429,1773185.1785714286,1229808.0014285713,2515807.04375,2317326.26125,1248521.352857143,-35456.75285714286,641873.8257142857,0.0,0.0,0.0,0.0,7180273.590000001,270119.85,7450393.4399999995,2056714.6600000001,3966356.5100000002,26595.31875,11447144.6,0.0,0.0,0.0,0.0,0.0,0.0,0.0,0.0,0.0,0.0,0.0,15884.307499999999,0,0
3074598,01S1407,FES,Fès-Meknès,FES,Fès-Meknès,06/03/1996,2710,27,271,0,124,22,1.0,Mensuelle,08/10/2018,48.0,mois,,CENTRE D’AFFAIRES DE FES,Développement,B,,,0.0,0.0,0.0,0.0,0.0,0.0,46222926.75,14913648.75,31309278.0,29779750.0,49587538.0,0.0,0.0,0.0,92585493.0,0.0,0.0,0.0,278278.0,124173049.0,183468285.0,177070643.75,177387210.0,14821056.25,8084576.5,4724720.0,158308900.75,6173167.0,5626871.25,-3071818.75,1973721.75,0.0,0.0,0.0,0.0,32336053.75,2593591.0,34929644.75,57035979.0,65486421.0,23756983.25,124173049.0,0.0,0.0,0.0,0.0,0.0,0.0,0.0,0.0,0.0,0.0,0.0,379517.0,0,0
3078806,01S1544,TAZA,Fès-Meknès,CASABLANCA,Casablanca-Settat,27/08/1992,4529,45,452,0,365,23,1.0,Mensuelle,19/10/2018,48.0,mois,25/10/2018,CENTRE D’AFFAIRES DE FES,Développement,C,,,0.0,0.0,0.0,0.0,0.0,0.0,4102598.5,2917128.5,1185470.0,12207123.5,9827103.0,0.0,0.0,0.0,22864699.0,0.0,0.0,0.0,531388.0,24581557.0,10310093.142857144,7686277.071428572,21813935.0,3820745.5,848776.5,403260.0,15527011.5,2870868.0,745101.5,-773844.5,187759.0,0.0,0.0,0.0,0.0,8468603.0,1702915.5,10171518.5,3104601.5,7119612.5,7290426.0,24581557.0,0.0,0.0,0.0,0.0,0.0,0.0,0.0,0.0,0.0,0.0,0.0,40793.142857142855,0,0
3114725,01S1553,CASABLANCA,Casablanca-Settat,CASABLANCA,Casablanca-Settat,12/09/1997,6025,60,602,5,100,23,7.0,Mensuelle,10/07/2019,48.0,mois,05/07/2019,CENTRE D’AFFAIRES DE CASABLANCA,Développement,C,,,0.0,0.0,0.0,0.0,0.0,0.0,5578507.923076923,5472324.0,597159.0,273201.5,2581436.0,0.0,0.0,0.0,3125962.3076923075,0.0,0.0,0.0,248891.5,3984235.230769231,5836380.769230769,3649542.230769231,11646313.461538462,3936789.3846153845,40520.46153846154,26268.46153846154,1687042.5,4200482.0,-76490.92307692308,-125396.76923076923,-90742.92307692308,0.0,0.0,0.0,0.0,753302.1538461539,548945.0769230769,1302247.2307692308,1464534.5,2028231.0,757757.0,3984235.230769231,0.0,0.0,0.0,0.0,0.0,0.0,0.0,0.0,0.0,0.0,0.0,25808.571428571428,0,0
3055169,01S1573,RABAT,Rabat-Salé-Kénitra,CASABLANCA,Casablanca-Settat,19/08/1983,4531,45,453,0,44,1,,,27/02/2018,,an(s),,CENTRE D’AFFAIRES DE CASABLANCA,Développement,B,,,0.0,0.0,0.0,0.0,0.0,0.0,839767.5,574574.0,265193.5,1461889.0,9333395.5,0.0,0.0,0.0,12225928.0,0.0,0.0,0.0,54983.5,12546105.0,5980534.285714285,3896895.0,14746374.5,2910121.5,602173.0,269340.5,11455658.5,2240881.5,457028.0,-153868.0,218289.5,0.0,0.0,0.0,0.0,1802372.0,310310.0,2112682.0,5474326.0,8547396.0,1886027.0,12546105.0,0.0,0.0,0.0,0.0,0.0,0.0,0.0,0.0,0.0,0.0,0.0,28305.285714285714,0,0
3086370,01S1573,RABAT,Rabat-Salé-Kénitra,CASABLANCA,Casablanca-Settat,19/08/1983,4531,45,453,0,44,1,,,26/12/2018,,an(s),,CENTRE D’AFFAIRES DE RABAT,Développement,C,,,0.0,0.0,0.0,0.0,0.0,0.0,839767.5,574574.0,265193.5,1461889.0,9333395.5,0.0,0.0,0.0,12225928.0,0.0,0.0,0.0,54983.5,12546105.0,5980534.285714285,3896895.0,14746374.5,2910121.5,602173.0,269340.5,11455658.5,2240881.5,457028.0,-153868.0,218289.5,0.0,0.0,0.0,0.0,1802372.0,310310.0,2112682.0,5474326.0,8547396.0,1886027.0,12546105.0,0.0,0.0,0.0,0.0,0.0,0.0,0.0,0.0,0.0,0.0,0.0,28305.285714285714,0,0
3114733,01S1601,ERRACHIDIA,Drâa-Tafilalet,ERRACHIDIA,Drâa-Tafilalet,03/02/1993,4529,45,452,179,328,31,5.0,Trimestrielle,22/07/2019,7.0,an(s),22/10/2021,CENTRE D’AFFAIRES DE FES,Développement,D,,,0.0,0.0,0.0,0.0,0.0,0.0,22315722.0,12283986.0,10031736.0,27776534.5,67067143.0,0.0,0.0,0.0,100898440.5,0.0,0.0,0.0,1832187.5,112762364.0,53463319.5,28824663.785714287,97603148.5,17026652.5,5046684.5,2636491.0,78779200.5,11547822.0,3396607.5,-1376017.5,986414.0,0.0,0.0,0.0,0.0,24669788.0,29469440.0,54139228.0,12853412.0,49143666.0,9479470.0,112762364.0,0.0,0.0,0.0,0.0,0.0,0.0,0.0,0.0,0.0,0.0,0.0,195131.2857142857,0,0
3104624,01S1715,SIDI KACEM,Rabat-Salé-Kénitra,SIDI KACEM,Rabat-Salé-Kénitra,02/10/2012,5154,51,515,2,16,22,5.0,Mensuelle,30/04/2019,48.0,mois,31/10/2019,CENTRE D’AFFAIRES DE RABAT,Développement,C,883.0,,0.0,0.0,0.0,0.0,0.0,0.0,2114712.6,463963.5,1650749.1,547847.3,4215411.2,0.0,0.0,0.0,5459053.6,0.0,0.0,0.0,90290.2,7200092.9,4569611.2,3051311.4,7088981.9,636035.4,404203.8,263663.4,5232126.9,215715.5,245445.2,-139739.6,104904.8,0.0,0.0,0.0,0.0,2551949.4,676676.0,3228625.4,2221619.4,3438134.7,533332.8,7200092.9,0.0,0.0,0.0,0.0,0.0,0.0,0.0,0.0,0.0,0.0,0.0,14159.4,1,0
3098180,01S1721,DAKHLA,Dakhla-Oued Ed-Dahab,DAKHLA,Dakhla-Oued Ed-Dahab,11/09/2009,6033,60,603,4,40,23,5.3,Mensuelle,18/03/2019,48.0,mois,05/03/2019,CENTRE D’AFFAIRES DE LAAYOUNE,Développement,C,,,0.0,0.0,0.0,0.0,0.0,0.0,14506734.42857143,9046725.1875,8564834.214285715,97472.375,6162093.4375,0.0,0.0,0.0,11851062.857142856,0.0,0.0,0.0,3512133.625,21656049.785714287,24378604.0,17542927.285714287,36724607.0,5713502.214285715,2969148.0714285714,2864820.0,23145059.4375,3726222.5,1406191.7857142857,-204703.57142857142,1245009.142857143,0.0,0.0,0.0,0.0,9142517.57142857,286571.4285714286,9429089.0,7160590.9375,11461410.285714285,669856.6875,21656049.785714287,0.0,0.0,0.0,0.0,0.0,0.0,0.0,0.0,0.0,0.0,0.0,92312.25,0,0
3105231,01S1740,CASABLANCA,Casablanca-Settat,CASABLANCA,Casablanca-Settat,10/02/2003,4522,45,452,3,132,25,5.0,Mensuelle,03/05/2019,48.0,mois,,CENTRE D’AFFAIRES DE CASABLANCA,Développement,C,,,0.0,0.0,0.0,0.0,0.0,0.0,32362544.5,29305776.5,3056768.0,14822450.5,62522174.0,0.0,0.0,0.0,80293642.0,0.0,0.0,0.0,22093.5,83372503.5,9548786.5,7955008.214285715,29763233.5,6988910.5,2858498.5,2368080.0,18086640.0,3913838.5,641569.5,-749391.5,151151.0,0.0,0.0,0.0,0.0,19822803.0,4624477.0,24447280.0,9607526.5,40197443.0,18727780.5,83372503.5,0.0,0.0,0.0,0.0,0.0,0.0,0.0,0.0,0.0,0.0,0.0,59667.71428571428,0,0
3126052,01S1850,AGADIR,Souss-Massa,AGADIR,Souss-Massa,16/05/2012,6062,60,606,7,27,5,7.5,Mensuelle,14/10/2019,4.0,an(s),30/10/2019,CENTRE D’AFFAIRES D'AGADIR,Développement,D,,,0.0,0.0,0.0,0.0,0.0,0.0,1539752.5,928213.0,611539.5,0.0,6544609.5,0.0,0.0,0.0,9388522.0,0.0,0.0,0.0,112398.0,10112459.5,7665049.642857143,5042525.5,15221706.5,2231586.5,986628.5,648290.5,9317093.5,1332903.0,785856.5,-220363.0,447518.5,0.0,0.0,0.0,0.0,3074142.5,1007792.5,4081935.0,4095806.0,4951947.0,1161545.0,10112459.5,0.0,0.0,0.0,0.0,0.0,0.0,0.0,0.0,0.0,0.0,0.0,30413.0,0,0
3129213,01S1850,AGADIR,Souss-Massa,AGADIR,Souss-Massa,16/05/2012,6062,60,606,4,27,23,6.5,Mensuelle,13/11/2019,48.0,mois,25/10/2019,CENTRE D’AFFAIRES D'AGADIR,Développement,D,,,0.0,0.0,0.0,0.0,0.0,0.0,1539752.5,928213.0,611539.5,0.0,6544609.5,0.0,0.0,0.0,9388522.0,0.0,0.0,0.0,112398.0,10112459.5,7665049.642857143,5042525.5,15221706.5,2231586.5,986628.5,648290.5,9317093.5,1332903.0,785856.5,-220363.0,447518.5,0.0,0.0,0.0,0.0,3074142.5,1007792.5,4081935.0,4095806.0,4951947.0,1161545.0,10112459.5,0.0,0.0,0.0,0.0,0.0,0.0,0.0,0.0,0.0,0.0,0.0,30413.0,0,0
3113551,01S1959,AGADIR,Souss-Massa,AGADIR,Souss-Massa,12/01/1998,6024,60,602,0,35,25,1.0,Mensuelle,03/07/2019,60.0,mois,,CENTRE D’AFFAIRES D'AGADIR,Développement,C,,,100.0,100.0,100.0,100.0,100.0,100.0,1735734.0,759258.5,976475.5,569569.0,7051044.0,100.0,100.0,100.0,7621113.5,100.0,100.0,100.0,2502.5,8600091.5,8722213.5,8698690.0,9731221.5,1681179.5,-33033.0,-179679.5,5258253.0,1582080.5,-35535.5,-104104.0,-182182.0,100.0,100.0,100.0,1.0,2542540.0,631130.5,3173670.5,2068566.5,4151647.5,1274773.5,8600091.5,51.0,51.0,51.0,38.0667,38.0667,38.0667,38.9743,50.0,50.0,50.0,2.0,19443.0,0,0
3074662,01S1974,TANGER,Tanger-Tétouan-Al Hoceima,TANGER,Tanger-Tétouan-Al Hoceima,25/02/2013,5163,51,516,1,6,23,7.0,Mensuelle,14/09/2018,60.0,mois,05/08/2018,CENTRE D’AFFAIRES DE TANGER,Développement,B,1762.0,,,,,,,,,,,,,,,,,,,,,,,,,,,,,,,,,,,,,,,,,,,,,,,,,,,,,,,,1,1
3075734,01S2001,MOHAMMEDIA,Casablanca-Settat,CASABLANCA,Casablanca-Settat,25/11/2008,7210,72,721,15,56,23,0.1,Mensuelle,27/09/2018,48.0,mois,,CENTRE D’AFFAIRES DE CASABLANCA,Développement,A,,,0.0,0.0,0.0,0.0,0.0,0.0,3873786.5833333335,2787201.0833333335,1086585.5,178928.75,14759828.416666666,0.0,0.0,0.0,16316883.916666666,0.0,0.0,0.0,577743.8333333334,17981213.25,8171295.75,7119739.083333333,12478132.333333334,5114526.083333333,51051.0,-272355.4166666667,5271516.25,4994322.666666667,-310643.6666666667,-138054.58333333334,-635718.4166666666,0.0,0.0,0.0,0.0,7280273.0,1605437.1666666667,8885710.166666666,3662909.25,7743402.333333333,1352100.75,17981213.25,0.0,0.0,0.0,0.0,0.0,0.0,0.0,0.0,0.0,0.0,0.0,24861.666666666668,0,0
3083503,01S2013,MARRAKECH,Marrakech-Safi,MARRAKECH,Marrakech-Safi,17/01/2008,4529,45,452,1,140,22,5.0,Mensuelle,03/12/2018,48.0,mois,,CENTRE D’AFFAIRES DE CASABLANCA,Développement,B,,,14.285714285714286,14.285714285714286,4.571428571428571,14.285714285714286,14.285714285714286,7.142857142857143,14836035.5,12958302.5,1877733.0,21362555.5,30090417.5,14.285714285714286,14.285714285714286,10.714285714285714,53503021.0,14.285714285714286,14.285714285714286,7.142857142857143,767195.0,56147949.0,32355422.5,20094203.5,68247536.5,4140636.5,-1517087.0,-2082723.5,55538340.0,5541321.5,-2036248.5,-108894.5,-2605388.5,14.285714285714286,14.285714285714286,5.0,0.2857142857142857,19992043.5,546474.5,20538518.0,12229932.0,32773812.5,2835618.5,56147949.0,7.285714285714286,7.285714285714286,7.285714285714286,4.6212,4.6212,3.5146,5.2582571428571425,0.14285714285714285,0.14285714285714285,7.142857142857143,0.14285714285714285,130227.28571428571,0,0
3077809,01S2052,FES,Fès-Meknès,CASABLANCA,Casablanca-Settat,01/08/2006,1920,19,192,0,70,23,0.0,Mensuelle,12/10/2018,48.0,an(s),05/10/2018,CENTRE D’AFFAIRES DE FES,Développement,C,,,0.0,0.0,0.0,0.0,0.0,0.0,5591284.2700000005,2105105.145,3486179.125,299617.89,2186883.985,0.0,0.0,0.0,5455724.5600000005,0.0,0.0,0.0,830962.275,9772865.959999999,7746233.139285713,3552095.1764285713,13135199.22,3741056.605,1277526.25,891497.035,8296391.675,2445746.875,935982.905,-157542.385,548666.6900000001,0.0,0.0,0.0,0.0,3274380.395,1008871.4349999999,4283251.83,3575616.3299999996,4301046.034999999,1188535.205,9772833.069999998,0.0,0.0,0.0,0.0,0.0,0.0,0.0,0.0,0.0,0.0,0.0,25726.42142857143,0,0
3078172,01S2052,FES,Fès-Meknès,CASABLANCA,Casablanca-Settat,01/08/2006,1920,19,192,25,70,5,5.5,Mensuelle,16/10/2018,60.0,mois,24/12/2018,CENTRE D’AFFAIRES DE FES,Développement,B,,,0.0,0.0,0.0,0.0,0.0,0.0,5591284.2700000005,2105105.145,3486179.125,299617.89,2186883.985,0.0,0.0,0.0,5455724.5600000005,0.0,0.0,0.0,830962.275,9772865.959999999,7746233.139285713,3552095.1764285713,13135199.22,3741056.605,1277526.25,891497.035,8296391.675,2445746.875,935982.905,-157542.385,548666.6900000001,0.0,0.0,0.0,0.0,3274380.395,1008871.4349999999,4283251.83,3575616.3299999996,4301046.034999999,1188535.205,9772833.069999998,0.0,0.0,0.0,0.0,0.0,0.0,0.0,0.0,0.0,0.0,0.0,25726.42142857143,0,0
3095520,01S2055,OUJDA,L'oriental,OUJDA,L'oriental,13/02/2012,6033,60,603,10,32,23,6.0,Mensuelle,27/02/2019,60.0,mois,25/10/2019,CENTRE D’AFFAIRES D’OUJDA,Développement,C,2875.0,,0.0,0.0,0.0,0.0,0.0,0.0,2314312.0,1344843.5,969468.5,2317315.0,3955451.5,0.0,0.0,0.0,6457951.5,0.0,0.0,0.0,7007.0,7434427.0,7619612.0,5296791.5,10181171.0,1430929.5,547547.0,600600.0,5295790.5,879378.5,408908.5,146146.0,461961.5,0.0,0.0,0.0,0.0,2059557.5,3741237.5,5800795.0,507006.5,1005504.5,628127.5,7434427.0,0.0,0.0,0.0,0.0,0.0,0.0,0.0,0.0,0.0,0.0,0.0,19997.0,1,0
3054103,01S208,CASABLANCA,Casablanca-Settat,CASABLANCA,Casablanca-Settat,21/10/1991,5122,51,512,0,86,23,1.0,Mensuelle,26/03/2018,60.0,mois,25/11/2019,CENTRE D’AFFAIRES DE CASABLANCA,Développement,A,,,0.0,0.0,0.0,0.0,0.0,0.0,63599035.5,26224698.5,37374337.0,63570006.5,28867338.5,0.0,0.0,0.0,104009155.25,0.0,0.0,0.0,3636132.5,145019624.75,135025891.0,104377281.5,131178047.0,15118353.25,11895633.75,8021263.25,103880026.25,2927424.5,9132373.25,-3143640.5,5266511.25,0.0,0.0,0.0,0.0,34602067.5,11496234.75,46098302.25,35975189.25,46515218.75,52406103.75,145019624.75,0.0,0.0,0.0,0.0,0.0,0.0,0.0,0.0,0.0,0.0,0.0,262094.0,0,0
3065541,01S208,CASABLANCA,Casablanca-Settat,CASABLANCA,Casablanca-Settat,21/10/1991,2442,24,244,70,86,1,6.08,Trimestrielle,22/06/2018,10.0,an(s),,CENTRE D’AFFAIRES DE CASABLANCA,Développement,B,,,0.0,0.0,0.0,0.0,0.0,0.0,63599035.5,26224698.5,37374337.0,63570006.5,28867338.5,0.0,0.0,0.0,104009155.25,0.0,0.0,0.0,3636132.5,145019624.75,135025891.0,104377281.5,131178047.0,15118353.25,11895633.75,8021263.25,103880026.25,2927424.5,9132373.25,-3143640.5,5266511.25,0.0,0.0,0.0,0.0,34602067.5,11496234.75,46098302.25,35975189.25,46515218.75,52406103.75,145019624.75,0.0,0.0,0.0,0.0,0.0,0.0,0.0,0.0,0.0,0.0,0.0,262094.0,0,0
3094956,01S208,CASABLANCA,Casablanca-Settat,CASABLANCA,Casablanca-Settat,21/10/1991,5122,51,512,5,86,23,1.0,Mensuelle,22/02/2019,60.0,mois,,CENTRE D’AFFAIRES DE CASABLANCA,Développement,A,,,0.0,0.0,0.0,0.0,0.0,0.0,63599035.5,26224698.5,37374337.0,63570006.5,28867338.5,0.0,0.0,0.0,104009155.25,0.0,0.0,0.0,3636132.5,145019624.75,135025891.0,104377281.5,131178047.0,15118353.25,11895633.75,8021263.25,103880026.25,2927424.5,9132373.25,-3143640.5,5266511.25,0.0,0.0,0.0,0.0,34602067.5,11496234.75,46098302.25,35975189.25,46515218.75,52406103.75,145019624.75,0.0,0.0,0.0,0.0,0.0,0.0,0.0,0.0,0.0,0.0,0.0,262094.0,0,0
3056094,01S2097,SALE,Rabat-Salé-Kénitra,SALE,Rabat-Salé-Kénitra,05/03/2014,6042,60,604,2,0,22,0.0,Mensuelle,09/03/2018,48.0,mois,,CENTRE D’AFFAIRES DE RABAT,Développement,C,,,0.0,0.0,0.0,0.0,0.0,0.0,3164661.5,1812185.375,1352476.125,0.0,274649.375,0.0,0.0,0.0,396521.125,0.0,0.0,0.0,288413.125,2037410.375,2412079.125,974778.875,4172042.875,765514.75,465089.625,365365.0,1483732.25,234859.625,332957.625,-69944.875,233858.625,0.0,0.0,0.0,0.0,-604228.625,1623622.0,1019393.375,544168.625,662787.125,355229.875,2037410.375,0.0,0.0,0.0,0.0,0.0,0.0,0.0,0.0,0.0,0.0,0.0,8335.75,0,0
3071017,01S2097,SALE,Rabat-Salé-Kénitra,SALE,Rabat-Salé-Kénitra,05/03/2014,6042,60,604,2,0,24,0.0,Mensuelle,02/08/2018,60.0,mois,30/12/2018,CENTRE D’AFFAIRES DE RABAT,Développement,C,,,0.0,0.0,0.0,0.0,0.0,0.0,3164661.5,1812185.375,1352476.125,0.0,274649.375,0.0,0.0,0.0,396521.125,0.0,0.0,0.0,288413.125,2037410.375,2412079.125,974778.875,4172042.875,765514.75,465089.625,365365.0,1483732.25,234859.625,332957.625,-69944.875,233858.625,0.0,0.0,0.0,0.0,-604228.625,1623622.0,1019393.375,544168.625,662787.125,355229.875,2037410.375,0.0,0.0,0.0,0.0,0.0,0.0,0.0,0.0,0.0,0.0,0.0,8335.75,0,0
3130158,01S2162,TANGER,Tanger-Tétouan-Al Hoceima,CASABLANCA,Casablanca-Settat,07/01/2016,1562,15,156,120,85,4,6.0,Trimestrielle,26/12/2019,83.0,mois,,CENTRE D’AFFAIRES DE TANGER,Développement,C,,,0.0,0.0,0.0,0.0,0.0,0.0,9015006.0,377877.5,8637128.5,2694091.4,4888183.3,0.0,0.0,0.0,10493082.6,0.0,0.0,0.0,527627.1,19657838.2,14402357.7,9869834.4,24261737.5,1619217.6,873172.3,277377.1,22266844.6,746645.9,794994.2,-466566.1,199199.0,0.0,0.0,0.0,0.0,3715812.1,6536429.9,10252242.0,4506301.8,5981775.8,3423820.4,19657838.2,0.0,0.0,0.0,0.0,0.0,0.0,0.0,0.0,0.0,0.0,0.0,48475.0,0,0
3066647,01S222,OUJDA,L'oriental,CASABLANCA,Casablanca-Settat,15/01/1992,2661,26,266,0,230,24,6.5,Mensuelle,21/06/2018,60.0,mois,24/12/2018,CENTRE D’AFFAIRES D’OUJDA,Développement,C,,,14.285714285714286,0.0,0.0,14.285714285714286,0.0,0.0,87037736.5,51186635.5,35851101.0,18783479.0,68500289.0,14.285714285714286,0.0,0.0,100473373.0,14.285714285714286,0.0,0.0,906048.0,137230522.0,55700444.85714286,37198124.35714286,106734127.5,17148059.5,5454020.0,4256967.0,73661945.5,11163938.5,2989844.0,-2729369.5,741383.5,14.285714285714286,0.0,0.0,0.14285714285714285,27731203.5,11698258.0,39429461.5,37381844.5,61649516.5,36151544.0,137230522.0,7.285714285714286,0.0,0.0,5.704842857142857,0.0,0.0,6.5960714285714275,9.428571428571429,0.0,0.0,0.14285714285714285,210646.7142857143,0,0
3086980,01S222,OUJDA,L'oriental,CASABLANCA,Casablanca-Settat,15/01/1992,2661,26,266,0,230,24,6.0,Mensuelle,16/01/2019,88.0,mois,16/07/2018,CENTRE D’AFFAIRES D’OUJDA,Développement,C,3100.0,,14.285714285714286,0.0,0.0,14.285714285714286,0.0,0.0,87037736.5,51186635.5,35851101.0,18783479.0,68500289.0,14.285714285714286,0.0,0.0,100473373.0,14.285714285714286,0.0,0.0,906048.0,137230522.0,55700444.85714286,37198124.35714286,106734127.5,17148059.5,5454020.0,4256967.0,73661945.5,11163938.5,2989844.0,-2729369.5,741383.5,14.285714285714286,0.0,0.0,0.14285714285714285,27731203.5,11698258.0,39429461.5,37381844.5,61649516.5,36151544.0,137230522.0,7.285714285714286,0.0,0.0,5.704842857142857,0.0,0.0,6.5960714285714275,9.428571428571429,0.0,0.0,0.14285714285714285,210646.7142857143,1,0
3109354,01S222,OUJDA,L'oriental,CASABLANCA,Casablanca-Settat,15/01/1992,2666,26,266,0,230,23,6.0,Mensuelle,04/06/2019,48.0,mois,25/03/2020,CENTRE D’AFFAIRES D’OUJDA,Développement,C,159.0,,14.285714285714286,0.0,0.0,14.285714285714286,0.0,0.0,87037736.5,51186635.5,35851101.0,18783479.0,68500289.0,14.285714285714286,0.0,0.0,100473373.0,14.285714285714286,0.0,0.0,906048.0,137230522.0,55700444.85714286,37198124.35714286,106734127.5,17148059.5,5454020.0,4256967.0,73661945.5,11163938.5,2989844.0,-2729369.5,741383.5,14.285714285714286,0.0,0.0,0.14285714285714285,27731203.5,11698258.0,39429461.5,37381844.5,61649516.5,36151544.0,137230522.0,7.285714285714286,0.0,0.0,5.704842857142857,0.0,0.0,6.5960714285714275,9.428571428571429,0.0,0.0,0.14285714285714285,210646.7142857143,1,0
3114529,01S222,OUJDA,L'oriental,CASABLANCA,Casablanca-Settat,15/01/1992,2661,26,266,0,230,24,6.0,Mensuelle,09/07/2019,60.0,mois,20/12/2019,CENTRE D’AFFAIRES D’OUJDA,Développement,C,2306.0,,14.285714285714286,0.0,0.0,14.285714285714286,0.0,0.0,87037736.5,51186635.5,35851101.0,18783479.0,68500289.0,14.285714285714286,0.0,0.0,100473373.0,14.285714285714286,0.0,0.0,906048.0,137230522.0,55700444.85714286,37198124.35714286,106734127.5,17148059.5,5454020.0,4256967.0,73661945.5,11163938.5,2989844.0,-2729369.5,741383.5,14.285714285714286,0.0,0.0,0.14285714285714285,27731203.5,11698258.0,39429461.5,37381844.5,61649516.5,36151544.0,137230522.0,7.285714285714286,0.0,0.0,5.704842857142857,0.0,0.0,6.5960714285714275,9.428571428571429,0.0,0.0,0.14285714285714285,210646.7142857143,1,0
3114813,01S222,OUJDA,L'oriental,CASABLANCA,Casablanca-Settat,15/01/1992,2661,26,266,0,230,22,6.0,Mensuelle,26/07/2019,60.0,mois,05/05/2020,CENTRE D’AFFAIRES D’OUJDA,Développement,C,183.0,,14.285714285714286,0.0,0.0,14.285714285714286,0.0,0.0,87037736.5,51186635.5,35851101.0,18783479.0,68500289.0,14.285714285714286,0.0,0.0,100473373.0,14.285714285714286,0.0,0.0,906048.0,137230522.0,55700444.85714286,37198124.35714286,106734127.5,17148059.5,5454020.0,4256967.0,73661945.5,11163938.5,2989844.0,-2729369.5,741383.5,14.285714285714286,0.0,0.0,0.14285714285714285,27731203.5,11698258.0,39429461.5,37381844.5,61649516.5,36151544.0,137230522.0,7.285714285714286,0.0,0.0,5.704842857142857,0.0,0.0,6.5960714285714275,9.428571428571429,0.0,0.0,0.14285714285714285,210646.7142857143,1,0
3128232,01S222,OUJDA,L'oriental,CASABLANCA,Casablanca-Settat,15/01/1992,2666,26,266,0,230,20,6.0,Mensuelle,31/10/2019,60.0,mois,,CENTRE D’AFFAIRES D’OUJDA,Développement,C,,,14.285714285714286,0.0,0.0,14.285714285714286,0.0,0.0,87037736.5,51186635.5,35851101.0,18783479.0,68500289.0,14.285714285714286,0.0,0.0,100473373.0,14.285714285714286,0.0,0.0,906048.0,137230522.0,55700444.85714286,37198124.35714286,106734127.5,17148059.5,5454020.0,4256967.0,73661945.5,11163938.5,2989844.0,-2729369.5,741383.5,14.285714285714286,0.0,0.0,0.14285714285714285,27731203.5,11698258.0,39429461.5,37381844.5,61649516.5,36151544.0,137230522.0,7.285714285714286,0.0,0.0,5.704842857142857,0.0,0.0,6.5960714285714275,9.428571428571429,0.0,0.0,0.14285714285714285,210646.7142857143,0,0
3053804,01S2411,MARRAKECH,Marrakech-Safi,MARRAKECH,Marrakech-Safi,27/07/2011,4521,45,452,3,290,22,8.0,Mensuelle,15/02/2018,60.0,mois,,CENTRE D’AFFAIRES DE MARRAKECH,Développement,D,,,0.0,0.0,0.0,0.0,0.0,0.0,21612948.5,10562051.5,11050897.0,20355764.0,58937807.5,0.0,0.0,0.0,88192247.0,0.0,0.0,0.0,339410.5,99582554.5,63484931.78571428,42729504.14285714,116794249.0,13157144.0,4596592.0,2979405.0,93185020.5,8035456.0,2458027.0,-1152794.5,840840.0,0.0,0.0,0.0,0.0,12969599.5,6258395.0,19227994.5,30641682.5,49390341.0,30964219.0,99582554.5,0.0,0.0,0.0,0.0,0.0,0.0,0.0,0.0,0.0,0.0,0.0,223665.42857142858,0,0
3126231,01S2480,CASABLANCA,Casablanca-Settat,CASABLANCA,Casablanca-Settat,30/08/2012,1744,17,174,0,290,20,1.0,Mensuelle,16/10/2019,120.0,mois,,CENTRE D’AFFAIRES DE FES,Développement,C,,,0.0,0.0,0.0,0.0,0.0,0.0,7536372.0,3276806.8666666667,5661133.307692308,856230.375,1199010.3125,0.0,0.0,0.0,2934151.153846154,0.0,0.0,0.0,139576.9375,8665379.153846154,5997225.307692308,4134660.230769231,8662073.0,5603255.384615385,956941.5384615385,595846.3076923077,2795793.0,6645388.75,460104.07692307694,-259395.92307692306,135124.07692307694,0.0,0.0,0.0,0.0,2078197.2307692308,3507430.769230769,5585628.0,1843716.875,2259585.923076923,885134.25,8665379.153846154,0.0,0.0,0.0,0.0,0.0,0.0,0.0,0.0,0.0,0.0,0.0,24271.875,0,0
3082468,01S2564,INZEGANE,Souss-Massa,INZEGANE,Souss-Massa,01/06/2012,6062,60,606,1,12,23,1.0,Mensuelle,22/11/2018,48.0,mois,,CENTRE D’AFFAIRES D'AGADIR,Développement,C,,,,,,,,,,,,,,,,,,,,,,,,,,,,,,,,,,,,,,,,,,,,,,,,,,,,,,,,,0,1
3061361,01S2668,CASABLANCA,Casablanca-Settat,CASABLANCA,Casablanca-Settat,24/01/2011,1744,17,174,8,617,23,1.0,Mensuelle,03/05/2018,60.0,mois,,CENTRE D’AFFAIRES DE CASABLANCA,Développement,A,,,0.0,0.0,0.0,0.0,0.0,0.0,6465816.5,2967178.5,3498638.0,662762.1,2283138.0,0.0,0.0,0.0,5036102.5,0.0,0.0,0.0,603388.5,9138129.0,13522767.92857143,7434391.0,22442491.5,13921050.0,1061203.0,653009.5,7423416.0,12812871.5,487201.0,-188188.0,79007.5,0.0,0.0,0.0,0.0,2582365.5,2494492.0,5076857.5,3314740.0,4052620.0,12112.1,9138129.0,0.0,0.0,0.0,0.0,0.0,0.0,0.0,0.0,0.0,0.0,0.0,44590.142857142855,0,0
3133829,01S2774,LAAYOUNE,Laâyoune-Sakia El Hamra,LAAYOUNE,Laâyoune-Sakia El Hamra,04/02/2016,4529,45,452,4,20,25,0.0,Mensuelle,13/12/2019,48.0,mois,11/02/2020,CENTRE D’AFFAIRES DE LAAYOUNE,Développement,D,,,0.0,0.0,0.0,0.0,0.0,0.0,7658984.666666667,3526773.25,4132211.4166666665,1483398.5833333333,7600092.5,0.0,0.0,0.0,9321729.083333334,0.0,0.0,0.0,3927924.0,17381864.5,40326993.0,34273595.75,49096797.75,6051211.833333333,3343340.0,3175839.3333333335,34971937.0,2694024.6666666665,2448362.5833333335,-168168.0,2280861.9166666665,0.0,0.0,0.0,0.0,13036773.75,2067482.0833333333,15104255.833333334,1105187.4166666667,1534199.3333333333,743409.3333333334,17381864.5,0.0,0.0,0.0,0.0,0.0,0.0,0.0,0.0,0.0,0.0,0.0,98095.5,0,0
3133830,01S2774,LAAYOUNE,Laâyoune-Sakia El Hamra,LAAYOUNE,Laâyoune-Sakia El Hamra,04/02/2016,4529,45,452,4,20,25,0.0,Mensuelle,13/12/2019,48.0,mois,11/02/2020,CENTRE D’AFFAIRES DE LAAYOUNE,Développement,D,,,0.0,0.0,0.0,0.0,0.0,0.0,7658984.666666667,3526773.25,4132211.4166666665,1483398.5833333333,7600092.5,0.0,0.0,0.0,9321729.083333334,0.0,0.0,0.0,3927924.0,17381864.5,40326993.0,34273595.75,49096797.75,6051211.833333333,3343340.0,3175839.3333333335,34971937.0,2694024.6666666665,2448362.5833333335,-168168.0,2280861.9166666665,0.0,0.0,0.0,0.0,13036773.75,2067482.0833333333,15104255.833333334,1105187.4166666667,1534199.3333333333,743409.3333333334,17381864.5,0.0,0.0,0.0,0.0,0.0,0.0,0.0,0.0,0.0,0.0,0.0,98095.5,0,0
3059481,01S2825,CASABLANCA,Casablanca-Settat,CASABLANCA,Casablanca-Settat,12/06/2014,7110,71,711,3,15,24,7.5,Mensuelle,11/04/2018,48.0,mois,08/08/2018,CENTRE D’AFFAIRES DE CASABLANCA,Développement,C,,,0.0,0.0,0.0,0.0,0.0,0.0,16178787.625,6171540.375,10007247.25,0.0,5431300.875,0.0,0.0,0.0,8911527.625,0.0,0.0,0.0,131131.0,19049905.875,7089776.5,3958121.25,10970084.125,3815061.25,2843465.625,3382003.625,253253.0,584208.625,-750249.5,-607481.875,-524148.625,0.0,0.0,0.0,0.0,5809929.125,8071688.625,13881617.75,1743992.25,4938808.875,229479.25,19049905.875,0.0,0.0,0.0,0.0,0.0,0.0,0.0,0.0,0.0,0.0,0.0,21918.25,0,0
3072695,01S2843,CASABLANCA,Casablanca-Settat,CASABLANCA,Casablanca-Settat,09/07/2004,5162,51,516,5,56,24,1.0,Mensuelle,17/08/2018,48.0,mois,31/08/2018,CENTRE D’AFFAIRES DE CASABLANCA,Développement,B,,,0.0,0.0,0.0,0.0,0.0,0.0,0.0,0.0,0.0,0.0,0.0,0.0,0.0,0.0,0.0,0.0,0.0,0.0,0.0,0.0,0.0,0.0,0.0,0.0,0.0,0.0,0.0,0.0,0.0,0.0,0.0,0.0,0.0,0.0,0.0,0.0,0.0,0.0,0.0,0.0,0.0,0.0,0.0,0.0,0.0,0.0,0.0,0.0,0.0,0.0,0.0,0.0,0.0,0.0,0,0
3088645,01S2843,CASABLANCA,Casablanca-Settat,CASABLANCA,Casablanca-Settat,09/07/2004,2663,26,266,2,56,24,7.0,Mensuelle,09/01/2019,48.0,mois,29/12/2018,CENTRE D’AFFAIRES DE CASABLANCA,Développement,C,,,0.0,0.0,0.0,0.0,0.0,0.0,0.0,0.0,0.0,0.0,0.0,0.0,0.0,0.0,0.0,0.0,0.0,0.0,0.0,0.0,0.0,0.0,0.0,0.0,0.0,0.0,0.0,0.0,0.0,0.0,0.0,0.0,0.0,0.0,0.0,0.0,0.0,0.0,0.0,0.0,0.0,0.0,0.0,0.0,0.0,0.0,0.0,0.0,0.0,0.0,0.0,0.0,0.0,0.0,0,0
3099164,01S2843,CASABLANCA,Casablanca-Settat,CASABLANCA,Casablanca-Settat,09/07/2004,2663,26,266,5,56,23,5.7,Mensuelle,25/03/2019,60.0,mois,25/03/2019,CENTRE D’AFFAIRES DE CASABLANCA,Développement,C,,,0.0,0.0,0.0,0.0,0.0,0.0,0.0,0.0,0.0,0.0,0.0,0.0,0.0,0.0,0.0,0.0,0.0,0.0,0.0,0.0,0.0,0.0,0.0,0.0,0.0,0.0,0.0,0.0,0.0,0.0,0.0,0.0,0.0,0.0,0.0,0.0,0.0,0.0,0.0,0.0,0.0,0.0,0.0,0.0,0.0,0.0,0.0,0.0,0.0,0.0,0.0,0.0,0.0,0.0,0,0
3128740,01S2843,CASABLANCA,Casablanca-Settat,CASABLANCA,Casablanca-Settat,09/07/2004,2663,26,266,3,56,23,6.0,Mensuelle,05/11/2019,60.0,mois,,CENTRE D’AFFAIRES DE CASABLANCA,Développement,C,,,0.0,0.0,0.0,0.0,0.0,0.0,0.0,0.0,0.0,0.0,0.0,0.0,0.0,0.0,0.0,0.0,0.0,0.0,0.0,0.0,0.0,0.0,0.0,0.0,0.0,0.0,0.0,0.0,0.0,0.0,0.0,0.0,0.0,0.0,0.0,0.0,0.0,0.0,0.0,0.0,0.0,0.0,0.0,0.0,0.0,0.0,0.0,0.0,0.0,0.0,0.0,0.0,0.0,0.0,0,0
3136046,01S291,MOHAMMEDIA,Casablanca-Settat,CASABLANCA,Casablanca-Settat,04/05/2006,1522,15,152,0,0,22,6.0,Mensuelle,26/12/2019,60.0,mois,,CENTRE D’AFFAIRES DE CASABLANCA,Développement,B,,,0.0,0.0,0.0,0.0,0.0,0.0,13097080.23076923,8651929.0,5526233.615384615,3211994.5,9291639.5,0.0,0.0,0.0,16005423.461538462,0.0,0.0,0.0,2209922.0,22692803.846153848,10861208.153846154,6580156.384615385,24990436.53846154,5791169.461538462,3597669.4615384615,2140272.153846154,20242365.0,2458241.5,2492202.846153846,-184975.3076923077,1023101.6153846154,0.0,0.0,0.0,0.0,14823703.461538462,2388562.153846154,17212265.615384616,2907476.0,5313070.692307692,314006.0,22692803.846153848,0.0,0.0,0.0,0.0,0.0,0.0,0.0,0.0,0.0,0.0,0.0,61589.142857142855,0,0
3071866,01S548,AZEMMOUR,Casablanca-Settat,AZEMMOUR,Casablanca-Settat,,6033,60,603,2,5,23,5.0,Mensuelle,19/10/2018,60.0,mois,05/05/2019,CENTRE D’AFFAIRES DE CASABLANCA,Développement,D,,,,,,,,,,,,,,,,,,,,,,,,,,,,,,,,,,,,,,,,,,,,,,,,,,,,,,,,,0,1
3132513,01S564,CASABLANCA,Casablanca-Settat,CASABLANCA,Casablanca-Settat,07/06/2000,1552,15,155,2,185,35,4.95,Mensuelle,05/12/2019,5.0,an(s),,CENTRE D’AFFAIRES DE CASABLANCA,Développement,C,,,0.0,0.0,0.0,0.0,0.0,0.0,24442418.0,9706125.0,14736293.0,16109379.0,14248091.0,0.0,0.0,0.0,38548224.0,0.0,0.0,0.0,728585.0,54013102.0,32804971.92857143,16059834.92857143,70436080.0,10078354.0,5077715.5,3933429.5,54847435.5,4807946.0,4574284.0,-1134705.0,2585869.0,0.0,0.0,0.0,0.0,13811083.0,8576854.0,22387937.0,16074773.0,21633397.5,9991767.5,54013102.0,0.0,0.0,0.0,0.0,0.0,0.0,0.0,0.0,0.0,0.0,0.0,134779.42857142858,0,0
3078353,01S569,FES,Fès-Meknès,FES,Fès-Meknès,10/11/1994,4521,45,452,2,11,23,5.5,Mensuelle,23/10/2018,60.0,mois,25/10/2018,CENTRE D’AFFAIRES DE FES,Développement,C,,,0.0,0.0,0.0,0.0,0.0,0.0,5080325.25,4402541.0,1228101.875,6124690.0,7690254.0,0.0,0.0,0.0,12584697.125,0.0,0.0,0.0,107393.0,13906767.875,3986177.875,8853.375,9661401.75,1479227.75,382632.25,161411.25,7799792.0,1162304.0,146896.75,-173423.25,-74324.25,0.0,0.0,0.0,0.0,4057053.0,1610483.875,5667536.875,1274559.0,3548169.625,5361213.0,13906767.875,0.0,0.0,0.0,0.0,0.0,0.0,0.0,0.0,0.0,0.0,0.0,15592.5,0,0
3095518,01S569,FES,Fès-Meknès,FES,Fès-Meknès,10/11/1994,4521,45,452,0,11,22,7.0,Mensuelle,28/02/2019,48.0,mois,30/04/2018,CENTRE D’AFFAIRES DE FES,Développement,C,,,0.0,0.0,0.0,0.0,0.0,0.0,5080325.25,4402541.0,1228101.875,6124690.0,7690254.0,0.0,0.0,0.0,12584697.125,0.0,0.0,0.0,107393.0,13906767.875,3986177.875,8853.375,9661401.75,1479227.75,382632.25,161411.25,7799792.0,1162304.0,146896.75,-173423.25,-74324.25,0.0,0.0,0.0,0.0,4057053.0,1610483.875,5667536.875,1274559.0,3548169.625,5361213.0,13906767.875,0.0,0.0,0.0,0.0,0.0,0.0,0.0,0.0,0.0,0.0,0.0,15592.5,0,0
3096710,01S569,FES,Fès-Meknès,FES,Fès-Meknès,10/11/1994,4529,45,452,0,11,20,0.0,Mensuelle,07/03/2019,48.0,mois,,CENTRE D’AFFAIRES DE FES,Développement,C,,,0.0,0.0,0.0,0.0,0.0,0.0,5080325.25,4402541.0,1228101.875,6124690.0,7690254.0,0.0,0.0,0.0,12584697.125,0.0,0.0,0.0,107393.0,13906767.875,3986177.875,8853.375,9661401.75,1479227.75,382632.25,161411.25,7799792.0,1162304.0,146896.75,-173423.25,-74324.25,0.0,0.0,0.0,0.0,4057053.0,1610483.875,5667536.875,1274559.0,3548169.625,5361213.0,13906767.875,0.0,0.0,0.0,0.0,0.0,0.0,0.0,0.0,0.0,0.0,0.0,15592.5,0,0
3115976,01S86,LAAYOUNE,Laâyoune-Sakia El Hamra,LAAYOUNE,Laâyoune-Sakia El Hamra,12/03/1984,4521,45,452,2,308,29,4.95,Trimestrielle,18/07/2019,7.0,an(s),17/09/2019,CENTRE D’AFFAIRES DE LAAYOUNE,Développement,D,77.0,,0.0,0.0,0.0,0.0,0.0,0.0,16168652.5,10117607.5,6051045.0,7853345.5,3981978.0,0.0,0.0,0.0,15194179.0,0.0,0.0,0.0,150650.5,21395874.5,22922900.0,31565534.0,16506490.0,4293289.0,3211208.0,2812810.0,10663152.5,889889.0,1598597.0,-398398.0,1200199.0,0.0,0.0,0.0,0.0,12322310.0,6792285.5,19114595.5,533032.5,906405.5,1374873.5,21395874.5,0.0,0.0,0.0,0.0,0.0,0.0,0.0,0.0,0.0,0.0,0.0,32980.0,1,0
3112219,01T1049,CASABLANCA,Casablanca-Settat,CASABLANCA,Casablanca-Settat,09/03/2006,6062,60,606,2,22,23,5.0,Mensuelle,26/06/2019,48.0,mois,,CENTRE D’AFFAIRES DE CASABLANCA,Développement,D,,,,,,,,,182000.0,96000.0,86000.0,0.0,3769000.0,,,,6960000.0,,,,418000.0,7464000.0,16427000.0,13902000.0,21820000.0,2906000.0,-72000.0,391000.0,11190000.0,2850000.0,-195000.0,26000.0,268000.0,,,,,4431000.0,75000.0,4506000.0,1956000.0,2241000.0,717000.0,7464000.0,,,,,,,,,,,,,0,0
3063117,01T1065,CASABLANCA,Casablanca-Settat,CASABLANCA,Casablanca-Settat,11/04/2001,6340,63,634,2,42,4,6.5,Trimestrielle,19/07/2018,60.0,mois,30/09/2019,CENTRE D’AFFAIRES DE CASABLANCA,Développement,C,,,0.0,0.0,0.0,0.0,0.0,0.0,7917838.5,2882951.5,5034887.0,21950.5,10335468.0,0.0,0.0,0.0,10770331.0,0.0,0.0,0.0,386529.0,16191747.0,11249380.285714285,7929887.785714285,16900598.0,7896817.5,3510578.5,2489916.0,4514081.0,4223505.0,2681822.0,-38610.0,1621691.5,0.0,0.0,0.0,0.0,3093519.0,1160659.5,4254178.5,8237157.5,10825457.5,1112111.0,16191747.0,0.0,0.0,0.0,0.0,0.0,0.0,0.0,0.0,0.0,0.0,0.0,33764.71428571428,0,0
3098604,01T1110,MARRAKECH,Marrakech-Safi,MARRAKECH,Marrakech-Safi,01/11/2005,4521,45,452,10,90,23,6.25,Mensuelle,21/03/2019,48.0,mois,25/02/2020,CENTRE D’AFFAIRES DE MARRAKECH,Développement,B,,,0.0,0.0,0.0,0.0,0.0,0.0,3747493.75,1860608.75,1886885.0,1100599.5,6179923.75,0.0,0.0,0.0,8668159.5,0.0,0.0,0.0,24774.75,10579819.25,13527263.75,11722711.0,11475714.25,1792791.0,742241.5,161161.0,8049291.25,991991.0,263263.0,-288788.5,-317817.5,0.0,0.0,0.0,0.0,4261507.25,166916.75,4428424.0,2813560.75,5081076.0,1070319.25,10579819.25,0.0,0.0,0.0,0.0,0.0,0.0,0.0,0.0,0.0,0.0,0.0,22023.0,0,0
3084376,01T1119,CASABLANCA,Casablanca-Settat,CASABLANCA,Casablanca-Settat,23/02/2007,5166,51,516,20,0,1,5.5,Mensuelle,10/12/2018,7.0,an(s),01/01/2020,CENTRE D’AFFAIRES DE CASABLANCA,Développement,B,,,0.0,0.0,0.0,0.0,0.0,0.0,2052693.5,780565.5,1272128.0,5165803.5,3886811.5,0.0,0.0,0.0,10009285.0,0.0,0.0,0.0,1374516.0,12655929.0,5719269.785714285,3320175.0,11495698.5,1862646.5,1330901.0,1024166.0,9315163.0,513942.0,1130915.5,-125697.0,785213.0,0.0,0.0,0.0,0.0,4979689.0,532031.5,5511720.5,732660.5,6974610.5,182644.0,12655929.0,0.0,0.0,0.0,0.0,0.0,0.0,0.0,0.0,0.0,0.0,0.0,22889.285714285714,0,0
3108093,01T1193,TANGER,Tanger-Tétouan-Al Hoceima,TANGER,Tanger-Tétouan-Al Hoceima,22/04/2016,5541,55,554,0,0,1,5.0,Mensuelle,28/05/2019,5.0,an(s),18/06/2019,CENTRE D’AFFAIRES DE TANGER,Développement,C,5542.0,,0.0,0.0,0.0,0.0,0.0,0.0,6884878.0,356356.0,6528522.0,76076.0,13013.0,0.0,0.0,0.0,1482981.5,0.0,0.0,0.0,243743.5,8255247.0,0.0,0.0,2728225.5,835334.5,496996.5,480980.5,1439438.0,330330.0,140640.5,0.0,124624.5,0.0,0.0,0.0,0.0,625124.5,0.0,625124.5,2812810.0,7630122.5,0.0,8255247.0,0.0,0.0,0.0,0.0,0.0,0.0,0.0,0.0,0.0,0.0,0.0,5451.0,1,0
3052687,01T1292,RABAT,Rabat-Salé-Kénitra,RABAT,Rabat-Salé-Kénitra,02/07/2009,4529,45,452,0,120,22,0.0,Mensuelle,07/02/2018,60.0,mois,,CENTRE D’AFFAIRES DE RABAT,Développement,B,,,0.0,0.0,0.0,0.0,0.0,0.0,5357727.375,3680802.125,1676925.25,1992615.625,2594967.375,0.0,0.0,0.0,5357477.125,0.0,0.0,0.0,469093.625,7503496.0,8307524.25,5899831.375,9564555.0,4658528.875,-496621.125,-517767.25,2973095.125,5140885.75,-960709.75,-72947.875,-981855.875,0.0,0.0,0.0,0.0,1806930.125,1222346.125,3029276.25,727727.0,4011132.125,463087.625,7503496.0,0.0,0.0,0.0,0.0,0.0,0.0,0.0,0.0,0.0,0.0,0.0,19063.0,0,0
3084525,01T1292,RABAT,Rabat-Salé-Kénitra,RABAT,Rabat-Salé-Kénitra,02/07/2009,4529,45,452,0,120,22,0.0,Mensuelle,11/12/2018,60.0,mois,,CENTRE D’AFFAIRES DE RABAT,Développement,C,5777.0,,0.0,0.0,0.0,0.0,0.0,0.0,5357727.375,3680802.125,1676925.25,1992615.625,2594967.375,0.0,0.0,0.0,5357477.125,0.0,0.0,0.0,469093.625,7503496.0,8307524.25,5899831.375,9564555.0,4658528.875,-496621.125,-517767.25,2973095.125,5140885.75,-960709.75,-72947.875,-981855.875,0.0,0.0,0.0,0.0,1806930.125,1222346.125,3029276.25,727727.0,4011132.125,463087.625,7503496.0,0.0,0.0,0.0,0.0,0.0,0.0,0.0,0.0,0.0,0.0,0.0,19063.0,1,0
3092255,01T1292,RABAT,Rabat-Salé-Kénitra,RABAT,Rabat-Salé-Kénitra,02/07/2009,4529,45,452,1,120,23,0.0,Mensuelle,11/02/2019,48.0,mois,05/12/2019,CENTRE D’AFFAIRES DE RABAT,Développement,C,,,0.0,0.0,0.0,0.0,0.0,0.0,5357727.375,3680802.125,1676925.25,1992615.625,2594967.375,0.0,0.0,0.0,5357477.125,0.0,0.0,0.0,469093.625,7503496.0,8307524.25,5899831.375,9564555.0,4658528.875,-496621.125,-517767.25,2973095.125,5140885.75,-960709.75,-72947.875,-981855.875,0.0,0.0,0.0,0.0,1806930.125,1222346.125,3029276.25,727727.0,4011132.125,463087.625,7503496.0,0.0,0.0,0.0,0.0,0.0,0.0,0.0,0.0,0.0,0.0,0.0,19063.0,0,0
3120335,01T236,AGADIR,Souss-Massa,AGADIR,Souss-Massa,28/05/2002,2663,26,266,35,30,23,1.0,Mensuelle,30/08/2019,48.0,mois,25/12/2019,CENTRE D’AFFAIRES D'AGADIR,Développement,D,281.0,,60.0,0.0,0.0,60.0,0.0,0.0,16135819.7,13723109.4,2412710.3,2077475.4,10719909.2,60.0,0.0,0.0,13830817.0,60.0,0.0,0.0,199599.4,16443126.7,14403020.1,9555969.7,20601280.7,1312511.2,27427.4,88388.3,16682565.9,965764.8,-184484.3,-70970.9,-444844.4,32.0,0.0,0.0,0.6,1585984.4,7334727.4,8920711.8,4419515.1,7051844.8,470570.1,16443126.7,30.6,0.0,0.0,19.22352,0.0,0.0,24.12398,7.0,0.0,0.0,0.8,42499.0,1,0
3062224,01T312,TANGER,Tanger-Tétouan-Al Hoceima,TANGER,Tanger-Tétouan-Al Hoceima,07/11/2006,6033,60,603,4,1,23,6.0,Mensuelle,10/05/2018,48.0,mois,25/03/2018,CENTRE D’AFFAIRES DE TANGER,Développement,C,,,,,,,,,,,,,,,,,,,,,,,,,,,,,,,,,,,,,,,,,,,,,,,,,,,,,,,,,0,1
3062812,01T364,CASABLANCA,Casablanca-Settat,CASABLANCA,Casablanca-Settat,25/01/2001,6422,64,642,0,0,24,6.0,Mensuelle,17/05/2018,60.0,mois,04/05/2018,CENTRE D’AFFAIRES DE CASABLANCA,Développement,B,,,0.0,0.0,0.0,0.0,0.0,0.0,115245713.0,50122194.666666664,65123518.333333336,0.0,267195977.0,0.0,0.0,0.0,286919042.0,0.0,0.0,0.0,18379578.666666668,370422139.0,564078117.0,415512881.6666667,693902396.0,483954837.3333333,26552357.0,13430324.333333334,46121728.333333336,448960237.6666667,21509411.0,-4389172.666666667,8649499.0,0.0,0.0,0.0,0.0,122786624.33333333,0.0,122786624.33333333,113732803.0,201505558.0,46129956.666666664,370422139.0,0.0,0.0,0.0,0.0,0.0,0.0,0.0,0.0,0.0,0.0,0.0,988180.0,0,0
3062823,01T364,CASABLANCA,Casablanca-Settat,CASABLANCA,Casablanca-Settat,25/01/2001,6422,64,642,0,0,24,6.5,Mensuelle,17/05/2018,48.0,mois,10/05/2018,CENTRE D’AFFAIRES DE CASABLANCA,Développement,B,,,0.0,0.0,0.0,0.0,0.0,0.0,115245713.0,50122194.666666664,65123518.333333336,0.0,267195977.0,0.0,0.0,0.0,286919042.0,0.0,0.0,0.0,18379578.666666668,370422139.0,564078117.0,415512881.6666667,693902396.0,483954837.3333333,26552357.0,13430324.333333334,46121728.333333336,448960237.6666667,21509411.0,-4389172.666666667,8649499.0,0.0,0.0,0.0,0.0,122786624.33333333,0.0,122786624.33333333,113732803.0,201505558.0,46129956.666666664,370422139.0,0.0,0.0,0.0,0.0,0.0,0.0,0.0,0.0,0.0,0.0,0.0,988180.0,0,0
3062835,01T364,CASABLANCA,Casablanca-Settat,CASABLANCA,Casablanca-Settat,25/01/2001,6422,64,642,0,0,24,6.5,Mensuelle,17/05/2018,60.0,mois,24/10/2018,CENTRE D’AFFAIRES DE CASABLANCA,Développement,B,,,0.0,0.0,0.0,0.0,0.0,0.0,115245713.0,50122194.666666664,65123518.333333336,0.0,267195977.0,0.0,0.0,0.0,286919042.0,0.0,0.0,0.0,18379578.666666668,370422139.0,564078117.0,415512881.6666667,693902396.0,483954837.3333333,26552357.0,13430324.333333334,46121728.333333336,448960237.6666667,21509411.0,-4389172.666666667,8649499.0,0.0,0.0,0.0,0.0,122786624.33333333,0.0,122786624.33333333,113732803.0,201505558.0,46129956.666666664,370422139.0,0.0,0.0,0.0,0.0,0.0,0.0,0.0,0.0,0.0,0.0,0.0,988180.0,0,0
3064839,01T364,CASABLANCA,Casablanca-Settat,CASABLANCA,Casablanca-Settat,25/01/2001,6422,64,642,0,0,24,6.5,Mensuelle,05/06/2018,60.0,mois,16/10/2018,CENTRE D’AFFAIRES DE CASABLANCA,Développement,B,,,0.0,0.0,0.0,0.0,0.0,0.0,115245713.0,50122194.666666664,65123518.333333336,0.0,267195977.0,0.0,0.0,0.0,286919042.0,0.0,0.0,0.0,18379578.666666668,370422139.0,564078117.0,415512881.6666667,693902396.0,483954837.3333333,26552357.0,13430324.333333334,46121728.333333336,448960237.6666667,21509411.0,-4389172.666666667,8649499.0,0.0,0.0,0.0,0.0,122786624.33333333,0.0,122786624.33333333,113732803.0,201505558.0,46129956.666666664,370422139.0,0.0,0.0,0.0,0.0,0.0,0.0,0.0,0.0,0.0,0.0,0.0,988180.0,0,0
3111559,01T364,CASABLANCA,Casablanca-Settat,CASABLANCA,Casablanca-Settat,25/01/2001,6422,64,642,10,0,24,1.0,Mensuelle,21/06/2019,60.0,mois,,CENTRE D’AFFAIRES DE CASABLANCA,Développement,C,,,0.0,0.0,0.0,0.0,0.0,0.0,115245713.0,50122194.666666664,65123518.333333336,0.0,267195977.0,0.0,0.0,0.0,286919042.0,0.0,0.0,0.0,18379578.666666668,370422139.0,564078117.0,415512881.6666667,693902396.0,483954837.3333333,26552357.0,13430324.333333334,46121728.333333336,448960237.6666667,21509411.0,-4389172.666666667,8649499.0,0.0,0.0,0.0,0.0,122786624.33333333,0.0,122786624.33333333,113732803.0,201505558.0,46129956.666666664,370422139.0,0.0,0.0,0.0,0.0,0.0,0.0,0.0,0.0,0.0,0.0,0.0,988180.0,0,0
3058978,01T436,RABAT,Rabat-Salé-Kénitra,RABAT,Rabat-Salé-Kénitra,15/01/2009,5020,50,502,3,0,24,5.0,Mensuelle,04/04/2018,120.0,mois,08/05/2018,CENTRE D’AFFAIRES DE RABAT,Développement,B,504.0,,,,,,,,,,,,,,,,,,,,,,,,,,,,,,,,,,,,,,,,,,,,,,,,,,,,,,,,1,1
3123785,01T514,CASABLANCA,Casablanca-Settat,CASABLANCA,Casablanca-Settat,24/10/2007,4521,45,452,4,210,24,6.5,Mensuelle,25/09/2019,48.0,mois,23/10/2019,CENTRE D’AFFAIRES DE CASABLANCA,Développement,C,,,0.0,0.0,0.0,0.0,0.0,0.0,9838931.266666668,7079384.8125,3308654.1333333333,3177707.8666666667,69507438.0,0.0,0.0,0.0,78577649.06666666,0.0,0.0,0.0,2954764.3125,82776985.13333334,52394001.8,38392129.53333333,77408744.06666666,10827745.733333332,2901945.933333333,1555888.0666666667,59162728.625,7831761.4375,2075236.5333333334,-1071172.1333333333,729178.6666666666,0.0,0.0,0.0,0.0,23158552.6,2666941.6,25825494.2,29865898.5625,45092753.6,11765503.75,82776985.13333334,0.0,0.0,0.0,0.0,0.0,0.0,0.0,0.0,0.0,0.0,0.0,153766.75,0,0
3105998,01T524,MOHAMMEDIA,Casablanca-Settat,MOHAMMEDIA,Casablanca-Settat,07/07/2003,4532,45,453,2,30,4,5.5,Mensuelle,09/05/2019,84.0,mois,10/07/2019,CENTRE D’AFFAIRES DE CASABLANCA,Développement,D,,,0.0,0.0,0.0,0.0,0.0,0.0,4599666.5,2247888.5,2351778.0,14014.0,9194471.0,0.0,0.0,0.0,10189965.5,0.0,0.0,0.0,1561417.0,14103160.5,13569128.785714285,7042116.071428572,21037516.5,2399397.0,957456.5,540540.0,17817585.5,1353352.0,812454.5,-135635.5,395538.0,0.0,0.0,0.0,0.0,5065346.0,2125266.0,7190612.0,2721218.5,5855063.5,1057485.0,14103160.5,0.0,0.0,0.0,0.0,0.0,0.0,0.0,0.0,0.0,0.0,0.0,42033.0,0,0
3065421,01T545,LAAYOUNE,Laâyoune-Sakia El Hamra,LAAYOUNE,Laâyoune-Sakia El Hamra,30/05/2011,5137,51,513,12,5,1,5.0,Trimestrielle,11/06/2018,7.0,an(s),,CENTRE D’AFFAIRES DE LAAYOUNE,Développement,B,,,0.0,0.0,0.0,0.0,0.0,0.0,3296293.0,365365.0,2930928.0,0.0,4316312.0,0.0,0.0,0.0,4316312.0,0.0,0.0,0.0,590590.0,7837830.0,6138632.5,5198193.0,6629122.5,879378.5,789288.5,746746.0,5191686.5,90090.0,626626.0,-42542.5,584083.5,0.0,0.0,0.0,0.0,3946943.0,225225.0,4172168.0,312312.0,2714712.0,950950.0,7837830.0,0.0,0.0,0.0,0.0,0.0,0.0,0.0,0.0,0.0,0.0,0.0,13245.0,0,0
3082289,01T562,TETOUAN,Tanger-Tétouan-Al Hoceima,TETOUAN,Tanger-Tétouan-Al Hoceima,21/02/2012,6070,60,607,0,12,22,6.0,Mensuelle,22/11/2018,60.0,mois,04/02/2019,CENTRE D’AFFAIRES DE TANGER,Développement,C,,,0.0,0.0,0.0,0.0,0.0,0.0,5176914.769230769,3259971.0,2456407.5384615385,4267263.0,6443222.5,0.0,0.0,0.0,9919777.307692308,0.0,0.0,0.0,199914.0,12573015.307692308,9442878.76923077,5808304.923076923,16671975.923076924,1258113.2307692308,1040432.0769230769,570916.5384615385,12930274.5,327470.0,689808.9230769231,-293870.0,174389.07692307694,0.0,0.0,0.0,0.0,2920228.4615384615,3151220.923076923,6071449.384615385,1197625.0,5183199.076923077,1270483.5,12573015.307692308,0.0,0.0,0.0,0.0,0.0,0.0,0.0,0.0,0.0,0.0,0.0,35697.71428571428,0,0
3121515,01T600,TANGER,Tanger-Tétouan-Al Hoceima,CASABLANCA,Casablanca-Settat,05/10/2011,1730,17,173,0,0,4,6.0,Mensuelle,06/09/2019,72.0,mois,21/11/2019,CENTRE D’AFFAIRES DE TANGER,Développement,C,,,0.0,0.0,0.0,0.0,0.0,0.0,0.0,0.0,0.0,0.0,0.0,0.0,0.0,0.0,0.0,0.0,0.0,0.0,0.0,0.0,0.0,0.0,0.0,0.0,0.0,0.0,0.0,0.0,0.0,0.0,0.0,0.0,0.0,0.0,0.0,0.0,0.0,0.0,0.0,0.0,0.0,0.0,0.0,0.0,0.0,0.0,0.0,0.0,0.0,0.0,0.0,0.0,0.0,0.0,0,0
3081404,01T633,CASABLANCA,Casablanca-Settat,CASABLANCA,Casablanca-Settat,01/11/2012,6033,60,603,5,40,25,6.8,Mensuelle,12/11/2018,48.0,mois,31/12/2018,CENTRE D’AFFAIRES DE CASABLANCA,Développement,C,,,0.0,0.0,0.0,0.0,0.0,0.0,8934854.5,3187112.5,5747742.0,147609.0,6560625.5,0.0,0.0,0.0,8920340.0,0.0,0.0,0.0,599456.0,15267538.0,7672929.571428572,6394444.785714285,21341963.5,3206417.5,2089087.0,1736377.5,12866639.5,1123837.0,843271.0,1501.5,490561.5,0.0,0.0,0.0,0.0,4985838.0,1425138.0,6410976.0,7362426.5,8774909.0,87934.0,15267538.0,0.0,0.0,0.0,0.0,0.0,0.0,0.0,0.0,0.0,0.0,0.0,42641.28571428572,0,0
3058000,01T772,CASABLANCA,Casablanca-Settat,,Autres,08/02/2005,6062,60,606,0,10,23,7.0,Mensuelle,26/03/2018,48.0,mois,05/03/2018,CENTRE D’AFFAIRES DE TANGER,Développement,C,,,,,,,,,,,,,,,,,,,,,,,,,,,,,,,,,,,,,,,,,,,,,,,,,,,,,,,,,0,1
3084033,01T772,CASABLANCA,Casablanca-Settat,,Autres,08/02/2005,6062,60,606,5,10,23,5.0,Mensuelle,06/12/2018,48.0,mois,25/08/2019,CENTRE D’AFFAIRES DE CASABLANCA,Développement,D,,,,,,,,,,,,,,,,,,,,,,,,,,,,,,,,,,,,,,,,,,,,,,,,,,,,,,,,,0,1
3088438,01T828,RABAT,Rabat-Salé-Kénitra,CASABLANCA,Casablanca-Settat,01/10/2003,4529,45,452,2,270,1,7.0,Mensuelle,18/01/2019,10.0,an(s),,CENTRE D’AFFAIRES DE RABAT,Développement,C,,,0.0,0.0,0.0,0.0,0.0,0.0,18459701.846153848,7969390.0,11656435.692307692,2572641.5,24964654.0,0.0,0.0,0.0,27592560.0,0.0,0.0,0.0,1715714.0,40277226.15384615,18350974.230769232,13259593.615384616,44876630.615384616,9195859.923076924,3247780.6153846155,1944291.1538461538,44044357.5,7444294.0,2173628.6923076925,-733037.5384615385,749226.3846153846,0.0,0.0,0.0,0.0,11245484.76923077,5289150.307692308,16534635.076923076,9506640.0,16090558.307692308,9182459.0,40277226.15384615,0.0,0.0,0.0,0.0,0.0,0.0,0.0,0.0,0.0,0.0,0.0,116833.0,0,0
3097871,01T828,RABAT,Rabat-Salé-Kénitra,CASABLANCA,Casablanca-Settat,01/10/2003,4529,45,452,2,270,24,5.0,Mensuelle,25/03/2019,60.0,mois,11/03/2019,CENTRE D’AFFAIRES DE RABAT,Développement,C,,,0.0,0.0,0.0,0.0,0.0,0.0,18459701.846153848,7969390.0,11656435.692307692,2572641.5,24964654.0,0.0,0.0,0.0,27592560.0,0.0,0.0,0.0,1715714.0,40277226.15384615,18350974.230769232,13259593.615384616,44876630.615384616,9195859.923076924,3247780.6153846155,1944291.1538461538,44044357.5,7444294.0,2173628.6923076925,-733037.5384615385,749226.3846153846,0.0,0.0,0.0,0.0,11245484.76923077,5289150.307692308,16534635.076923076,9506640.0,16090558.307692308,9182459.0,40277226.15384615,0.0,0.0,0.0,0.0,0.0,0.0,0.0,0.0,0.0,0.0,0.0,116833.0,0,0
3090304,01T843,NADOR,L'oriental,NADOR,L'oriental,05/05/2015,6062,60,606,2,4,32,8.75,Mensuelle,23/01/2019,84.0,mois,,CENTRE D’AFFAIRES D’OUJDA,Développement,D,,,33.333333333333336,0.0,0.0,33.333333333333336,0.0,0.0,1800298.5,1661493.1666666667,138805.33333333334,124457.66666666667,109609.5,33.333333333333336,0.0,0.0,301467.8333333333,33.333333333333336,0.0,0.0,534200.3333333334,974473.5,528194.3333333334,179899.83333333334,704704.0,290123.1666666667,163663.5,245745.5,100600.5,110443.66666666667,37871.166666666664,-34034.0,119953.16666666667,33.333333333333336,0.0,0.0,0.6666666666666666,267433.8333333333,307807.5,575241.3333333334,16516.5,399232.1666666667,0.0,974473.5,17.0,0.0,0.0,12.0276,0.0,0.0,12.074766666666667,11.0,0.0,0.0,0.6666666666666666,1408.0,0,0
3131759,01T930,ZAGORA,Drâa-Tafilalet,ZAGORA,Drâa-Tafilalet,22/11/2007,4529,45,452,2,19,24,7.0,Mensuelle,29/11/2019,60.0,mois,31/12/2019,CENTRE D’AFFAIRES DE MARRAKECH,Développement,D,4113.0,,0.0,0.0,0.0,0.0,0.0,0.0,2901470.0,1858241.0,1175960.5,7173523.5,9400248.0,0.0,0.0,0.0,17672655.0,0.0,0.0,0.0,41112.5,18889728.0,8005512.714285715,4941236.571428572,15540024.5,2033889.0,741026.0,388245.0,12875291.0,1292219.5,395037.5,-256613.5,35392.5,0.0,0.0,0.0,0.0,3848344.5,948662.0,4797006.5,4397893.5,13790920.0,301801.5,18889728.0,0.0,0.0,0.0,0.0,0.0,0.0,0.0,0.0,0.0,0.0,0.0,27541.14285714286,1,0
3129215,01T950,CASABLANCA,Casablanca-Settat,CASABLANCA,Casablanca-Settat,13/10/1997,4547,45,454,40,10,22,5.0,Mensuelle,14/11/2019,96.0,mois,,CENTRE D’AFFAIRES DE CASABLANCA,Développement,D,,,0.0,0.0,0.0,0.0,0.0,0.0,43072279.25,6876119.25,36196160.0,16013247.25,31363081.75,0.0,0.0,0.0,54997943.0,0.0,0.0,0.0,7090833.75,98284936.75,42976183.25,38796007.25,71562991.5,14030516.5,10824313.5,6008252.25,52845542.75,2995993.0,8061553.5,-2575072.5,2810307.5,0.0,0.0,0.0,0.0,21835313.5,28298019.75,50133333.25,19066297.25,33709926.25,14441677.25,98284936.75,0.0,0.0,0.0,0.0,0.0,0.0,0.0,0.0,0.0,0.0,0.0,142923.5,0,0
3136991,01T965,CASABLANCA,Casablanca-Settat,CASABLANCA,Casablanca-Settat,20/12/1994,6033,60,603,1,7,25,5.95,Mensuelle,30/12/2019,60.0,mois,,CENTRE D’AFFAIRES DE LAAYOUNE,Développement,D,,,0.0,0.0,0.0,0.0,0.0,0.0,9975799.166666666,2280278.0,7695521.166666667,4247743.5,11833154.666666666,0.0,0.0,0.0,21738216.5,0.0,0.0,0.0,691190.5,30124928.166666668,9531855.666666666,6255695.166666667,15191342.833333334,1006005.0,635635.0,297964.3333333333,13028181.833333334,217884.33333333334,633799.8333333334,-289956.3333333333,296129.1666666667,0.0,0.0,0.0,0.0,17314797.5,507006.5,17821804.0,5341336.0,9399723.666666666,2903400.5,30124928.166666668,0.0,0.0,0.0,0.0,0.0,0.0,0.0,0.0,0.0,0.0,0.0,29831.333333333332,0,0
3073549,01T98,TAN TAN,Guelmim-Oued Noun,TAN TAN,Guelmim-Oued Noun,23/10/2000,3512,35,351,1,8,26,5.25,Trimestrielle,31/08/2018,5.0,an(s),26/11/2018,CENTRE D’AFFAIRES DE LAAYOUNE,Développement,C,,,,,,,,,,,,,,,,,,,,,,,,,,,,,,,,,,,,,,,,,,,,,,,,,,,,,,,,,0,1
3085553,01U30,CASABLANCA,Casablanca-Settat,CASABLANCA,Casablanca-Settat,03/07/1975,2521,25,252,2,40,1,6.0,Mensuelle,28/12/2018,7.0,an(s),11/11/2020,CENTRE D’AFFAIRES DE CASABLANCA,Développement,C,,,0.0,0.0,0.0,0.0,0.0,0.0,6257823.0,3316813.5,2941009.5,5990556.0,6513435.5,0.0,0.0,0.0,13297212.5,0.0,0.0,0.0,2152150.0,18390372.0,12489959.0,5693366.5,21606156.0,4024663.5,1653938.0,1097096.0,15886513.5,2215427.5,956098.0,-154225.5,452881.0,0.0,0.0,0.0,0.0,7987837.0,3071640.0,11059477.0,5653576.5,6796790.0,679770.0,18390372.0,0.0,0.0,0.0,0.0,0.0,0.0,0.0,0.0,0.0,0.0,0.0,42252.57142857143,0,0
3130021,01U84,RABAT,Rabat-Salé-Kénitra,CASABLANCA,Casablanca-Settat,06/10/2008,5156,51,515,4,35,25,8.0,Mensuelle,20/11/2019,120.0,mois,31/01/2020,CENTRE D’AFFAIRES DE MARRAKECH,Développement,C,,,0.0,0.0,0.0,0.0,0.0,0.0,1057127.5,454311.0,602816.5,708708.0,3080363.0,0.0,0.0,0.0,4082864.5,0.0,0.0,0.0,228728.5,4914409.5,4005677.785714286,3036425.285714286,6985764.5,1797724.5,425711.0,325325.0,4585581.0,1318817.5,323609.0,-33962.5,223294.5,0.0,0.0,0.0,0.0,1664234.0,513942.0,2178176.0,1297653.5,2675530.0,60703.5,4914409.5,0.0,0.0,0.0,0.0,0.0,0.0,0.0,0.0,0.0,0.0,0.0,13732.285714285714,0,0
3109675,01V124,CASABLANCA,Casablanca-Settat,CASABLANCA,Casablanca-Settat,18/02/2008,2912,29,291,23,24,2,6.5,Mensuelle,21/06/2019,10.0,an(s),04/07/2023,CENTRE D’AFFAIRES DE CASABLANCA,Développement,C,,,0.0,0.0,0.0,0.0,0.0,0.0,7580716.0,1161803.5,6418912.5,1889244.5,10316520.5,0.0,0.0,0.0,14480394.5,0.0,0.0,0.0,317746.0,21217053.0,9801204.92857143,7357646.285714285,18772825.5,3302370.5,1537607.5,567781.5,14365637.0,1729728.0,1218717.5,-689331.5,248891.5,0.0,0.0,0.0,0.0,4160513.5,4234873.5,8395387.0,6138775.5,9836827.0,2984839.0,21217053.0,0.0,0.0,0.0,0.0,0.0,0.0,0.0,0.0,0.0,0.0,0.0,36916.857142857145,0,0
3128739,01V41,OUARZAZATE,Drâa-Tafilalet,OUARZAZATE,Drâa-Tafilalet,17/09/2008,4529,45,452,0,40,26,8.57,Trimestrielle,05/11/2019,24.0,mois,,CENTRE D’AFFAIRES D'AGADIR,Développement,D,,,0.0,0.0,0.0,0.0,0.0,0.0,7354647.3,3458054.6,3896592.7,528628.1,5851345.5,0.0,0.0,0.0,13015402.4,0.0,0.0,0.0,113012.9,17025008.0,5818772.2,7131090.6,7144337.2,1965863.9,1459958.5,1399598.2,4587082.5,487687.2,1042141.1,-53653.6,981780.8,0.0,0.0,0.0,0.0,8348840.5,1425023.6,9773864.1,2416414.0,6300093.8,951050.1,17025008.0,0.0,0.0,0.0,0.0,0.0,0.0,0.0,0.0,0.0,0.0,0.0,14274.4,0,0
3051387,01W130,KENITRA,Rabat-Salé-Kénitra,KENITRA,Rabat-Salé-Kénitra,21/12/1994,4531,45,453,0,25,22,0.0,Mensuelle,24/01/2018,60.0,mois,,CENTRE D’AFFAIRES DE RABAT,Développement,C,,,,,,,,,,,,,,,,,,,,,,,,,,,,,,,,,,,,,,,,,,,,,,,,,,,,,,,,,0,1
3113133,01W140,AGADIR,Souss-Massa,AGADIR,Souss-Massa,29/11/2010,4521,45,452,20,22,25,1.0,Mensuelle,01/07/2019,60.0,mois,,CENTRE D’AFFAIRES D'AGADIR,Développement,D,,,50.0,50.0,0.0,50.0,50.0,0.0,2632630.0,1643642.0,988988.0,2119867.75,12740227.5,50.0,50.0,0.0,16759492.75,50.0,50.0,0.0,35285.25,17783766.0,12437925.5,8984976.0,15285770.5,3537784.25,1328827.5,510009.5,9479720.25,2178926.75,1153152.0,-729729.0,334334.0,50.0,50.0,0.0,1.0,3285031.75,683432.75,3968464.5,2277024.75,6434678.25,7380623.25,17783766.0,25.5,25.5,0.0,16.1742,18.0414,0.0,18.11215,0.5,16.5,0.0,1.0,27879.0,0,0
3116802,01W140,AGADIR,Souss-Massa,AGADIR,Souss-Massa,29/11/2010,4521,45,452,20,22,25,1.0,Mensuelle,24/07/2019,60.0,mois,29/08/2019,CENTRE D’AFFAIRES D'AGADIR,Développement,C,2069.0,248715.76,50.0,50.0,0.0,50.0,50.0,0.0,2632630.0,1643642.0,988988.0,2119867.75,12740227.5,50.0,50.0,0.0,16759492.75,50.0,50.0,0.0,35285.25,17783766.0,12437925.5,8984976.0,15285770.5,3537784.25,1328827.5,510009.5,9479720.25,2178926.75,1153152.0,-729729.0,334334.0,50.0,50.0,0.0,1.0,3285031.75,683432.75,3968464.5,2277024.75,6434678.25,7380623.25,17783766.0,25.5,25.5,0.0,16.1742,18.0414,0.0,18.11215,0.5,16.5,0.0,1.0,27879.0,1,0
3058418,01Y38,TAZA,Fès-Meknès,TAZA,Fès-Meknès,01/01/1999,8021,80,802,0,0,28,6.5,Trimestrielle,29/03/2018,180.0,mois,,CENTRE D’AFFAIRES DE FES,Développement,C,,,,,,,,,,,,,,,,,,,,,,,,,,,,,,,,,,,,,,,,,,,,,,,,,,,,,,,,,0,1
3097427,01Y67,,Autres,,Autres,,8021,80,802,4,0,34,6.25,Mensuelle,14/03/2019,7.0,an(s),04/03/2024,CENTRE D’AFFAIRES DE TANGER,Développement,C,,,,,,,,,,,,,,,,,,,,,,,,,,,,,,,,,,,,,,,,,,,,,,,,,,,,,,,,,0,1
3101784,01Y96,MEKNES,Fès-Meknès,MEKNES,Fès-Meknès,18/09/2013,9263,92,926,0,25,31,7.0,Annuelle,10/04/2019,7.0,an(s),15/07/2019,CENTRE D’AFFAIRES DE FES,Développement,D,,,0.0,0.0,0.0,0.0,0.0,0.0,26440414.0,1921920.0,24518494.0,0.0,0.0,0.0,0.0,0.0,1723221.5,0.0,0.0,0.0,149149.0,26390864.5,0.0,0.0,1072571.5,238238.0,204204.0,-1007006.0,446946.5,0.0,-1104103.0,-47047.0,-2315313.0,0.0,0.0,0.0,0.0,15767752.0,8266758.5,24034510.5,772772.0,2353851.5,2502.5,26390864.5,0.0,0.0,0.0,0.0,0.0,0.0,0.0,0.0,0.0,0.0,0.0,2143.0,0,0
3098444,01Z350,TANGER,Tanger-Tétouan-Al Hoceima,TANGER,Tanger-Tétouan-Al Hoceima,11/09/2009,1743,17,174,0,107,24,7.0,Mensuelle,20/03/2019,120.0,an(s),,CENTRE D’AFFAIRES DE TANGER,Développement,B,3899.0,,0.0,0.0,0.0,0.0,0.0,0.0,2795456.076923077,1883829.6923076923,911626.3846153846,551865.3846153846,1645547.7692307692,0.0,0.0,0.0,3649723.230769231,0.0,0.0,0.0,101767.69230769231,4663117.307692308,4182053.5384615385,2453343.230769231,9955333.538461538,3269416.4615384615,461143.6153846154,216863.3076923077,5402822.692307692,2749832.769230769,264054.53846153844,-135718.38461538462,38023.230769230766,0.0,0.0,0.0,0.0,1227049.3076923077,931011.1538461539,2158060.4615384615,988911.7692307692,1935286.3846153845,569770.4615384615,4663117.307692308,0.0,0.0,0.0,0.0,0.0,0.0,0.0,0.0,0.0,0.0,0.0,17909.666666666668,1,0
3060123,01Z423,MOHAMMEDIA,Casablanca-Settat,MOHAMMEDIA,Casablanca-Settat,17/12/2008,1553,15,155,8,200,22,1.0,Mensuelle,16/04/2018,60.0,mois,24/05/2018,CENTRE D’AFFAIRES DE CASABLANCA,Développement,A,,,0.0,0.0,0.0,0.0,0.0,0.0,31916098.5,17476745.0,14439353.5,9338329.0,2798009.5,0.0,0.0,0.0,13114816.0,0.0,0.0,0.0,127913.5,27682083.0,13488226.642857144,9014434.214285715,26458217.5,5049759.0,2791717.5,2417486.5,17537949.0,2102743.5,46975.5,-115830.0,-327255.5,0.0,0.0,0.0,0.0,15442427.0,0.0,15442427.0,4105458.5,7602809.5,4636846.5,27682083.0,0.0,0.0,0.0,0.0,0.0,0.0,0.0,0.0,0.0,0.0,0.0,48843.142857142855,0,0
3136069,01s970,CASABLANCA,Casablanca-Settat,CASABLANCA,Casablanca-Settat,04/08/2011,1571,15,157,8,23,1,6.0,Mensuelle,26/12/2019,7.0,an(s),26/11/2020,CENTRE D’AFFAIRES DE CASABLANCA,Développement,D,,,0.0,0.0,0.0,0.0,0.0,0.0,6609527.925,2121611.492,4487916.433,164164.0,2092832.742,0.0,0.0,0.0,2641467.829,0.0,0.0,0.0,160004.845,7289389.106999999,3390565.0,1829165.9,5577735.163,1485603.119,899927.0279999999,738393.6560000001,3540881.3439999996,529848.3189999999,434609.175,-133305.172,273075.803,0.0,0.0,0.0,0.0,2116674.56,2444224.783,4560899.343,1170993.824,2540645.107,187848.661,7289393.111,0.0,0.0,0.0,0.0,0.0,0.0,0.0,0.0,0.0,0.0,0.0,11220.126,0,0
3080557,1007542,SAFI,Marrakech-Safi,SAFI,Marrakech-Safi,05/12/2006,6031,60,603,0,27,24,1.0,Mensuelle,28/11/2018,60.0,mois,25/06/2018,CENTRE D’AFFAIRES DE MARRAKECH,Développement,B,,,,,,,,,,,,,,,,,,,,,,,,,,,,,,,,,,,,,,,,,,,,,,,,,,,,,,,,,0,1
3115712,1007831,CASABLANCA,Casablanca-Settat,CASABLANCA,Casablanca-Settat,11/11/1991,3611,36,361,11,2,2,8.0,Trimestrielle,19/07/2019,144.0,mois,,CENTRE D’AFFAIRES DE CASABLANCA,Développement,C,,,,,,,,,,,,,,,,,,,,,,,,,,,,,,,,,,,,,,,,,,,,,,,,,,,,,,,,,0,1
3122425,1023078,CASABLANCA,Casablanca-Settat,CASABLANCA,Casablanca-Settat,02/08/2006,2852,28,285,5,60,23,1.0,Mensuelle,18/09/2019,60.0,mois,25/09/2020,CENTRE D’AFFAIRES DE LAAYOUNE,Développement,C,,,,,,,,,27924500.0,17888000.0,10036500.0,2503250.0,7257250.0,,,,19384750.0,,,,1041750.0,30463000.0,14998750.0,11714500.0,20170250.0,8732500.0,-1764500.0,-1201250.0,5379500.0,10032750.0,-2009250.0,-594250.0,-2638000.0,,,,,5845000.0,2755750.0,8600750.0,7092750.0,21739750.0,122500.0,30463000.0,,,,,,,,,,,,,0,0
3088654,1525967,KENITRA,Rabat-Salé-Kénitra,KENITRA,Rabat-Salé-Kénitra,18/10/1995,9001,90,900,2,0,24,0.0,Mensuelle,10/01/2019,48.0,mois,08/03/2019,CENTRE D’AFFAIRES DE RABAT,Développement,C,,,0.0,0.0,0.0,0.0,0.0,0.0,5143513.375,3860982.125,1282531.25,7626619.0,13172784.625,0.0,0.0,0.0,21712065.375,0.0,0.0,0.0,33033.0,23027629.625,17133491.375,10396636.25,25025125.125,3842713.875,1241365.125,611110.5,18745727.0,2449447.0,1065689.625,-423423.0,435435.0,0.0,0.0,0.0,0.0,6620363.75,2162160.0,8782523.75,6064558.5,9547287.75,4697818.125,23027629.625,0.0,0.0,0.0,0.0,0.0,0.0,0.0,0.0,0.0,0.0,0.0,49506.5,0,0
3092246,1525967,KENITRA,Rabat-Salé-Kénitra,KENITRA,Rabat-Salé-Kénitra,18/10/1995,9001,90,900,2,0,22,0.0,Mensuelle,11/02/2019,48.0,mois,,CENTRE D’AFFAIRES DE RABAT,Développement,C,,,0.0,0.0,0.0,0.0,0.0,0.0,5143513.375,3860982.125,1282531.25,7626619.0,13172784.625,0.0,0.0,0.0,21712065.375,0.0,0.0,0.0,33033.0,23027629.625,17133491.375,10396636.25,25025125.125,3842713.875,1241365.125,611110.5,18745727.0,2449447.0,1065689.625,-423423.0,435435.0,0.0,0.0,0.0,0.0,6620363.75,2162160.0,8782523.75,6064558.5,9547287.75,4697818.125,23027629.625,0.0,0.0,0.0,0.0,0.0,0.0,0.0,0.0,0.0,0.0,0.0,49506.5,0,0
3130688,1525967,KENITRA,Rabat-Salé-Kénitra,KENITRA,Rabat-Salé-Kénitra,18/10/1995,4529,45,452,2,0,24,0.0,Mensuelle,25/11/2019,48.0,mois,,CENTRE D’AFFAIRES DE RABAT,Développement,C,,,0.0,0.0,0.0,0.0,0.0,0.0,5143513.375,3860982.125,1282531.25,7626619.0,13172784.625,0.0,0.0,0.0,21712065.375,0.0,0.0,0.0,33033.0,23027629.625,17133491.375,10396636.25,25025125.125,3842713.875,1241365.125,611110.5,18745727.0,2449447.0,1065689.625,-423423.0,435435.0,0.0,0.0,0.0,0.0,6620363.75,2162160.0,8782523.75,6064558.5,9547287.75,4697818.125,23027629.625,0.0,0.0,0.0,0.0,0.0,0.0,0.0,0.0,0.0,0.0,0.0,49506.5,0,0
3054262,602053,AGADIR,Souss-Massa,AGADIR,Souss-Massa,21/09/1999,5522,55,552,13,50,26,6.25,Quadrimestrielle,16/02/2018,7.0,an(s),,CENTRE D’AFFAIRES D'AGADIR,Développement,C,,,0.0,0.0,0.0,0.0,0.0,0.0,87131878.16666667,57126652.916666664,30005225.25,125959.16666666667,5429090.333333333,0.0,0.0,0.0,30416803.083333332,0.0,0.0,0.0,603853.25,61025881.583333336,12933563.5,6991877.75,25691415.75,12621442.166666666,8325567.25,9233057.166666666,8193435.25,4025187.8333333335,1985900.5833333333,-931263.6666666666,1067316.25,0.0,0.0,0.0,0.0,15606507.583333334,26297604.666666668,41904112.25,5411906.5,16126527.083333334,2995242.25,61025881.583333336,0.0,0.0,0.0,0.0,0.0,0.0,0.0,0.0,0.0,0.0,0.0,49922.666666666664,0,0
3078532,602053,AGADIR,Souss-Massa,AGADIR,Souss-Massa,21/09/1999,5522,55,552,35,50,26,6.25,Quadrimestrielle,18/10/2018,7.0,an(s),,CENTRE D’AFFAIRES D'AGADIR,Développement,C,,,0.0,0.0,0.0,0.0,0.0,0.0,87131878.16666667,57126652.916666664,30005225.25,125959.16666666667,5429090.333333333,0.0,0.0,0.0,30416803.083333332,0.0,0.0,0.0,603853.25,61025881.583333336,12933563.5,6991877.75,25691415.75,12621442.166666666,8325567.25,9233057.166666666,8193435.25,4025187.8333333335,1985900.5833333333,-931263.6666666666,1067316.25,0.0,0.0,0.0,0.0,15606507.583333334,26297604.666666668,41904112.25,5411906.5,16126527.083333334,2995242.25,61025881.583333336,0.0,0.0,0.0,0.0,0.0,0.0,0.0,0.0,0.0,0.0,0.0,49922.666666666664,0,0
3110084,602053,AGADIR,Souss-Massa,AGADIR,Souss-Massa,21/09/1999,5522,55,552,0,50,22,1.0,Mensuelle,12/06/2019,60.0,mois,13/06/2019,CENTRE D’AFFAIRES D'AGADIR,Développement,C,,,0.0,0.0,0.0,0.0,0.0,0.0,87131878.16666667,57126652.916666664,30005225.25,125959.16666666667,5429090.333333333,0.0,0.0,0.0,30416803.083333332,0.0,0.0,0.0,603853.25,61025881.583333336,12933563.5,6991877.75,25691415.75,12621442.166666666,8325567.25,9233057.166666666,8193435.25,4025187.8333333335,1985900.5833333333,-931263.6666666666,1067316.25,0.0,0.0,0.0,0.0,15606507.583333334,26297604.666666668,41904112.25,5411906.5,16126527.083333334,2995242.25,61025881.583333336,0.0,0.0,0.0,0.0,0.0,0.0,0.0,0.0,0.0,0.0,0.0,49922.666666666664,0,0
3082090,602256,TANGER,Tanger-Tétouan-Al Hoceima,TANGER,Tanger-Tétouan-Al Hoceima,22/09/1980,3430,34,343,0,400,1,6.0,Mensuelle,28/11/2018,5.0,an(s),26/09/2019,CENTRE D’AFFAIRES DE TANGER,Développement,C,1918.0,,0.0,0.0,0.0,0.0,0.0,0.0,0.0,0.0,0.0,0.0,0.0,0.0,0.0,0.0,0.0,0.0,0.0,0.0,0.0,0.0,0.0,0.0,0.0,0.0,0.0,0.0,0.0,0.0,0.0,0.0,0.0,0.0,0.0,0.0,0.0,0.0,0.0,0.0,0.0,0.0,0.0,0.0,0.0,0.0,0.0,0.0,0.0,0.0,0.0,0.0,0.0,0.0,0.0,0.0,1,0
3107960,602655,CASABLANCA,Casablanca-Settat,CASABLANCA,Casablanca-Settat,21/07/1994,6033,60,603,3,80,20,5.0,Mensuelle,27/05/2019,60.0,mois,,CENTRE D’AFFAIRES DE CASABLANCA,Développement,C,,,0.0,0.0,0.0,0.0,0.0,0.0,11721495.5,5584507.5,6136988.0,783783.0,21763241.5,0.0,0.0,0.0,31560386.0,0.0,0.0,0.0,2302300.0,39999674.0,58274728.428571425,40976989.71428572,89338034.5,19595433.0,3152363.5,3024593.0,46216742.0,16502700.5,3250604.5,-530673.0,1286857.0,0.0,0.0,0.0,0.0,14600371.5,3461529.5,18061901.0,11083715.5,16451649.5,5484336.0,39997886.5,0.0,0.0,0.0,0.0,0.0,0.0,0.0,0.0,0.0,0.0,0.0,178187.0,0,0
3080980,603594,MARRAKECH,Marrakech-Safi,MARRAKECH,Marrakech-Safi,17/12/2014,7423,74,742,0,30,23,1.0,Mensuelle,08/11/2018,48.0,mois,,CENTRE D’AFFAIRES DE MARRAKECH,Développement,C,3033.0,,0.0,0.0,0.0,0.0,0.0,0.0,2705869.8333333335,1501917.0833333333,1203952.75,4981893.583333333,5332076.75,0.0,0.0,0.0,10548287.75,0.0,0.0,0.0,529779.25,12282019.75,4330151.916666667,3130882.25,8057549.5,3413243.1666666665,609775.8333333334,540456.5833333334,3313727.0833333335,2759923.8333333335,303052.75,-31448.083333333332,233733.5,0.0,0.0,0.0,0.0,4726221.5,306806.5,5033028.0,924006.4166666666,7071647.916666667,177343.83333333334,12282019.75,0.0,0.0,0.0,0.0,0.0,0.0,0.0,0.0,0.0,0.0,0.0,12675.166666666666,1,0
3117654,604036,TANGER,Tanger-Tétouan-Al Hoceima,TANGER,Tanger-Tétouan-Al Hoceima,04/02/2014,8031,80,803,0,7,34,6.25,Mensuelle,05/08/2019,180.0,mois,,CENTRE D’AFFAIRES DE TANGER,Développement,C,,,0.0,0.0,0.0,0.0,0.0,0.0,1562060.5,377877.5,1184183.0,0.0,205205.0,0.0,0.0,0.0,275275.0,0.0,0.0,0.0,87587.5,1547045.5,1495994.5,1453452.0,1506004.5,1260759.5,686686.0,585084.5,93093.0,572572.0,583082.5,0.0,481481.0,0.0,0.0,0.0,0.0,1499998.5,0.0,1499998.5,6506.5,47047.0,0.0,1547045.5,0.0,0.0,0.0,0.0,0.0,0.0,0.0,0.0,0.0,0.0,0.0,3009.0,0,0
3074139,604444,CASABLANCA,Casablanca-Settat,CASABLANCA,Casablanca-Settat,28/11/2005,7121,71,712,0,0,24,5.0,Mensuelle,06/09/2018,60.0,mois,,CENTRE D’AFFAIRES DE CASABLANCA,Développement,B,,,,,,,,,,,,,,,,,,,,,,,,,,,,,,,,,,,,,,,,,,,,,,,,,,,,,,,,,0,1
3076820,604678,CASABLANCA,Casablanca-Settat,CASABLANCA,Casablanca-Settat,17/09/2014,5138,51,513,10,16,24,1.0,Mensuelle,05/10/2018,120.0,mois,27/11/2018,CENTRE D’AFFAIRES DE CASABLANCA,Développement,B,,,0.0,0.0,0.0,0.0,0.0,0.0,651275.625,90840.75,560434.875,264389.125,762762.0,0.0,0.0,0.0,1542415.875,0.0,0.0,0.0,3878.875,2106729.625,1837829.5,1302849.375,2743866.125,139889.75,16891.875,-101726.625,2218716.5,116616.5,-59934.875,-26651.625,-178553.375,0.0,0.0,0.0,0.0,213087.875,144894.75,357982.625,1006130.125,1629002.375,119744.625,2106729.625,0.0,0.0,0.0,0.0,0.0,0.0,0.0,0.0,0.0,0.0,0.0,5482.25,0,0
3127745,605973,MARRAKECH,Marrakech-Safi,MARRAKECH,Marrakech-Safi,28/05/2012,127,1,12,3,20,9,7.0,Mensuelle,31/10/2019,5.0,an(s),02/01/2020,CENTRE D’AFFAIRES DE MARRAKECH,Développement,C,,,0.0,0.0,0.0,0.0,0.0,0.0,19062686.5,4745812.5,14316874.0,2803872.5,107965.0,0.0,0.0,0.0,2975758.5,0.0,0.0,0.0,3217.5,17295850.0,1756226.357142857,1399643.4285714286,3259971.0,1181752.0,-99099.0,170098.5,1240525.0,1266980.0,-622121.5,-159087.5,-796653.0,0.0,0.0,0.0,0.0,-520448.5,5354492.0,4834043.5,1527454.5,10883158.0,1578648.5,17295850.0,0.0,0.0,0.0,0.0,0.0,0.0,0.0,0.0,0.0,0.0,0.0,6500.714285714285,0,0
3092653,606014,CASABLANCA,Casablanca-Settat,CASABLANCA,Casablanca-Settat,25/10/1991,6031,60,603,7,0,23,5.3,Mensuelle,22/02/2019,48.0,mois,,CENTRE D’AFFAIRES DE CASABLANCA,Développement,C,,,,,,,,,,,,,,,,,,,,,,,,,,,,,,,,,,,,,,,,,,,,,,,,,,,,,,,,,0,1
3079957,606476,AGADIR,Souss-Massa,AGADIR,Souss-Massa,21/02/2008,1320,13,132,3,411,24,1.0,Mensuelle,30/10/2018,48.0,mois,18/01/2019,CENTRE D’AFFAIRES D'AGADIR,Développement,A,,,14.285714285714286,14.285714285714286,0.0,14.285714285714286,14.285714285714286,0.0,9026660.5,1110395.0,7916265.5,0.0,6850415.0,14.285714285714286,14.285714285714286,0.0,9883588.0,14.285714285714286,14.285714285714286,0.0,930358.0,18730211.5,18232370.92857143,9033247.285714285,30496394.5,17049604.0,1333189.0,601386.5,9922913.0,15657642.0,1293578.0,-311668.5,390032.5,14.285714285714286,14.285714285714286,0.0,0.14285714285714285,5286066.5,1926353.0,7212419.5,3867792.5,8095802.0,3421990.0,18730211.5,14.285714285714286,7.285714285714286,0.0,5.621585714285715,5.154685714285715,0.0,5.096328571428572,4.714285714285714,4.714285714285714,0.0,0.2857142857142857,61403.71428571428,0,0
3080768,606476,AGADIR,Souss-Massa,AGADIR,Souss-Massa,21/02/2008,1320,13,132,3,411,24,1.0,Mensuelle,05/11/2018,48.0,an(s),23/07/2018,CENTRE D’AFFAIRES D'AGADIR,Développement,B,,,14.285714285714286,14.285714285714286,0.0,14.285714285714286,14.285714285714286,0.0,9026660.5,1110395.0,7916265.5,0.0,6850415.0,14.285714285714286,14.285714285714286,0.0,9883588.0,14.285714285714286,14.285714285714286,0.0,930358.0,18730211.5,18232370.92857143,9033247.285714285,30496394.5,17049604.0,1333189.0,601386.5,9922913.0,15657642.0,1293578.0,-311668.5,390032.5,14.285714285714286,14.285714285714286,0.0,0.14285714285714285,5286066.5,1926353.0,7212419.5,3867792.5,8095802.0,3421990.0,18730211.5,14.285714285714286,7.285714285714286,0.0,5.621585714285715,5.154685714285715,0.0,5.096328571428572,4.714285714285714,4.714285714285714,0.0,0.2857142857142857,61403.71428571428,0,0
3098057,606476,AGADIR,Souss-Massa,AGADIR,Souss-Massa,21/02/2008,1320,13,132,15,411,23,1.0,Mensuelle,15/03/2019,48.0,mois,25/04/2019,CENTRE D’AFFAIRES D'AGADIR,Développement,A,,,14.285714285714286,14.285714285714286,0.0,14.285714285714286,14.285714285714286,0.0,9026660.5,1110395.0,7916265.5,0.0,6850415.0,14.285714285714286,14.285714285714286,0.0,9883588.0,14.285714285714286,14.285714285714286,0.0,930358.0,18730211.5,18232370.92857143,9033247.285714285,30496394.5,17049604.0,1333189.0,601386.5,9922913.0,15657642.0,1293578.0,-311668.5,390032.5,14.285714285714286,14.285714285714286,0.0,0.14285714285714285,5286066.5,1926353.0,7212419.5,3867792.5,8095802.0,3421990.0,18730211.5,14.285714285714286,7.285714285714286,0.0,5.621585714285715,5.154685714285715,0.0,5.096328571428572,4.714285714285714,4.714285714285714,0.0,0.2857142857142857,61403.71428571428,0,0
3103350,607599,MARRAKECH,Marrakech-Safi,MARRAKECH,Marrakech-Safi,08/02/2016,4529,45,452,0,15,25,8.0,Mensuelle,25/04/2019,48.0,mois,30/04/2019,CENTRE D’AFFAIRES DE MARRAKECH,Développement,D,5757.0,,0.0,0.0,0.0,0.0,0.0,0.0,1037786.75,318067.75,719719.0,4856101.25,615364.75,0.0,0.0,0.0,6275269.0,0.0,0.0,0.0,371621.25,7366609.25,12020008.0,3859857.5,20817546.75,762011.25,606355.75,478978.5,19388369.0,148898.75,419419.0,-60810.75,292041.75,0.0,0.0,0.0,0.0,2913410.5,400900.5,3314311.0,1045294.25,3977723.75,99432.66666666667,7366609.25,0.0,0.0,0.0,0.0,0.0,0.0,0.0,0.0,0.0,0.0,0.0,41593.5,1,0
3132190,608007,INZEGANE,Souss-Massa,INZEGANE,Souss-Massa,26/08/1993,5132,51,513,0,36,23,1.0,Mensuelle,03/12/2019,48.0,mois,25/01/2020,CENTRE D’AFFAIRES D'AGADIR,Développement,C,,,20.0,0.0,0.0,20.0,0.0,0.0,15821005.2,7489782.3,8331222.9,8969860.9,24094870.8,20.0,0.0,0.0,41645303.7,20.0,0.0,0.0,173973.8,50150500.4,37528377.1,19222644.4,47381434.1,1368767.4,-76676.6,1304703.4,40157917.8,1275874.6,670269.6,-513913.4,64464.4,6.0,0.0,0.0,0.2,13136523.4,4851446.6,17987970.0,11998987.0,14574359.8,17588170.6,50150500.4,10.2,0.0,0.0,8.31414,0.0,0.0,7.91156,20.0,0.0,0.0,0.2,94668.2,0,0
3082984,608151,MARRAKECH,Marrakech-Safi,MARRAKECH,Marrakech-Safi,29/01/1992,1822,18,182,0,1100,24,1.0,Mensuelle,28/11/2018,60.0,mois,10/12/2018,CENTRE D’AFFAIRES DE MARRAKECH,Développement,B,,,0.0,0.0,0.0,0.0,0.0,0.0,126049924.0,37577206.333333336,92230438.3,7998690.7,23461337.9,0.0,0.0,0.0,41737095.4,0.0,0.0,0.0,358758.4,134326292.1,127605878.4,112464352.0,140079839.9,79259580.4,13769055.3,11135224.1,14569454.9,64716551.9,7495488.0,-2696093.4,4030526.5,0.0,0.0,0.0,0.0,56181725.6,36162926.8,92344652.4,12454241.8,28947218.3,13034421.4,134326292.1,0.0,0.0,0.0,0.0,0.0,0.0,0.0,0.0,0.0,0.0,0.0,280073.4,0,0
3059558,608308,RABAT,Rabat-Salé-Kénitra,RABAT,Rabat-Salé-Kénitra,10/02/2015,6022,60,602,6,300,24,0.0,Mensuelle,11/04/2018,48.0,mois,07/06/2018,CENTRE D’AFFAIRES DE RABAT,Développement,B,,,0.0,0.0,0.0,0.0,0.0,0.0,17164719.0,11019222.5,6145496.5,623837.5,13491835.5,0.0,0.0,0.0,24170217.5,0.0,0.0,0.0,903188.0,31218902.0,30860222.785714287,18172291.64285714,64327477.5,14014643.5,4014653.5,3179819.5,34589769.5,10231221.0,1792576.5,-374088.0,954811.0,0.0,0.0,0.0,0.0,7374367.0,5428923.5,12803290.5,12514931.0,17818157.5,643412.0,31218902.0,0.0,0.0,0.0,0.0,0.0,0.0,0.0,0.0,0.0,0.0,0.0,128526.42857142857,0,0
3092243,608308,RABAT,Rabat-Salé-Kénitra,RABAT,Rabat-Salé-Kénitra,10/02/2015,6022,60,602,10,300,23,0.0,Mensuelle,13/02/2019,48.0,mois,25/02/2019,CENTRE D’AFFAIRES DE RABAT,Développement,B,,,0.0,0.0,0.0,0.0,0.0,0.0,17164719.0,11019222.5,6145496.5,623837.5,13491835.5,0.0,0.0,0.0,24170217.5,0.0,0.0,0.0,903188.0,31218902.0,30860222.785714287,18172291.64285714,64327477.5,14014643.5,4014653.5,3179819.5,34589769.5,10231221.0,1792576.5,-374088.0,954811.0,0.0,0.0,0.0,0.0,7374367.0,5428923.5,12803290.5,12514931.0,17818157.5,643412.0,31218902.0,0.0,0.0,0.0,0.0,0.0,0.0,0.0,0.0,0.0,0.0,0.0,128526.42857142857,0,0
3109096,608308,RABAT,Rabat-Salé-Kénitra,RABAT,Rabat-Salé-Kénitra,10/02/2015,6022,60,602,6,300,24,0.0,Mensuelle,04/06/2019,60.0,mois,,CENTRE D’AFFAIRES DE RABAT,Développement,C,,,0.0,0.0,0.0,0.0,0.0,0.0,17164719.0,11019222.5,6145496.5,623837.5,13491835.5,0.0,0.0,0.0,24170217.5,0.0,0.0,0.0,903188.0,31218902.0,30860222.785714287,18172291.64285714,64327477.5,14014643.5,4014653.5,3179819.5,34589769.5,10231221.0,1792576.5,-374088.0,954811.0,0.0,0.0,0.0,0.0,7374367.0,5428923.5,12803290.5,12514931.0,17818157.5,643412.0,31218902.0,0.0,0.0,0.0,0.0,0.0,0.0,0.0,0.0,0.0,0.0,0.0,128526.42857142857,0,0
3109225,608308,RABAT,Rabat-Salé-Kénitra,RABAT,Rabat-Salé-Kénitra,10/02/2015,6022,60,602,5,300,23,0.0,Mensuelle,04/06/2019,48.0,mois,25/07/2019,CENTRE D’AFFAIRES DE RABAT,Développement,C,,,0.0,0.0,0.0,0.0,0.0,0.0,17164719.0,11019222.5,6145496.5,623837.5,13491835.5,0.0,0.0,0.0,24170217.5,0.0,0.0,0.0,903188.0,31218902.0,30860222.785714287,18172291.64285714,64327477.5,14014643.5,4014653.5,3179819.5,34589769.5,10231221.0,1792576.5,-374088.0,954811.0,0.0,0.0,0.0,0.0,7374367.0,5428923.5,12803290.5,12514931.0,17818157.5,643412.0,31218902.0,0.0,0.0,0.0,0.0,0.0,0.0,0.0,0.0,0.0,0.0,0.0,128526.42857142857,0,0
3130700,608308,RABAT,Rabat-Salé-Kénitra,RABAT,Rabat-Salé-Kénitra,10/02/2015,6022,60,602,10,300,23,0.0,Mensuelle,26/11/2019,48.0,mois,25/05/2019,CENTRE D’AFFAIRES DE RABAT,Développement,C,,,0.0,0.0,0.0,0.0,0.0,0.0,17164719.0,11019222.5,6145496.5,623837.5,13491835.5,0.0,0.0,0.0,24170217.5,0.0,0.0,0.0,903188.0,31218902.0,30860222.785714287,18172291.64285714,64327477.5,14014643.5,4014653.5,3179819.5,34589769.5,10231221.0,1792576.5,-374088.0,954811.0,0.0,0.0,0.0,0.0,7374367.0,5428923.5,12803290.5,12514931.0,17818157.5,643412.0,31218902.0,0.0,0.0,0.0,0.0,0.0,0.0,0.0,0.0,0.0,0.0,0.0,128526.42857142857,0,0
3127648,608741,CASABLANCA,Casablanca-Settat,CASABLANCA,Casablanca-Settat,10/07/2014,4550,45,455,0,663,5,,,27/10/2019,,an(s),,CENTRE D’AFFAIRES DE FES,Développement,C,,,0.0,0.0,0.0,0.0,0.0,0.0,10944775.985,5881606.5,5483284.234999999,2255736.34,78064176.905,0.0,0.0,0.0,86619088.27,0.0,0.0,0.0,3544149.1799999997,95646521.68499999,34520319.0,20730285.57142857,76736623.535,13044892.575000001,3750046.3000000003,2437227.65,59511632.894999996,9184475.3,2758098.915,-856209.64,1445280.2650000001,0.0,0.0,0.0,0.0,13240081.855,1924218.01,15164299.865,15645408.35,46322707.86,34159504.665,95646512.39,0.0,0.0,0.0,0.0,0.0,0.0,0.0,0.0,0.0,0.0,0.0,152947.03285714285,0,0
3127650,608741,CASABLANCA,Casablanca-Settat,CASABLANCA,Casablanca-Settat,10/07/2014,4550,45,455,0,663,5,,,27/10/2019,,an(s),,CENTRE D’AFFAIRES DE FES,Développement,C,,,0.0,0.0,0.0,0.0,0.0,0.0,10944775.985,5881606.5,5483284.234999999,2255736.34,78064176.905,0.0,0.0,0.0,86619088.27,0.0,0.0,0.0,3544149.1799999997,95646521.68499999,34520319.0,20730285.57142857,76736623.535,13044892.575000001,3750046.3000000003,2437227.65,59511632.894999996,9184475.3,2758098.915,-856209.64,1445280.2650000001,0.0,0.0,0.0,0.0,13240081.855,1924218.01,15164299.865,15645408.35,46322707.86,34159504.665,95646512.39,0.0,0.0,0.0,0.0,0.0,0.0,0.0,0.0,0.0,0.0,0.0,152947.03285714285,0,0
3127651,608741,CASABLANCA,Casablanca-Settat,CASABLANCA,Casablanca-Settat,10/07/2014,4550,45,455,0,663,5,,,27/10/2019,,an(s),,CENTRE D’AFFAIRES DE FES,Développement,C,,,0.0,0.0,0.0,0.0,0.0,0.0,10944775.985,5881606.5,5483284.234999999,2255736.34,78064176.905,0.0,0.0,0.0,86619088.27,0.0,0.0,0.0,3544149.1799999997,95646521.68499999,34520319.0,20730285.57142857,76736623.535,13044892.575000001,3750046.3000000003,2437227.65,59511632.894999996,9184475.3,2758098.915,-856209.64,1445280.2650000001,0.0,0.0,0.0,0.0,13240081.855,1924218.01,15164299.865,15645408.35,46322707.86,34159504.665,95646512.39,0.0,0.0,0.0,0.0,0.0,0.0,0.0,0.0,0.0,0.0,0.0,152947.03285714285,0,0
3127653,608741,CASABLANCA,Casablanca-Settat,CASABLANCA,Casablanca-Settat,10/07/2014,4550,45,455,0,663,5,,,27/10/2019,,an(s),,CENTRE D’AFFAIRES DE FES,Développement,C,,,0.0,0.0,0.0,0.0,0.0,0.0,10944775.985,5881606.5,5483284.234999999,2255736.34,78064176.905,0.0,0.0,0.0,86619088.27,0.0,0.0,0.0,3544149.1799999997,95646521.68499999,34520319.0,20730285.57142857,76736623.535,13044892.575000001,3750046.3000000003,2437227.65,59511632.894999996,9184475.3,2758098.915,-856209.64,1445280.2650000001,0.0,0.0,0.0,0.0,13240081.855,1924218.01,15164299.865,15645408.35,46322707.86,34159504.665,95646512.39,0.0,0.0,0.0,0.0,0.0,0.0,0.0,0.0,0.0,0.0,0.0,152947.03285714285,0,0
3051370,609767,MARRAKECH,Marrakech-Safi,MARRAKECH,Marrakech-Safi,12/06/1998,5010,50,501,5,80,22,7.0,Mensuelle,29/01/2018,120.0,mois,,CENTRE D’AFFAIRES DE MARRAKECH,Développement,B,,,0.0,0.0,0.0,0.0,0.0,0.0,7272265.0,3655652.0,3616613.0,31118587.5,17655387.75,0.0,0.0,0.0,63389326.0,0.0,0.0,0.0,542542.0,67548481.0,116923556.75,97472625.25,126982355.5,5560054.5,3197444.25,2645893.25,117002385.5,4042288.25,2710958.25,-395144.75,1768016.25,0.0,0.0,0.0,0.0,11527516.0,3152649.5,14680165.5,39610070.5,47683886.25,5184429.25,67548481.0,0.0,0.0,0.0,0.0,0.0,0.0,0.0,0.0,0.0,0.0,0.0,253711.0,0,0
3105824,610016,CASABLANCA,Casablanca-Settat,CASABLANCA,Casablanca-Settat,20/07/2006,1411,14,141,10,74,24,5.7,Mensuelle,08/05/2019,60.0,mois,,CENTRE D’AFFAIRES DE CASABLANCA,Développement,A,,,0.0,0.0,0.0,0.0,0.0,0.0,32610721.0,14279336.5,18331384.5,7958093.0,29225982.5,0.0,0.0,0.0,48568877.5,0.0,0.0,0.0,59416.5,66959678.5,27294628.64285714,14543393.92857143,59880606.5,12451081.5,7299292.0,6390098.0,29893506.5,4623905.0,4189471.0,-846774.5,2340052.0,0.0,0.0,0.0,0.0,20266174.5,9422913.5,29689088.0,17636547.5,28479808.5,8790782.0,66959678.5,0.0,0.0,0.0,0.0,0.0,0.0,0.0,0.0,0.0,0.0,0.0,117437.42857142857,0,0
3105633,611031,DAKHLA,Dakhla-Oued Ed-Dahab,DAKHLA,Dakhla-Oued Ed-Dahab,25/07/2018,1521,15,152,70,112,7,6.5,Trimestrielle,10/05/2019,7.0,an(s),28/05/2019,CENTRE D’AFFAIRES DE LAAYOUNE,Développement,B,672.0,,0.0,0.0,0.0,0.0,0.0,0.0,28877277.0,8280844.0,20596433.0,6832969.0,13647133.5,0.0,0.0,0.0,22674866.5,0.0,0.0,0.0,192049.0,43463348.5,29601964.785714287,24424655.07142857,37502322.0,5361356.0,4513080.0,3151291.0,29237851.5,843628.5,2187399.5,-1097167.5,1080293.5,0.0,0.0,0.0,0.0,17328740.0,6788710.5,24117450.5,3143783.5,11240014.5,8105883.5,43463348.5,0.0,0.0,0.0,0.0,0.0,0.0,0.0,0.0,0.0,0.0,0.0,73742.0,1,0
3050011,612146,CASABLANCA,Casablanca-Settat,CASABLANCA,Casablanca-Settat,16/04/2003,6025,60,602,1,0,23,1.0,Mensuelle,15/01/2018,48.0,mois,25/02/2018,CENTRE D’AFFAIRES DE CASABLANCA,Développement,C,,,0.0,0.0,0.0,0.0,0.0,0.0,18053452.083333332,12506767.0,6588915.666666667,2043541.5,18082898.166666668,0.0,0.0,0.0,27593816.25,0.0,0.0,0.0,128962.16666666667,34311694.083333336,16884931.416666668,10998053.25,33179563.083333332,5653898.25,976392.0833333334,1433265.1666666667,20388951.916666668,4839251.083333333,-246079.16666666666,-144394.25,210793.91666666666,0.0,0.0,0.0,0.0,8580822.25,838003.8333333334,9418826.083333334,17463529.416666668,22790267.5,2102600.5,34311694.083333336,0.0,0.0,0.0,0.0,0.0,0.0,0.0,0.0,0.0,0.0,0.0,66292.83333333333,0,0
3106787,612295,CASABLANCA,Casablanca-Settat,CASABLANCA,Casablanca-Settat,07/11/2014,8511,85,851,1,200,39,6.0,Trimestrielle,13/06/2019,7.0,an(s),31/08/2019,CENTRE D’AFFAIRES DE CASABLANCA,Développement,D,1619.0,,0.0,0.0,0.0,0.0,0.0,0.0,161889227.5,5950945.0,155938282.5,0.0,4989985.0,0.0,0.0,0.0,7425918.5,0.0,0.0,0.0,874874.0,164239075.0,1561560.0,6690684.0,5356351.0,376376.0,-1076075.0,-474474.0,3324321.0,1438937.5,-3435932.5,-276276.0,-2834331.5,0.0,0.0,0.0,0.0,102508906.5,19176657.5,121685564.0,2069567.5,40051011.0,2502500.0,164239075.0,0.0,0.0,0.0,0.0,0.0,0.0,0.0,0.0,0.0,0.0,0.0,8238.0,1,0
3051057,613174,OUJDA,L'oriental,OUJDA,L'oriental,09/03/2011,5534,55,553,10,1,33,6.25,Mensuelle,17/01/2018,180.0,mois,,CENTRE D’AFFAIRES D’OUJDA,Développement,D,152.0,,,,,,,,,,,,,,,,,,,,,,,,,,,,,,,,,,,,,,,,,,,,,,,,,,,,,,,,1,1
3051376,613303,NADOR,L'oriental,NADOR,L'oriental,11/04/2014,5511,55,551,0,2,4,6.5,Trimestrielle,22/01/2018,9.0,an(s),30/06/2021,CENTRE D’AFFAIRES D’OUJDA,Développement,D,,,,,,,,,,,,,,,,,,,,,,,,,,,,,,,,,,,,,,,,,,,,,,,,,,,,,,,,,0,1
3051770,613645,LAAYOUNE,Laâyoune-Sakia El Hamra,LAAYOUNE,Laâyoune-Sakia El Hamra,21/04/2006,6062,60,606,1,0,23,7.0,Mensuelle,16/02/2018,60.0,mois,25/02/2018,CENTRE D’AFFAIRES DE LAAYOUNE,Développement,B,616.0,,,,,,,,,,,,,,,,,,,,,,,,,,,,,,,,,,,,,,,,,,,,,,,,,,,,,,,,1,1
3106307,613702,LAAYOUNE,Laâyoune-Sakia El Hamra,LAAYOUNE,Laâyoune-Sakia El Hamra,04/06/2018,7470,74,747,6,5,30,8.0,Trimestrielle,20/05/2019,60.0,mois,21/06/2019,CENTRE D’AFFAIRES DE MARRAKECH,Développement,D,,,0.0,0.0,0.0,0.0,0.0,0.0,3880960.4166666665,1746828.4166666667,2134132.0,267850.9166666667,15201269.416666666,0.0,0.0,0.0,16099249.833333334,0.0,0.0,0.0,123206.41666666667,18356588.25,13098883.75,6189047.833333333,27248721.5,17808207.083333332,1276191.5833333333,663829.8333333334,4575571.0,16517834.666666666,1059558.5,-423256.1666666667,447196.75,0.0,0.0,0.0,0.0,4024854.1666666665,2217882.3333333335,6242736.5,1850515.3333333333,8133458.666666667,3980393.0833333335,18356588.25,0.0,0.0,0.0,0.0,0.0,0.0,0.0,0.0,0.0,0.0,0.0,54443.0,0,0
3052344,613827,AGADIR,Souss-Massa,AGADIR,Souss-Massa,01/08/1989,6330,63,633,2,0,24,7.0,Mensuelle,01/02/2018,60.0,mois,,CENTRE D’AFFAIRES D'AGADIR,Développement,B,,,,,,,,,,,,,,,,,,,,,,,,,,,,,,,,,,,,,,,,,,,,,,,,,,,,,,,,,0,1
3051873,613923,MARRAKECH,Marrakech-Safi,MARRAKECH,Marrakech-Safi,22/12/2006,6053,60,605,0,0,24,8.0,Mensuelle,30/01/2018,48.0,mois,,CENTRE D’AFFAIRES DE MARRAKECH,Développement,B,,,,,,,,,,,,,,,,,,,,,,,,,,,,,,,,,,,,,,,,,,,,,,,,,,,,,,,,,0,1
3051880,613930,AGADIR,Souss-Massa,CASABLANCA,Casablanca-Settat,02/07/2004,5164,51,516,15,0,26,5.5,Mensuelle,02/02/2018,7.0,an(s),,CENTRE D’AFFAIRES D'AGADIR,Développement,B,,,0.0,0.0,0.0,0.0,0.0,0.0,11777909.0,1552622.5,10225286.5,12630117.5,16571555.0,0.0,0.0,0.0,31653264.5,0.0,0.0,0.0,259545.0,42138096.0,21200698.57142857,13364687.42857143,45036277.0,4769193.0,2501999.5,1302944.5,39494884.0,2222935.0,2043255.5,-897754.0,871656.5,0.0,0.0,0.0,0.0,6514436.5,6477042.0,12991478.5,15646130.5,22014278.0,7132339.5,42138096.0,0.0,0.0,0.0,0.0,0.0,0.0,0.0,0.0,0.0,0.0,0.0,89982.57142857143,0,0
3051955,613970,CASABLANCA,Casablanca-Settat,CASABLANCA,Casablanca-Settat,02/12/1996,6024,60,602,7,27,23,6.0,Mensuelle,30/01/2018,48.0,mois,05/11/2017,CENTRE D’AFFAIRES DE CASABLANCA,Développement,C,,,,,,,,,,,,,,,,,,,,,,,,,,,,,,,,,,,,,,,,,,,,,,,,,,,,,,,,,0,1
3052398,614378,FES,Fès-Meknès,FES,Fès-Meknès,14/05/1999,5030,50,503,15,0,22,10.0,Mensuelle,13/02/2018,120.0,mois,,CENTRE D’AFFAIRES DE FES,Développement,B,,,0.0,0.0,0.0,0.0,0.0,0.0,7905476.722307692,2435468.035,5890434.223076924,19733410.84,10861468.475,0.0,0.0,0.0,31055791.13769231,0.0,0.0,0.0,714145.5750000001,37455920.59538461,51030668.942307696,32374851.706153847,111616557.12692308,6940200.55076923,3285064.0184615385,1888440.2853846154,124168598.84,4126613.9200000004,2328145.059230769,-793855.9176923076,713560.8261538462,0.0,0.0,0.0,0.0,8793174.998461539,3378155.980769231,12171330.979230769,17420689.715,17254509.97076923,8912178.99,37455956.78538461,0.0,0.0,0.0,0.0,0.0,0.0,0.0,0.0,0.0,0.0,0.0,269323.03571428574,0,0
3052807,614445,SETTAT,Casablanca-Settat,SETTAT,Casablanca-Settat,08/06/1990,1711,17,171,1,490,4,5.5,Trimestrielle,22/02/2018,7.0,an(s),,CENTRE D’AFFAIRES DE CASABLANCA,Développement,B,,,0.0,0.0,0.0,0.0,0.0,0.0,579427348.5,371421800.75,208005547.75,104699094.5,127439812.5,0.0,0.0,0.0,254509004.75,0.0,0.0,0.0,931931.0,463446483.5,228036058.25,213715752.25,204778323.75,40466426.0,10641130.5,1634883.25,146262366.25,28418640.25,-9275766.5,-6797040.25,-18082314.25,0.0,0.0,0.0,0.0,200553353.0,57041734.75,257595087.75,122136514.5,164499335.0,41352060.75,463446483.5,0.0,0.0,0.0,0.0,0.0,0.0,0.0,0.0,0.0,0.0,0.0,424811.5,0,0
3053579,614767,MARRAKECH,Marrakech-Safi,MARRAKECH,Marrakech-Safi,04/09/2007,6070,60,607,20,19,30,7.75,Mensuelle,12/02/2018,48.0,mois,,CENTRE D’AFFAIRES DE MARRAKECH,Développement,C,,,,,,,,,,,,,,,,,,,,,,,,,,,,,,,,,,,,,,,,,,,,,,,,,,,,,,,,,0,1
3055674,614767,MARRAKECH,Marrakech-Safi,MARRAKECH,Marrakech-Safi,04/09/2007,6042,60,604,7,19,23,8.0,Mensuelle,07/03/2018,48.0,mois,25/03/2018,CENTRE D’AFFAIRES DE MARRAKECH,Développement,C,,,,,,,,,,,,,,,,,,,,,,,,,,,,,,,,,,,,,,,,,,,,,,,,,,,,,,,,,0,1
3120594,614768,AGADIR,Souss-Massa,AGADIR,Souss-Massa,03/03/2015,8021,80,802,73,140,1,6.5,Mensuelle,27/09/2019,10.0,an(s),,CENTRE D’AFFAIRES D'AGADIR,Développement,D,,,16.666666666666668,0.0,0.0,16.666666666666668,0.0,0.0,7867442.916666667,1963878.5833333333,5903564.333333333,0.0,156573.08333333334,16.666666666666668,0.0,0.0,1282864.9166666667,16.666666666666668,0.0,0.0,86669.91666666667,7273099.166666667,2339663.6666666665,1315355.5833333333,3279776.5,2184098.5833333335,732815.4166666666,578661.4166666666,628628.0,1435934.5,455037.9166666667,-77827.75,300883.9166666667,5.0,0.0,0.0,0.3333333333333333,2273104.1666666665,4794956.833333333,7068061.0,778.5555555555555,168001.16666666666,37037.0,7273099.166666667,16.666666666666668,0.0,0.0,7.473166666666667,0.0,0.0,5.487383333333334,16.666666666666668,0.0,0.0,0.3333333333333333,6553.0,0,0
3054367,615367,LAAYOUNE,Laâyoune-Sakia El Hamra,LAAYOUNE,Laâyoune-Sakia El Hamra,22/12/2009,8022,80,802,3,55,29,8.75,Mensuelle,21/02/2018,84.0,mois,30/10/2018,CENTRE D’AFFAIRES DE LAAYOUNE,Développement,C,4873.0,,,,,,,,,,,,,,,,,,,,,,,,,,,,,,,,,,,,,,,,,,,,,,,,,,,,,,,,1,1
3058236,615762,CASABLANCA,Casablanca-Settat,CASABLANCA,Casablanca-Settat,13/10/2003,1573,15,157,8,256,23,6.25,Mensuelle,27/03/2018,48.0,mois,,CENTRE D’AFFAIRES DE CASABLANCA,Développement,B,,,0.0,0.0,0.0,0.0,0.0,0.0,31718186.5,14660646.0,18279261.0,2487902.0833333335,18560124.916666668,0.0,0.0,0.0,23912054.833333332,0.0,0.0,0.0,5757334.916666667,47948650.75,31197600.5,19343023.75,61991846.583333336,8394552.833333334,4878540.333333333,3818731.5833333335,36787333.916666664,3333747.0833333335,2633464.1666666665,-696028.6666666666,1573655.4166666667,0.0,0.0,0.0,0.0,12699186.5,6404981.916666667,19104168.416666668,17594660.416666668,23233210.0,5610271.333333333,47947649.75,0.0,0.0,0.0,0.0,0.0,0.0,0.0,0.0,0.0,0.0,0.0,123492.66666666667,0,0
3078739,615762,CASABLANCA,Casablanca-Settat,CASABLANCA,Casablanca-Settat,13/10/2003,1571,15,157,5,256,24,1.0,Mensuelle,19/10/2018,48.0,mois,,CENTRE D’AFFAIRES DE CASABLANCA,Développement,A,,,0.0,0.0,0.0,0.0,0.0,0.0,31718186.5,14660646.0,18279261.0,2487902.0833333335,18560124.916666668,0.0,0.0,0.0,23912054.833333332,0.0,0.0,0.0,5757334.916666667,47948650.75,31197600.5,19343023.75,61991846.583333336,8394552.833333334,4878540.333333333,3818731.5833333335,36787333.916666664,3333747.0833333335,2633464.1666666665,-696028.6666666666,1573655.4166666667,0.0,0.0,0.0,0.0,12699186.5,6404981.916666667,19104168.416666668,17594660.416666668,23233210.0,5610271.333333333,47947649.75,0.0,0.0,0.0,0.0,0.0,0.0,0.0,0.0,0.0,0.0,0.0,123492.66666666667,0,0
3078964,615762,CASABLANCA,Casablanca-Settat,CASABLANCA,Casablanca-Settat,13/10/2003,1585,15,158,5,256,24,1.0,Mensuelle,22/10/2018,48.0,mois,14/11/2018,CENTRE D’AFFAIRES DE CASABLANCA,Développement,A,,,0.0,0.0,0.0,0.0,0.0,0.0,31718186.5,14660646.0,18279261.0,2487902.0833333335,18560124.916666668,0.0,0.0,0.0,23912054.833333332,0.0,0.0,0.0,5757334.916666667,47948650.75,31197600.5,19343023.75,61991846.583333336,8394552.833333334,4878540.333333333,3818731.5833333335,36787333.916666664,3333747.0833333335,2633464.1666666665,-696028.6666666666,1573655.4166666667,0.0,0.0,0.0,0.0,12699186.5,6404981.916666667,19104168.416666668,17594660.416666668,23233210.0,5610271.333333333,47947649.75,0.0,0.0,0.0,0.0,0.0,0.0,0.0,0.0,0.0,0.0,0.0,123492.66666666667,0,0
3082927,615762,CASABLANCA,Casablanca-Settat,CASABLANCA,Casablanca-Settat,13/10/2003,1571,15,157,2,256,22,6.5,Mensuelle,11/12/2018,48.0,mois,04/02/2019,CENTRE D’AFFAIRES DE CASABLANCA,Développement,A,,,0.0,0.0,0.0,0.0,0.0,0.0,31718186.5,14660646.0,18279261.0,2487902.0833333335,18560124.916666668,0.0,0.0,0.0,23912054.833333332,0.0,0.0,0.0,5757334.916666667,47948650.75,31197600.5,19343023.75,61991846.583333336,8394552.833333334,4878540.333333333,3818731.5833333335,36787333.916666664,3333747.0833333335,2633464.1666666665,-696028.6666666666,1573655.4166666667,0.0,0.0,0.0,0.0,12699186.5,6404981.916666667,19104168.416666668,17594660.416666668,23233210.0,5610271.333333333,47947649.75,0.0,0.0,0.0,0.0,0.0,0.0,0.0,0.0,0.0,0.0,0.0,123492.66666666667,0,0
3108236,615762,CASABLANCA,Casablanca-Settat,CASABLANCA,Casablanca-Settat,13/10/2003,1573,15,157,1,256,24,5.5,Mensuelle,28/05/2019,48.0,mois,08/07/2019,CENTRE D’AFFAIRES DE CASABLANCA,Développement,B,,,0.0,0.0,0.0,0.0,0.0,0.0,31718186.5,14660646.0,18279261.0,2487902.0833333335,18560124.916666668,0.0,0.0,0.0,23912054.833333332,0.0,0.0,0.0,5757334.916666667,47948650.75,31197600.5,19343023.75,61991846.583333336,8394552.833333334,4878540.333333333,3818731.5833333335,36787333.916666664,3333747.0833333335,2633464.1666666665,-696028.6666666666,1573655.4166666667,0.0,0.0,0.0,0.0,12699186.5,6404981.916666667,19104168.416666668,17594660.416666668,23233210.0,5610271.333333333,47947649.75,0.0,0.0,0.0,0.0,0.0,0.0,0.0,0.0,0.0,0.0,0.0,123492.66666666667,0,0
3077811,616201,CASABLANCA,Casablanca-Settat,CASABLANCA,Casablanca-Settat,30/12/2014,1320,13,132,1,0,22,5.0,Mensuelle,16/10/2018,36.0,mois,,CENTRE D’AFFAIRES DE CASABLANCA,Développement,A,,,0.0,0.0,0.0,0.0,0.0,0.0,12749636.9,4796091.3,7953545.6,1592490.9,2946843.9,0.0,0.0,0.0,8077069.0,0.0,0.0,0.0,20920.9,16051535.5,12266067.4,7082223.0,16688972.3,4934029.1,3872768.9,3263960.7,5333528.2,874473.6,3434230.8,107607.5,2825422.6,0.0,0.0,0.0,0.0,7704697.0,5005.0,7709702.0,4609304.7,7957749.8,384083.7,16051535.5,0.0,0.0,0.0,0.0,0.0,0.0,0.0,0.0,0.0,0.0,0.0,32393.0,0,0
3060252,616205,CASABLANCA,Casablanca-Settat,CASABLANCA,Casablanca-Settat,12/04/1995,7023,70,702,0,0,3,6.0,Mensuelle,17/04/2018,10.0,an(s),,CENTRE D’AFFAIRES DE CASABLANCA,Développement,C,,,,,,,,,,,,,,,,,,,,,,,,,,,,,,,,,,,,,,,,,,,,,,,,,,,,,,,,,0,1
3055765,616661,INZEGANE,Souss-Massa,AGADIR,Souss-Massa,16/02/2012,5138,51,513,0,18,23,6.0,Mensuelle,08/03/2018,48.0,mois,25/03/2018,CENTRE D’AFFAIRES D'AGADIR,Développement,B,,,,,,,,,,,,,,,,,,,,,,,,,,,,,,,,,,,,,,,,,,,,,,,,,,,,,,,,,0,1
3064506,616661,INZEGANE,Souss-Massa,AGADIR,Souss-Massa,16/02/2012,5138,51,513,4,18,23,5.0,Mensuelle,04/06/2018,48.0,mois,05/08/2018,CENTRE D’AFFAIRES D'AGADIR,Développement,B,,,,,,,,,,,,,,,,,,,,,,,,,,,,,,,,,,,,,,,,,,,,,,,,,,,,,,,,,0,1
3055881,616705,MARRAKECH,Marrakech-Safi,MARRAKECH,Marrakech-Safi,01/07/2014,7033,70,703,3,0,3,5.9,Mensuelle,08/03/2018,10.0,an(s),,CENTRE D’AFFAIRES DE MARRAKECH,Développement,C,,,,,,,,,,,,,,,,,,,,,,,,,,,,,,,,,,,,,,,,,,,,,,,,,,,,,,,,,0,1
3056292,617087,CASABLANCA,Casablanca-Settat,CASABLANCA,Casablanca-Settat,19/12/1988,5167,51,516,5,87,4,6.5,Mensuelle,13/03/2018,60.0,mois,,CENTRE D’AFFAIRES DE FES,Développement,C,,,0.0,0.0,0.0,0.0,0.0,0.0,23602007.0,6132340.5,17469666.5,27467225.5,7912047.0,0.0,0.0,0.0,36952701.5,0.0,0.0,0.0,643929.0,55066297.0,26721536.07142857,19891728.5,51223315.0,7923987.5,3793218.0,1774129.5,40697943.0,3967821.0,3205845.5,-1127698.0,1165807.5,0.0,0.0,0.0,0.0,24404237.0,2305017.0,26709254.0,19413966.0,21891226.5,6465816.5,55066297.0,0.0,0.0,0.0,0.0,0.0,0.0,0.0,0.0,0.0,0.0,0.0,102344.28571428571,0,0
3056823,617540,CASABLANCA,Casablanca-Settat,CASABLANCA,Casablanca-Settat,24/03/2014,124,1,12,20,0,7,7.0,Annuelle,15/03/2018,12.0,an(s),02/04/2018,CENTRE D’AFFAIRES DE CASABLANCA,Développement,B,,,,,,,,,,,,,,,,,,,,,,,,,,,,,,,,,,,,,,,,,,,,,,,,,,,,,,,,,0,1
3109046,617858,CASABLANCA,Casablanca-Settat,CASABLANCA,Casablanca-Settat,23/02/2015,3550,35,355,5,0,23,1.0,Mensuelle,31/05/2019,60.0,mois,25/05/2019,CENTRE D’AFFAIRES DE CASABLANCA,Développement,B,,,0.0,0.0,0.0,0.0,0.0,0.0,4130054.5,1588658.5,2541396.0,8113963.0,20918040.0,0.0,0.0,0.0,33986023.5,0.0,0.0,0.0,2289287.0,38816706.5,27616649.785714287,19528692.714285713,59067723.0,5260112.0,2681321.5,1510080.0,50413220.0,2083581.5,2102600.5,-577648.5,909480.0,0.0,0.0,0.0,0.0,4622904.0,3502570.5,8125474.5,17757525.5,21863699.0,9506574.0,38816706.5,0.0,0.0,0.0,0.0,0.0,0.0,0.0,0.0,0.0,0.0,0.0,117033.57142857143,0,0
3059562,618133,CASABLANCA,Casablanca-Settat,CASABLANCA,Casablanca-Settat,12/05/1999,5147,51,514,30,40,1,4.5,Mensuelle,16/04/2018,7.0,an(s),17/07/2018,CENTRE D’AFFAIRES DE CASABLANCA,Développement,A,,,0.0,0.0,0.0,0.0,0.0,0.0,6890812.5,2524593.5,4366219.0,5355350.0,4074570.5,0.0,0.0,0.0,10381228.0,0.0,0.0,0.0,796653.0,15544100.0,9557541.857142856,6233346.428571428,20825590.5,3668808.0,2073214.0,1356712.5,15984039.5,1533746.5,1585655.5,-235378.0,869154.0,0.0,0.0,0.0,0.0,6978257.0,865793.5,7844050.5,4702698.0,6235729.5,1464320.0,15544100.0,0.0,0.0,0.0,0.0,0.0,0.0,0.0,0.0,0.0,0.0,0.0,41609.57142857143,0,0
3057852,618294,CASABLANCA,Casablanca-Settat,CASABLANCA,Casablanca-Settat,13/05/1985,5121,51,512,25,14,1,6.0,Mensuelle,23/03/2018,7.0,an(s),,CENTRE D’AFFAIRES DE CASABLANCA,Développement,B,,,0.0,0.0,0.0,0.0,0.0,0.0,11254390.466666667,4502998.5,7084592.066666666,10597086.5,12828315.5,0.0,0.0,0.0,27898768.666666668,0.0,0.0,0.0,274586.8125,35250386.666666664,12805408.266666668,9497669.6,21590706.4,2444292.466666667,1366991.6666666667,601426.0,18441297.875,1074510.9375,1009618.8,-41550.4,244053.13333333333,0.0,0.0,0.0,0.0,11216059.866666667,1239004.0,12455063.866666667,20553533.0,21494101.866666667,1422354.2666666666,35250386.666666664,0.0,0.0,0.0,0.0,0.0,0.0,0.0,0.0,0.0,0.0,0.0,45887.25,0,0
3057984,618431,MARRAKECH,Marrakech-Safi,MARRAKECH,Marrakech-Safi,02/11/2010,4526,45,452,0,120,23,9.0,Mensuelle,27/03/2018,48.0,mois,25/03/2018,CENTRE D’AFFAIRES DE MARRAKECH,Développement,B,,,0.0,0.0,0.0,0.0,0.0,0.0,3525021.5,1293091.8,2231929.7,13877063.2,7686979.3,0.0,0.0,0.0,23369546.2,0.0,0.0,0.0,248648.4,25850124.3,21170564.5,16373472.3,27483255.8,3606502.9,1453652.2,823722.9,20741420.7,2124021.9,1170469.3,-437336.9,532932.4,0.0,0.0,0.0,0.0,5603297.7,2486183.7,8089481.4,8274666.4,11693581.9,6067061.0,25850124.3,0.0,0.0,0.0,0.0,0.0,0.0,0.0,0.0,0.0,0.0,0.0,47460.4,0,0
3070797,618431,MARRAKECH,Marrakech-Safi,MARRAKECH,Marrakech-Safi,02/11/2010,4529,45,452,0,120,23,8.0,Mensuelle,31/07/2018,48.0,mois,25/06/2018,CENTRE D’AFFAIRES DE MARRAKECH,Développement,C,,,0.0,0.0,0.0,0.0,0.0,0.0,3525021.5,1293091.8,2231929.7,13877063.2,7686979.3,0.0,0.0,0.0,23369546.2,0.0,0.0,0.0,248648.4,25850124.3,21170564.5,16373472.3,27483255.8,3606502.9,1453652.2,823722.9,20741420.7,2124021.9,1170469.3,-437336.9,532932.4,0.0,0.0,0.0,0.0,5603297.7,2486183.7,8089481.4,8274666.4,11693581.9,6067061.0,25850124.3,0.0,0.0,0.0,0.0,0.0,0.0,0.0,0.0,0.0,0.0,0.0,47460.4,0,0
3097425,618431,MARRAKECH,Marrakech-Safi,MARRAKECH,Marrakech-Safi,02/11/2010,4529,45,452,0,120,23,1.0,Mensuelle,10/04/2019,48.0,mois,25/03/2019,CENTRE D’AFFAIRES DE MARRAKECH,Développement,C,,,0.0,0.0,0.0,0.0,0.0,0.0,3525021.5,1293091.8,2231929.7,13877063.2,7686979.3,0.0,0.0,0.0,23369546.2,0.0,0.0,0.0,248648.4,25850124.3,21170564.5,16373472.3,27483255.8,3606502.9,1453652.2,823722.9,20741420.7,2124021.9,1170469.3,-437336.9,532932.4,0.0,0.0,0.0,0.0,5603297.7,2486183.7,8089481.4,8274666.4,11693581.9,6067061.0,25850124.3,0.0,0.0,0.0,0.0,0.0,0.0,0.0,0.0,0.0,0.0,0.0,47460.4,0,0
3058783,618937,LAAYOUNE,Laâyoune-Sakia El Hamra,LAAYOUNE,Laâyoune-Sakia El Hamra,09/03/2015,4521,45,452,0,23,22,1.0,Mensuelle,02/04/2018,36.0,mois,24/05/2018,CENTRE D’AFFAIRES DE CASABLANCA,Développement,C,,,0.0,0.0,0.0,0.0,0.0,0.0,2740370.0,824075.4,1916294.6,3380800.0,20759533.8,0.0,0.0,0.0,24558291.4,0.0,0.0,0.0,586586.0,27061172.0,112631491.6,61330330.0,127991996.2,2987306.8,2382302.6,2333500.4,118604989.4,605004.2,1828028.6,-42602.2,1785426.4,0.0,0.0,0.0,0.0,12665952.6,4200000.0,16865952.6,6701875.8,10009019.4,186200.0,27061172.0,0.0,0.0,0.0,0.0,0.0,0.0,0.0,0.0,0.0,0.0,0.0,234990.5,0,0
3129088,618951,CASABLANCA,Casablanca-Settat,CASABLANCA,Casablanca-Settat,14/04/2015,5162,51,516,0,10,1,,,11/11/2019,,an(s),,CENTRE D’AFFAIRES DE FES,Développement,C,,,0.0,0.0,0.0,0.0,0.0,0.0,121621.5,50908.0,70713.5,2592160.285,1616478.435,0.0,0.0,0.0,4621869.3950000005,0.0,0.0,0.0,4081.0,4696372.3950000005,4124927.285714286,1849009.7857142857,7636749.835,341215.16000000003,204387.04,138556.275,7107394.58,136028.75,184009.54,-21695.245,118178.77500000001,0.0,0.0,0.0,0.0,1137636.5,276155.165,1413791.6649999998,785361.005,2994719.585,287861.145,4696372.3950000005,0.0,0.0,0.0,0.0,0.0,0.0,0.0,0.0,0.0,0.0,0.0,13765.1,0,0
3083499,619508,EL KELAA,Marrakech-Safi,EL KELAA,Marrakech-Safi,27/06/2014,4529,45,452,5,60,24,1.0,Mensuelle,03/12/2018,48.0,mois,04/04/2019,CENTRE D’AFFAIRES DE MARRAKECH,Développement,B,,,0.0,0.0,0.0,0.0,0.0,0.0,6391134.75,2763093.6666666665,4318814.5,1902400.5,4522017.5,0.0,0.0,0.0,7461203.75,0.0,0.0,0.0,843843.0,12623861.25,12784521.75,9632122.5,20045525.5,1807055.25,521521.0,818317.5,16246730.5,1106605.5,78328.25,-35535.5,-62312.25,0.0,0.0,0.0,0.0,3431428.0,2522019.5,5953447.5,4425921.5,6418912.5,251501.25,12623861.25,0.0,0.0,0.0,0.0,0.0,0.0,0.0,0.0,0.0,0.0,0.0,40389.5,0,0
3102006,619926,CASABLANCA,Casablanca-Settat,CASABLANCA,Casablanca-Settat,23/10/2003,5164,51,516,5,35,20,1.0,Mensuelle,12/04/2019,84.0,mois,,CENTRE D’AFFAIRES DE CASABLANCA,Développement,B,,,0.0,0.0,0.0,0.0,0.0,0.0,1935576.5,1434147.0,501429.5,3985124.0,3619258.5,0.0,0.0,0.0,8515292.5,0.0,0.0,0.0,3119402.0,12136124.0,7738987.928571428,5772424.142857143,14484899.0,3145857.0,1182038.0,834977.0,10047895.0,1915056.0,949305.5,-158158.0,592878.0,0.0,0.0,0.0,0.0,7569276.0,593950.5,8163226.5,1974830.0,3582793.5,390104.0,12136124.0,0.0,0.0,0.0,0.0,0.0,0.0,0.0,0.0,0.0,0.0,0.0,28939.14285714286,0,0
3060251,620249,,Autres,FES,Fès-Meknès,28/10/2020,8512,85,851,49,0,24,10.0,Mensuelle,19/04/2018,60.0,mois,,CENTRE D’AFFAIRES DE FES,Développement,C,,,100.0,0.0,0.0,1.0,0.0,0.0,0.0,0.0,0.0,0.0,0.0,50.0,0.0,0.0,0.0,100.0,0.0,0.0,0.0,0.0,0.0,0.0,0.0,0.0,0.0,0.0,0.0,0.0,0.0,0.0,0.0,35.0,0.0,0.0,4.0,0.0,0.0,0.0,0.0,0.0,0.0,0.0,100.0,0.0,0.0,39.8055,0.0,0.0,45.755,100.0,0.0,0.0,1.0,0.0,0,0
3086507,620354,KENITRA,Rabat-Salé-Kénitra,KENITRA,Rabat-Salé-Kénitra,04/01/2002,8050,80,805,2,34,36,6.25,Mensuelle,25/12/2018,120.0,mois,,CENTRE D’AFFAIRES DE RABAT,Développement,C,,,,,,,,,,,,,,,,,,,,,,,,,,,,,,,,,,,,,,,,,,,,,,,,,,,,,,,,,0,1
3060383,620367,CASABLANCA,Casablanca-Settat,CASABLANCA,Casablanca-Settat,10/06/2002,1572,15,157,2,0,35,6.5,Mensuelle,18/04/2018,180.0,mois,14/05/2018,CENTRE D’AFFAIRES D’OUJDA,Développement,B,88.0,,,,,,,,,,,,,,,,,,,,,,,,,,,,,,,,,,,,,,,,,,,,,,,,,,,,,,,,1,1
3060533,620479,DAKHLA,Dakhla-Oued Ed-Dahab,DAKHLA,Dakhla-Oued Ed-Dahab,21/11/2013,8021,80,802,40,0,29,5.25,Mensuelle,26/04/2018,84.0,mois,,CENTRE D’AFFAIRES DE LAAYOUNE,Développement,C,381.0,,,,,,,,,,,,,,,,,,,,,,,,,,,,,,,,,,,,,,,,,,,,,,,,,,,,,,,,1,1
3060734,620682,MARRAKECH,Marrakech-Safi,MARRAKECH,Marrakech-Safi,26/05/2004,4521,45,452,167,0,30,6.5,Trimestrielle,30/04/2018,120.0,mois,,CENTRE D’AFFAIRES DE MARRAKECH,Développement,C,,,0.0,0.0,0.0,0.0,0.0,0.0,8327319.0,92981.77777777778,8243635.4,1792290.5,2223821.6,0.0,0.0,0.0,5071966.9,0.0,0.0,0.0,550249.7,13865852.0,32760.2,3829.2,781380.6,-390790.4,-516716.2,-31931.9,1127126.0,112512.4,-31031.0,-100.1,-42642.6,0.0,0.0,0.0,0.0,9071362.3,0.0,9071362.3,245845.6,4794489.7,0.0,13865852.0,0.0,0.0,0.0,0.0,0.0,0.0,0.0,0.0,0.0,0.0,0.0,108.8,0,0
3122440,621034,CASABLANCA,Casablanca-Settat,CASABLANCA,Casablanca-Settat,10/05/1984,2722,27,272,5,80,24,5.0,Mensuelle,18/09/2019,48.0,mois,18/03/2019,CENTRE D’AFFAIRES DE FES,Développement,C,,,0.0,0.0,0.0,0.0,0.0,0.0,14565622.5,12898457.0,1667165.5,14843614.5,26762879.0,0.0,0.0,0.0,45266221.0,0.0,0.0,0.0,264979.0,47198365.5,16839680.785714287,7927084.0,31496179.0,5545182.5,2536319.5,1017230.5,23787764.0,2944084.0,2157155.0,-1288787.5,477691.5,0.0,0.0,0.0,0.0,7558050.5,4036318.0,11594368.5,10000490.5,16393663.0,19210334.0,47198365.5,0.0,0.0,0.0,0.0,0.0,0.0,0.0,0.0,0.0,0.0,0.0,59839.857142857145,0,0
3061332,621099,RABAT,Rabat-Salé-Kénitra,TEMARA,Rabat-Salé-Kénitra,20/04/2004,5131,51,513,20,150,4,6.0,Trimestrielle,04/05/2018,5.0,an(s),,CENTRE D’AFFAIRES DE RABAT,Développement,A,,,0.0,0.0,0.0,0.0,0.0,0.0,3738484.75,663996.6666666666,3240487.25,71404.66666666667,5218213.0,0.0,0.0,0.0,6335829.5,0.0,0.0,0.0,1685183.5,11261500.25,36007721.75,41832290.5,36683647.0,6798291.5,1708707.0,1052801.75,24543769.25,4978974.0,1639888.25,-112862.75,983983.0,0.0,0.0,0.0,0.0,4964459.5,708958.25,5673417.75,4295791.5,5560054.5,27777.75,11261250.0,0.0,0.0,0.0,0.0,0.0,0.0,0.0,0.0,0.0,0.0,0.0,73294.0,0,0
3061364,621227,CASABLANCA,Casablanca-Settat,CASABLANCA,Casablanca-Settat,07/12/2009,7440,74,744,3,32,23,6.25,Mensuelle,03/05/2018,60.0,mois,,CENTRE D’AFFAIRES DE CASABLANCA,Développement,B,,,0.0,0.0,0.0,0.0,0.0,0.0,2968537.0,1564920.5,1403616.5,0.0,8403967.0,0.0,0.0,0.0,10044248.5,0.0,0.0,0.0,508007.5,11955872.5,8004532.571428572,6263803.142857143,15693821.0,6320171.0,1218503.0,913984.5,6503497.0,4932713.5,666094.0,-78507.0,374946.0,0.0,0.0,0.0,0.0,3101884.5,1313884.0,4415768.5,4649073.0,7300722.0,304668.0,11955872.5,0.0,0.0,0.0,0.0,0.0,0.0,0.0,0.0,0.0,0.0,0.0,30978.285714285714,0,0
3061822,621435,OUARZAZATE,Drâa-Tafilalet,OUARZAZATE,Drâa-Tafilalet,19/08/2003,5010,50,501,2,8,26,7.0,Mensuelle,07/05/2018,7.0,an(s),04/05/2023,CENTRE D’AFFAIRES D'AGADIR,Développement,B,,,14.285714285714286,14.285714285714286,0.0,14.285714285714286,14.285714285714286,0.0,2385168.5,819533.0,1565635.5,2707490.5,4681891.5,14.285714285714286,14.285714285714286,0.0,8559622.5,14.285714285714286,14.285714285714286,0.0,287144.0,10412402.0,2370302.6428571427,1134530.0714285714,5605600.0,674817.0,513942.0,365007.5,4731512.5,142785.5,446374.5,-48906.0,297440.0,14.285714285714286,14.285714285714286,0.0,0.14285714285714285,5695618.5,773773.0,6469391.5,1105104.0,3507146.5,435864.0,10412402.0,7.285714285714286,7.285714285714286,0.0,6.271671428571429,4.6212,0.0,5.567757142857142,14.285714285714286,0.14285714285714285,0.0,0.2857142857142857,11039.42857142857,0,0
3061828,635043,BERKANE,L'oriental,BERKANE,L'oriental,28/02/2000,1534,15,153,30,20,33,5.95,Annuelle,25/05/2018,60.0,mois,11/06/2018,CENTRE D’AFFAIRES D’OUJDA,Développement,C,,,0.0,0.0,0.0,0.0,0.0,0.0,8363140.5,3161086.5,5202054.0,606677.5,2323750.0,0.0,0.0,0.0,7325818.5,0.0,0.0,0.0,736307.0,13264179.5,17128999.92857143,8501407.142857144,27125527.0,2250891.5,1001071.5,802587.5,17943211.0,1059701.5,216859.5,-210996.5,18375.5,0.0,0.0,0.0,0.0,1155869.0,3259184.5,4415053.5,5875441.0,7666516.0,1182610.0,13264179.5,0.0,0.0,0.0,0.0,0.0,0.0,0.0,0.0,0.0,0.0,0.0,54196.857142857145,0,0
3083643,635438,RABAT,Rabat-Salé-Kénitra,RABAT,Rabat-Salé-Kénitra,10/02/2015,6041,60,604,0,0,22,1.0,Mensuelle,04/12/2018,60.0,mois,,CENTRE D’AFFAIRES DE RABAT,Développement,C,,,,,,,,,,,,,,,,,,,,,,,,,,,,,,,,,,,,,,,,,,,,,,,,,,,,,,,,,0,1
3062663,635780,,Autres,FES,Fès-Meknès,,122,1,12,0,0,28,7.0,Annuelle,16/05/2018,7.0,an(s),,CENTRE D’AFFAIRES DE FES,Développement,A,,,,,,,,,,,,,,,,,,,,,,,,,,,,,,,,,,,,,,,,,,,,,,,,,,,,,,,,,0,1
3062667,635781,DAKHLA,Dakhla-Oued Ed-Dahab,DAKHLA,Dakhla-Oued Ed-Dahab,13/07/2000,1522,15,152,125,0,29,4.9,Trimestrielle,25/05/2018,7.0,an(s),,CENTRE D’AFFAIRES DE LAAYOUNE,Développement,C,,,0.0,0.0,0.0,0.0,0.0,0.0,85057222.25,5984728.75,79072493.5,34380095.75,15160145.0,0.0,0.0,0.0,49597548.0,0.0,0.0,0.0,0.0,128670041.5,1560058.5,0.0,45742697.0,12517755.25,12337575.25,11071560.5,31266485.25,180180.0,5578823.25,-1263011.75,4312808.5,0.0,0.0,0.0,0.0,11717706.0,52999196.25,64716902.25,6166660.5,42329537.25,21623602.0,128670041.5,0.0,0.0,0.0,0.0,0.0,0.0,0.0,0.0,0.0,0.0,0.0,91394.0,0,0
3062759,635859,DAKHLA,Dakhla-Oued Ed-Dahab,DAKHLA,Dakhla-Oued Ed-Dahab,28/07/2003,5050,50,505,23,0,29,8.2,Trimestrielle,21/05/2018,10.0,an(s),,CENTRE D’AFFAIRES DE LAAYOUNE,Développement,B,,,100.0,0.0,0.0,100.0,0.0,0.0,0.0,0.0,0.0,0.0,0.0,100.0,0.0,0.0,0.0,100.0,0.0,0.0,0.0,0.0,0.0,0.0,0.0,0.0,0.0,0.0,0.0,0.0,0.0,0.0,0.0,30.0,0.0,0.0,1.0,0.0,0.0,0.0,0.0,0.0,0.0,0.0,51.0,0.0,0.0,40.1029,0.0,0.0,38.9743,66.0,0.0,0.0,2.0,0.0,0,0
3078191,635988,CASABLANCA,Casablanca-Settat,CASABLANCA,Casablanca-Settat,29/07/1991,2521,25,252,0,9,35,7.95,Mensuelle,17/10/2018,7.0,an(s),,CENTRE D’AFFAIRES DE CASABLANCA,Développement,C,1126.0,,0.0,0.0,0.0,0.0,0.0,0.0,4885380.5,696195.5,4189185.0,2091089.0,3155652.5,0.0,0.0,0.0,6151145.0,0.0,0.0,0.0,63063.0,10403393.0,4535030.5,4010006.0,5243238.0,1464963.5,526025.5,336336.0,3584581.0,879378.5,466966.5,-145145.0,277277.0,0.0,0.0,0.0,0.0,2604101.5,2007505.5,4611607.0,3500997.5,4342338.0,1449448.0,10403393.0,0.0,0.0,0.0,0.0,0.0,0.0,0.0,0.0,0.0,0.0,0.0,9452.0,1,0
3090446,635988,CASABLANCA,Casablanca-Settat,CASABLANCA,Casablanca-Settat,29/07/1991,2521,25,252,0,9,22,7.0,Mensuelle,29/01/2019,60.0,mois,,CENTRE D’AFFAIRES DE CASABLANCA,Développement,C,,189188.22,0.0,0.0,0.0,0.0,0.0,0.0,4885380.5,696195.5,4189185.0,2091089.0,3155652.5,0.0,0.0,0.0,6151145.0,0.0,0.0,0.0,63063.0,10403393.0,4535030.5,4010006.0,5243238.0,1464963.5,526025.5,336336.0,3584581.0,879378.5,466966.5,-145145.0,277277.0,0.0,0.0,0.0,0.0,2604101.5,2007505.5,4611607.0,3500997.5,4342338.0,1449448.0,10403393.0,0.0,0.0,0.0,0.0,0.0,0.0,0.0,0.0,0.0,0.0,0.0,9452.0,1,0
3063362,636328,CASABLANCA,Casablanca-Settat,BERRECHID,Casablanca-Settat,11/05/2015,2452,24,245,10,7,1,4.66,Trimestrielle,04/06/2018,7.0,an(s),,CENTRE D’AFFAIRES DE CASABLANCA,Développement,C,,,0.0,0.0,0.0,0.0,0.0,0.0,76686610.0,21886865.0,54799745.0,23207934.75,38583294.75,0.0,0.0,0.0,70172852.75,0.0,0.0,0.0,15174659.5,140147257.25,136759873.25,135313428.25,163389226.0,29337808.5,22227955.75,16609342.75,122419046.75,6899392.5,16927410.5,-3047794.75,11574563.0,0.0,0.0,0.0,0.0,39020231.25,34826291.5,73846522.75,29436156.75,43410867.5,22889867.0,140147257.25,0.0,0.0,0.0,0.0,0.0,0.0,0.0,0.0,0.0,0.0,0.0,327923.5,0,0
3063335,636343,MARRAKECH,Marrakech-Safi,MARRAKECH,Marrakech-Safi,04/07/2007,5511,55,551,200,0,3,5.25,Trimestrielle,31/05/2018,12.0,an(s),,CENTRE D’AFFAIRES DE MARRAKECH,Développement,C,,,,,,,,,,,,,,,,,,,,,,,,,,,,,,,,,,,,,,,,,,,,,,,,,,,,,,,,,0,1
3063724,636453,CASABLANCA,Casablanca-Settat,CASABLANCA,Casablanca-Settat,17/10/1986,1725,17,172,4,20,22,1.0,Mensuelle,25/05/2018,48.0,mois,,CENTRE D’AFFAIRES DE CASABLANCA,Développement,A,,,,,,,,,,,,,,,,,,,,,,,,,,,,,,,,,,,,,,,,,,,,,,,,,,,,,,,,,0,1
3064087,637081,TAROUDANT,Souss-Massa,TAROUDANT,Souss-Massa,29/12/2016,151,1,15,10,321,7,6.0,Annuelle,11/06/2018,7.0,an(s),01/04/2018,CENTRE D’AFFAIRES D'AGADIR,Développement,B,,,0.0,0.0,0.0,0.0,0.0,0.0,31094763.7,10157747.6,20937016.1,2711809.1,4545340.8,0.0,0.0,0.0,17536719.2,0.0,0.0,0.0,2280978.7,40754714.0,38956216.7,20966945.4,63292729.5,5449343.9,2566363.8,2605803.2,53941587.7,2837634.8,735334.6,-783883.1,191991.8,0.0,0.0,0.0,0.0,5262257.0,11604593.0,16866850.0,11368957.6,18154736.6,5733127.4,40754714.0,0.0,0.0,0.0,0.0,0.0,0.0,0.0,0.0,0.0,0.0,0.0,126459.0,0,0
3080952,637081,TAROUDANT,Souss-Massa,TAROUDANT,Souss-Massa,29/12/2016,151,1,15,406,321,7,6.0,Annuelle,26/11/2018,7.0,an(s),26/12/2018,CENTRE D’AFFAIRES D'AGADIR,Développement,B,5492.0,,0.0,0.0,0.0,0.0,0.0,0.0,31094763.7,10157747.6,20937016.1,2711809.1,4545340.8,0.0,0.0,0.0,17536719.2,0.0,0.0,0.0,2280978.7,40754714.0,38956216.7,20966945.4,63292729.5,5449343.9,2566363.8,2605803.2,53941587.7,2837634.8,735334.6,-783883.1,191991.8,0.0,0.0,0.0,0.0,5262257.0,11604593.0,16866850.0,11368957.6,18154736.6,5733127.4,40754714.0,0.0,0.0,0.0,0.0,0.0,0.0,0.0,0.0,0.0,0.0,0.0,126459.0,1,0
3064415,637333,MOHAMMEDIA,Casablanca-Settat,MOHAMMEDIA,Casablanca-Settat,22/01/2015,151,1,15,11,0,35,6.5,Trimestrielle,04/06/2018,10.0,an(s),08/04/2019,CENTRE D’AFFAIRES DE CASABLANCA,Développement,B,,,,,,,,,,,,,,,,,,,,,,,,,,,,,,,,,,,,,,,,,,,,,,,,,,,,,,,,,0,1
3132260,637481,INZEGANE,Souss-Massa,AIT MELLOUL,Souss-Massa,21/11/2008,5030,50,503,20,12,22,1.0,Mensuelle,03/12/2019,60.0,mois,,CENTRE D’AFFAIRES D'AGADIR,Développement,C,,210539.12,33.333333333333336,0.0,0.0,33.333333333333336,0.0,0.0,1990154.8333333333,748247.5,1241907.3333333333,3382545.8333333335,3688851.8333333335,33.333333333333336,0.0,0.0,7986979.0,33.333333333333336,0.0,0.0,385385.0,9614271.333333334,6032526.5,3636656.3333333335,6380374.0,668334.3333333334,372038.3333333333,293469.6666666667,5264092.166666667,283116.1666666667,215882.33333333334,-37370.666666666664,137313.66666666666,10.0,0.0,0.0,1.3333333333333333,1876207.6666666667,453953.5,2330161.1666666665,4323986.333333333,5585580.0,1698530.1666666667,9614271.333333334,16.666666666666668,0.0,0.0,11.889666666666665,0.0,0.0,13.046766666666668,16.666666666666668,0.0,0.0,0.3333333333333333,12748.0,1,0
3133038,637481,INZEGANE,Souss-Massa,AIT MELLOUL,Souss-Massa,21/11/2008,5030,50,503,25,12,23,1.0,Mensuelle,06/12/2019,60.0,mois,05/12/2019,CENTRE D’AFFAIRES D'AGADIR,Développement,C,2429.0,,33.333333333333336,0.0,0.0,33.333333333333336,0.0,0.0,1990154.8333333333,748247.5,1241907.3333333333,3382545.8333333335,3688851.8333333335,33.333333333333336,0.0,0.0,7986979.0,33.333333333333336,0.0,0.0,385385.0,9614271.333333334,6032526.5,3636656.3333333335,6380374.0,668334.3333333334,372038.3333333333,293469.6666666667,5264092.166666667,283116.1666666667,215882.33333333334,-37370.666666666664,137313.66666666666,10.0,0.0,0.0,1.3333333333333333,1876207.6666666667,453953.5,2330161.1666666665,4323986.333333333,5585580.0,1698530.1666666667,9614271.333333334,16.666666666666668,0.0,0.0,11.889666666666665,0.0,0.0,13.046766666666668,16.666666666666668,0.0,0.0,0.3333333333333333,12748.0,1,0
3134977,637481,INZEGANE,Souss-Massa,AIT MELLOUL,Souss-Massa,21/11/2008,5030,50,503,7,12,25,1.0,Mensuelle,18/12/2019,60.0,mois,31/12/2019,CENTRE D’AFFAIRES D'AGADIR,Développement,C,,367060.59,33.333333333333336,0.0,0.0,33.333333333333336,0.0,0.0,1990154.8333333333,748247.5,1241907.3333333333,3382545.8333333335,3688851.8333333335,33.333333333333336,0.0,0.0,7986979.0,33.333333333333336,0.0,0.0,385385.0,9614271.333333334,6032526.5,3636656.3333333335,6380374.0,668334.3333333334,372038.3333333333,293469.6666666667,5264092.166666667,283116.1666666667,215882.33333333334,-37370.666666666664,137313.66666666666,10.0,0.0,0.0,1.3333333333333333,1876207.6666666667,453953.5,2330161.1666666665,4323986.333333333,5585580.0,1698530.1666666667,9614271.333333334,16.666666666666668,0.0,0.0,11.889666666666665,0.0,0.0,13.046766666666668,16.666666666666668,0.0,0.0,0.3333333333333333,12748.0,1,0
3065003,637541,EL JADIDA,Casablanca-Settat,EL JADIDA,Casablanca-Settat,18/02/2014,1534,15,153,11,0,9,6.5,Mensuelle,11/06/2018,7.0,an(s),17/08/2018,CENTRE D’AFFAIRES DE CASABLANCA,Développement,B,5297.0,,,,,,,,,,,,,,,,,,,,,,,,,,,,,,,,,,,,,,,,,,,,,,,,,,,,,,,,1,1
3064685,637615,CASABLANCA,Casablanca-Settat,CASABLANCA,Casablanca-Settat,14/06/1993,2222,22,222,3,90,23,1.0,Mensuelle,04/06/2018,60.0,mois,25/10/2018,CENTRE D’AFFAIRES DE CASABLANCA,Développement,B,,,,,,,,,,,,,,,,,,,,,,,,,,,,,,,,,,,,,,,,,,,,,,,,,,,,,,,,,0,1
3102810,638063,BERKANE,L'oriental,SAIDIA,L'oriental,08/05/2008,5531,55,553,10,0,33,7.75,Mensuelle,17/04/2019,84.0,mois,,CENTRE D’AFFAIRES D’OUJDA,Développement,C,1521.0,,65.0,0.0,0.0,100.0,0.0,0.0,619619.0,284784.5,334834.5,256756.5,242742.5,100.0,0.0,0.0,602101.5,100.0,0.0,0.0,67567.5,1004503.5,442442.0,0.0,1042041.0,653152.5,536035.5,368368.0,354854.5,116116.0,536035.5,-2502.5,368368.0,70.0,0.0,0.0,2.0,738738.0,0.0,738738.0,96596.5,265765.5,0.0,1004503.5,51.0,0.0,0.0,36.0677,0.0,0.0,40.7565,50.0,0.0,0.0,2.0,2082.0,1,0
3065419,659227,CASABLANCA,Casablanca-Settat,CASABLANCA,Casablanca-Settat,06/04/2005,7134,71,713,0,3,22,5.0,Mensuelle,13/06/2018,60.0,mois,,CENTRE D’AFFAIRES DE CASABLANCA,Développement,C,,,0.0,0.0,0.0,0.0,0.0,0.0,1635800.8333333333,612111.5,1023689.3333333334,888721.1666666666,3677590.5833333335,0.0,0.0,0.0,5355266.583333333,0.0,0.0,0.0,118618.5,6497574.416666667,3570954.25,2734278.25,5494989.5,1201450.25,394727.6666666667,233566.66666666666,3536282.75,780446.3333333334,191524.66666666666,-93426.66666666667,90590.5,0.0,0.0,0.0,0.0,1864696.1666666667,27193.833333333332,1891890.0,3514010.5,4519515.0,86169.41666666667,6497574.416666667,0.0,0.0,0.0,0.0,0.0,0.0,0.0,0.0,0.0,0.0,0.0,10995.333333333334,0,0
3066267,659324,CASABLANCA,Casablanca-Settat,CASABLANCA,Casablanca-Settat,24/11/2011,6022,60,602,4,0,24,1.0,Mensuelle,20/06/2018,48.0,mois,,CENTRE D’AFFAIRES DE CASABLANCA,Développement,B,,,,,,,,,,,,,,,,,,,,,,,,,,,,,,,,,,,,,,,,,,,,,,,,,,,,,,,,,0,1
3067321,659324,CASABLANCA,Casablanca-Settat,CASABLANCA,Casablanca-Settat,24/11/2011,6022,60,602,2,0,24,1.0,Mensuelle,28/06/2018,48.0,mois,01/08/2018,CENTRE D’AFFAIRES DE CASABLANCA,Développement,B,,,,,,,,,,,,,,,,,,,,,,,,,,,,,,,,,,,,,,,,,,,,,,,,,,,,,,,,,0,1
3067322,659324,CASABLANCA,Casablanca-Settat,CASABLANCA,Casablanca-Settat,24/11/2011,6022,60,602,2,0,24,1.0,Mensuelle,28/06/2018,48.0,mois,15/09/2018,CENTRE D’AFFAIRES DE CASABLANCA,Développement,B,,,,,,,,,,,,,,,,,,,,,,,,,,,,,,,,,,,,,,,,,,,,,,,,,,,,,,,,,0,1
3066188,659337,CASABLANCA,Casablanca-Settat,CASABLANCA,Casablanca-Settat,06/07/2000,2125,21,212,35,400,9,6.0,Mensuelle,20/06/2018,10.0,an(s),01/11/2018,CENTRE D’AFFAIRES DE CASABLANCA,Développement,C,,,0.0,0.0,0.0,0.0,0.0,0.0,33913579.7,11576765.2,22336814.5,35712777.1,21950228.3,0.0,0.0,0.0,59470110.7,0.0,0.0,0.0,232532.3,82039457.5,20505166.7,13916332.4,37583646.1,10850639.8,2485583.1,843843.0,24349425.1,8225617.4,1752350.6,-1485383.9,110610.5,0.0,0.0,0.0,0.0,47331183.9,5752847.1,53084031.0,10724313.6,14959244.3,13996182.2,82039457.5,0.0,0.0,0.0,0.0,0.0,0.0,0.0,0.0,0.0,0.0,0.0,75994.8,0,0
3066421,659339,CASABLANCA,Casablanca-Settat,CASABLANCA,Casablanca-Settat,20/10/2003,2125,21,212,15,300,9,6.0,Mensuelle,20/06/2018,10.0,an(s),01/11/2018,CENTRE D’AFFAIRES DE CASABLANCA,Développement,D,1724.0,1559520.08,0.0,0.0,0.0,0.0,0.0,0.0,24393118.75,17599957.375,6793161.375,19661266.625,20424278.875,0.0,0.0,0.0,42754461.75,0.0,0.0,0.0,379629.25,49927252.375,20073592.25,12636080.125,27551899.375,3867363.5,2249372.125,1035909.875,22862089.25,1579327.75,1683056.375,-1542415.875,469594.125,0.0,0.0,0.0,0.0,18275131.875,5264259.0,23539390.875,10505745.25,15347457.125,11040404.375,49927252.375,0.0,0.0,0.0,0.0,0.0,0.0,0.0,0.0,0.0,0.0,0.0,56087.0,1,0
3065557,659349,FES,Fès-Meknès,FES,Fès-Meknès,21/01/2014,2441,24,244,0,150,1,5.0,Trimestrielle,12/06/2018,5.0,an(s),20/06/2018,CENTRE D’AFFAIRES DE FES,Développement,C,,,0.0,0.0,0.0,0.0,0.0,0.0,11568390.166666666,4416161.75,7152228.416666667,26512986.5,17677242.916666668,0.0,0.0,0.0,46481101.333333336,0.0,0.0,0.0,39122.416666666664,53672452.166666664,59958952.0,32231835.916666668,102334482.25,5116778.333333333,2897394.5,2074238.8333333333,95954525.33333333,2173254.4166666665,1574322.75,-347680.6666666667,740740.0,0.0,0.0,0.0,0.0,4075988.5833333335,10947269.666666666,15023258.25,22365676.666666668,34054603.916666664,4594590.0,53672452.166666664,0.0,0.0,0.0,0.0,0.0,0.0,0.0,0.0,0.0,0.0,0.0,204430.0,0,0
3066492,660156,TANGER,Tanger-Tétouan-Al Hoceima,TANGER,Tanger-Tétouan-Al Hoceima,07/01/2009,8021,80,802,23,23,34,7.25,Mensuelle,21/06/2018,144.0,mois,02/10/2018,CENTRE D’AFFAIRES DE TANGER,Développement,D,,,,,,,,,,,,,,,,,,,,,,,,,,,,,,,,,,,,,,,,,,,,,,,,,,,,,,,,,0,1
3084175,660320,ZAGORA,Drâa-Tafilalet,ZAGORA,Drâa-Tafilalet,09/02/2004,6033,60,603,5,40,23,1.0,Mensuelle,07/12/2018,48.0,mois,25/12/2018,CENTRE D’AFFAIRES DE MARRAKECH,Développement,D,,,0.0,0.0,0.0,0.0,0.0,0.0,4164493.6666666665,3840036.2,964463.5,0.0,2463627.8333333335,0.0,0.0,0.0,4785947.833333333,0.0,0.0,0.0,1000666.3333333334,6751077.666666667,8643301.333333334,5887548.333333333,12593080.5,3328325.0,1961292.6666666667,1648813.8333333333,5280608.666666667,1334666.6666666667,1208373.8333333333,-65065.0,931931.0,0.0,0.0,0.0,0.0,2704368.3333333335,761927.8333333334,3466296.1666666665,2519016.5,3156319.8333333335,154154.0,6751077.666666667,0.0,0.0,0.0,0.0,0.0,0.0,0.0,0.0,0.0,0.0,0.0,25161.0,0,0
3066957,660545,DAKHLA,Dakhla-Oued Ed-Dahab,DAKHLA,Dakhla-Oued Ed-Dahab,04/07/2013,5512,55,551,28,15,6,7.0,Trimestrielle,28/06/2018,84.0,mois,,CENTRE D’AFFAIRES DE LAAYOUNE,Développement,D,3775.0,,,,,,,,,,,,,,,,,,,,,,,,,,,,,,,,,,,,,,,,,,,,,,,,,,,,,,,,1,1
3071859,660719,AGADIR,Souss-Massa,AGADIR,Souss-Massa,16/02/2012,2524,25,252,62,14,7,6.5,Trimestrielle,16/08/2018,10.0,an(s),05/05/2020,CENTRE D’AFFAIRES D'AGADIR,Développement,C,1060.0,,,,,,,,,,,,,,,,,,,,,,,,,,,,,,,,,,,,,,,,,,,,,,,,,,,,,,,,1,1
3076676,660719,AGADIR,Souss-Massa,AGADIR,Souss-Massa,16/02/2012,9002,90,900,6,14,22,1.0,Mensuelle,04/10/2018,48.0,mois,,CENTRE D’AFFAIRES D'AGADIR,Développement,C,,,,,,,,,,,,,,,,,,,,,,,,,,,,,,,,,,,,,,,,,,,,,,,,,,,,,,,,,0,1
3068208,661084,CASABLANCA,Casablanca-Settat,CASABLANCA,Casablanca-Settat,16/04/2013,1586,15,158,102,100,35,5.0,Mensuelle,03/08/2018,6.0,an(s),28/12/2021,CENTRE D’AFFAIRES DE CASABLANCA,Développement,B,,,0.0,0.0,0.0,0.0,0.0,0.0,105835730.0,33790381.625,72045348.375,16091450.375,17869977.125,0.0,0.0,0.0,40044629.625,0.0,0.0,0.0,3872118.25,115962096.25,78364641.125,50172639.875,111428066.75,16097706.625,11871860.0,7549291.75,82713255.625,5409654.25,5082452.375,-3154651.5,759884.125,0.0,0.0,0.0,0.0,19282012.75,52727800.125,72009812.875,19718824.125,23140242.125,20812041.25,115962096.25,0.0,0.0,0.0,0.0,0.0,0.0,0.0,0.0,0.0,0.0,0.0,222531.25,0,0
3068199,661636,FES,Fès-Meknès,FES,Fès-Meknès,16/06/2008,9999,99,999,0,0,22,7.0,Mensuelle,25/07/2018,60.0,mois,19/09/2018,CENTRE D’AFFAIRES DE FES,Développement,B,513.0,,0.0,0.0,0.0,0.0,0.0,0.0,759258.5,197697.5,561561.0,158158.0,0.0,0.0,0.0,0.0,186686.5,0.0,0.0,0.0,13513.5,761761.0,2394892.5,2050548.5,3040537.5,306806.5,149649.5,136636.5,2511509.0,148648.5,149649.5,0.0,136636.5,0.0,0.0,0.0,0.0,756255.5,0.0,756255.5,0.0,5505.5,0.0,761761.0,0.0,0.0,0.0,0.0,0.0,0.0,0.0,0.0,0.0,0.0,0.0,6075.0,1,0
3078962,661636,FES,Fès-Meknès,FES,Fès-Meknès,16/06/2008,6031,60,603,4,0,24,5.5,Mensuelle,22/10/2018,48.0,mois,30/11/2018,CENTRE D’AFFAIRES DE FES,Développement,B,306.0,,0.0,0.0,0.0,0.0,0.0,0.0,759258.5,197697.5,561561.0,158158.0,0.0,0.0,0.0,0.0,186686.5,0.0,0.0,0.0,13513.5,761761.0,2394892.5,2050548.5,3040537.5,306806.5,149649.5,136636.5,2511509.0,148648.5,149649.5,0.0,136636.5,0.0,0.0,0.0,0.0,756255.5,0.0,756255.5,0.0,5505.5,0.0,761761.0,0.0,0.0,0.0,0.0,0.0,0.0,0.0,0.0,0.0,0.0,0.0,6075.0,1,0
3128434,661636,FES,Fès-Meknès,FES,Fès-Meknès,16/06/2008,4529,45,452,0,0,24,5.0,Mensuelle,02/11/2019,48.0,mois,31/12/2019,CENTRE D’AFFAIRES DE FES,Développement,C,365.0,,0.0,0.0,0.0,0.0,0.0,0.0,759258.5,197697.5,561561.0,158158.0,0.0,0.0,0.0,0.0,186686.5,0.0,0.0,0.0,13513.5,761761.0,2394892.5,2050548.5,3040537.5,306806.5,149649.5,136636.5,2511509.0,148648.5,149649.5,0.0,136636.5,0.0,0.0,0.0,0.0,756255.5,0.0,756255.5,0.0,5505.5,0.0,761761.0,0.0,0.0,0.0,0.0,0.0,0.0,0.0,0.0,0.0,0.0,0.0,6075.0,1,0
3068340,661681,EL JADIDA,Casablanca-Settat,EL JADIDA,Casablanca-Settat,04/10/1999,1755,17,175,1,72,22,5.0,Mensuelle,06/07/2018,48.0,mois,,CENTRE D’AFFAIRES DE CASABLANCA,Développement,A,,,0.0,0.0,0.0,0.0,0.0,0.0,19240018.384615384,17194677.5,7732338.384615385,16216700.5,7350405.5625,0.0,0.0,0.0,18869002.615384616,0.0,0.0,0.0,344093.75,26853687.153846152,11953968.846153846,8581925.307692308,16098504.76923077,4554929.692307692,1653128.7692307692,893637.0,14521819.8125,3991049.5625,987878.0769230769,-650077.1538461539,219612.92307692306,0.0,0.0,0.0,0.0,8966881.615384616,4950905.769230769,13917787.384615384,6004185.6875,6445009.769230769,10483598.125,26853687.153846152,0.0,0.0,0.0,0.0,0.0,0.0,0.0,0.0,0.0,0.0,0.0,45397.375,0,0
3120205,661681,EL JADIDA,Casablanca-Settat,EL JADIDA,Casablanca-Settat,04/10/1999,2442,24,244,10,72,2,5.25,Trimestrielle,12/09/2019,7.0,an(s),16/05/2022,CENTRE D’AFFAIRES DE CASABLANCA,Développement,C,570.0,7739773.35,0.0,0.0,0.0,0.0,0.0,0.0,19240018.384615384,17194677.5,7732338.384615385,16216700.5,7350405.5625,0.0,0.0,0.0,18869002.615384616,0.0,0.0,0.0,344093.75,26853687.153846152,11953968.846153846,8581925.307692308,16098504.76923077,4554929.692307692,1653128.7692307692,893637.0,14521819.8125,3991049.5625,987878.0769230769,-650077.1538461539,219612.92307692306,0.0,0.0,0.0,0.0,8966881.615384616,4950905.769230769,13917787.384615384,6004185.6875,6445009.769230769,10483598.125,26853687.153846152,0.0,0.0,0.0,0.0,0.0,0.0,0.0,0.0,0.0,0.0,0.0,45397.375,1,0
3070297,661792,AGADIR,Souss-Massa,AGADIR,Souss-Massa,02/10/2006,6710,67,671,22,24,4,5.75,Mensuelle,25/07/2018,36.0,mois,03/01/2019,CENTRE D’AFFAIRES D'AGADIR,Développement,C,,,,,,,,,,,,,,,,,,,,,,,,,,,,,,,,,,,,,,,,,,,,,,,,,,,,,,,,,0,1
3075564,662221,BERRECHID,Casablanca-Settat,BERRECHID,Casablanca-Settat,22/03/2011,6023,60,602,5,15,23,5.0,Mensuelle,28/09/2018,60.0,mois,25/10/2018,CENTRE D’AFFAIRES DE CASABLANCA,Développement,C,,,0.0,0.0,0.0,0.0,0.0,0.0,5246115.875,2851723.875,2394392.0,0.0,4350971.625,0.0,0.0,0.0,5268638.375,0.0,0.0,0.0,50083.28325,7713113.65825,6811805.0,4336846.5,8704821.125,2669166.5,1677425.75,964588.625,2705577.875,1035784.75,641015.375,-260009.75,168293.125,0.0,0.0,0.0,0.0,1140639.5,1600098.5,2740738.0,3582954.375,4802798.0,226059.16666666666,7713080.375,0.0,0.0,0.0,0.0,0.0,0.0,0.0,0.0,0.0,0.0,0.0,17392.25,0,0
3094244,662221,BERRECHID,Casablanca-Settat,BERRECHID,Casablanca-Settat,22/03/2011,6023,60,602,2,15,23,7.5,Mensuelle,19/02/2019,60.0,mois,25/03/2019,CENTRE D’AFFAIRES DE CASABLANCA,Développement,C,,,0.0,0.0,0.0,0.0,0.0,0.0,5246115.875,2851723.875,2394392.0,0.0,4350971.625,0.0,0.0,0.0,5268638.375,0.0,0.0,0.0,50083.28325,7713113.65825,6811805.0,4336846.5,8704821.125,2669166.5,1677425.75,964588.625,2705577.875,1035784.75,641015.375,-260009.75,168293.125,0.0,0.0,0.0,0.0,1140639.5,1600098.5,2740738.0,3582954.375,4802798.0,226059.16666666666,7713080.375,0.0,0.0,0.0,0.0,0.0,0.0,0.0,0.0,0.0,0.0,0.0,17392.25,0,0
3104620,662334,MOHAMMEDIA,Casablanca-Settat,MOHAMMEDIA,Casablanca-Settat,16/03/2016,6024,60,602,5,30,25,5.3,Mensuelle,30/04/2019,60.0,mois,,CENTRE D’AFFAIRES DE CASABLANCA,Développement,B,,2333023.2,0.0,0.0,0.0,0.0,0.0,0.0,5394639.25,1192441.25,4202198.0,0.0,15788773.0,0.0,0.0,0.0,16985718.75,0.0,0.0,0.0,3295041.75,24482958.5,13961447.5,5657652.0,16282516.25,3878624.75,1348847.5,1043792.75,10113353.25,2447194.75,658157.5,-22272.25,353102.75,0.0,0.0,0.0,0.0,10622111.5,0.0,10622111.5,7440933.5,13860847.0,0.0,24482958.5,0.0,0.0,0.0,0.0,0.0,0.0,0.0,0.0,0.0,0.0,0.0,32532.5,1,0
3110801,662416,CASABLANCA,Casablanca-Settat,CASABLANCA,Casablanca-Settat,30/11/2015,9261,92,926,5,0,9,5.0,Mensuelle,19/06/2019,10.0,an(s),22/10/2019,CENTRE D’AFFAIRES DE CASABLANCA,Développement,C,,,0.0,0.0,0.0,0.0,0.0,0.0,5764925.833333333,785985.2,5109938.166666667,17617.6,370703.6666666667,0.0,0.0,0.0,677343.3333333334,0.0,0.0,0.0,111611.5,5898893.0,2266264.0,1281780.5,2497995.5,1483482.0,622622.0,478978.5,795961.8333333334,834834.0,207707.5,0.0,92092.0,0.0,0.0,0.0,0.0,833666.1666666666,1769601.1666666667,2603267.3333333335,860192.6666666666,3328992.3333333335,0.0,5932259.666666667,0.0,0.0,0.0,0.0,0.0,0.0,0.0,0.0,0.0,0.0,0.0,4991.0,0,0
3069369,662484,RABAT,Rabat-Salé-Kénitra,RABAT,Rabat-Salé-Kénitra,24/08/2011,6033,60,603,2,32,23,0.0,Mensuelle,18/07/2018,48.0,mois,05/07/2018,CENTRE D’AFFAIRES DE RABAT,Développement,C,,,0.0,0.0,0.0,0.0,0.0,0.0,4087983.9,2770879.222222222,1594192.6,145895.75,17598380.8,0.0,0.0,0.0,19041322.3,0.0,0.0,0.0,449849.4,21085364.3,20360059.4,11243767.8,30322692.4,2304802.5,1335434.1,1023622.6,24101977.9,997296.3,741240.5,-120720.6,422522.1,0.0,0.0,0.0,0.0,2177575.4,715214.5,2892789.9,8542834.3,18157739.6,34834.8,21085364.3,0.0,0.0,0.0,0.0,0.0,0.0,0.0,0.0,0.0,0.0,0.0,60572.0,0,0
3126205,662889,INZEGANE,Souss-Massa,AIT MELLOUL,Souss-Massa,09/07/2009,6062,60,606,5,65,23,6.5,Mensuelle,15/10/2019,48.0,mois,,CENTRE D’AFFAIRES DE CASABLANCA,Développement,C,,,14.285714285714286,0.0,0.0,14.285714285714286,0.0,0.0,2293219.5,1392820.0,900399.5,31674.5,12096656.0,14.285714285714286,0.0,0.0,20941778.0,14.285714285714286,0.0,0.0,904117.5,22746295.0,29331131.285714287,17246306.14285714,49343580.0,6878514.5,1877304.0,1416343.5,33758296.0,5157938.5,1669453.5,-204204.0,1029743.0,4.285714285714286,0.0,0.0,0.5714285714285714,4880804.5,2196194.0,7076998.5,14719347.5,15461803.5,207493.0,22746295.0,7.285714285714286,0.0,0.0,4.2882,0.0,0.0,5.3579,0.14285714285714285,0.0,0.0,0.14285714285714285,98596.57142857143,0,0
3069811,662915,CASABLANCA,Casablanca-Settat,CASABLANCA,Casablanca-Settat,11/12/2008,4531,45,453,5,400,22,0.1,Mensuelle,19/07/2018,60.0,mois,,CENTRE D’AFFAIRES DE CASABLANCA,Développement,B,,,0.0,0.0,0.0,0.0,0.0,0.0,11007282.0,3628410.5,7378871.5,15352408.5,56412856.5,0.0,0.0,0.0,79307085.0,0.0,0.0,0.0,517803.0,87203759.5,61584380.14285714,47587616.428571425,99079194.5,12297285.0,2985911.5,1653580.5,79038531.0,9079713.5,2133774.5,-296081.5,803731.5,0.0,0.0,0.0,0.0,19279617.5,6643279.5,25922897.0,38273378.0,53549138.5,8326472.0,87203759.5,0.0,0.0,0.0,0.0,0.0,0.0,0.0,0.0,0.0,0.0,0.0,194643.85714285713,0,0
3070068,662930,CASABLANCA,Casablanca-Settat,CASABLANCA,Casablanca-Settat,28/02/2014,6422,64,642,21,50,1,5.0,Trimestrielle,26/07/2018,5.0,an(s),04/12/2018,CENTRE D’AFFAIRES DE CASABLANCA,Développement,B,,,0.0,0.0,0.0,0.0,0.0,0.0,4672334.333333333,2455453.0,2216881.3333333335,4915911.0,36110240.833333336,0.0,0.0,0.0,45630084.5,0.0,0.0,0.0,630212.9166666666,48477178.75,35994430.083333336,23379632.0,54209238.416666664,16822305.5,11332237.583333334,7822815.0,35747712.0,5351596.25,10623863.25,-112445.66666666667,7114440.666666667,0.0,0.0,0.0,0.0,10995150.833333334,724140.0833333334,11719290.916666666,23471698.25,34246795.916666664,2511091.9166666665,48477178.75,0.0,0.0,0.0,0.0,0.0,0.0,0.0,0.0,0.0,0.0,0.0,106255.5,0,0
3119736,663441,CASABLANCA,Casablanca-Settat,CASABLANCA,Casablanca-Settat,25/09/2009,5133,51,513,2,60,22,6.5,Mensuelle,22/08/2019,60.0,mois,,CENTRE D’AFFAIRES DE CASABLANCA,Développement,B,,,0.0,0.0,0.0,0.0,0.0,0.0,8480329.0,3542753.5,4937575.5,15772399.5,23741575.0,0.0,0.0,0.0,42633019.0,0.0,0.0,0.0,61132.5,47631727.0,25443272.64285714,12327489.357142856,42498098.5,4882520.5,2126767.5,1392748.5,35128307.5,2703486.5,1528384.0,-203417.5,794365.0,0.0,0.0,0.0,0.0,5165303.0,3718929.5,8884232.5,23047238.5,36121228.0,2626266.5,47631727.0,0.0,0.0,0.0,0.0,0.0,0.0,0.0,0.0,0.0,0.0,0.0,84138.14285714286,0,0
3070625,663483,ESSAOUIRA,Marrakech-Safi,ESSAOUIRA,Marrakech-Safi,12/03/1991,5511,55,551,30,0,1,6.5,Trimestrielle,26/07/2018,7.0,an(s),,CENTRE D’AFFAIRES D'AGADIR,Développement,C,,,100.0,0.0,0.0,100.0,0.0,0.0,0.0,0.0,0.0,0.0,0.0,100.0,0.0,0.0,0.0,100.0,0.0,0.0,0.0,0.0,0.0,0.0,0.0,0.0,0.0,0.0,0.0,0.0,0.0,0.0,0.0,30.0,0.0,0.0,1.0,0.0,0.0,0.0,0.0,0.0,0.0,0.0,100.0,0.0,0.0,44.839,0.0,0.0,41.6403,100.0,0.0,0.0,1.0,0.0,0,0
3070626,663607,CASABLANCA,Casablanca-Settat,CASABLANCA,Casablanca-Settat,09/02/1974,1725,17,172,4,100,23,0.1,Mensuelle,26/07/2018,60.0,mois,,CENTRE D’AFFAIRES DE CASABLANCA,Développement,B,,,0.0,0.0,0.0,0.0,0.0,0.0,18864965.5,13605878.0,6217774.5,8090010.5,3820245.0,0.0,0.0,0.0,11372009.0,0.0,0.0,0.0,482196.0,17795512.166666668,5963126.5,4831554.916666667,7881897.083333333,2359571.0,-70771.75,584260.3333333334,5769335.0,3052049.0,-987313.8333333334,-149538.41666666666,-457067.3333333333,0.0,0.0,0.0,0.0,4452710.083333333,9925431.583333334,14378141.666666666,2628769.0,3264669.9166666665,243600.5,17795512.166666668,0.0,0.0,0.0,0.0,0.0,0.0,0.0,0.0,0.0,0.0,0.0,19917.714285714286,0,0
3070652,663646,CASABLANCA,Casablanca-Settat,CASABLANCA,Casablanca-Settat,10/11/2014,1744,17,174,5,0,23,0.1,Mensuelle,26/07/2018,60.0,mois,,CENTRE D’AFFAIRES DE CASABLANCA,Développement,A,,,0.0,0.0,0.0,0.0,0.0,0.0,1508292.5,918346.0,589946.5,540182.5,3811593.5,0.0,0.0,0.0,4848415.0,0.0,0.0,0.0,109752.5,5548114.0,6032545.5,3190511.1428571427,10641130.5,1370083.0,781781.0,603102.5,8567559.0,572214.5,634205.0,-37037.0,451951.5,0.0,0.0,0.0,0.0,2219503.0,248963.0,2468466.0,1814241.0,2887885.0,206514.0,5548114.0,0.0,0.0,0.0,0.0,0.0,0.0,0.0,0.0,0.0,0.0,0.0,21253.85714285714,0,0
3070664,663654,RABAT,Rabat-Salé-Kénitra,RABAT,Rabat-Salé-Kénitra,18/09/1991,5030,50,503,1,1,3,6.5,Mensuelle,27/07/2018,10.0,an(s),,CENTRE D’AFFAIRES DE RABAT,Développement,C,,,,,,,,,,,,,,,,,,,,,,,,,,,,,,,,,,,,,,,,,,,,,,,,,,,,,,,,,0,1
3071021,663965,RABAT,Rabat-Salé-Kénitra,RABAT,Rabat-Salé-Kénitra,10/03/2006,8511,85,851,1,10,24,5.0,Mensuelle,16/11/2018,48.0,an(s),23/10/2018,CENTRE D’AFFAIRES DE RABAT,Développement,B,,,0.0,0.0,0.0,0.0,0.0,0.0,7994987.0,6440934.5,1554052.5,715715.0,5749744.0,0.0,0.0,0.0,6476970.5,0.0,0.0,0.0,1025524.5,9056547.5,10936926.0,10512001.5,11042531.5,2895893.0,718718.0,-703703.0,5167662.5,2177175.0,417417.0,-5505.5,-1005004.0,0.0,0.0,0.0,0.0,3533029.5,0.0,3533029.5,2538536.0,5320815.5,202702.5,9056547.5,0.0,0.0,0.0,0.0,0.0,0.0,0.0,0.0,0.0,0.0,0.0,22063.0,0,0
3071226,664137,NADOR,L'oriental,NADOR,L'oriental,05/05/2015,5010,50,501,15,1,4,6.5,Mensuelle,27/08/2018,84.0,mois,30/08/2019,CENTRE D’AFFAIRES D’OUJDA,Développement,C,,,,,,,,,,,,,,,,,,,,,,,,,,,,,,,,,,,,,,,,,,,,,,,,,,,,,,,,,0,1
3071356,664267,CASABLANCA,Casablanca-Settat,CASABLANCA,Casablanca-Settat,05/03/2015,7470,74,747,10,0,24,0.1,Mensuelle,06/08/2018,120.0,mois,,CENTRE D’AFFAIRES DE CASABLANCA,Développement,C,,,,,,,,,,,,,,,,,,,,,,,,,,,,,,,,,,,,,,,,,,,,,,,,,,,,,,,,,0,1
3071605,664280,CASABLANCA,Casablanca-Settat,CASABLANCA,Casablanca-Settat,13/11/2014,2223,22,222,2,0,22,0.1,Mensuelle,06/08/2018,60.0,mois,,CENTRE D’AFFAIRES DE CASABLANCA,Développement,C,,,0.0,0.0,0.0,0.0,0.0,0.0,3793623.1666666665,1094293.2,2881712.1666666665,187187.0,2056888.1666666667,0.0,0.0,0.0,2461792.6666666665,0.0,0.0,0.0,99432.66666666667,5442937.5,2806804.0,1527110.0,3679842.8333333335,979979.0,680346.3333333334,622288.3333333334,2133131.0,261594.66666666666,322989.3333333333,0.0,264931.3333333333,0.0,0.0,0.0,0.0,470803.6666666667,0.0,470803.6666666667,2032363.6666666667,4927923.0,66316.25,5442937.5,0.0,0.0,0.0,0.0,0.0,0.0,0.0,0.0,0.0,0.0,0.0,7573.333333333333,0,0
3071986,664430,DAKHLA,Dakhla-Oued Ed-Dahab,DAKHLA,Dakhla-Oued Ed-Dahab,25/02/2014,5050,50,505,1,12,22,1.0,Mensuelle,09/08/2018,48.0,mois,,CENTRE D’AFFAIRES DE LAAYOUNE,Développement,B,,,0.0,0.0,0.0,0.0,0.0,0.0,955955.0,784784.0,171171.0,925925.0,6079073.0,0.0,0.0,0.0,7048041.0,0.0,0.0,0.0,1020519.5,8239731.5,23595572.0,8886377.5,58866307.5,1201700.5,1088587.5,1088587.5,57395338.0,113113.0,883382.5,0.0,883382.5,0.0,0.0,0.0,0.0,1869367.5,142642.5,2012010.0,6054048.0,6227721.5,0.0,8239731.5,0.0,0.0,0.0,0.0,0.0,0.0,0.0,0.0,0.0,0.0,0.0,117615.0,0,0
3072003,664787,CASABLANCA,Casablanca-Settat,CASABLANCA,Casablanca-Settat,22/10/2010,8031,80,803,77,77,4,6.0,Mensuelle,10/08/2018,7.0,an(s),16/08/2018,CENTRE D’AFFAIRES DE CASABLANCA,Développement,C,,,,,,,,,,,,,,,,,,,,,,,,,,,,,,,,,,,,,,,,,,,,,,,,,,,,,,,,,0,1
3071991,664789,CASABLANCA,Casablanca-Settat,CASABLANCA,Casablanca-Settat,10/01/1973,2522,25,252,5,0,23,0.1,Mensuelle,09/08/2018,60.0,mois,25/12/2018,CENTRE D’AFFAIRES DE CASABLANCA,Développement,B,,,0.0,0.0,0.0,0.0,0.0,0.0,10481637.833333334,6761087.666666667,3720550.1666666665,2875873.0,1852350.5,0.0,0.0,0.0,5243238.0,0.0,0.0,0.0,216883.33333333334,9180671.5,5207535.666666667,3550204.6666666665,5101429.666666667,1616448.1666666667,564730.8333333334,362028.3333333333,2888385.5,986819.1666666666,383549.8333333333,-127293.83333333333,180847.33333333334,0.0,0.0,0.0,0.0,5037198.833333333,713379.3333333334,5750578.166666667,1954452.5,2717214.5,712878.8333333334,9180671.5,0.0,0.0,0.0,0.0,0.0,0.0,0.0,0.0,0.0,0.0,0.0,11171.0,0,0
3072130,664818,CASABLANCA,Casablanca-Settat,CASABLANCA,Casablanca-Settat,11/02/2002,5233,52,523,0,12,1,6.5,Trimestrielle,13/08/2018,6.0,an(s),07/02/2019,CENTRE D’AFFAIRES DE CASABLANCA,Développement,B,,,,,,,,,,,,,,,,,,,,,,,,,,,,,,,,,,,,,,,,,,,,,,,,,,,,,,,,,0,1
3072128,664945,OUJDA,L'oriental,OUJDA,L'oriental,01/01/2013,8511,85,851,0,0,24,6.5,Mensuelle,10/08/2018,60.0,mois,29/10/2018,CENTRE D’AFFAIRES D’OUJDA,Développement,B,,,,,,,,,,,,,,,,,,,,,,,,,,,,,,,,,,,,,,,,,,,,,,,,,,,,,,,,,0,1
3073428,665117,AGADIR,Souss-Massa,AGADIR,Souss-Massa,23/03/1992,114,1,11,30,41,7,5.5,Annuelle,31/08/2018,48.0,mois,27/09/2018,CENTRE D’AFFAIRES D'AGADIR,Développement,B,915.0,,14.285714285714286,5.0,14.285714285714286,14.285714285714286,14.285714285714286,14.285714285714286,47397779.0,21109803.0,26287976.0,8511431.5,776561.5,14.285714285714286,14.285714285714286,14.285714285714286,10305652.5,14.285714285714286,14.285714285714286,14.285714285714286,400543.0,36994171.5,17023986.14285714,10620108.57142857,35492385.5,20558037.5,8368717.5,6970034.5,11110742.5,12154571.0,2442654.5,-1072428.5,1040182.0,10.0,10.0,10.0,0.2857142857142857,6013507.5,9821740.5,15835248.0,10978896.5,13297355.5,7861568.0,36994171.5,14.285714285714286,7.285714285714286,14.285714285714286,6.029028571428571,3.9070571428571426,6.029028571428571,4.9413285714285715,9.428571428571429,0.14285714285714285,9.428571428571429,0.2857142857142857,65575.14285714286,1,0
3073716,665410,TANGER,Tanger-Tétouan-Al Hoceima,TANGER,Tanger-Tétouan-Al Hoceima,07/11/2013,4531,45,453,0,0,23,7.0,Mensuelle,05/09/2018,60.0,mois,05/11/2018,CENTRE D’AFFAIRES DE TANGER,Développement,C,,,33.333333333333336,0.0,0.0,0.3333333333333333,0.0,0.0,2618782.8333333335,1201600.4,1617449.1666666667,0.0,5199027.166666667,33.333333333333336,0.0,0.0,7228554.666666667,33.333333333333336,0.0,0.0,1613445.1666666667,10459449.0,7321647.666666667,4029202.6666666665,10975631.333333334,2410908.5,768434.3333333334,673005.6666666666,7031524.5,1608607.0,396062.3333333333,-6006.0,301301.0,10.0,0.0,0.0,0.6666666666666666,2295459.8333333335,0.0,2295459.8333333335,4268097.166666667,8163989.166666667,0.0,10459449.0,17.0,0.0,0.0,12.2069,0.0,0.0,11.091299999999999,33.333333333333336,0.0,0.0,0.3333333333333333,21929.333333333332,0,0
3051145,665504,OUJDA,L'oriental,OUJDA,L'oriental,01/12/2014,6061,60,606,4,48,22,7.5,Mensuelle,18/01/2018,48.0,mois,,CENTRE D’AFFAIRES D’OUJDA,Développement,B,,,0.0,0.0,0.0,0.0,0.0,0.0,5051546.5,1377876.5,3673670.0,0.0,943776.1666666666,0.0,0.0,0.0,3197360.8333333335,0.0,0.0,0.0,54721.333333333336,6925752.166666667,2203701.5,1055888.1666666667,3494491.0,311144.1666666667,-643476.1666666666,766265.5,1163162.0,944276.6666666666,101601.5,-100767.33333333333,78078.0,0.0,0.0,0.0,0.0,1680345.3333333333,472472.0,2152817.3333333335,1293625.6666666667,3991153.8333333335,781781.0,6925752.166666667,0.0,0.0,0.0,0.0,0.0,0.0,0.0,0.0,0.0,0.0,0.0,6982.0,0,0
3063319,665504,OUJDA,L'oriental,OUJDA,L'oriental,01/12/2014,6061,60,606,0,48,23,5.0,Mensuelle,22/05/2018,48.0,an(s),,CENTRE D’AFFAIRES D’OUJDA,Développement,B,,,0.0,0.0,0.0,0.0,0.0,0.0,5051546.5,1377876.5,3673670.0,0.0,943776.1666666666,0.0,0.0,0.0,3197360.8333333335,0.0,0.0,0.0,54721.333333333336,6925752.166666667,2203701.5,1055888.1666666667,3494491.0,311144.1666666667,-643476.1666666666,766265.5,1163162.0,944276.6666666666,101601.5,-100767.33333333333,78078.0,0.0,0.0,0.0,0.0,1680345.3333333333,472472.0,2152817.3333333335,1293625.6666666667,3991153.8333333335,781781.0,6925752.166666667,0.0,0.0,0.0,0.0,0.0,0.0,0.0,0.0,0.0,0.0,0.0,6982.0,0,0
3072941,665584,CASABLANCA,Casablanca-Settat,CASABLANCA,Casablanca-Settat,,6062,60,606,4,0,23,6.5,Mensuelle,27/08/2018,5.0,an(s),25/11/2018,CENTRE D’AFFAIRES DE CASABLANCA,Développement,B,,,,,,,,,,,,,,,,,,,,,,,,,,,,,,,,,,,,,,,,,,,,,,,,,,,,,,,,,0,1
3073254,665768,CASABLANCA,Casablanca-Settat,CASABLANCA,Casablanca-Settat,19/10/1999,7440,74,744,5,0,24,5.0,Mensuelle,29/08/2018,60.0,mois,19/09/2018,CENTRE D’AFFAIRES DE CASABLANCA,Développement,B,,,0.0,0.0,0.0,0.0,0.0,0.0,9848939.1,6982086.222222222,3565061.5,0.0,38554115.6,0.0,0.0,0.0,41812270.5,0.0,0.0,0.0,169669.5,45547001.5,13957896.6,9119291.5,23961938.0,12541028.5,2272470.2,1804702.9,6350444.1,2362560.2,1333632.3,-103403.3,865865.0,0.0,0.0,0.0,0.0,21232110.9,0.0,21232110.9,4996791.8,21819998.2,2494892.4,45547001.5,0.0,0.0,0.0,0.0,0.0,0.0,0.0,0.0,0.0,0.0,0.0,46354.8,0,0
3084584,665768,CASABLANCA,Casablanca-Settat,CASABLANCA,Casablanca-Settat,19/10/1999,7440,74,744,2,0,24,6.5,Mensuelle,11/12/2018,60.0,mois,20/12/2018,CENTRE D’AFFAIRES DE CASABLANCA,Développement,B,,,0.0,0.0,0.0,0.0,0.0,0.0,9848939.1,6982086.222222222,3565061.5,0.0,38554115.6,0.0,0.0,0.0,41812270.5,0.0,0.0,0.0,169669.5,45547001.5,13957896.6,9119291.5,23961938.0,12541028.5,2272470.2,1804702.9,6350444.1,2362560.2,1333632.3,-103403.3,865865.0,0.0,0.0,0.0,0.0,21232110.9,0.0,21232110.9,4996791.8,21819998.2,2494892.4,45547001.5,0.0,0.0,0.0,0.0,0.0,0.0,0.0,0.0,0.0,0.0,0.0,46354.8,0,0
3081113,666264,TANGER,Tanger-Tétouan-Al Hoceima,TANGER,Tanger-Tétouan-Al Hoceima,,8513,85,851,0,0,23,8.0,Mensuelle,08/11/2018,60.0,mois,05/09/2018,CENTRE D’AFFAIRES DE TANGER,Développement,B,,,,,,,,,,,,,,,,,,,,,,,,,,,,,,,,,,,,,,,,,,,,,,,,,,,,,,,,,0,1
3073355,666271,FES,Fès-Meknès,CASABLANCA,Casablanca-Settat,01/03/2002,4521,45,452,0,60,23,0.7,Mensuelle,11/12/2018,60.0,mois,,CENTRE D’AFFAIRES DE FES,Développement,B,,,0.0,0.0,0.0,0.0,0.0,0.0,12670745.445333334,5642839.076875,8077517.096666667,8985351.375,33998521.431875,0.0,0.0,0.0,35815288.572000004,0.0,0.0,0.0,150308.90875,44034268.50466666,19793970.59,14625095.733333332,39435922.25,7597150.667333334,2516452.029333333,1929089.1026666665,30340247.4375,5507326.199375,1307710.5253333333,-545910.238,700461.0653333333,0.0,0.0,0.0,0.0,12798060.268000001,3455551.5346666663,16253611.802666666,7151728.959375,13184083.508,18061063.645625,44034296.53266667,0.0,0.0,0.0,0.0,0.0,0.0,0.0,0.0,0.0,0.0,0.0,86109.23125,0,0
3089693,666271,FES,Fès-Meknès,CASABLANCA,Casablanca-Settat,01/03/2002,4521,45,452,0,60,23,7.0,Mensuelle,18/01/2019,48.0,an(s),,CENTRE D’AFFAIRES DE FES,Développement,C,,,0.0,0.0,0.0,0.0,0.0,0.0,12670745.445333334,5642839.076875,8077517.096666667,8985351.375,33998521.431875,0.0,0.0,0.0,35815288.572000004,0.0,0.0,0.0,150308.90875,44034268.50466666,19793970.59,14625095.733333332,39435922.25,7597150.667333334,2516452.029333333,1929089.1026666665,30340247.4375,5507326.199375,1307710.5253333333,-545910.238,700461.0653333333,0.0,0.0,0.0,0.0,12798060.268000001,3455551.5346666663,16253611.802666666,7151728.959375,13184083.508,18061063.645625,44034296.53266667,0.0,0.0,0.0,0.0,0.0,0.0,0.0,0.0,0.0,0.0,0.0,86109.23125,0,0
3080446,666282,CASABLANCA,Casablanca-Settat,CASABLANCA,Casablanca-Settat,27/08/2014,5532,55,553,0,0,1,5.5,Mensuelle,02/11/2018,6.0,an(s),,CENTRE D’AFFAIRES DE CASABLANCA,Développement,B,,,0.0,0.0,0.0,0.0,0.0,0.0,8400892.5,2840337.5,5560555.0,511010.5,741240.5,0.0,0.0,0.0,2820818.0,0.0,0.0,0.0,2858856.0,11240229.0,15465950.5,14484470.0,15330815.5,4378374.0,2041039.0,1734232.5,5635630.0,2194692.5,1023022.0,0.0,716215.5,0.0,0.0,0.0,0.0,6619613.0,0.0,6619613.0,1834332.5,4620616.0,0.0,11240229.0,0.0,0.0,0.0,0.0,0.0,0.0,0.0,0.0,0.0,0.0,0.0,30631.0,0,0
3075724,666308,INZEGANE,Souss-Massa,CHTOUKA,Casablanca-Settat,25/07/2011,6062,60,606,16,37,24,5.95,Mensuelle,25/09/2018,60.0,mois,,CENTRE D’AFFAIRES D'AGADIR,Développement,C,,,0.0,0.0,0.0,0.0,0.0,0.0,5004642.5,3583079.5,1421563.0,0.0,8640417.5,0.0,0.0,0.0,15916972.5,0.0,0.0,0.0,321321.0,17659856.5,14691543.5,10148095.785714285,30732916.5,3117042.5,1226940.0,932789.0,22299491.5,1991060.5,916916.0,-58487.0,622050.0,0.0,0.0,0.0,0.0,7138774.5,1265836.0,8404610.5,6650358.0,8923629.0,331617.0,17659856.5,0.0,0.0,0.0,0.0,0.0,0.0,0.0,0.0,0.0,0.0,0.0,61404.42857142857,0,0
3086683,666308,INZEGANE,Souss-Massa,CHTOUKA,Casablanca-Settat,25/07/2011,6062,60,606,8,37,24,1.0,Mensuelle,25/12/2018,60.0,mois,,CENTRE D’AFFAIRES D'AGADIR,Développement,C,,,0.0,0.0,0.0,0.0,0.0,0.0,5004642.5,3583079.5,1421563.0,0.0,8640417.5,0.0,0.0,0.0,15916972.5,0.0,0.0,0.0,321321.0,17659856.5,14691543.5,10148095.785714285,30732916.5,3117042.5,1226940.0,932789.0,22299491.5,1991060.5,916916.0,-58487.0,622050.0,0.0,0.0,0.0,0.0,7138774.5,1265836.0,8404610.5,6650358.0,8923629.0,331617.0,17659856.5,0.0,0.0,0.0,0.0,0.0,0.0,0.0,0.0,0.0,0.0,0.0,61404.42857142857,0,0
3086685,666308,INZEGANE,Souss-Massa,CHTOUKA,Casablanca-Settat,25/07/2011,6062,60,606,8,37,24,1.0,Mensuelle,25/12/2018,60.0,mois,20/02/2019,CENTRE D’AFFAIRES D'AGADIR,Développement,C,,,0.0,0.0,0.0,0.0,0.0,0.0,5004642.5,3583079.5,1421563.0,0.0,8640417.5,0.0,0.0,0.0,15916972.5,0.0,0.0,0.0,321321.0,17659856.5,14691543.5,10148095.785714285,30732916.5,3117042.5,1226940.0,932789.0,22299491.5,1991060.5,916916.0,-58487.0,622050.0,0.0,0.0,0.0,0.0,7138774.5,1265836.0,8404610.5,6650358.0,8923629.0,331617.0,17659856.5,0.0,0.0,0.0,0.0,0.0,0.0,0.0,0.0,0.0,0.0,0.0,61404.42857142857,0,0
3073563,666444,CASABLANCA,Casablanca-Settat,CASABLANCA,Casablanca-Settat,09/10/1978,1931,19,193,30,300,23,8.0,Mensuelle,31/08/2018,48.0,mois,25/11/2018,CENTRE D’AFFAIRES DE CASABLANCA,Développement,C,,,0.0,0.0,0.0,0.0,0.0,0.0,21986464.5,19103155.5,2883309.0,12370787.0,5465889.0,0.0,0.0,0.0,19087854.5,0.0,0.0,0.0,1511438.5,23482602.0,37963767.0,25938812.92857143,63563786.0,14613384.5,2452307.0,974902.5,46827709.5,12039527.5,1394107.0,-659730.5,62562.5,0.0,0.0,0.0,0.0,4295505.5,846989.0,5142494.5,12854127.0,14932846.5,3407261.0,23482602.0,0.0,0.0,0.0,0.0,0.0,0.0,0.0,0.0,0.0,0.0,0.0,127426.0,0,0
3073867,666648,CASABLANCA,Casablanca-Settat,CASABLANCA,Casablanca-Settat,01/01/1987,4521,45,452,5,3200,24,1.0,Mensuelle,27/09/2018,48.0,mois,27/09/2018,CENTRE D’AFFAIRES DE CASABLANCA,Développement,B,2659.0,,0.0,0.0,0.0,0.0,0.0,0.0,492104863.25,173182759.75,318922103.5,292233191.25,352780428.0,0.0,0.0,0.0,684864430.25,0.0,0.0,0.0,224724.5,1004011258.25,397604457.25,415690275.0,354113259.5,94409064.75,18730712.0,8129871.75,206732275.75,72011189.25,-11432421.0,-18801532.75,-22033261.25,0.0,0.0,0.0,0.0,375347222.25,95038944.0,470386166.25,193443750.5,314347783.75,219277308.25,1004011258.25,0.0,0.0,0.0,0.0,0.0,0.0,0.0,0.0,0.0,0.0,0.0,728021.5,1,0
3074077,666656,TANGER,Tanger-Tétouan-Al Hoceima,TANGER,Tanger-Tétouan-Al Hoceima,28/01/2000,2441,24,244,70,40,1,4.62,Trimestrielle,13/09/2018,10.0,an(s),,CENTRE D’AFFAIRES DE TANGER,Développement,C,,,0.0,0.0,0.0,0.0,0.0,0.0,155336181.0,19647628.0,135688553.0,5616611.0,78468890.5,0.0,0.0,0.0,110221111.0,0.0,0.0,0.0,7788781.0,253698445.0,30810279.5,26262236.0,50603553.0,15066551.5,5534529.0,4493989.5,22866844.0,9473964.5,3382379.0,938938.0,3233230.0,0.0,0.0,0.0,0.0,217784567.0,8407399.0,226191966.0,18734215.5,25418893.5,2087585.5,253698445.0,0.0,0.0,0.0,0.0,0.0,0.0,0.0,0.0,0.0,0.0,0.0,96881.0,0,0
3111568,666656,TANGER,Tanger-Tétouan-Al Hoceima,TANGER,Tanger-Tétouan-Al Hoceima,28/01/2000,2442,24,244,70,40,24,6.0,Mensuelle,25/06/2019,60.0,mois,12/09/2019,CENTRE D’AFFAIRES DE TANGER,Développement,D,,,0.0,0.0,0.0,0.0,0.0,0.0,155336181.0,19647628.0,135688553.0,5616611.0,78468890.5,0.0,0.0,0.0,110221111.0,0.0,0.0,0.0,7788781.0,253698445.0,30810279.5,26262236.0,50603553.0,15066551.5,5534529.0,4493989.5,22866844.0,9473964.5,3382379.0,938938.0,3233230.0,0.0,0.0,0.0,0.0,217784567.0,8407399.0,226191966.0,18734215.5,25418893.5,2087585.5,253698445.0,0.0,0.0,0.0,0.0,0.0,0.0,0.0,0.0,0.0,0.0,0.0,96881.0,0,0
3074381,666962,CASABLANCA,Casablanca-Settat,MEDIOUNA,Casablanca-Settat,26/05/2011,1532,15,153,10,5,4,6.5,Mensuelle,21/09/2018,83.0,mois,,CENTRE D’AFFAIRES DE CASABLANCA,Développement,B,,,,,,,,,,,,,,,,,,,,,,,,,,,,,,,,,,,,,,,,,,,,,,,,,,,,,,,,,0,1
3062811,667342,KENITRA,Rabat-Salé-Kénitra,CASABLANCA,Casablanca-Settat,13/04/1995,4522,45,452,4,55,24,0.0,Mensuelle,16/05/2018,48.0,mois,,CENTRE D’AFFAIRES DE RABAT,Développement,B,,,0.0,0.0,0.0,0.0,0.0,0.0,8995558.0,5783206.0,3212352.0,2168094.5,24636540.5,0.0,0.0,0.0,30016844.0,0.0,0.0,0.0,26383.5,33255579.5,11382779.714285715,7395194.214285715,31849389.0,5806372.0,1796723.5,913269.5,23542376.0,3859784.5,1711495.5,-532103.0,582224.5,0.0,0.0,0.0,0.0,11971674.0,1258543.0,13230217.0,9121112.0,15591647.5,4433715.0,33255579.5,0.0,0.0,0.0,0.0,0.0,0.0,0.0,0.0,0.0,0.0,0.0,63214.28571428572,0,0
3075175,667558,BERRECHID,Casablanca-Settat,CASABLANCA,Casablanca-Settat,27/04/1994,2521,25,252,145,83,4,4.66,Trimestrielle,26/09/2018,83.0,mois,14/01/2019,CENTRE D’AFFAIRES DE FES,Développement,C,,,0.0,0.0,0.0,0.0,0.0,0.0,66980413.5,23389223.0,43591190.5,20967303.5,38998459.5,0.0,0.0,0.0,70869370.0,0.0,0.0,0.0,4044397.5,118504958.0,26755704.57142857,17860681.42857143,55724168.5,12988261.0,9028090.5,19131612.5,39181499.5,3824606.5,3336619.0,-1045115.5,2360787.0,0.0,0.0,0.0,0.0,26888933.5,56376820.5,83265754.0,23342104.5,32659984.5,2579934.5,118505673.0,0.0,0.0,0.0,0.0,0.0,0.0,0.0,0.0,0.0,0.0,0.0,109734.14285714286,0,0
3077994,668158,EL KELAA,Marrakech-Safi,EL KELAA,Marrakech-Safi,13/11/2008,5050,50,505,30,10,5,6.5,Mensuelle,18/10/2018,7.0,an(s),09/04/2020,CENTRE D’AFFAIRES DE MARRAKECH,Développement,C,283.0,,,,,,,,,,,,,,,,,,,,,,,,,,,,,,,,,,,,,,,,,,,,,,,,,,,,,,,,1,1
3075847,668264,CASABLANCA,Casablanca-Settat,CASABLANCA,Casablanca-Settat,25/01/2012,5533,55,553,140,143,9,4.85,Mensuelle,26/10/2018,5.0,an(s),27/03/2019,CENTRE D’AFFAIRES DE CASABLANCA,Développement,B,,,0.0,0.0,0.0,0.0,0.0,0.0,10926515.6,3968464.5,6958051.1,437036.6,941240.3,0.0,0.0,0.0,6096290.2,0.0,0.0,0.0,490590.1,13544931.4,12569703.6,9592408.4,15532517.0,2809106.3,-464564.1,-1872470.6,4642037.4,3114111.0,-1631329.7,-257557.3,-3047744.7,0.0,0.0,0.0,0.0,-5797291.5,7691784.1,1894492.6,7007700.7,10418908.5,1231530.3,13544931.4,0.0,0.0,0.0,0.0,0.0,0.0,0.0,0.0,0.0,0.0,0.0,30853.2,0,0
3075850,668265,MARRAKECH,Marrakech-Safi,MARRAKECH,Marrakech-Safi,03/02/2005,5511,55,551,0,400,30,6.0,Trimestrielle,12/10/2018,7.0,an(s),,CENTRE D’AFFAIRES DE MARRAKECH,Développement,C,,,0.0,0.0,0.0,0.0,0.0,0.0,62849286.5,20490970.5,42358316.0,216716.5,521521.0,0.0,0.0,0.0,3029026.0,0.0,0.0,0.0,106606.5,45493948.5,23727704.0,28283255.0,22173651.5,10585074.5,4629625.0,4132628.5,9428919.5,5782276.5,1056555.5,-922421.5,280280.0,0.0,0.0,0.0,0.0,20386866.5,11240229.0,31627095.5,5763257.5,12628616.0,1238237.0,45493948.5,0.0,0.0,0.0,0.0,0.0,0.0,0.0,0.0,0.0,0.0,0.0,44303.0,0,0
3106547,668265,MARRAKECH,Marrakech-Safi,MARRAKECH,Marrakech-Safi,03/02/2005,5511,55,551,0,400,22,1.0,Mensuelle,15/05/2019,48.0,mois,23/05/2019,CENTRE D’AFFAIRES DE MARRAKECH,Développement,C,730.0,,0.0,0.0,0.0,0.0,0.0,0.0,62849286.5,20490970.5,42358316.0,216716.5,521521.0,0.0,0.0,0.0,3029026.0,0.0,0.0,0.0,106606.5,45493948.5,23727704.0,28283255.0,22173651.5,10585074.5,4629625.0,4132628.5,9428919.5,5782276.5,1056555.5,-922421.5,280280.0,0.0,0.0,0.0,0.0,20386866.5,11240229.0,31627095.5,5763257.5,12628616.0,1238237.0,45493948.5,0.0,0.0,0.0,0.0,0.0,0.0,0.0,0.0,0.0,0.0,0.0,44303.0,1,0
3106550,668265,MARRAKECH,Marrakech-Safi,MARRAKECH,Marrakech-Safi,03/02/2005,5511,55,551,0,400,22,1.0,Mensuelle,15/05/2019,60.0,mois,22/05/2019,CENTRE D’AFFAIRES DE MARRAKECH,Développement,C,1076.0,,0.0,0.0,0.0,0.0,0.0,0.0,62849286.5,20490970.5,42358316.0,216716.5,521521.0,0.0,0.0,0.0,3029026.0,0.0,0.0,0.0,106606.5,45493948.5,23727704.0,28283255.0,22173651.5,10585074.5,4629625.0,4132628.5,9428919.5,5782276.5,1056555.5,-922421.5,280280.0,0.0,0.0,0.0,0.0,20386866.5,11240229.0,31627095.5,5763257.5,12628616.0,1238237.0,45493948.5,0.0,0.0,0.0,0.0,0.0,0.0,0.0,0.0,0.0,0.0,0.0,44303.0,1,0
3076001,668299,AGADIR,Souss-Massa,AGADIR,Souss-Massa,18/05/2016,8021,80,802,82,60,5,5.75,Trimestrielle,04/10/2018,7.0,an(s),23/03/2022,CENTRE D’AFFAIRES DE MARRAKECH,Développement,C,,,0.0,0.0,0.0,0.0,0.0,0.0,11974462.5,1799047.25,10175415.25,0.0,215465.25,0.0,0.0,0.0,471721.25,0.0,0.0,0.0,274524.25,10921660.75,8661903.25,6424418.0,8962703.75,7594837.25,1243992.75,999748.75,433433.0,6243987.75,593593.0,-109359.25,349349.0,0.0,0.0,0.0,0.0,7278771.5,1414413.0,8693184.5,1371620.25,1880378.5,348097.75,10921660.75,0.0,0.0,0.0,0.0,0.0,0.0,0.0,0.0,0.0,0.0,0.0,17907.5,0,0
3076002,668403,MARRAKECH,Marrakech-Safi,MARRAKECH,Marrakech-Safi,13/04/1995,5139,51,513,0,43,23,8.0,Mensuelle,27/09/2018,48.0,mois,25/12/2018,CENTRE D’AFFAIRES DE MARRAKECH,Développement,A,,,0.0,0.0,0.0,0.0,0.0,0.0,2805302.5,1543792.25,1261510.25,5992236.25,50245945.75,0.0,0.0,0.0,63723159.5,0.0,0.0,0.0,7299542.25,72284212.0,109055196.25,95495400.0,122635012.5,10397136.75,8201193.0,5573067.5,106674067.5,1990989.0,8047289.25,-95595.5,5401646.25,0.0,0.0,0.0,0.0,32190408.25,12012.0,32202420.25,28898870.0,38341803.5,1739988.25,72284212.0,0.0,0.0,0.0,0.0,0.0,0.0,0.0,0.0,0.0,0.0,0.0,244939.0,0,0
3076143,668514,CASABLANCA,Casablanca-Settat,OUJDA,L'oriental,11/02/2015,5050,50,505,14,22,4,5.75,Mensuelle,28/09/2018,108.0,mois,30/10/2018,CENTRE D’AFFAIRES D’OUJDA,Développement,B,,,,,,,,,,,,,,,,,,,,,,,,,,,,,,,,,,,,,,,,,,,,,,,,,,,,,,,,,0,1
3088454,668634,CASABLANCA,Casablanca-Settat,CASABLANCA,Casablanca-Settat,12/06/1987,1744,17,174,10,50,22,6.0,Mensuelle,08/01/2019,60.0,mois,,CENTRE D’AFFAIRES DE CASABLANCA,Développement,A,,,0.0,0.0,0.0,0.0,0.0,0.0,11578138.0,9826173.5,1751964.5,5885522.5,4583007.0,0.0,0.0,0.0,16970668.0,0.0,0.0,0.0,521521.0,19244153.5,11960441.57142857,6944984.5,24326874.0,12053756.0,2591946.5,2022949.5,10005495.5,9368788.0,1614541.5,-313670.5,1197696.5,0.0,0.0,0.0,0.0,5936859.5,1011010.0,6947869.5,4524377.0,8206126.5,4090157.5,19244153.5,0.0,0.0,0.0,0.0,0.0,0.0,0.0,0.0,0.0,0.0,0.0,47536.42857142857,0,0
3076359,668674,CASABLANCA,Casablanca-Settat,CASABLANCA,Casablanca-Settat,03/11/1983,9305,93,930,4,1,35,6.25,Mensuelle,02/10/2018,84.0,mois,,CENTRE D’AFFAIRES DE CASABLANCA,Développement,C,,,,,,,,,,,,,,,,,,,,,,,,,,,,,,,,,,,,,,,,,,,,,,,,,,,,,,,,,0,1
3076375,668784,TANGER,Tanger-Tétouan-Al Hoceima,TANGER,Tanger-Tétouan-Al Hoceima,01/01/1994,8514,85,851,5,0,22,6.0,Mensuelle,02/10/2018,84.0,mois,,CENTRE D’AFFAIRES DE TANGER,Développement,C,,,,,,,,,,,,,,,,,,,,,,,,,,,,,,,,,,,,,,,,,,,,,,,,,,,,,,,,,0,1
3088983,668784,TANGER,Tanger-Tétouan-Al Hoceima,TANGER,Tanger-Tétouan-Al Hoceima,01/01/1994,8514,85,851,10,0,23,7.0,Mensuelle,15/01/2019,84.0,mois,,CENTRE D’AFFAIRES DE TANGER,Développement,C,,,,,,,,,,,,,,,,,,,,,,,,,,,,,,,,,,,,,,,,,,,,,,,,,,,,,,,,,0,1
3089163,668784,TANGER,Tanger-Tétouan-Al Hoceima,TANGER,Tanger-Tétouan-Al Hoceima,01/01/1994,8514,85,851,10,0,23,7.0,Mensuelle,15/01/2019,60.0,mois,,CENTRE D’AFFAIRES DE TANGER,Développement,B,,,,,,,,,,,,,,,,,,,,,,,,,,,,,,,,,,,,,,,,,,,,,,,,,,,,,,,,,0,1
3076680,669026,TANGER,Tanger-Tétouan-Al Hoceima,CASABLANCA,Casablanca-Settat,,6062,60,606,0,120,23,6.0,Mensuelle,08/10/2018,60.0,mois,25/03/2019,CENTRE D’AFFAIRES DE TANGER,Développement,B,,,42.857142857142854,0.0,0.0,14.571428571428571,0.0,0.0,4543778.692307692,3502570.5,1375164.3076923077,0.0,5498421.5,42.857142857142854,0.0,0.0,7317928.692307692,42.857142857142854,0.0,0.0,307879.0,9020116.538461538,7934660.615384615,4573287.692307692,15832984.0,2859719.4615384615,1199105.923076923,1118454.8461538462,10885875.0,2193906.0,540487.3846153846,-38084.07692307692,459836.3076923077,34.285714285714285,0.0,0.0,0.8571428571428571,2717647.153846154,1457940.2307692308,4175587.3846153845,3902899.0,4586416.538461538,706038.6666666666,9020116.538461538,28.571428571428573,0.0,0.0,14.262199999999998,0.0,0.0,16.0262,14.571428571428571,0.0,0.0,0.42857142857142855,37554.28571428572,0,0
3077041,669324,CASABLANCA,Casablanca-Settat,CASABLANCA,Casablanca-Settat,28/01/1999,8031,80,803,13,58,1,6.0,Trimestrielle,06/12/2018,7.0,an(s),,CENTRE D’AFFAIRES DE CASABLANCA,Développement,C,,,,,,,,,,,,,,,,,,,,,,,,,,,,,,,,,,,,,,,,,,,,,,,,,,,,,,,,,0,1
3126878,669688,CASABLANCA,Casablanca-Settat,CASABLANCA,Casablanca-Settat,18/02/2015,1585,15,158,5,0,21,6.5,Mensuelle,22/10/2019,120.0,mois,05/12/2019,CENTRE D’AFFAIRES DE CASABLANCA,Développement,C,,,0.0,0.0,0.0,0.0,0.0,0.0,166166.0,36536.5,129629.5,139639.5,1963962.0,0.0,0.0,0.0,2357855.5,0.0,0.0,0.0,2502.5,2489987.5,1135634.5,0.0,2464962.5,590590.0,58558.5,45545.5,1585083.5,530029.5,45545.5,0.0,32532.5,0.0,0.0,0.0,0.0,285785.5,0.0,285785.5,1447446.0,2061559.5,142642.5,2489987.5,0.0,0.0,0.0,0.0,0.0,0.0,0.0,0.0,0.0,0.0,0.0,4925.0,0,0
3077788,670013,TANGER,Tanger-Tétouan-Al Hoceima,TANGER,Tanger-Tétouan-Al Hoceima,13/10/2006,6070,60,607,0,35,23,7.0,Mensuelle,07/11/2018,48.0,mois,05/09/2018,CENTRE D’AFFAIRES DE TANGER,Développement,C,,,0.0,0.0,0.0,0.0,0.0,0.0,4391687.3,1565897.6666666667,2982379.4,54929.875,7030579.111111111,0.0,0.0,0.0,12735122.4,0.0,0.0,0.0,527527.0,16192276.1,14409747.7,4926844.8,26672445.8,2023621.6,592892.3,992191.2,18612371.555555556,1453785.6666666667,63963.9,-141541.4,266266.0,0.0,0.0,0.0,0.0,2498596.1,1074273.2,3572869.3,12069168.222222222,11934222.3,856480.625,16192276.1,0.0,0.0,0.0,0.0,0.0,0.0,0.0,0.0,0.0,0.0,0.0,52938.8,0,0
3095519,670013,TANGER,Tanger-Tétouan-Al Hoceima,TANGER,Tanger-Tétouan-Al Hoceima,13/10/2006,6062,60,606,2,35,23,7.0,Mensuelle,27/02/2019,48.0,mois,05/01/2019,CENTRE D’AFFAIRES DE TANGER,Développement,C,,,0.0,0.0,0.0,0.0,0.0,0.0,4391687.3,1565897.6666666667,2982379.4,54929.875,7030579.111111111,0.0,0.0,0.0,12735122.4,0.0,0.0,0.0,527527.0,16192276.1,14409747.7,4926844.8,26672445.8,2023621.6,592892.3,992191.2,18612371.555555556,1453785.6666666667,63963.9,-141541.4,266266.0,0.0,0.0,0.0,0.0,2498596.1,1074273.2,3572869.3,12069168.222222222,11934222.3,856480.625,16192276.1,0.0,0.0,0.0,0.0,0.0,0.0,0.0,0.0,0.0,0.0,0.0,52938.8,0,0
3106956,670013,TANGER,Tanger-Tétouan-Al Hoceima,TANGER,Tanger-Tétouan-Al Hoceima,13/10/2006,6062,60,606,0,35,23,6.0,Mensuelle,20/05/2019,48.0,mois,,CENTRE D’AFFAIRES DE TANGER,Développement,D,,,0.0,0.0,0.0,0.0,0.0,0.0,4391687.3,1565897.6666666667,2982379.4,54929.875,7030579.111111111,0.0,0.0,0.0,12735122.4,0.0,0.0,0.0,527527.0,16192276.1,14409747.7,4926844.8,26672445.8,2023621.6,592892.3,992191.2,18612371.555555556,1453785.6666666667,63963.9,-141541.4,266266.0,0.0,0.0,0.0,0.0,2498596.1,1074273.2,3572869.3,12069168.222222222,11934222.3,856480.625,16192276.1,0.0,0.0,0.0,0.0,0.0,0.0,0.0,0.0,0.0,0.0,0.0,52938.8,0,0
3120272,670013,TANGER,Tanger-Tétouan-Al Hoceima,TANGER,Tanger-Tétouan-Al Hoceima,13/10/2006,6062,60,606,0,35,24,6.0,Mensuelle,27/08/2019,48.0,mois,11/07/2019,CENTRE D’AFFAIRES DE TANGER,Développement,D,,,0.0,0.0,0.0,0.0,0.0,0.0,4391687.3,1565897.6666666667,2982379.4,54929.875,7030579.111111111,0.0,0.0,0.0,12735122.4,0.0,0.0,0.0,527527.0,16192276.1,14409747.7,4926844.8,26672445.8,2023621.6,592892.3,992191.2,18612371.555555556,1453785.6666666667,63963.9,-141541.4,266266.0,0.0,0.0,0.0,0.0,2498596.1,1074273.2,3572869.3,12069168.222222222,11934222.3,856480.625,16192276.1,0.0,0.0,0.0,0.0,0.0,0.0,0.0,0.0,0.0,0.0,0.0,52938.8,0,0
3078034,670200,CASABLANCA,Casablanca-Settat,CASABLANCA,Casablanca-Settat,11/06/2008,7485,74,748,50,0,23,5.7,Mensuelle,17/10/2018,36.0,mois,,CENTRE D’AFFAIRES DE CASABLANCA,Développement,B,,,0.0,0.0,0.0,0.0,0.0,0.0,11765754.0,6218712.5,5547041.5,0.0,18882113.25,0.0,0.0,0.0,36091055.0,0.0,0.0,0.0,928928.0,42567024.5,68170102.0,46608311.75,86919833.0,15348583.25,7497990.5,6308552.25,48570772.25,6608852.25,6134878.75,-57807.75,4945440.5,0.0,0.0,0.0,0.0,28216688.5,7007.0,28223695.5,13361348.0,14343329.0,0.0,42567024.5,0.0,0.0,0.0,0.0,0.0,0.0,0.0,0.0,0.0,0.0,0.0,173666.0,0,0
3107029,670200,CASABLANCA,Casablanca-Settat,CASABLANCA,Casablanca-Settat,11/06/2008,7485,74,748,50,0,23,5.7,Mensuelle,17/05/2019,48.0,mois,05/09/2019,CENTRE D’AFFAIRES DE CASABLANCA,Développement,B,,,0.0,0.0,0.0,0.0,0.0,0.0,11765754.0,6218712.5,5547041.5,0.0,18882113.25,0.0,0.0,0.0,36091055.0,0.0,0.0,0.0,928928.0,42567024.5,68170102.0,46608311.75,86919833.0,15348583.25,7497990.5,6308552.25,48570772.25,6608852.25,6134878.75,-57807.75,4945440.5,0.0,0.0,0.0,0.0,28216688.5,7007.0,28223695.5,13361348.0,14343329.0,0.0,42567024.5,0.0,0.0,0.0,0.0,0.0,0.0,0.0,0.0,0.0,0.0,0.0,173666.0,0,0
3122420,670494,KHOURIBGA,Béni Mellal-Khénifra,KHOURIBGA,Béni Mellal-Khénifra,26/04/1999,4521,45,452,0,136,25,1.0,Mensuelle,13/09/2019,60.0,mois,,CENTRE D’AFFAIRES D'AGADIR,Développement,C,,,16.666666666666668,0.0,0.0,16.666666666666668,0.0,0.0,10672578.583333334,6049376.666666667,4623201.916666667,5204199.0,9082823.75,16.666666666666668,0.0,0.0,15047365.666666666,16.666666666666668,0.0,0.0,1163328.8333333333,20833896.416666668,13807714.25,11247658.166666666,16621021.083333334,2513427.5833333335,1144560.0833333333,703452.75,12988892.583333334,1270102.1666666667,374040.3333333333,-285785.5,-67067.0,5.0,0.0,0.0,0.3333333333333333,3853182.6666666665,4264927.333333333,8118110.0,7961119.833333333,10785524.75,1930261.6666666667,20833896.416666668,8.5,0.0,0.0,6.928450000000001,0.0,0.0,6.481716666666667,16.666666666666668,0.0,0.0,0.16666666666666666,33550.166666666664,0,0
3078742,670823,EL KELAA,Marrakech-Safi,EL KELAA,Marrakech-Safi,12/03/1993,5110,51,511,12,0,30,7.5,Trimestrielle,22/10/2018,120.0,mois,,CENTRE D’AFFAIRES DE MARRAKECH,Développement,B,,,,,,,,,,,,,,,,,,,,,,,,,,,,,,,,,,,,,,,,,,,,,,,,,,,,,,,,,0,1
3079119,671143,TANGER,Tanger-Tétouan-Al Hoceima,TANGER,Tanger-Tétouan-Al Hoceima,10/07/2014,6062,60,606,2,10,22,6.0,Mensuelle,23/10/2018,48.0,mois,30/11/2018,CENTRE D’AFFAIRES DE TANGER,Développement,C,,,33.333333333333336,33.333333333333336,0.0,33.333333333333336,33.333333333333336,0.0,3673169.5,3244741.5,428428.0,0.0,1123956.1666666667,33.333333333333336,33.333333333333336,0.0,2345676.6666666665,33.333333333333336,33.333333333333336,0.0,385051.3333333333,3159156.0,3506503.0,2016594.8333333333,4097760.3333333335,920753.1666666666,624790.8333333334,602268.3333333334,2724555.1666666665,361027.3333333333,314314.0,-12178.833333333334,244744.5,23.333333333333332,23.333333333333332,0.0,0.6666666666666666,1684683.0,32365.666666666668,1717048.6666666667,400233.1666666667,1442107.3333333333,0.0,3159156.0,17.0,17.0,0.0,10.4498,10.4498,0.0,11.529766666666667,0.3333333333333333,0.3333333333333333,0.0,0.6666666666666666,8187.333333333333,0,0
3136989,671298,CASABLANCA,Casablanca-Settat,CASABLANCA,Casablanca-Settat,30/09/2015,6033,60,603,1,40,25,5.95,Mensuelle,30/12/2019,60.0,mois,,CENTRE D’AFFAIRES DE LAAYOUNE,Développement,C,,,0.0,0.0,0.0,0.0,0.0,0.0,23770246.5,7947439.5,15822807.0,0.0,6654648.0,0.0,0.0,0.0,10838828.0,0.0,0.0,0.0,1045377.6666666666,27707012.666666668,5729390.333333333,2471802.6666666665,9042033.0,3702365.3333333335,3467964.5,3431594.8333333335,4276939.333333333,177510.66666666666,330330.0,13513.5,293960.3333333333,0.0,0.0,0.0,0.0,15870020.833333334,2673671.0,18543691.833333332,2241572.6666666665,7129288.833333333,2034032.0,27707012.666666668,0.0,0.0,0.0,0.0,0.0,0.0,0.0,0.0,0.0,0.0,0.0,18066.0,0,0
3079474,671377,TANGER,Tanger-Tétouan-Al Hoceima,TANGER,Tanger-Tétouan-Al Hoceima,20/06/2013,7412,74,741,0,41,34,6.25,Mensuelle,25/10/2018,180.0,mois,26/10/2018,CENTRE D’AFFAIRES DE TANGER,Développement,D,,,,,,,,,,,,,,,,,,,,,,,,,,,,,,,,,,,,,,,,,,,,,,,,,,,,,,,,,0,1
3079735,671707,ERRACHIDIA,Drâa-Tafilalet,ERRACHIDIA,Drâa-Tafilalet,03/04/2001,5154,51,515,2,2,23,5.5,Mensuelle,26/10/2018,48.0,mois,25/09/2018,CENTRE D’AFFAIRES DE FES,Développement,B,,,,,,,,,,,,,,,,,,,,,,,,,,,,,,,,,,,,,,,,,,,,,,,,,,,,,,,,,0,1
3098451,671707,ERRACHIDIA,Drâa-Tafilalet,ERRACHIDIA,Drâa-Tafilalet,03/04/2001,5162,51,516,0,2,23,7.0,Mensuelle,19/03/2019,60.0,mois,,CENTRE D’AFFAIRES DE FES,Développement,A,,,,,,,,,,,,,,,,,,,,,,,,,,,,,,,,,,,,,,,,,,,,,,,,,,,,,,,,,0,1
3080981,671844,TANGER,Tanger-Tétouan-Al Hoceima,TANGER,Tanger-Tétouan-Al Hoceima,08/03/2013,6062,60,606,3,0,23,6.0,Mensuelle,07/11/2018,48.0,mois,25/09/2018,CENTRE D’AFFAIRES DE TANGER,Développement,B,,,0.0,0.0,0.0,0.0,0.0,0.0,1351224.875,525900.375,825324.5,0.0,16926034.125,0.0,0.0,0.0,19002358.375,0.0,0.0,0.0,629003.375,20456686.25,28016693.625,15037628.625,46065394.375,3509756.25,1234233.0,1130003.875,38429766.375,2170668.5,1024898.875,13138.125,924673.75,0.0,0.0,0.0,0.0,2732479.75,802176.375,3534656.125,15591200.625,16602210.625,319819.5,20456686.25,0.0,0.0,0.0,0.0,0.0,0.0,0.0,0.0,0.0,0.0,0.0,92038.75,0,0
3080121,672003,CASABLANCA,Casablanca-Settat,CASABLANCA,Casablanca-Settat,20/08/1959,1582,15,158,10,400,20,1.0,Mensuelle,31/10/2018,60.0,mois,,CENTRE D’AFFAIRES DE CASABLANCA,Développement,A,,,0.0,0.0,0.0,0.0,0.0,0.0,110251641.5,80127547.5,30124094.0,49785986.25,26784507.75,0.0,0.0,0.0,97037440.5,0.0,0.0,0.0,7999741.75,135161276.25,99521922.5,104226122.0,100398798.5,18442173.75,-426676.25,254003.75,56172366.25,18343325.0,-4463459.0,-343092.75,-4284780.5,0.0,0.0,0.0,0.0,73272199.0,630129.5,73902328.5,28252224.0,41147856.75,20111091.0,135161276.25,0.0,0.0,0.0,0.0,0.0,0.0,0.0,0.0,0.0,0.0,0.0,195717.5,0,0
3080443,672271,CASABLANCA,Casablanca-Settat,CASABLANCA,Casablanca-Settat,01/01/1993,8514,85,851,2,0,23,6.25,Mensuelle,01/11/2018,36.0,mois,05/11/2019,CENTRE D’AFFAIRES DE CASABLANCA,Développement,C,,,,,,,,,,,,,,,,,,,,,,,,,,,,,,,,,,,,,,,,,,,,,,,,,,,,,,,,,0,1
3080545,672281,CASABLANCA,Casablanca-Settat,CASABLANCA,Casablanca-Settat,26/09/2005,6023,60,602,2,0,24,5.0,Mensuelle,02/11/2018,60.0,mois,13/12/2018,CENTRE D’AFFAIRES DE CASABLANCA,Développement,B,372.0,,,,,,,,,,,,,,,,,,,,,,,,,,,,,,,,,,,,,,,,,,,,,,,,,,,,,,,,1,1
3080584,672430,TETOUAN,Tanger-Tétouan-Al Hoceima,TETOUAN,Tanger-Tétouan-Al Hoceima,17/04/2014,7023,70,702,40,0,4,6.0,Mensuelle,06/11/2018,108.0,mois,19/12/2018,CENTRE D’AFFAIRES DE TANGER,Développement,C,,,,,,,,,,,,,,,,,,,,,,,,,,,,,,,,,,,,,,,,,,,,,,,,,,,,,,,,,0,1
3058641,672530,CASABLANCA,Casablanca-Settat,CASABLANCA,Casablanca-Settat,10/12/1985,1771,17,177,0,400,23,6.5,Mensuelle,30/03/2018,60.0,mois,25/08/2018,CENTRE D’AFFAIRES DE CASABLANCA,Développement,A,828.0,,0.0,0.0,0.0,0.0,0.0,0.0,0.0,0.0,0.0,0.0,0.0,0.0,0.0,0.0,0.0,0.0,0.0,0.0,0.0,0.0,0.0,0.0,0.0,0.0,0.0,0.0,0.0,0.0,0.0,0.0,0.0,0.0,0.0,0.0,0.0,0.0,0.0,0.0,0.0,0.0,0.0,0.0,0.0,0.0,0.0,0.0,0.0,0.0,0.0,0.0,0.0,0.0,0.0,0.0,1,0
3080969,672804,TANGER,Tanger-Tétouan-Al Hoceima,CASABLANCA,Casablanca-Settat,10/12/2014,6062,60,606,7,0,23,5.9,Mensuelle,07/11/2018,48.0,mois,25/11/2018,CENTRE D’AFFAIRES DE TANGER,Développement,B,,,14.285714285714286,14.285714285714286,14.285714285714286,14.285714285714286,14.285714285714286,14.285714285714286,334119.5,81438.5,252681.0,21593.0,12972245.0,14.285714285714286,14.285714285714286,14.285714285714286,15238437.5,14.285714285714286,14.285714285714286,14.285714285714286,327112.5,15818231.0,19258495.285714287,11450748.142857144,38358677.5,2634274.5,653009.5,774273.5,29765307.0,1918845.5,898326.0,-199485.0,702058.5,10.0,10.0,10.0,0.14285714285714285,3392103.0,1273200.5,4665303.5,9133124.0,10454944.5,697983.0,15818231.0,7.285714285714286,7.285714285714286,7.285714285714286,5.011971428571428,5.011971428571428,5.011971428571428,5.096328571428572,4.714285714285714,4.714285714285714,4.714285714285714,0.2857142857142857,76640.71428571429,0,0
3081391,673039,CASABLANCA,Casablanca-Settat,CASABLANCA,Casablanca-Settat,17/01/2011,6330,63,633,8,0,24,1.0,Mensuelle,12/11/2018,120.0,mois,,CENTRE D’AFFAIRES DE CASABLANCA,Développement,C,,,,,,,,,,,,,,,,,,,,,,,,,,,,,,,,,,,,,,,,,,,,,,,,,,,,,,,,,0,1
3081454,673220,CASABLANCA,Casablanca-Settat,CASABLANCA,Casablanca-Settat,17/01/1994,5166,51,516,1,20,35,8.75,Mensuelle,13/11/2018,7.0,an(s),09/01/2019,CENTRE D’AFFAIRES DE CASABLANCA,Développement,C,,,,,,,,,,,,,,,,,,,,,,,,,,,,,,,,,,,,,,,,,,,,,,,,,,,,,,,,,0,1
3081463,673240,OUJDA,L'oriental,OUJDA,L'oriental,01/01/1994,8511,85,851,15,0,9,5.75,Mensuelle,13/11/2018,7.0,an(s),14/01/2019,CENTRE D’AFFAIRES D’OUJDA,Développement,C,,,,,,,,,,,,,,,,,,,,,,,,,,,,,,,,,,,,,,,,,,,,,,,,,,,,,,,,,0,1
3081955,673431,AGADIR,Souss-Massa,AGADIR,Souss-Massa,03/06/2011,6025,60,602,4,70,22,1.0,Mensuelle,15/11/2018,36.0,mois,13/12/2018,CENTRE D’AFFAIRES D'AGADIR,Développement,B,,,9.285714285714286,14.285714285714286,14.285714285714286,14.285714285714286,14.285714285714286,14.285714285714286,13771329.0,4009005.0,9762324.0,2346058.0,48132441.5,14.285714285714286,14.285714285714286,14.285714285714286,56224668.5,14.285714285714286,14.285714285714286,14.285714285714286,54411.5,66041404.0,57309502.5,32724627.0,99003547.5,4182321.0,2959242.0,1784997.5,88305860.5,1020591.0,1650720.5,-976904.5,477191.0,14.285714285714286,14.285714285714286,14.285714285714286,0.5714285714285714,19127751.5,4683965.0,23811716.5,23797416.5,34200023.0,8029664.5,66041404.0,7.285714285714286,7.285714285714286,7.285714285714286,4.1212,5.704842857142857,5.704842857142857,4.739185714285715,0.14285714285714285,9.428571428571429,9.428571428571429,0.2857142857142857,197737.0,0,0
3082112,673805,MARRAKECH,Marrakech-Safi,MARRAKECH,Marrakech-Safi,01/01/1993,6042,60,604,8,160,24,1.0,Mensuelle,26/11/2018,48.0,mois,28/12/2018,CENTRE D’AFFAIRES DE MARRAKECH,Développement,C,,,0.0,0.0,0.0,0.0,0.0,0.0,20796675.9,6374368.0,15059744.7,26726.7,16557340.8,0.0,0.0,0.0,20036016.0,0.0,0.0,0.0,75775.7,35171536.4,15357393.0,14996422.5,20475755.3,2631729.1,38338.3,249649.4,7300993.7,2455553.1,-1908907.0,-349449.1,-1725523.8,0.0,0.0,0.0,0.0,3489385.9,2972269.3,6461655.2,11226915.7,23891667.8,4818213.4,35171536.4,0.0,0.0,0.0,0.0,0.0,0.0,0.0,0.0,0.0,0.0,0.0,35174.0,0,0
3082274,673923,CASABLANCA,Casablanca-Settat,CASABLANCA,Casablanca-Settat,13/08/2014,5142,51,514,0,20,2,7.75,Mensuelle,23/11/2018,7.0,an(s),,CENTRE D’AFFAIRES DE CASABLANCA,Développement,C,,746985.74,,,,,,,,,,,,,,,,,,,,,,,,,,,,,,,,,,,,,,,,,,,,,,,,,,,,,,,1,1
3111602,674106,FES,Fès-Meknès,FES,Fès-Meknès,25/04/2008,9999,99,999,2,18,22,7.0,Mensuelle,25/06/2019,48.0,mois,,CENTRE D’AFFAIRES DE FES,Développement,C,,,0.0,0.0,0.0,0.0,0.0,0.0,7116943.166666667,3820983.8333333335,3295959.3333333335,12910397.5,498831.6666666667,0.0,0.0,0.0,13908561.333333334,0.0,0.0,0.0,16349.666666666666,17220870.333333332,8807632.166666666,7227220.0,8712537.166666666,1532030.5,968133.8333333334,355021.3333333333,6369196.166666667,506506.0,519685.8333333333,-592258.3333333334,-96429.66666666667,0.0,0.0,0.0,0.0,4554716.833333333,310476.8333333333,4865193.666666667,189689.5,2397061.3333333335,9958615.333333334,17220870.333333332,0.0,0.0,0.0,0.0,0.0,0.0,0.0,0.0,0.0,0.0,0.0,11322.666666666666,0,0
3070073,674227,NADOR,L'oriental,NADOR,L'oriental,11/05/2015,8021,80,802,62,62,32,7.95,Mensuelle,27/07/2018,83.0,mois,06/01/2020,CENTRE D’AFFAIRES D’OUJDA,Développement,,,,,,,,,,,,,,,,,,,,,,,,,,,,,,,,,,,,,,,,,,,,,,,,,,,,,,,,,,0,1
3082760,674323,INZEGANE,Souss-Massa,AIT BAHA,Souss-Massa,15/07/2005,2524,25,252,7,35,23,1.0,Mensuelle,26/11/2018,60.0,mois,05/11/2019,CENTRE D’AFFAIRES D'AGADIR,Développement,B,,,28.571428571428573,19.285714285714285,19.285714285714285,28.571428571428573,28.571428571428573,28.571428571428573,3277846.0,866794.5,2411051.5,2530456.5,4558125.0,28.571428571428573,28.571428571428573,28.571428571428573,8666229.0,28.571428571428573,28.571428571428573,28.571428571428573,80437.5,11157718.0,2686703.6428571427,1654473.9285714286,5991986.0,1948375.0,1208922.0,757757.0,3229583.5,721006.0,1028313.0,-274560.0,576433.0,20.0,20.0,20.0,0.42857142857142855,4094590.5,992491.5,5087082.0,2914125.5,3634845.5,2435790.5,11157718.0,28.571428571428573,21.571428571428573,21.571428571428573,10.974414285714285,10.752985714285716,8.852442857142858,10.037657142857142,9.571428571428571,16.571428571428573,0.2857142857142857,0.5714285714285714,11825.857142857143,0,0
3127386,674325,FES,Fès-Meknès,,Autres,28/04/2016,6024,60,602,0,0,24,7.0,Mensuelle,01/11/2019,48.0,mois,24/12/2019,CENTRE D’AFFAIRES DE FES,Développement,C,,,,,,,,,,,,,,,,,,,,,,,,,,,,,,,,,,,,,,,,,,,,,,,,,,,,,,,,,0,1
3131804,674361,KENITRA,Rabat-Salé-Kénitra,KENITRA,Rabat-Salé-Kénitra,01/11/2013,6033,60,603,2,0,25,9.0,Mensuelle,29/11/2019,48.0,mois,20/12/2019,CENTRE D’AFFAIRES DE RABAT,Développement,C,,,0.0,0.0,0.0,0.0,0.0,0.0,767767.0,259759.5,508007.5,632632.0,1903902.0,0.0,0.0,0.0,2726724.0,0.0,0.0,0.0,14014.0,3248745.5,3759255.5,0.0,5835329.5,691691.0,554554.0,477477.0,3851848.0,98098.0,415915.5,-7507.5,338838.5,0.0,0.0,0.0,0.0,815314.5,79079.0,894393.5,843342.5,2016014.0,338338.0,3248745.5,0.0,0.0,0.0,0.0,0.0,0.0,0.0,0.0,0.0,0.0,0.0,11659.0,0,0
3083209,674685,RABAT,Rabat-Salé-Kénitra,RABAT,Rabat-Salé-Kénitra,05/02/1998,7110,71,711,0,12,20,0.0,Mensuelle,29/11/2018,60.0,mois,,CENTRE D’AFFAIRES DE RABAT,Développement,C,,,0.0,0.0,0.0,0.0,0.0,0.0,1001.0,0.0,1001.0,0.0,93093.0,0.0,0.0,0.0,235235.0,0.0,0.0,0.0,106106.0,342342.0,59059.0,6506.5,566065.5,166166.0,143643.5,139139.0,19019.0,0.0,143643.5,-1501.5,139139.0,0.0,0.0,0.0,0.0,164664.5,0.0,164664.5,10010.0,177677.5,0.0,342342.0,0.0,0.0,0.0,0.0,0.0,0.0,0.0,0.0,0.0,0.0,0.0,1131.0,0,0
3102174,674685,RABAT,Rabat-Salé-Kénitra,RABAT,Rabat-Salé-Kénitra,05/02/1998,7110,71,711,0,12,20,0.0,Mensuelle,12/04/2019,60.0,mois,,CENTRE D’AFFAIRES DE RABAT,Développement,D,,,0.0,0.0,0.0,0.0,0.0,0.0,1001.0,0.0,1001.0,0.0,93093.0,0.0,0.0,0.0,235235.0,0.0,0.0,0.0,106106.0,342342.0,59059.0,6506.5,566065.5,166166.0,143643.5,139139.0,19019.0,0.0,143643.5,-1501.5,139139.0,0.0,0.0,0.0,0.0,164664.5,0.0,164664.5,10010.0,177677.5,0.0,342342.0,0.0,0.0,0.0,0.0,0.0,0.0,0.0,0.0,0.0,0.0,0.0,1131.0,0,0
3083154,674690,CASABLANCA,Casablanca-Settat,CASABLANCA,Casablanca-Settat,31/01/2000,2225,22,222,2,62,24,0.7,Mensuelle,28/11/2018,48.0,mois,15/11/2018,CENTRE D’AFFAIRES DE FES,Développement,B,,,,,,,,,,,,,,,,,,,,,,,,,,,,,,,,,,,,,,,,,,,,,,,,,,,,,,,,,0,1
3083485,674819,CASABLANCA,Casablanca-Settat,CASABLANCA,Casablanca-Settat,11/11/1996,6033,60,603,1,0,7,7.0,Mensuelle,30/11/2018,7.0,an(s),26/12/2018,CENTRE D’AFFAIRES DE CASABLANCA,Développement,C,1299.0,,,,,,,,,,,,,,,,,,,,,,,,,,,,,,,,,,,,,,,,,,,,,,,,,,,,,,,,1,1
3083527,674968,OUJDA,L'oriental,OUJDA,L'oriental,03/06/2015,8021,80,802,20,0,4,5.0,Trimestrielle,06/12/2018,10.0,an(s),,CENTRE D’AFFAIRES D’OUJDA,Développement,C,,,,,,,,,,,,,,,,,,,,,,,,,,,,,,,,,,,,,,,,,,,,,,,,,,,,,,,,,0,1
3087392,675078,CASABLANCA,Casablanca-Settat,CASABLANCA,Casablanca-Settat,08/12/1975,2875,28,287,2,0,24,5.0,Mensuelle,02/01/2019,48.0,mois,16/01/2019,CENTRE D’AFFAIRES DE CASABLANCA,Développement,B,920.0,,0.0,0.0,0.0,0.0,0.0,0.0,8472464.0,3941270.6666666665,4531193.333333333,6313140.166666667,24128270.833333332,0.0,0.0,0.0,35839303.5,0.0,0.0,0.0,947780.1666666666,41318277.0,13452105.333333334,9942677.166666666,13912231.666666666,3512175.3333333335,1760258.5,992825.1666666666,9167324.833333334,1726891.8333333333,1035868.1666666666,-323156.1666666667,349849.5,0.0,0.0,0.0,0.0,14864516.333333334,758924.8333333334,15623441.166666666,4250246.0,12766920.833333334,12927915.0,41318277.0,0.0,0.0,0.0,0.0,0.0,0.0,0.0,0.0,0.0,0.0,0.0,23256.333333333332,1,0
3083910,675166,RABAT,Rabat-Salé-Kénitra,RABAT,Rabat-Salé-Kénitra,28/06/2010,5154,51,515,0,0,7,7.0,Mensuelle,05/12/2018,7.0,an(s),20/03/2019,CENTRE D’AFFAIRES DE RABAT,Développement,B,,,,,,,,,,,,,,,,,,,,,,,,,,,,,,,,,,,,,,,,,,,,,,,,,,,,,,,,,0,1
3083862,675300,CASABLANCA,Casablanca-Settat,CASABLANCA,Casablanca-Settat,03/08/1992,2222,22,222,1,20,23,7.0,Mensuelle,04/12/2018,60.0,mois,25/02/2019,CENTRE D’AFFAIRES DE CASABLANCA,Développement,C,,,0.0,0.0,0.0,0.0,0.0,0.0,3156820.3333333335,1894492.6,1578076.5,147814.33333333334,1909574.3333333333,0.0,0.0,0.0,2381212.1666666665,0.0,0.0,0.0,363029.3333333333,4322318.0,4442271.166666667,2690773.5,4967629.333333333,1324323.0,539872.6666666666,471304.1666666667,2802966.8333333335,769435.3333333334,236903.33333333334,-12345.666666666666,168334.83333333334,0.0,0.0,0.0,0.0,1367866.5,255922.33333333334,1623788.8333333333,1138137.0,2698529.1666666665,0.0,4322318.0,0.0,0.0,0.0,0.0,0.0,0.0,0.0,0.0,0.0,0.0,0.0,9923.0,0,0
3084158,675494,FES,Fès-Meknès,FES,Fès-Meknès,22/01/2014,4521,45,452,0,5,28,6.25,Mensuelle,10/12/2018,15.0,an(s),19/12/2018,CENTRE D’AFFAIRES DE FES,Développement,D,,,,,,,,,,,,,,,,,,,,,,,,,,,,,,,,,,,,,,,,,,,,,,,,,,,,,,,,,0,1
3084171,675565,RABAT,Rabat-Salé-Kénitra,RABAT,Rabat-Salé-Kénitra,25/10/2005,4529,45,452,0,1225,20,0.0,Mensuelle,11/12/2018,48.0,mois,,CENTRE D’AFFAIRES DE RABAT,Développement,B,,,0.0,0.0,0.0,0.0,0.0,0.0,15072057.0,12955442.5,2116614.5,9881872.0,139401762.5,0.0,0.0,0.0,167680012.5,0.0,0.0,0.0,169669.5,169966296.5,150274374.25,188446258.0,178557629.25,39119830.75,6927420.5,3747994.25,133575942.5,32146364.25,6437931.5,-1989988.0,2629627.0,0.0,0.0,0.0,0.0,29971441.5,0.0,29971441.5,70096776.75,116381765.5,23612839.25,169966046.25,0.0,0.0,0.0,0.0,0.0,0.0,0.0,0.0,0.0,0.0,0.0,354562.0,0,0
3121752,675565,RABAT,Rabat-Salé-Kénitra,RABAT,Rabat-Salé-Kénitra,25/10/2005,4529,45,452,0,1225,20,1.0,Mensuelle,09/09/2019,36.0,mois,,CENTRE D’AFFAIRES DE RABAT,Développement,C,,,0.0,0.0,0.0,0.0,0.0,0.0,15072057.0,12955442.5,2116614.5,9881872.0,139401762.5,0.0,0.0,0.0,167680012.5,0.0,0.0,0.0,169669.5,169966296.5,150274374.25,188446258.0,178557629.25,39119830.75,6927420.5,3747994.25,133575942.5,32146364.25,6437931.5,-1989988.0,2629627.0,0.0,0.0,0.0,0.0,29971441.5,0.0,29971441.5,70096776.75,116381765.5,23612839.25,169966046.25,0.0,0.0,0.0,0.0,0.0,0.0,0.0,0.0,0.0,0.0,0.0,354562.0,0,0
3084529,675867,MEKNES,Fès-Meknès,CASABLANCA,Casablanca-Settat,31/07/2014,4521,45,452,0,30,24,1.0,Mensuelle,10/12/2018,48.0,mois,01/10/2018,CENTRE D’AFFAIRES DE FES,Développement,B,4016.0,,0.0,0.0,0.0,0.0,0.0,0.0,7341821.63,5686396.43,1655425.1999999997,9983545.0,13639823.34,0.0,0.0,0.0,24734659.235000003,0.0,0.0,0.0,170719.835,26560804.27,6431252.640000001,4398737.571428572,21313289.139999997,4577948.375,2509355.4199999995,534734.915,13529859.915000001,1996004.01,1760575.2449999999,-161199.61000000002,-214045.26,0.0,0.0,0.0,0.0,7330603.995,5755396.79,13086000.785,4117237.41,11283033.905000001,2360370.32,26560807.13,0.0,0.0,0.0,0.0,0.0,0.0,0.0,0.0,0.0,0.0,0.0,38648.99428571429,1,0
3097691,675867,MEKNES,Fès-Meknès,CASABLANCA,Casablanca-Settat,31/07/2014,4522,45,452,0,30,23,1.0,Mensuelle,14/03/2019,60.0,mois,,CENTRE D’AFFAIRES DE FES,Développement,B,,,0.0,0.0,0.0,0.0,0.0,0.0,7341821.63,5686396.43,1655425.1999999997,9983545.0,13639823.34,0.0,0.0,0.0,24734659.235000003,0.0,0.0,0.0,170719.835,26560804.27,6431252.640000001,4398737.571428572,21313289.139999997,4577948.375,2509355.4199999995,534734.915,13529859.915000001,1996004.01,1760575.2449999999,-161199.61000000002,-214045.26,0.0,0.0,0.0,0.0,7330603.995,5755396.79,13086000.785,4117237.41,11283033.905000001,2360370.32,26560807.13,0.0,0.0,0.0,0.0,0.0,0.0,0.0,0.0,0.0,0.0,0.0,38648.99428571429,0,0
3085052,675965,RABAT,Rabat-Salé-Kénitra,RABAT,Rabat-Salé-Kénitra,22/10/2001,5533,55,553,12,70,39,6.0,Mensuelle,14/12/2018,5.0,an(s),,CENTRE D’AFFAIRES DE RABAT,Développement,B,,,,,,,,,,,,,,,,,,,,,,,,,,,,,,,,,,,,,,,,,,,,,,,,,,,,,,,,,0,1
3085049,676267,TANGER,Tanger-Tétouan-Al Hoceima,TANGER,Tanger-Tétouan-Al Hoceima,20/01/2012,5152,51,515,0,0,34,6.25,Mensuelle,18/12/2018,180.0,mois,19/12/2018,CENTRE D’AFFAIRES DE TANGER,Développement,B,,,,,,,,,,,,,,,,,,,,,,,,,,,,,,,,,,,,,,,,,,,,,,,,,,,,,,,,,0,1
3085242,677899,CASABLANCA,Casablanca-Settat,TANGER,Tanger-Tétouan-Al Hoceima,08/02/2012,5164,51,516,0,0,34,5.5,Mensuelle,18/12/2018,84.0,mois,,CENTRE D’AFFAIRES DE TANGER,Développement,B,,,0.0,0.0,0.0,0.0,0.0,0.0,4970862.0,489417.5,4676624.916666667,875303.0,16175659.5,0.0,0.0,0.0,16459442.083333334,0.0,0.0,0.0,900113.5,21732782.75,13172944.25,7966227.0,20766933.916666668,746422.0833333334,75289.66666666667,-113023.25,22938058.0,720005.0,-12182.666666666666,-104131.83333333333,-200495.58333333334,0.0,0.0,0.0,0.0,1866681.0833333333,2120420.1666666665,3987101.25,17642696.5,17678364.25,57700.5,21732782.75,0.0,0.0,0.0,0.0,0.0,0.0,0.0,0.0,0.0,0.0,0.0,49743.857142857145,0,0
3086707,677926,MARRAKECH,Marrakech-Safi,MARRAKECH,Marrakech-Safi,08/10/2009,122,1,12,0,22,7,5.5,Trimestrielle,26/12/2018,5.0,an(s),20/02/2019,CENTRE D’AFFAIRES DE CASABLANCA,Développement,B,2051.0,,,,,,,,,,,,,,,,,,,,,,,,,,,,,,,,,,,,,,,,,,,,,,,,,,,,,,,,1,1
3085752,678259,TETOUAN,Tanger-Tétouan-Al Hoceima,TETOUAN,Tanger-Tétouan-Al Hoceima,07/03/2008,4529,45,452,0,0,22,1.0,Mensuelle,19/12/2018,48.0,mois,,CENTRE D’AFFAIRES DE TANGER,Développement,C,,,,,,,,,,,,,,,,,,,,,,,,,,,,,,,,,,,,,,,,,,,,,,,,,,,,,,,,,0,1
3088963,678316,CASABLANCA,Casablanca-Settat,CASABLANCA,Casablanca-Settat,03/04/2007,1825,18,182,1,1000,23,5.0,Mensuelle,14/01/2019,48.0,mois,,CENTRE D’AFFAIRES DE CASABLANCA,Développement,B,,,0.0,0.0,0.0,0.0,0.0,0.0,16691174.5,8761502.75,7929671.75,9175916.75,21963441.5,0.0,0.0,0.0,33898865.0,0.0,0.0,0.0,1305804.5,43134341.25,110137527.5,95771175.5,107762905.25,30109079.0,7163156.0,5176921.75,73605782.25,22718946.25,5764258.5,-652652.0,3190187.0,0.0,0.0,0.0,0.0,18902383.5,3378375.0,22280758.5,18095827.75,20208938.75,644644.0,43134341.25,0.0,0.0,0.0,0.0,0.0,0.0,0.0,0.0,0.0,0.0,0.0,216081.5,0,0
3085948,678321,CASABLANCA,Casablanca-Settat,CASABLANCA,Casablanca-Settat,20/11/2000,5151,51,515,120,30,22,1.0,Mensuelle,20/12/2018,48.0,mois,,CENTRE D’AFFAIRES DE CASABLANCA,Développement,B,,,0.0,0.0,0.0,0.0,0.0,0.0,43850056.25,12918405.5,30931650.75,438438.0,108088730.75,0.0,0.0,0.0,244788293.75,0.0,0.0,0.0,8491733.25,284211677.75,213573360.0,225825600.0,245298803.75,7250743.5,3651147.5,1092091.0,226642916.5,2990237.25,-1256004.75,-2351098.75,-3885882.0,0.0,0.0,0.0,0.0,22883610.75,5051046.0,27934656.75,79054976.0,216468252.0,39808769.0,284211677.75,0.0,0.0,0.0,0.0,0.0,0.0,0.0,0.0,0.0,0.0,0.0,490107.5,0,0
3085950,678321,CASABLANCA,Casablanca-Settat,CASABLANCA,Casablanca-Settat,20/11/2000,5151,51,515,120,30,22,1.0,Mensuelle,24/12/2018,48.0,mois,31/01/2019,CENTRE D’AFFAIRES DE CASABLANCA,Développement,B,,,0.0,0.0,0.0,0.0,0.0,0.0,43850056.25,12918405.5,30931650.75,438438.0,108088730.75,0.0,0.0,0.0,244788293.75,0.0,0.0,0.0,8491733.25,284211677.75,213573360.0,225825600.0,245298803.75,7250743.5,3651147.5,1092091.0,226642916.5,2990237.25,-1256004.75,-2351098.75,-3885882.0,0.0,0.0,0.0,0.0,22883610.75,5051046.0,27934656.75,79054976.0,216468252.0,39808769.0,284211677.75,0.0,0.0,0.0,0.0,0.0,0.0,0.0,0.0,0.0,0.0,0.0,490107.5,0,0
3128730,678400,ES SEMARA,Laâyoune-Sakia El Hamra,ES SEMARA,Laâyoune-Sakia El Hamra,25/10/2012,4529,45,452,1,119,22,1.0,Trimestrielle,05/11/2019,60.0,mois,,CENTRE D’AFFAIRES DE LAAYOUNE,Développement,C,,,0.0,0.0,0.0,0.0,0.0,0.0,3578324.75,1444443.0,2133881.75,0.0,3773770.0,0.0,0.0,0.0,4469715.25,0.0,0.0,0.0,3974720.75,10578317.75,1705954.25,3956452.5,7813305.5,2070818.75,1344593.25,1282281.0,4365861.5,726225.5,951450.5,-15765.75,935684.75,0.0,0.0,0.0,0.0,7409151.75,14014.0,7423165.75,2861608.75,3141638.5,13513.5,10578317.75,0.0,0.0,0.0,0.0,0.0,0.0,0.0,0.0,0.0,0.0,0.0,15611.0,0,0
3128737,678400,ES SEMARA,Laâyoune-Sakia El Hamra,ES SEMARA,Laâyoune-Sakia El Hamra,25/10/2012,4529,45,452,1,119,22,1.0,Trimestrielle,05/11/2019,60.0,mois,,CENTRE D’AFFAIRES DE LAAYOUNE,Développement,C,,,0.0,0.0,0.0,0.0,0.0,0.0,3578324.75,1444443.0,2133881.75,0.0,3773770.0,0.0,0.0,0.0,4469715.25,0.0,0.0,0.0,3974720.75,10578317.75,1705954.25,3956452.5,7813305.5,2070818.75,1344593.25,1282281.0,4365861.5,726225.5,951450.5,-15765.75,935684.75,0.0,0.0,0.0,0.0,7409151.75,14014.0,7423165.75,2861608.75,3141638.5,13513.5,10578317.75,0.0,0.0,0.0,0.0,0.0,0.0,0.0,0.0,0.0,0.0,0.0,15611.0,0,0
3119454,678479,TETOUAN,Tanger-Tétouan-Al Hoceima,TETOUAN,Tanger-Tétouan-Al Hoceima,20/10/2015,4529,45,452,10,0,23,6.5,Mensuelle,19/08/2019,60.0,mois,25/07/2019,CENTRE D’AFFAIRES DE TANGER,Développement,C,,,0.0,0.0,0.0,0.0,0.0,0.0,677176.5,68568.5,608608.0,1078077.0,2262760.5,0.0,0.0,0.0,3981477.5,0.0,0.0,0.0,97597.5,4687683.0,948948.0,0.0,8518510.0,1164163.0,549048.5,472472.0,7301794.5,605104.5,480480.0,0.0,403903.5,0.0,0.0,0.0,0.0,959458.5,0.0,959458.5,2817314.5,3607604.0,120620.5,4687683.0,0.0,0.0,0.0,0.0,0.0,0.0,0.0,0.0,0.0,0.0,0.0,15888.0,0,0
3086730,678728,,Autres,MIDELT,Drâa-Tafilalet,01/01/2014,123,1,12,3,0,7,5.5,Annuelle,25/12/2018,5.0,an(s),,CENTRE D’AFFAIRES DE FES,Développement,B,,,65.0,0.0,0.0,100.0,0.0,0.0,0.0,0.0,0.0,0.0,0.0,50.0,0.0,0.0,0.0,100.0,0.0,0.0,0.0,0.0,0.0,0.0,0.0,0.0,0.0,0.0,0.0,0.0,0.0,0.0,0.0,30.0,0.0,0.0,1.0,0.0,0.0,0.0,0.0,0.0,0.0,0.0,100.0,0.0,0.0,32.0201,0.0,0.0,42.4875,33.0,0.0,0.0,1.0,0.0,0,0
3086731,678728,,Autres,MIDELT,Drâa-Tafilalet,01/01/2014,123,1,12,3,0,7,5.5,Annuelle,09/01/2019,2.0,an(s),,CENTRE D’AFFAIRES DE FES,Développement,B,,,65.0,0.0,0.0,100.0,0.0,0.0,0.0,0.0,0.0,0.0,0.0,50.0,0.0,0.0,0.0,100.0,0.0,0.0,0.0,0.0,0.0,0.0,0.0,0.0,0.0,0.0,0.0,0.0,0.0,0.0,0.0,30.0,0.0,0.0,1.0,0.0,0.0,0.0,0.0,0.0,0.0,0.0,100.0,0.0,0.0,32.0201,0.0,0.0,42.4875,33.0,0.0,0.0,1.0,0.0,0,0
3086732,678728,,Autres,MIDELT,Drâa-Tafilalet,01/01/2014,123,1,12,3,0,7,5.5,Annuelle,09/01/2019,5.0,an(s),15/03/2019,CENTRE D’AFFAIRES DE FES,Développement,B,1460.0,,65.0,0.0,0.0,100.0,0.0,0.0,0.0,0.0,0.0,0.0,0.0,50.0,0.0,0.0,0.0,100.0,0.0,0.0,0.0,0.0,0.0,0.0,0.0,0.0,0.0,0.0,0.0,0.0,0.0,0.0,0.0,30.0,0.0,0.0,1.0,0.0,0.0,0.0,0.0,0.0,0.0,0.0,100.0,0.0,0.0,32.0201,0.0,0.0,42.4875,33.0,0.0,0.0,1.0,0.0,1,0
3086733,678728,,Autres,MIDELT,Drâa-Tafilalet,01/01/2014,123,1,12,3,0,7,5.5,Annuelle,09/01/2019,2.0,an(s),,CENTRE D’AFFAIRES DE FES,Développement,B,,,65.0,0.0,0.0,100.0,0.0,0.0,0.0,0.0,0.0,0.0,0.0,50.0,0.0,0.0,0.0,100.0,0.0,0.0,0.0,0.0,0.0,0.0,0.0,0.0,0.0,0.0,0.0,0.0,0.0,0.0,0.0,30.0,0.0,0.0,1.0,0.0,0.0,0.0,0.0,0.0,0.0,0.0,100.0,0.0,0.0,32.0201,0.0,0.0,42.4875,33.0,0.0,0.0,1.0,0.0,0,0
3086734,678728,,Autres,MIDELT,Drâa-Tafilalet,01/01/2014,123,1,12,3,0,7,5.5,Annuelle,09/01/2019,5.0,an(s),19/02/2019,CENTRE D’AFFAIRES DE FES,Développement,B,1460.0,,65.0,0.0,0.0,100.0,0.0,0.0,0.0,0.0,0.0,0.0,0.0,50.0,0.0,0.0,0.0,100.0,0.0,0.0,0.0,0.0,0.0,0.0,0.0,0.0,0.0,0.0,0.0,0.0,0.0,0.0,0.0,30.0,0.0,0.0,1.0,0.0,0.0,0.0,0.0,0.0,0.0,0.0,100.0,0.0,0.0,32.0201,0.0,0.0,42.4875,33.0,0.0,0.0,1.0,0.0,1,0
3086735,678728,,Autres,MIDELT,Drâa-Tafilalet,01/01/2014,123,1,12,3,0,7,5.5,Annuelle,09/01/2019,2.0,an(s),,CENTRE D’AFFAIRES DE FES,Développement,B,,,65.0,0.0,0.0,100.0,0.0,0.0,0.0,0.0,0.0,0.0,0.0,50.0,0.0,0.0,0.0,100.0,0.0,0.0,0.0,0.0,0.0,0.0,0.0,0.0,0.0,0.0,0.0,0.0,0.0,0.0,0.0,30.0,0.0,0.0,1.0,0.0,0.0,0.0,0.0,0.0,0.0,0.0,100.0,0.0,0.0,32.0201,0.0,0.0,42.4875,33.0,0.0,0.0,1.0,0.0,0,0
3086736,678728,,Autres,MIDELT,Drâa-Tafilalet,01/01/2014,123,1,12,3,0,7,5.5,Annuelle,09/01/2019,5.0,an(s),15/03/2019,CENTRE D’AFFAIRES DE FES,Développement,B,1460.0,,65.0,0.0,0.0,100.0,0.0,0.0,0.0,0.0,0.0,0.0,0.0,50.0,0.0,0.0,0.0,100.0,0.0,0.0,0.0,0.0,0.0,0.0,0.0,0.0,0.0,0.0,0.0,0.0,0.0,0.0,0.0,30.0,0.0,0.0,1.0,0.0,0.0,0.0,0.0,0.0,0.0,0.0,100.0,0.0,0.0,32.0201,0.0,0.0,42.4875,33.0,0.0,0.0,1.0,0.0,1,0
3086737,678728,,Autres,MIDELT,Drâa-Tafilalet,01/01/2014,123,1,12,3,0,7,5.5,Annuelle,09/01/2019,2.0,an(s),,CENTRE D’AFFAIRES DE FES,Développement,B,,,65.0,0.0,0.0,100.0,0.0,0.0,0.0,0.0,0.0,0.0,0.0,50.0,0.0,0.0,0.0,100.0,0.0,0.0,0.0,0.0,0.0,0.0,0.0,0.0,0.0,0.0,0.0,0.0,0.0,0.0,0.0,30.0,0.0,0.0,1.0,0.0,0.0,0.0,0.0,0.0,0.0,0.0,100.0,0.0,0.0,32.0201,0.0,0.0,42.4875,33.0,0.0,0.0,1.0,0.0,0,0
3086738,678728,,Autres,MIDELT,Drâa-Tafilalet,01/01/2014,123,1,12,3,0,7,5.5,Annuelle,09/01/2019,5.0,an(s),22/04/2019,CENTRE D’AFFAIRES DE FES,Développement,B,364.0,,65.0,0.0,0.0,100.0,0.0,0.0,0.0,0.0,0.0,0.0,0.0,50.0,0.0,0.0,0.0,100.0,0.0,0.0,0.0,0.0,0.0,0.0,0.0,0.0,0.0,0.0,0.0,0.0,0.0,0.0,0.0,30.0,0.0,0.0,1.0,0.0,0.0,0.0,0.0,0.0,0.0,0.0,100.0,0.0,0.0,32.0201,0.0,0.0,42.4875,33.0,0.0,0.0,1.0,0.0,1,0
3086739,678728,,Autres,MIDELT,Drâa-Tafilalet,01/01/2014,123,1,12,3,0,7,5.5,Annuelle,09/01/2019,2.0,an(s),,CENTRE D’AFFAIRES DE FES,Développement,B,,,65.0,0.0,0.0,100.0,0.0,0.0,0.0,0.0,0.0,0.0,0.0,50.0,0.0,0.0,0.0,100.0,0.0,0.0,0.0,0.0,0.0,0.0,0.0,0.0,0.0,0.0,0.0,0.0,0.0,0.0,0.0,30.0,0.0,0.0,1.0,0.0,0.0,0.0,0.0,0.0,0.0,0.0,100.0,0.0,0.0,32.0201,0.0,0.0,42.4875,33.0,0.0,0.0,1.0,0.0,0,0
3086740,678728,,Autres,MIDELT,Drâa-Tafilalet,01/01/2014,123,1,12,3,0,7,5.5,Annuelle,09/01/2019,5.0,an(s),26/03/2019,CENTRE D’AFFAIRES DE FES,Développement,B,364.0,,65.0,0.0,0.0,100.0,0.0,0.0,0.0,0.0,0.0,0.0,0.0,50.0,0.0,0.0,0.0,100.0,0.0,0.0,0.0,0.0,0.0,0.0,0.0,0.0,0.0,0.0,0.0,0.0,0.0,0.0,0.0,30.0,0.0,0.0,1.0,0.0,0.0,0.0,0.0,0.0,0.0,0.0,100.0,0.0,0.0,32.0201,0.0,0.0,42.4875,33.0,0.0,0.0,1.0,0.0,1,0
3086715,678888,SALE,Rabat-Salé-Kénitra,SALE,Rabat-Salé-Kénitra,15/12/2014,2121,21,212,10,6,36,8.5,Mensuelle,26/12/2018,144.0,mois,13/11/2019,CENTRE D’AFFAIRES DE RABAT,Développement,C,730.0,,,,,,,,,,,,,,,,,,,,,,,,,,,,,,,,,,,,,,,,,,,,,,,,,,,,,,,,1,1
3087539,679607,CASABLANCA,Casablanca-Settat,CASABLANCA,Casablanca-Settat,14/01/2004,5166,51,516,15,0,9,6.5,Mensuelle,08/01/2019,10.0,an(s),28/02/2019,CENTRE D’AFFAIRES DE CASABLANCA,Développement,B,,,,,,,,,,,,,,,,,,,,,,,,,,,,,,,,,,,,,,,,,,,,,,,,,,,,,,,,,0,1
3095511,679665,MARRAKECH,Marrakech-Safi,MARRAKECH,Marrakech-Safi,07/02/2005,5131,51,513,6,18,24,1.0,Mensuelle,27/02/2019,120.0,mois,02/04/2019,CENTRE D’AFFAIRES DE MARRAKECH,Développement,C,2600.0,,,,,,,,,,,,,,,,,,,,,,,,,,,,,,,,,,,,,,,,,,,,,,,,,,,,,,,,1,1
3087764,679734,FES,Fès-Meknès,FES,Fès-Meknès,11/07/2005,3613,36,361,0,40,23,1.0,Mensuelle,02/01/2019,48.0,mois,05/09/2019,CENTRE D’AFFAIRES DE FES,Développement,B,1637.0,,0.0,0.0,0.0,0.0,0.0,0.0,1913786.875,968217.25,945569.625,5137382.25,2875747.875,0.0,0.0,0.0,9080446.375,0.0,0.0,0.0,40540.5,10066556.5,9199549.25,6502166.875,13399886.5,1450824.375,554679.125,277402.125,10277517.25,846971.125,455705.25,-179429.25,171171.0,0.0,0.0,0.0,0.0,768893.125,622997.375,1391890.5,4999369.375,6455574.125,2219091.875,10066556.5,0.0,0.0,0.0,0.0,0.0,0.0,0.0,0.0,0.0,0.0,0.0,26039.25,1,0
3087916,679927,SIDI BENNOUR,Casablanca-Settat,SIDI BENNOUR,Casablanca-Settat,02/10/2001,5020,50,502,3,0,2,5.5,Mensuelle,07/01/2019,10.0,an(s),,CENTRE D’AFFAIRES DE CASABLANCA,Développement,B,,,,,,,,,,,,,,,,,,,,,,,,,,,,,,,,,,,,,,,,,,,,,,,,,,,,,,,,,0,1
3090290,680083,TIZNIT,Souss-Massa,TIZNIT,Souss-Massa,10/10/1986,1564,15,156,61,120,1,4.82,Mensuelle,24/09/2019,7.0,an(s),,CENTRE D’AFFAIRES D'AGADIR,Développement,B,,,0.0,0.0,0.0,0.0,0.0,0.0,44522648.853683,9359777.077651,35162871.776032,12306294.0,31835804.0,0.0,0.0,0.0,61132171.1,0.0,0.0,0.0,203102.9,96498145.776032,44198458.0,29052915.4,75718442.8,5851445.6,4466061.6,1430128.7,67620352.8,1398397.0,3357053.7,-2728025.3,321120.8,0.0,0.0,0.0,0.0,17935117.2,13735121.4,31670238.6,30049419.4,42982039.1,21845824.0,96498101.7,0.0,0.0,0.0,0.0,0.0,0.0,0.0,0.0,0.0,0.0,0.0,148678.2,0,0
3090300,680083,TIZNIT,Souss-Massa,TIZNIT,Souss-Massa,10/10/1986,1564,15,156,61,120,1,4.82,Mensuelle,31/01/2019,7.0,an(s),,CENTRE D’AFFAIRES D'AGADIR,Développement,B,,,0.0,0.0,0.0,0.0,0.0,0.0,44522648.853683,9359777.077651,35162871.776032,12306294.0,31835804.0,0.0,0.0,0.0,61132171.1,0.0,0.0,0.0,203102.9,96498145.776032,44198458.0,29052915.4,75718442.8,5851445.6,4466061.6,1430128.7,67620352.8,1398397.0,3357053.7,-2728025.3,321120.8,0.0,0.0,0.0,0.0,17935117.2,13735121.4,31670238.6,30049419.4,42982039.1,21845824.0,96498101.7,0.0,0.0,0.0,0.0,0.0,0.0,0.0,0.0,0.0,0.0,0.0,148678.2,0,0
3088292,680233,MIDELT,Drâa-Tafilalet,MIDELT,Drâa-Tafilalet,14/10/2014,5170,51,517,0,0,1,8.5,Mensuelle,18/01/2019,5.0,an(s),31/10/2019,CENTRE D’AFFAIRES DE FES,Développement,A,855.0,,,,,,,,,,,,,,,,,,,,,,,,,,,,,,,,,,,,,,,,,,,,,,,,,,,,,,,,1,1
3088555,680474,OUARZAZATE,Drâa-Tafilalet,OUARZAZATE,Drâa-Tafilalet,01/11/1994,8511,85,851,11,40,23,1.0,Mensuelle,09/01/2019,48.0,mois,25/02/2019,CENTRE D’AFFAIRES D'AGADIR,Développement,C,,,,,,,,,,,,,,,,,,,,,,,,,,,,,,,,,,,,,,,,,,,,,,,,,,,,,,,,,0,1
3088988,680707,AGADIR,Souss-Massa,INZEGANE,Souss-Massa,13/01/2014,1521,15,152,12,4,4,6.0,Mensuelle,17/01/2019,72.0,mois,,CENTRE D’AFFAIRES D'AGADIR,Développement,A,,,,,,,,,,,,,,,,,,,,,,,,,,,,,,,,,,,,,,,,,,,,,,,,,,,,,,,,,0,1
3088971,680997,CASABLANCA,Casablanca-Settat,CASABLANCA,Casablanca-Settat,17/06/2008,5166,51,516,1,30,1,5.0,Mensuelle,15/01/2019,7.0,an(s),30/04/2019,CENTRE D’AFFAIRES DE CASABLANCA,Développement,B,,,,,,,,,,,,,,,,,,,,,,,,,,,,,,,,,,,,,,,,,,,,,,,,,,,,,,,,,0,1
3089311,681356,MEKNES,Fès-Meknès,MEKNES,Fès-Meknès,06/03/1943,1725,17,172,0,471,22,0.5,Mensuelle,17/01/2019,48.0,mois,15/05/2019,CENTRE D’AFFAIRES DE FES,Développement,B,7667.0,,0.0,0.0,0.0,0.0,0.0,0.0,198936988.25,124662538.0,74274450.25,79603023.5,84977642.75,0.0,0.0,0.0,186364678.5,0.0,0.0,0.0,662912.25,261302041.0,112425813.5,107084477.5,104513158.75,25920895.0,5805549.75,7266259.0,67377810.5,19603834.25,142392.25,-3934680.75,1603101.5,0.0,0.0,0.0,0.0,115229614.5,8580071.5,123809686.0,50572021.5,75935860.0,61556495.0,261302041.0,0.0,0.0,0.0,0.0,0.0,0.0,0.0,0.0,0.0,0.0,0.0,204158.0,1,0
3089335,681387,OUJDA,L'oriental,OUJDA,L'oriental,04/11/2014,4521,45,452,5,0,33,8.2,Trimestrielle,16/01/2019,120.0,mois,,CENTRE D’AFFAIRES D’OUJDA,Développement,C,82.0,,,,,,,,,,,,,,,,,,,,,,,,,,,,,,,,,,,,,,,,,,,,,,,,,,,,,,,,1,1
3118039,681702,INZEGANE,Souss-Massa,CASABLANCA,Casablanca-Settat,04/08/2014,6062,60,606,2,14,23,1.0,Mensuelle,02/08/2019,48.0,mois,25/01/2020,CENTRE D’AFFAIRES D'AGADIR,Développement,C,,,42.857142857142854,0.0,0.0,42.857142857142854,0.0,0.0,2451663.5,1815599.5,636064.0,37323.0,2898324.0,42.857142857142854,0.0,0.0,4819171.5,42.857142857142854,0.0,0.0,86443.5,5541679.0,6055459.857142857,3326067.5,10864139.0,1502572.5,872014.0,823179.5,6064129.5,573215.5,658157.5,-49549.5,488345.0,12.857142857142858,0.0,0.0,0.8571428571428571,2630556.5,453024.0,3083580.5,1902400.5,2237950.0,220148.5,5541679.0,21.857142857142858,0.0,0.0,14.515071428571428,0.0,0.0,16.909414285714288,14.571428571428571,0.0,0.0,0.42857142857142855,21706.571428571428,0,0
3091108,683248,,Autres,AZROU,Fès-Meknès,01/01/2002,123,1,12,14,0,7,7.0,Annuelle,29/01/2019,10.0,an(s),19/02/2019,CENTRE D’AFFAIRES DE FES,Développement,B,,,,,,,,,,,,,,,,,,,,,,,,,,,,,,,,,,,,,,,,,,,,,,,,,,,,,,,,,0,1
3110566,683432,AGADIR,Souss-Massa,AGADIR,Souss-Massa,19/12/2014,6042,60,604,2,15,25,1.0,Mensuelle,14/06/2019,60.0,mois,30/12/2019,CENTRE D’AFFAIRES D'AGADIR,Développement,D,1279.0,,100.0,100.0,0.0,100.0,100.0,0.0,1992991.0,638638.0,1354353.0,97597.5,205705.5,100.0,100.0,0.0,546546.0,100.0,100.0,0.0,40040.0,1940939.0,344344.0,84584.5,963963.0,183683.5,61061.0,-25525.5,327827.5,121121.0,-301801.5,-81581.5,-388388.0,100.0,100.0,0.0,2.0,272272.0,780279.5,1052551.5,110110.0,888387.5,0.0,1940939.0,51.0,51.0,0.0,40.5667,40.5667,0.0,36.2243,50.0,50.0,0.0,2.0,1926.0,1,0
3091786,684026,TANGER,Tanger-Tétouan-Al Hoceima,TANGER,Tanger-Tétouan-Al Hoceima,08/08/1995,7023,70,702,0,0,1,6.5,Mensuelle,01/02/2019,6.0,an(s),11/04/2019,CENTRE D’AFFAIRES DE TANGER,Développement,B,,,,,,,,,,,,,,,,,,,,,,,,,,,,,,,,,,,,,,,,,,,,,,,,,,,,,,,,,0,1
3091800,684049,TANGER,Tanger-Tétouan-Al Hoceima,TANGER,Tanger-Tétouan-Al Hoceima,27/02/2013,5136,51,513,0,14,23,6.5,Mensuelle,04/02/2019,96.0,mois,,CENTRE D’AFFAIRES DE TANGER,Développement,B,,,,,,,,,,,,,,,,,,,,,,,,,,,,,,,,,,,,,,,,,,,,,,,,,,,,,,,,,0,1
3091885,684136,BENI MELLAL,Béni Mellal-Khénifra,BENI MELLAL,Béni Mellal-Khénifra,07/03/2016,8511,85,851,0,0,24,1.0,Mensuelle,05/04/2019,60.0,mois,04/06/2019,CENTRE D’AFFAIRES DE MARRAKECH,Développement,B,,,,,,,,,,,,,,,,,,,,,,,,,,,,,,,,,,,,,,,,,,,,,,,,,,,,,,,,,0,1
3092000,684258,SEFROU,Fès-Meknès,FES,Fès-Meknès,28/07/2009,4521,45,452,0,59,22,1.0,Mensuelle,04/02/2019,60.0,mois,,CENTRE D’AFFAIRES DE FES,Développement,C,,,0.0,0.0,0.0,0.0,0.0,0.0,3546774.0641666665,3022320.134166667,524453.93,2929095.3358333334,7297613.656666666,0.0,0.0,0.0,10372843.314166667,0.0,0.0,0.0,18391.706666666665,10915688.950833334,1781455.5833333333,1114535.6666666667,3476829.1891666665,1096454.5258333334,299226.4275,255627.03833333333,421517.76333333337,729191.7966666667,158901.24250000002,-34885.684166666666,115301.85333333333,0.0,0.0,0.0,0.0,1539877.5058333334,185229.21083333335,1725106.7166666668,2013614.9366666668,8861348.913083334,329234.7391666667,10915690.368916666,0.0,0.0,0.0,0.0,0.0,0.0,0.0,0.0,0.0,0.0,0.0,6772.201666666667,0,0
3092651,684395,CASABLANCA,Casablanca-Settat,CASABLANCA,Casablanca-Settat,28/10/2015,7411,74,741,4,0,2,6.25,Mensuelle,07/02/2019,180.0,mois,30/04/2021,CENTRE D’AFFAIRES DE CASABLANCA,Développement,C,,,,,,,,,,,,,,,,,,,,,,,,,,,,,,,,,,,,,,,,,,,,,,,,,,,,,,,,,0,1
3092254,684535,MARRAKECH,Marrakech-Safi,MARRAKECH,Marrakech-Safi,14/03/2011,5531,55,553,0,0,30,6.25,Trimestrielle,11/02/2019,12.0,an(s),,CENTRE D’AFFAIRES DE MARRAKECH,Développement,C,,,,,,,,,,,,,,,,,,,,,,,,,,,,,,,,,,,,,,,,,,,,,,,,,,,,,,,,,0,1
3092454,684629,LAAYOUNE,Laâyoune-Sakia El Hamra,LAAYOUNE,Laâyoune-Sakia El Hamra,04/03/1999,1522,15,152,1,66,1,5.0,Mensuelle,18/02/2019,7.0,an(s),17/01/2019,CENTRE D’AFFAIRES DE LAAYOUNE,Développement,B,6312.0,,0.0,0.0,0.0,0.0,0.0,0.0,46916619.75,11534773.25,35381846.5,11859597.75,51339538.25,0.0,0.0,0.0,78263185.0,0.0,0.0,0.0,401651.25,114046682.75,56863056.25,48472173.75,64401086.75,16357341.0,10221461.25,9994985.0,41950408.5,6127621.5,8998990.0,-182682.5,8772513.75,0.0,0.0,0.0,0.0,54381827.5,8830571.75,63212399.25,16977460.5,45419123.75,5415159.75,114046682.75,0.0,0.0,0.0,0.0,0.0,0.0,0.0,0.0,0.0,0.0,0.0,129995.5,1,0
3130675,685426,KENITRA,Rabat-Salé-Kénitra,KENITRA,Rabat-Salé-Kénitra,03/06/2015,6025,60,602,0,10,23,7.0,Mensuelle,26/11/2019,4.0,an(s),25/08/2018,CENTRE D’AFFAIRES DE RABAT,Développement,D,,,0.0,0.0,0.0,0.0,0.0,0.0,678678.0,76076.0,602602.0,0.0,1894893.0,0.0,0.0,0.0,2176174.0,0.0,0.0,0.0,65065.0,2843841.0,3210207.0,4133629.5,3958454.5,465465.0,184184.0,158158.0,2205203.0,219719.5,145645.5,0.0,119619.5,0.0,0.0,0.0,0.0,610610.0,161161.0,771771.0,1686685.0,2072070.0,0.0,2843841.0,0.0,0.0,0.0,0.0,0.0,0.0,0.0,0.0,0.0,0.0,0.0,7909.0,0,0
3093613,685885,CASABLANCA,Casablanca-Settat,CASABLANCA,Casablanca-Settat,23/02/2015,5534,55,553,3,7,2,6.25,Mensuelle,15/02/2019,84.0,mois,16/06/2020,CENTRE D’AFFAIRES DE CASABLANCA,Développement,C,91.0,,,,,,,,,,,,,,,,,,,,,,,,,,,,,,,,,,,,,,,,,,,,,,,,,,,,,,,,1,1
3093949,685910,TANGER,Tanger-Tétouan-Al Hoceima,TANGER,Tanger-Tétouan-Al Hoceima,20/01/2014,8040,80,804,6,0,1,5.75,Mensuelle,26/02/2019,7.0,an(s),31/12/2019,CENTRE D’AFFAIRES DE TANGER,Développement,C,,,0.0,0.0,0.0,0.0,0.0,0.0,663162.5,217217.0,445945.5,0.0,49049.0,0.0,0.0,0.0,108608.5,0.0,0.0,0.0,220220.0,774774.0,760259.5,460460.0,2017515.5,1151650.5,498998.5,426926.5,81081.0,612612.0,432932.5,0.0,360860.5,0.0,0.0,0.0,0.0,447447.0,0.0,447447.0,62562.5,327327.0,0.0,774774.0,0.0,0.0,0.0,0.0,0.0,0.0,0.0,0.0,0.0,0.0,0.0,4031.0,0,0
3129418,686500,MEKNES,Fès-Meknès,MEKNES,Fès-Meknès,05/07/1996,1320,13,132,0,36,22,1.0,Mensuelle,13/11/2019,60.0,mois,,CENTRE D’AFFAIRES DE FES,Développement,B,,,0.0,0.0,0.0,0.0,0.0,0.0,13303915.625,3973219.25,9330696.375,11154893.75,13402639.25,0.0,0.0,0.0,25895119.25,0.0,0.0,0.0,115365.25,35341180.875,13506824.125,9023076.25,20633988.375,3558054.5,1436810.375,1228227.0,12356344.0,1811434.625,883007.125,-121621.5,526025.5,0.0,0.0,0.0,0.0,17234091.875,2756003.25,19990095.125,6481099.625,9714579.875,5636505.875,35341180.875,0.0,0.0,0.0,0.0,0.0,0.0,0.0,0.0,0.0,0.0,0.0,37479.0,0,0
3094724,687173,CASABLANCA,Casablanca-Settat,CASABLANCA,Casablanca-Settat,23/09/2013,6033,60,603,3,10,23,5.0,Mensuelle,21/02/2019,48.0,mois,,CENTRE D’AFFAIRES DE CASABLANCA,Développement,C,,,,,,,,,,,,,,,,,,,,,,,,,,,,,,,,,,,,,,,,,,,,,,,,,,,,,,,,,0,1
3096867,687446,AZILAL,Béni Mellal-Khénifra,AZILAL,Béni Mellal-Khénifra,01/01/2014,8021,80,802,24,36,7,8.0,Mensuelle,21/03/2019,12.0,an(s),10/07/2019,CENTRE D’AFFAIRES DE MARRAKECH,Développement,,3467.0,,,,,,,,,,,,,,,,,,,,,,,,,,,,,,,,,,,,,,,,,,,,,,,,,,,,,,,,1,1
3128091,687595,LAAYOUNE,Laâyoune-Sakia El Hamra,LAAYOUNE,Laâyoune-Sakia El Hamra,10/12/2013,4529,45,452,1,0,23,9.0,Mensuelle,30/10/2019,48.0,mois,05/12/2019,CENTRE D’AFFAIRES DE LAAYOUNE,Développement,C,935.0,,0.0,0.0,0.0,0.0,0.0,0.0,1809307.5,666165.5,1143142.0,838838.0,372872.5,0.0,0.0,0.0,1361360.0,0.0,0.0,0.0,16016.0,2520518.0,3932929.0,0.0,3731728.0,1256755.5,909408.5,903402.5,1826825.0,330830.5,684183.5,-6006.0,678177.5,0.0,0.0,0.0,0.0,1866364.5,115115.0,1981479.5,252252.0,538037.5,1001.0,2520518.0,0.0,0.0,0.0,0.0,0.0,0.0,0.0,0.0,0.0,0.0,0.0,7456.0,1,0
3095683,688168,KHEMISSET,Rabat-Salé-Kénitra,KHEMISSET,Rabat-Salé-Kénitra,27/09/2004,7134,71,713,0,0,22,0.0,Mensuelle,27/02/2019,48.0,mois,28/03/2019,CENTRE D’AFFAIRES DE FES,Développement,C,,,0.0,0.0,0.0,0.0,0.0,0.0,13024297.0,9290781.5,3733515.5,719361.5,5401809.2700000005,0.0,0.0,0.0,9589411.975,0.0,0.0,0.0,403975.0,13726902.475,8935016.19642857,4608144.625,15583693.125,4199706.9399999995,2004059.2,1605361.615,4074917.275,2141225.515,834545.14,-21228.350000000002,435847.555,0.0,0.0,0.0,0.0,6198838.36,175032.0,6373870.36,2223501.2800000003,5998010.590000001,1355068.0,13726948.950000001,0.0,0.0,0.0,0.0,0.0,0.0,0.0,0.0,0.0,0.0,0.0,31136.25,0,0
3096470,689041,SAFI,Marrakech-Safi,CASABLANCA,Casablanca-Settat,17/06/2010,4529,45,452,0,90,24,1.0,Mensuelle,06/03/2019,60.0,mois,31/08/2018,CENTRE D’AFFAIRES DE MARRAKECH,Développement,C,,,0.0,0.0,0.0,0.0,0.0,0.0,14630873.285714285,7074755.1875,9659224.5,14346618.0,66893889.5625,0.0,0.0,0.0,50130539.35714286,0.0,0.0,0.0,999873.875,60859048.28571428,39541005.0,23503380.92857143,68018631.57142857,9991080.785714285,4318933.0,2805938.0714285714,77468954.0625,9837139.8125,3485628.1428571427,-1019445.2142857143,1326826.5714285714,0.0,0.0,0.0,0.0,13455029.92857143,5065553.214285715,18520583.14285714,28320292.0,33875197.5,23632796.6875,60859048.28571428,0.0,0.0,0.0,0.0,0.0,0.0,0.0,0.0,0.0,0.0,0.0,201550.875,0,0
3104410,689041,SAFI,Marrakech-Safi,CASABLANCA,Casablanca-Settat,17/06/2010,4550,45,455,0,90,24,1.0,Mensuelle,13/06/2019,48.0,mois,,CENTRE D’AFFAIRES DE MARRAKECH,Développement,B,,,0.0,0.0,0.0,0.0,0.0,0.0,14630873.285714285,7074755.1875,9659224.5,14346618.0,66893889.5625,0.0,0.0,0.0,50130539.35714286,0.0,0.0,0.0,999873.875,60859048.28571428,39541005.0,23503380.92857143,68018631.57142857,9991080.785714285,4318933.0,2805938.0714285714,77468954.0625,9837139.8125,3485628.1428571427,-1019445.2142857143,1326826.5714285714,0.0,0.0,0.0,0.0,13455029.92857143,5065553.214285715,18520583.14285714,28320292.0,33875197.5,23632796.6875,60859048.28571428,0.0,0.0,0.0,0.0,0.0,0.0,0.0,0.0,0.0,0.0,0.0,201550.875,0,0
3104412,689041,SAFI,Marrakech-Safi,CASABLANCA,Casablanca-Settat,17/06/2010,4550,45,455,0,90,23,1.0,Mensuelle,20/05/2019,48.0,mois,,CENTRE D’AFFAIRES DE MARRAKECH,Développement,B,,,0.0,0.0,0.0,0.0,0.0,0.0,14630873.285714285,7074755.1875,9659224.5,14346618.0,66893889.5625,0.0,0.0,0.0,50130539.35714286,0.0,0.0,0.0,999873.875,60859048.28571428,39541005.0,23503380.92857143,68018631.57142857,9991080.785714285,4318933.0,2805938.0714285714,77468954.0625,9837139.8125,3485628.1428571427,-1019445.2142857143,1326826.5714285714,0.0,0.0,0.0,0.0,13455029.92857143,5065553.214285715,18520583.14285714,28320292.0,33875197.5,23632796.6875,60859048.28571428,0.0,0.0,0.0,0.0,0.0,0.0,0.0,0.0,0.0,0.0,0.0,201550.875,0,0
3131768,689041,SAFI,Marrakech-Safi,CASABLANCA,Casablanca-Settat,17/06/2010,4529,45,452,3,90,24,7.0,Mensuelle,29/11/2019,60.0,mois,31/12/2019,CENTRE D’AFFAIRES DE MARRAKECH,Développement,C,128.0,,0.0,0.0,0.0,0.0,0.0,0.0,14630873.285714285,7074755.1875,9659224.5,14346618.0,66893889.5625,0.0,0.0,0.0,50130539.35714286,0.0,0.0,0.0,999873.875,60859048.28571428,39541005.0,23503380.92857143,68018631.57142857,9991080.785714285,4318933.0,2805938.0714285714,77468954.0625,9837139.8125,3485628.1428571427,-1019445.2142857143,1326826.5714285714,0.0,0.0,0.0,0.0,13455029.92857143,5065553.214285715,18520583.14285714,28320292.0,33875197.5,23632796.6875,60859048.28571428,0.0,0.0,0.0,0.0,0.0,0.0,0.0,0.0,0.0,0.0,0.0,201550.875,1,0
3097287,689820,TANGER,Tanger-Tétouan-Al Hoceima,TANGER,Tanger-Tétouan-Al Hoceima,05/03/2013,1743,17,174,0,170,23,6.0,Mensuelle,12/03/2019,60.0,mois,25/01/2019,CENTRE D’AFFAIRES DE TANGER,Développement,A,2267.0,,,,,,,,,,,,,,,,,,,,,,,,,,,,,,,,,,,,,,,,,,,,,,,,,,,,,,,,1,1
3097407,689861,TIZNIT,Souss-Massa,TIZNIT,Souss-Massa,04/07/2007,5138,51,513,10,25,23,1.0,Mensuelle,12/03/2019,48.0,mois,25/09/2018,CENTRE D’AFFAIRES D'AGADIR,Développement,B,,,,,,,,,,,,,,,,,,,,,,,,,,,,,,,,,,,,,,,,,,,,,,,,,,,,,,,,,0,1
3097832,690379,,Autres,,Autres,17/01/2007,5142,51,514,0,4,5,7.0,Mensuelle,14/03/2019,180.0,mois,,CENTRE D’AFFAIRES DE TANGER,Développement,C,,,,,,,,,,,,,,,,,,,,,,,,,,,,,,,,,,,,,,,,,,,,,,,,,,,,,,,,,0,1
3097846,690582,CASABLANCA,Casablanca-Settat,CASABLANCA,Casablanca-Settat,04/07/1995,1571,15,157,2,27,20,1.0,Mensuelle,14/03/2019,84.0,mois,,CENTRE D’AFFAIRES DE CASABLANCA,Développement,B,,,0.0,0.0,0.0,0.0,0.0,0.0,7124617.5,5619113.5,1505504.0,704704.0,8659275.625,0.0,0.0,0.0,11674663.0,0.0,0.0,0.0,2781278.5,15961445.5,16113347.25,11687499.375,17853460.625,5595715.125,2359607.25,1378877.5,8651267.625,3208455.25,2055803.75,-450825.375,1067316.25,0.0,0.0,0.0,0.0,8135127.0,140014.875,8275141.875,4690310.625,7686303.625,0.0,15961445.5,0.0,0.0,0.0,0.0,0.0,0.0,0.0,0.0,0.0,0.0,0.0,35671.25,0,0
3100497,691041,OUARZAZATE,Drâa-Tafilalet,OUARZAZATE,Drâa-Tafilalet,02/11/2015,6053,60,605,0,0,22,1.0,Mensuelle,02/04/2019,48.0,mois,,CENTRE D’AFFAIRES D'AGADIR,Développement,C,,,0.0,0.0,0.0,0.0,0.0,0.0,1176122.0,811663.5,364458.5,0.0,9661628.5,0.0,0.0,0.0,24328687.0,0.0,0.0,0.0,205339.5,24898485.0,26244944.0,26441665.25,31246941.0,6515439.25,2106847.5,1465078.5,8475029.25,4153728.0,2007081.75,-142573.25,1365312.75,0.0,0.0,0.0,0.0,19857455.0,0.0,19857455.0,3600304.5,4446436.0,792792.0,24898485.0,0.0,0.0,0.0,0.0,0.0,0.0,0.0,0.0,0.0,0.0,0.0,31382.0,0,0
3132261,691884,KHOURIBGA,Béni Mellal-Khénifra,KHOURIBGA,Béni Mellal-Khénifra,26/01/1998,4529,45,452,2,89,22,7.0,Mensuelle,04/12/2019,48.0,mois,,CENTRE D’AFFAIRES DE MARRAKECH,Développement,C,,,0.0,0.0,0.0,0.0,0.0,0.0,3112323.5,342342.0,2769981.5,4696835.0,3818743.5,0.0,0.0,0.0,9198046.0,0.0,0.0,0.0,191906.0,12159933.5,4117494.5714285714,2817352.5714285714,8374080.0,1624623.0,286000.0,234162.5,5971179.5,1332188.0,285928.5,-29458.0,234162.5,0.0,0.0,0.0,0.0,7558122.0,144144.0,7702266.0,1242098.0,4045398.5,412269.0,12159933.5,0.0,0.0,0.0,0.0,0.0,0.0,0.0,0.0,0.0,0.0,0.0,14114.142857142857,0,0
3071861,692760,NADOR,L'oriental,NADOR,L'oriental,01/06/2015,6031,60,603,2,15,24,8.0,Mensuelle,09/08/2018,48.0,mois,30/09/2018,CENTRE D’AFFAIRES D’OUJDA,Développement,B,,,0.0,0.0,0.0,0.0,0.0,0.0,713813.1,32532.5,681280.6,0.0,0.0,0.0,0.0,0.0,862661.8,0.0,0.0,0.0,21321.3,1565263.7,3113810.7,2196194.0,4195791.6,102702.6,-620620.0,-651450.8,1907005.1,736435.7,-792291.5,-38538.5,-853252.4,0.0,0.0,0.0,0.0,-745144.4,783983.2,38838.8,179279.1,1393792.4,132632.5,1565263.7,0.0,0.0,0.0,0.0,0.0,0.0,0.0,0.0,0.0,0.0,0.0,8002.2,0,0
3107245,692760,NADOR,L'oriental,NADOR,L'oriental,01/06/2015,6061,60,606,2,15,24,9.0,Mensuelle,20/05/2019,60.0,mois,14/06/2019,CENTRE D’AFFAIRES D’OUJDA,Développement,B,,,0.0,0.0,0.0,0.0,0.0,0.0,713813.1,32532.5,681280.6,0.0,0.0,0.0,0.0,0.0,862661.8,0.0,0.0,0.0,21321.3,1565263.7,3113810.7,2196194.0,4195791.6,102702.6,-620620.0,-651450.8,1907005.1,736435.7,-792291.5,-38538.5,-853252.4,0.0,0.0,0.0,0.0,-745144.4,783983.2,38838.8,179279.1,1393792.4,132632.5,1565263.7,0.0,0.0,0.0,0.0,0.0,0.0,0.0,0.0,0.0,0.0,0.0,8002.2,0,0
3100122,692815,AL HOCEIMA,Tanger-Tétouan-Al Hoceima,AL HOCEIMA,Tanger-Tétouan-Al Hoceima,20/11/2002,5154,51,515,4,12,23,5.3,Mensuelle,01/04/2019,48.0,mois,05/04/2019,CENTRE D’AFFAIRES D’OUJDA,Développement,B,,,0.0,0.0,0.0,0.0,0.0,0.0,2160658.5,2150648.5,10010.0,113613.5,843843.0,0.0,0.0,0.0,1156655.5,0.0,0.0,0.0,1252751.5,2419417.0,14977462.5,14984970.0,13755742.0,484484.0,219719.5,121621.5,13203690.5,246246.0,219719.5,0.0,121621.5,0.0,0.0,0.0,0.0,2119117.0,0.0,2119117.0,143143.0,300300.0,0.0,2419417.0,0.0,0.0,0.0,0.0,0.0,0.0,0.0,0.0,0.0,0.0,0.0,27484.0,0,0
3132912,693047,CASABLANCA,Casablanca-Settat,CASABLANCA,Casablanca-Settat,19/10/1995,5138,51,513,6,4,25,8.0,Mensuelle,06/12/2019,120.0,mois,,CENTRE D’AFFAIRES DE CASABLANCA,Développement,C,,,,,,,,,3187000.0,1530000.0,1657000.0,2997000.0,15030000.0,,,,22901000.0,,,,277000.0,24835000.0,20951000.0,0.0,21827000.0,1385000.0,246000.0,549000.0,18832000.0,879000.0,41000.0,-63000.0,344000.0,,,,,4236000.0,344000.0,4580000.0,10158000.0,20255000.0,0.0,24835000.0,,,,,,,,,,,,,0,0
3100664,693421,BERKANE,L'oriental,BERKANE,L'oriental,13/04/1993,5154,51,515,2,0,24,5.3,Mensuelle,07/04/2019,120.0,mois,27/05/2019,CENTRE D’AFFAIRES D’OUJDA,Développement,B,,,,,,,,,0.0,,0.0,,,,,,0.0,,,,,0.0,0.0,0.0,0.0,0.0,0.0,0.0,,,0.0,0.0,0.0,,,,,0.0,0.0,0.0,,0.0,,0.0,,,,,,,,,,,,,0,0
3101053,693746,RABAT,Rabat-Salé-Kénitra,RABAT,Rabat-Salé-Kénitra,08/07/2011,7023,70,702,2,0,4,4.66,Trimestrielle,05/04/2019,83.0,mois,02/05/2019,CENTRE D’AFFAIRES DE RABAT,Développement,B,,,,,,,,,,,,,,,,,,,,,,,,,,,,,,,,,,,,,,,,,,,,,,,,,,,,,,,,,0,1
3105812,693941,INZEGANE,Souss-Massa,AIT MELLOUL,Souss-Massa,16/11/2010,1421,14,142,0,0,22,1.0,Mensuelle,08/05/2019,48.0,mois,,CENTRE D’AFFAIRES D'AGADIR,Développement,B,,,100.0,100.0,0.0,100.0,1.0,0.0,6468962.5,4005501.5,2463461.0,387387.0,4897893.0,100.0,100.0,0.0,5910905.0,100.0,100.0,0.0,25525.5,8399891.5,6215209.0,6346840.5,5531025.5,2300298.0,424924.5,746245.5,2525523.0,1005004.0,-99599.5,0.0,221721.5,100.0,100.0,0.0,2.0,4557553.0,626125.5,5183678.5,760760.0,2482480.0,733733.0,8399891.5,51.0,51.0,0.0,43.9017,35.6167,0.0,32.9243,100.0,50.0,0.0,2.0,10785.0,0,0
3101392,694106,CASABLANCA,Casablanca-Settat,CASABLANCA,Casablanca-Settat,01/02/2007,7210,72,721,1,6,9,6.5,Mensuelle,09/04/2019,10.0,an(s),,CENTRE D’AFFAIRES DE CASABLANCA,Développement,D,382.0,570340.9,,,,,,,104000.0,61000.0,43000.0,466000.0,2072000.0,,,,2783000.0,,,,0.0,2826000.0,2718000.0,2173000.0,3463000.0,416000.0,161000.0,257000.0,2933000.0,255000.0,139000.0,-3000.0,235000.0,,,,,601000.0,0.0,601000.0,847000.0,2198000.0,27000.0,2826000.0,,,,,,,,,,,,,1,0
3101781,694555,CASABLANCA,Casablanca-Settat,CASABLANCA,Casablanca-Settat,20/09/2007,6033,60,603,5,0,23,1.0,Mensuelle,11/04/2019,48.0,mois,25/06/2019,CENTRE D’AFFAIRES DE CASABLANCA,Développement,C,,,,,,,,,11248000.0,6780000.0,4468000.0,,7418000.0,,,,8372000.0,,,,87000.0,12927000.0,9448000.0,13180000.0,10579000.0,3487000.0,1121000.0,1363000.0,899000.0,2130000.0,52000.0,-12000.0,294000.0,,,,,721000.0,6753000.0,7474000.0,4154000.0,5453000.0,,12927000.0,,,,,,,,,,,,,0,0
3102847,695467,RABAT,Rabat-Salé-Kénitra,RABAT,Rabat-Salé-Kénitra,21/04/2008,5233,52,523,3,4,36,8.75,Mensuelle,17/04/2019,83.0,mois,24/06/2020,CENTRE D’AFFAIRES DE RABAT,Développement,C,,,,,,,,,,,,,,,,,,,,,,,,,,,,,,,,,,,,,,,,,,,,,,,,,,,,,,,,,0,1
3127749,695719,MEKNES,Fès-Meknès,MEKNES,Fès-Meknès,26/04/2011,1542,15,154,0,110,23,7.0,Mensuelle,28/10/2019,60.0,mois,25/11/2019,CENTRE D’AFFAIRES DE FES,Développement,B,2389.0,,0.0,0.0,0.0,0.0,0.0,0.0,9075816.75,161786.625,8914030.125,8342083.75,12411273.875,0.0,0.0,0.0,33939280.375,0.0,0.0,0.0,1256380.125,44109690.625,54737075.0,42410919.5,69669975.375,1195444.25,1456580.125,837086.25,62617805.25,116116.0,1384508.125,-359734.375,765014.25,0.0,0.0,0.0,0.0,4024645.625,4829574.75,8854220.375,25053028.0,32653370.75,2602099.5,44109690.625,0.0,0.0,0.0,0.0,0.0,0.0,0.0,0.0,0.0,0.0,0.0,140292.0,1,0
3103360,696265,CASABLANCA,Casablanca-Settat,CASABLANCA,Casablanca-Settat,19/05/2004,2742,27,274,5,40,24,6.25,Mensuelle,22/04/2019,60.0,mois,,CENTRE D’AFFAIRES DE CASABLANCA,Développement,B,,,0.0,0.0,0.0,0.0,0.0,0.0,2705202.5,1865864.0,839338.5,2473471.0,3931928.0,0.0,0.0,0.0,16312796.5,0.0,0.0,0.0,18018.0,17170153.0,12779266.5,14303289.0,9195186.0,833833.0,318318.0,305805.5,8158650.5,515014.5,117117.0,0.0,104604.5,0.0,0.0,0.0,0.0,2358356.0,0.0,2358356.0,4253749.5,14811797.0,0.0,17170153.0,0.0,0.0,0.0,0.0,0.0,0.0,0.0,0.0,0.0,0.0,0.0,18372.0,0,0
3103626,696316,EL JADIDA,Casablanca-Settat,EL JADIDA,Casablanca-Settat,11/11/2015,5141,51,514,2,0,2,6.5,Mensuelle,24/04/2019,120.0,mois,,CENTRE D’AFFAIRES DE CASABLANCA,Développement,B,,353326.7,0.0,0.0,0.0,0.0,0.0,0.0,38038.0,6506.5,31531.5,16016.0,793292.5,0.0,0.0,0.0,870369.5,0.0,0.0,0.0,60060.0,961961.0,919919.0,479979.5,1102101.0,343843.5,327327.0,281781.5,755755.0,16016.0,323823.5,0.0,278278.0,0.0,0.0,0.0,0.0,768768.0,0.0,768768.0,0.0,192692.5,500.5,961961.0,0.0,0.0,0.0,0.0,0.0,0.0,0.0,0.0,0.0,0.0,0.0,2202.0,1,0
3103849,696749,MARRAKECH,Marrakech-Safi,MARRAKECH,Marrakech-Safi,03/04/2015,5542,55,554,30,41,5,6.0,Mensuelle,25/04/2019,3.0,an(s),10/05/2019,CENTRE D’AFFAIRES DE MARRAKECH,Développement,C,,,0.0,0.0,0.0,0.0,0.0,0.0,4919164.25,1476475.0,3627248.625,450879.0,718884.8333333334,0.0,0.0,0.0,1161660.5,0.0,0.0,0.0,152867.0,4922667.75,1863781.125,412.375,5090460.375,2060558.5,633007.375,571070.5,2764333.0,1548118.0,163913.75,-40665.625,100975.875,0.0,0.0,0.0,0.0,495119.625,1227351.125,1722470.75,807664.0,3169541.375,35035.0,4922667.75,0.0,0.0,0.0,0.0,0.0,0.0,0.0,0.0,0.0,0.0,0.0,10170.75,0,0
3104336,697185,LAAYOUNE,Laâyoune-Sakia El Hamra,LAAYOUNE,Laâyoune-Sakia El Hamra,10/11/1988,1522,15,152,145,60,4,4.8,Trimestrielle,14/05/2019,7.0,an(s),06/02/2020,CENTRE D’AFFAIRES DE LAAYOUNE,Développement,B,153.0,,0.0,0.0,0.0,0.0,0.0,0.0,89225136.0,65557492.0,23667644.0,3951948.0,1659157.5,0.0,0.0,0.0,5611105.5,0.0,0.0,0.0,576576.0,29855325.5,65629063.5,61509948.5,41634593.0,9849339.5,6693186.5,6560554.0,28177649.5,3131128.0,5628623.0,-132632.5,5495990.5,0.0,0.0,0.0,0.0,23986963.0,0.0,23986963.0,1622120.5,1955453.5,3912909.0,29855325.5,0.0,0.0,0.0,0.0,0.0,0.0,0.0,0.0,0.0,0.0,0.0,86631.0,1,0
3105831,697889,OUARZAZATE,Drâa-Tafilalet,OUARZAZATE,Drâa-Tafilalet,18/07/2012,5512,55,551,10,10,26,9.2,Quadrimestrielle,08/05/2019,10.0,an(s),,CENTRE D’AFFAIRES D'AGADIR,Développement,D,,,100.0,100.0,0.0,100.0,100.0,0.0,2638242.6,293000.0,2462442.6,0.0,0.0,100.0,100.0,0.0,0.0,100.0,50.0,0.0,41374.666666666664,2487267.4,0.0,0.0,0.0,0.0,0.0,0.0,0.0,0.0,0.0,0.0,0.0,100.0,100.0,0.0,1.0,120020.0,918400.0,1038420.0,0.0,1448847.4,0.0,2487267.4,51.0,51.0,0.0,43.9017,32.3484,0.0,31.2754,100.0,1.0,0.0,2.0,0.0,0,0
3105006,697890,OUJDA,L'oriental,OUJDA,L'oriental,21/07/2014,1532,15,153,40,0,9,6.0,Mensuelle,14/05/2019,7.0,an(s),,CENTRE D’AFFAIRES D’OUJDA,Développement,B,,,100.0,100.0,0.0,100.0,100.0,0.0,2866363.5,145645.5,2720718.0,1039038.0,446946.5,100.0,100.0,0.0,2575072.5,100.0,100.0,0.0,132632.5,5428423.0,2994491.5,4984980.0,3428425.0,305305.0,112612.5,96096.0,2722219.5,187187.0,67567.5,-13513.5,51051.0,100.0,100.0,0.0,1.0,835334.5,0.0,835334.5,3792288.5,4593088.5,0.0,5428423.0,51.0,51.0,0.0,43.9017,43.9017,0.0,47.8375,100.0,100.0,0.0,1.0,3651.0,0,0
3095514,698304,MARRAKECH,Marrakech-Safi,CASABLANCA,Casablanca-Settat,18/09/1981,4523,45,452,0,16,24,1.0,Mensuelle,28/02/2019,120.0,mois,,CENTRE D’AFFAIRES DE MARRAKECH,Développement,C,,,0.0,0.0,0.0,0.0,0.0,0.0,4788950.833333333,3464294.1666666665,1324656.6666666667,4151313.8333333335,6215375.833333333,0.0,0.0,0.0,10902892.0,0.0,0.0,0.0,7674.333333333333,12235223.0,5228389.833333333,2481145.3333333335,9779770.0,2052717.3333333333,205872.33333333334,-3169.8333333333335,6908401.5,1797128.6666666667,45712.333333333336,-218885.33333333334,-229896.33333333334,0.0,0.0,0.0,0.0,2134132.0,612612.0,2746744.0,1015014.0,6527521.0,2960958.0,12235223.0,0.0,0.0,0.0,0.0,0.0,0.0,0.0,0.0,0.0,0.0,0.0,18424.0,0,0
3105713,698311,INZEGANE,Souss-Massa,AIT MELLOUL,Souss-Massa,14/09/2011,114,1,11,5,13,7,6.75,Semestrielle,08/05/2019,72.0,mois,11/07/2019,CENTRE D’AFFAIRES D'AGADIR,Développement,B,,,14.285714285714286,0.0,0.0,0.14285714285714285,0.0,0.0,19240865.846153848,5393960.0,15256370.461538462,1658195.0,5069278.5,14.285714285714286,0.0,0.0,11242153.923076924,14.285714285714286,0.0,0.0,934362.0,27492683.46153846,19723992.384615384,10822330.0,31268669.846153848,7144741.076923077,2643829.4615384615,1846178.7692307692,26389935.0,4732871.0,1195187.2307692308,-282214.3846153846,374128.53846153844,4.285714285714286,0.0,0.0,0.2857142857142857,2693242.846153846,3854142.769230769,6547385.615384615,11121968.0,17374468.846153848,3559055.5,27492683.46153846,7.285714285714286,0.0,0.0,5.231528571428571,0.0,0.0,5.793614285714286,14.285714285714286,0.0,0.0,0.14285714285714285,72244.0,0,0
3105660,698364,MEKNES,Fès-Meknès,MEKNES,Fès-Meknès,20/02/2008,9263,92,926,5,60,31,6.25,Mensuelle,09/05/2019,84.0,mois,,CENTRE D’AFFAIRES DE FES,Développement,D,,,0.0,0.0,0.0,0.0,0.0,0.0,13596583.0,9472629.833333334,4123953.1666666665,458958.5,3236149.5833333335,0.0,0.0,0.0,3927590.3333333335,0.0,0.0,0.0,181514.66666666666,8233058.166666667,4010285.6666666665,3105757.4166666665,6366193.166666667,2496577.4166666665,782531.75,610610.0,2273521.25,1584833.25,260093.16666666666,-86586.5,88171.41666666667,0.0,0.0,0.0,0.0,4796458.333333333,1092591.5,5889049.833333333,311561.25,2011009.0,363272.0,8233058.166666667,0.0,0.0,0.0,0.0,0.0,0.0,0.0,0.0,0.0,0.0,0.0,12719.666666666666,0,0
3105836,700495,OUJDA,L'oriental,OUJDA,L'oriental,24/06/2010,4521,45,452,20,0,33,7.25,Mensuelle,08/05/2019,84.0,mois,,CENTRE D’AFFAIRES D’OUJDA,Développement,D,75.0,2032329.93,32.5,0.0,0.0,50.0,0.0,0.0,7055298.25,4376372.0,2678926.25,849598.75,16394628.25,50.0,0.0,0.0,18244976.75,33.0,0.0,0.0,27777.75,20951680.75,11705694.0,11668907.25,11978716.75,2956453.5,1767515.75,1341089.75,8289531.25,1169918.75,867116.25,-306806.5,438688.25,15.0,0.0,0.0,1.0,3787283.5,5930174.25,9717457.75,4158154.0,8235977.75,2998245.25,20951680.75,25.5,0.0,0.0,14.2759,0.0,0.0,18.11215,16.5,0.0,0.0,1.0,23039.0,1,0
3106549,701250,CASABLANCA,Casablanca-Settat,CASABLANCA,Casablanca-Settat,19/05/2004,8013,80,801,81,0,1,5.5,Trimestrielle,23/05/2019,7.0,an(s),,CENTRE D’AFFAIRES DE CASABLANCA,Développement,C,,,0.0,0.0,0.0,0.0,0.0,0.0,0.0,0.0,0.0,0.0,0.0,0.0,0.0,0.0,0.0,0.0,0.0,0.0,0.0,0.0,0.0,0.0,0.0,0.0,0.0,0.0,0.0,0.0,0.0,0.0,0.0,0.0,0.0,0.0,0.0,0.0,0.0,0.0,0.0,0.0,0.0,0.0,0.0,0.0,0.0,0.0,0.0,0.0,0.0,0.0,0.0,0.0,0.0,0.0,0,0
3130671,701433,INZEGANE,Souss-Massa,CASABLANCA,Casablanca-Settat,07/11/2014,151,1,15,0,60,23,5.0,Mensuelle,25/11/2019,60.0,mois,25/09/2018,CENTRE D’AFFAIRES DE RABAT,Développement,C,,,14.285714285714286,0.0,0.0,14.285714285714286,0.0,0.0,9787083.153846154,3010293.0,7274921.461538462,551694.0,5965316.5,14.285714285714286,0.0,0.0,9745666.384615384,14.285714285714286,0.0,0.0,415558.0,17383727.230769232,7047773.076923077,3939388.3076923075,13545084.23076923,7198399.923076923,2234082.3846153845,1757980.7692307692,4393174.5,6207630.0,1199835.7692307692,-80860.0,723734.1538461539,10.0,0.0,0.0,0.0,3396086.6923076925,8149687.461538462,11545774.153846154,4052620.0,5264239.615384615,591662.5,17383727.230769232,14.285714285714286,0.0,0.0,6.595857142857143,0.0,0.0,0.0,14.285714285714286,0.0,0.0,0.0,30156.428571428572,0,0
3107026,701588,TIZNIT,Souss-Massa,TIZNIT,Souss-Massa,24/07/2013,6062,60,606,5,0,24,1.0,Mensuelle,17/05/2019,60.0,mois,01/06/2019,CENTRE D’AFFAIRES D'AGADIR,Développement,C,1582.0,,100.0,100.0,100.0,1.0,1.0,1.0,865865.0,158158.0,707707.0,0.0,0.0,100.0,100.0,100.0,280280.0,100.0,100.0,100.0,204704.5,1192691.5,139639.5,0.0,805805.0,254254.0,189189.0,189189.0,521521.0,65065.0,77577.5,0.0,77577.5,70.0,100.0,100.0,4.0,131631.5,0.0,131631.5,0.0,1061060.0,0.0,1192691.5,51.0,51.0,51.0,30.1338,31.1328,31.1328,38.1393,33.0,33.0,33.0,2.0,1610.0,1,0
3107857,702387,EL HAJEB,Fès-Meknès,EL HAJEB,Fès-Meknès,10/06/2010,123,1,12,90,0,7,5.5,Annuelle,27/05/2019,7.0,an(s),,CENTRE D’AFFAIRES DE FES,Développement,B,,,0.0,0.0,0.0,0.0,0.0,0.0,11450939.5,201701.5,11249238.0,0.0,34534.5,0.0,0.0,0.0,566566.0,0.0,0.0,0.0,1501.5,11817305.5,165665.5,0.0,276776.5,275275.0,236736.5,111111.0,0.0,37537.5,157657.5,-122122.0,32032.0,0.0,0.0,0.0,0.0,1403902.5,4057053.0,5460955.5,1753251.5,5108603.5,1247746.5,11817305.5,0.0,0.0,0.0,0.0,0.0,0.0,0.0,0.0,0.0,0.0,0.0,553.0,0,0
3107953,702760,,Autres,,Autres,01/05/2015,8512,85,851,5,0,23,1.0,Mensuelle,28/05/2019,72.0,mois,25/10/2019,CENTRE D’AFFAIRES DE MARRAKECH,Développement,D,128.0,,0.0,0.0,0.0,0.0,0.0,0.0,0.0,0.0,0.0,0.0,0.0,0.0,0.0,0.0,0.0,0.0,0.0,0.0,0.0,0.0,0.0,0.0,0.0,0.0,0.0,0.0,0.0,0.0,0.0,0.0,0.0,0.0,0.0,0.0,0.0,0.0,0.0,0.0,0.0,0.0,0.0,0.0,0.0,0.0,0.0,0.0,0.0,0.0,0.0,0.0,0.0,0.0,0.0,0.0,1,0
3108146,702932,MOHAMMEDIA,Casablanca-Settat,MOHAMMEDIA,Casablanca-Settat,07/04/2015,3420,34,342,10,0,35,5.75,Mensuelle,28/05/2019,7.0,an(s),,CENTRE D’AFFAIRES DE CASABLANCA,Développement,C,,,0.0,0.0,0.0,0.0,0.0,0.0,577577.0,35835.8,541741.2,2849847.0,1885783.9,0.0,0.0,0.0,5945139.2,0.0,0.0,0.0,1805804.0,7931523.6,4407981.9,2302122.4,6407901.5,405304.9,192091.9,156156.0,6485145.333333333,231119.77777777778,190290.1,-5105.1,154354.2,0.0,0.0,0.0,0.0,2018216.2,503302.8,2521519.0,3303077.5555555555,5365059.7,56181.125,7931523.6,0.0,0.0,0.0,0.0,0.0,0.0,0.0,0.0,0.0,0.0,0.0,12803.0,0,0
3111571,702952,AGADIR,Souss-Massa,CASABLANCA,Casablanca-Settat,13/02/2013,1522,15,152,0,53,23,1.0,Mensuelle,21/06/2019,48.0,mois,25/12/2020,CENTRE D’AFFAIRES D'AGADIR,Développement,A,,,14.285714285714286,14.285714285714286,0.0,14.285714285714286,14.285714285714286,0.0,4336975.5,1176675.5,3160300.0,4547829.0,5039248.5,14.285714285714286,14.285714285714286,0.0,11074849.5,14.285714285714286,14.285714285714286,0.0,1092019.5,15327169.0,12063536.57142857,5525295.142857143,31726266.0,3377660.0,1258543.0,762905.0,27193809.5,2107605.5,1085298.5,-400972.0,486486.0,10.0,10.0,0.0,0.14285714285714285,5722145.0,2824893.5,8547038.5,2188257.5,4692902.5,2087228.0,15327169.0,7.285714285714286,7.285714285714286,0.0,5.295385714285715,5.011971428571428,0.0,5.805614285714285,7.142857142857143,4.714285714285714,0.0,0.2857142857142857,63231.28571428572,0,0
3108656,703107,FES,Fès-Meknès,FES,Fès-Meknès,02/09/2013,6031,60,603,0,0,23,7.25,Mensuelle,31/05/2019,48.0,mois,25/07/2019,CENTRE D’AFFAIRES DE FES,Développement,B,3605.0,,0.0,0.0,0.0,0.0,0.0,0.0,576075.5,291291.0,284784.5,0.0,308308.0,0.0,0.0,0.0,698698.0,0.0,0.0,0.0,19519.5,1003002.0,2206704.5,1482481.0,2338336.0,803803.0,207207.0,176176.0,1042041.0,591090.5,151651.5,-7007.0,120620.5,0.0,0.0,0.0,0.0,675174.5,58558.5,733733.0,91091.0,269269.0,0.0,1003002.0,0.0,0.0,0.0,0.0,0.0,0.0,0.0,0.0,0.0,0.0,0.0,4672.0,1,0
3108655,703427,MARRAKECH,Marrakech-Safi,MARRAKECH,Marrakech-Safi,27/05/2016,5532,55,553,10,0,30,6.7,Trimestrielle,21/06/2019,10.0,an(s),,CENTRE D’AFFAIRES DE MARRAKECH,Développement,D,,,0.0,0.0,0.0,0.0,0.0,0.0,6105099.0,943442.5,5161656.5,0.0,0.0,0.0,0.0,0.0,1043042.0,0.0,0.0,0.0,249749.5,6454448.0,6434428.0,1081080.0,5663658.0,1193192.0,1046545.5,961961.0,2900898.0,116616.5,384884.5,0.0,300300.0,0.0,0.0,0.0,0.0,1740238.5,1751249.5,3491488.0,1991990.0,2118616.5,844343.5,6454448.0,0.0,0.0,0.0,0.0,0.0,0.0,0.0,0.0,0.0,0.0,0.0,11316.0,0,0
3135795,703427,MARRAKECH,Marrakech-Safi,MARRAKECH,Marrakech-Safi,27/05/2016,5532,55,553,13,0,23,7.0,Mensuelle,24/12/2019,84.0,mois,,CENTRE D’AFFAIRES DE MARRAKECH,Développement,C,,,0.0,0.0,0.0,0.0,0.0,0.0,6105099.0,943442.5,5161656.5,0.0,0.0,0.0,0.0,0.0,1043042.0,0.0,0.0,0.0,249749.5,6454448.0,6434428.0,1081080.0,5663658.0,1193192.0,1046545.5,961961.0,2900898.0,116616.5,384884.5,0.0,300300.0,0.0,0.0,0.0,0.0,1740238.5,1751249.5,3491488.0,1991990.0,2118616.5,844343.5,6454448.0,0.0,0.0,0.0,0.0,0.0,0.0,0.0,0.0,0.0,0.0,0.0,11316.0,0,0
3109946,703437,MEKNES,Fès-Meknès,MEKNES,Fès-Meknès,03/03/2014,124,1,12,15,0,7,5.5,Annuelle,11/06/2019,12.0,an(s),22/10/2019,CENTRE D’AFFAIRES DE FES,Développement,B,,,0.0,0.0,0.0,0.0,0.0,0.0,257257.0,3503.5,253753.5,0.0,0.0,0.0,0.0,0.0,4004.0,0.0,0.0,0.0,192692.5,450450.0,0.0,0.0,0.0,-28528.5,-28528.5,-28528.5,0.0,0.0,-29529.5,0.0,-29529.5,0.0,0.0,0.0,0.0,67067.0,0.0,67067.0,153153.0,383383.0,0.0,450450.0,0.0,0.0,0.0,0.0,0.0,0.0,0.0,0.0,0.0,0.0,0.0,0.0,0,0
3109083,703620,RABAT,Rabat-Salé-Kénitra,RABAT,Rabat-Salé-Kénitra,12/10/2015,5246,52,524,1,3,4,6.5,Mensuelle,31/05/2019,84.0,mois,03/07/2019,CENTRE D’AFFAIRES DE RABAT,Développement,C,,,0.0,0.0,0.0,0.0,0.0,0.0,1001.0,0.0,1001.0,260760.5,0.0,0.0,0.0,0.0,446946.5,0.0,0.0,0.0,3003.0,450950.5,609609.0,71571.5,1043542.5,210710.5,177677.5,146646.5,818317.5,33033.0,177177.0,0.0,146146.0,0.0,0.0,0.0,0.0,209709.5,0.0,209709.5,175175.0,241241.0,0.0,450950.5,0.0,0.0,0.0,0.0,0.0,0.0,0.0,0.0,0.0,0.0,0.0,2085.0,0,0
3109162,703862,,Autres,,Autres,,8511,85,851,40,0,7,6.0,Trimestrielle,25/06/2019,84.0,mois,26/08/2019,CENTRE D’AFFAIRES DE MARRAKECH,Développement,D,,,0.0,0.0,0.0,0.0,0.0,0.0,0.0,0.0,0.0,0.0,0.0,0.0,0.0,0.0,0.0,0.0,0.0,0.0,0.0,0.0,0.0,0.0,0.0,0.0,0.0,0.0,0.0,0.0,0.0,0.0,0.0,0.0,0.0,0.0,0.0,0.0,0.0,0.0,0.0,0.0,0.0,0.0,0.0,0.0,0.0,0.0,0.0,0.0,0.0,0.0,0.0,0.0,0.0,0.0,0,0
3109355,704082,TETOUAN,Tanger-Tétouan-Al Hoceima,TETOUAN,Tanger-Tétouan-Al Hoceima,03/10/2014,5249,52,524,5,2,4,6.75,Mensuelle,10/06/2019,120.0,mois,18/07/2019,CENTRE D’AFFAIRES DE TANGER,Développement,B,,,0.0,0.0,0.0,0.0,0.0,0.0,2769409.5,400972.0,2368437.5,1568281.0,322894.0,0.0,0.0,0.0,2163947.5,0.0,0.0,0.0,41613.0,4573998.0,3181597.714285714,2202411.1428571427,6426563.0,1247031.5,503002.5,343986.5,4572425.0,718146.0,368868.5,-120835.0,200557.5,0.0,0.0,0.0,0.0,1210924.0,1245029.5,2455953.5,1027097.5,2056125.5,61919.0,4573998.0,0.0,0.0,0.0,0.0,0.0,0.0,0.0,0.0,0.0,0.0,0.0,12634.42857142857,0,0
3059098,704416,MARRAKECH,Marrakech-Safi,MARRAKECH,Marrakech-Safi,28/04/2014,7110,71,711,0,5,24,8.0,Mensuelle,20/06/2018,48.0,mois,11/05/2018,CENTRE D’AFFAIRES DE MARRAKECH,Développement,C,,,,,,,,,,,,,,,,,,,,,,,,,,,,,,,,,,,,,,,,,,,,,,,,,,,,,,,,,0,1
3081466,704416,MARRAKECH,Marrakech-Safi,MARRAKECH,Marrakech-Safi,28/04/2014,7110,71,711,0,5,24,1.0,Mensuelle,04/12/2018,48.0,mois,04/12/2018,CENTRE D’AFFAIRES DE MARRAKECH,Développement,C,947.0,,,,,,,,,,,,,,,,,,,,,,,,,,,,,,,,,,,,,,,,,,,,,,,,,,,,,,,,1,1
3118745,704434,INZEGANE,Souss-Massa,INZEGANE,Souss-Massa,08/09/2009,116,1,11,5,64,24,1.0,Mensuelle,08/08/2019,48.0,mois,08/08/2019,CENTRE D’AFFAIRES D'AGADIR,Développement,C,2061.0,,,,,,,,,,,,,,,,,,,,,,,,,,,,,,,,,,,,,,,,,,,,,,,,,,,,,,,,1,1
3110115,704872,KENITRA,Rabat-Salé-Kénitra,KENITRA,Rabat-Salé-Kénitra,,140,1,14,0,0,36,7.0,Trimestrielle,12/06/2019,81.0,mois,,CENTRE D’AFFAIRES DE RABAT,Développement,B,77.0,,0.0,0.0,0.0,0.0,0.0,0.0,1534533.0,403903.5,1130629.5,669669.0,1910408.5,0.0,0.0,0.0,2580077.5,0.0,0.0,0.0,4004.0,3714711.0,11617606.0,11349338.0,12059047.0,850349.5,844343.5,698698.0,10926415.5,0.0,844343.5,-144644.5,698698.0,0.0,0.0,0.0,0.0,1527526.0,894894.0,2422420.0,47547.5,47547.5,1244243.0,3714210.5,0.0,0.0,0.0,0.0,0.0,0.0,0.0,0.0,0.0,0.0,0.0,24094.0,1,0
3110817,705610,TANGER,Tanger-Tétouan-Al Hoceima,TANGER,Tanger-Tétouan-Al Hoceima,30/05/2014,6070,60,607,0,0,23,6.0,Mensuelle,18/06/2019,48.0,mois,25/05/2019,CENTRE D’AFFAIRES DE TANGER,Développement,C,,,0.0,0.0,0.0,0.0,0.0,0.0,5040035.0,2778275.5,2261759.5,0.0,0.0,0.0,0.0,0.0,891891.0,0.0,0.0,0.0,2219717.5,5373368.0,4605601.0,4059055.0,6122616.5,3174171.0,1710208.5,1557055.5,5005.0,1421420.0,751751.0,6006.0,598598.0,0.0,0.0,0.0,0.0,1282281.0,3003500.5,4285781.5,197197.0,1087586.5,0.0,5373368.0,0.0,0.0,0.0,0.0,0.0,0.0,0.0,0.0,0.0,0.0,0.0,12233.0,0,0
3127635,705610,TANGER,Tanger-Tétouan-Al Hoceima,TANGER,Tanger-Tétouan-Al Hoceima,30/05/2014,6062,60,606,1,0,23,7.5,Mensuelle,26/10/2019,48.0,mois,25/10/2019,CENTRE D’AFFAIRES DE TANGER,Développement,C,,,0.0,0.0,0.0,0.0,0.0,0.0,5040035.0,2778275.5,2261759.5,0.0,0.0,0.0,0.0,0.0,891891.0,0.0,0.0,0.0,2219717.5,5373368.0,4605601.0,4059055.0,6122616.5,3174171.0,1710208.5,1557055.5,5005.0,1421420.0,751751.0,6006.0,598598.0,0.0,0.0,0.0,0.0,1282281.0,3003500.5,4285781.5,197197.0,1087586.5,0.0,5373368.0,0.0,0.0,0.0,0.0,0.0,0.0,0.0,0.0,0.0,0.0,0.0,12233.0,0,0
3111136,705810,CASABLANCA,Casablanca-Settat,CASABLANCA,Casablanca-Settat,14/12/2007,4521,45,452,4,500,24,7.0,Mensuelle,19/06/2019,48.0,mois,,CENTRE D’AFFAIRES DE CASABLANCA,Développement,C,,,0.0,0.0,0.0,0.0,0.0,0.0,28715186.5,15768002.25,12947184.25,23002479.5,87100513.5,0.0,0.0,0.0,119139520.5,0.0,0.0,0.0,92842.75,132179547.5,77723646.0,41362070.75,91281440.25,29306527.25,4889134.25,3021518.5,50637086.5,24159635.5,3261258.0,-1687185.5,1393642.25,0.0,0.0,0.0,0.0,34679895.25,0.0,34679895.25,40073033.0,71292721.5,26206930.75,132179547.5,0.0,0.0,0.0,0.0,0.0,0.0,0.0,0.0,0.0,0.0,0.0,175475.5,0,0
3111573,706360,CASABLANCA,Casablanca-Settat,CASABLANCA,Casablanca-Settat,15/01/2007,7432,74,743,3,0,22,1.0,Mensuelle,21/06/2019,60.0,mois,15/07/2019,CENTRE D’AFFAIRES DE CASABLANCA,Développement,C,,,0.0,0.0,0.0,0.0,0.0,0.0,5625920.3,2812810.0,3094391.3,0.0,35204725.11111111,0.0,0.0,0.0,33225292.1,0.0,0.0,0.0,346123.55555555556,36631194.6,13152137.0,6772796.3,13715601.9,5712006.3,868067.2,737036.3,8044703.333333333,5349788.888888889,408508.1,-27327.3,282982.7,0.0,0.0,0.0,0.0,6851644.8,1283282.0,8134926.8,7492929.888888889,28492664.2,4504.5,36631194.6,0.0,0.0,0.0,0.0,0.0,0.0,0.0,0.0,0.0,0.0,0.0,27403.8,0,0
3111655,706402,KENITRA,Rabat-Salé-Kénitra,KENITRA,Rabat-Salé-Kénitra,15/03/2006,2812,28,281,5,13,4,6.5,Mensuelle,01/07/2019,84.0,mois,,CENTRE D’AFFAIRES DE RABAT,Développement,D,,,,,,,,,1424000.0,715000.0,709000.0,1678000.0,1076000.0,,,,2457000.0,,,,123000.0,3289000.0,3420000.0,3121000.0,2496000.0,830000.0,296000.0,275000.0,1235000.0,512000.0,212000.0,0.0,191000.0,,,,,2163000.0,0.0,2163000.0,578000.0,1126000.0,0.0,3289000.0,,,,,,,,,,,,,0,0
3132629,707094,ERRACHIDIA,Drâa-Tafilalet,ERRACHIDIA,Drâa-Tafilalet,02/08/1994,4529,45,452,0,32,22,0.0,Mensuelle,04/12/2019,60.0,mois,,CENTRE D’AFFAIRES DE FES,Développement,C,,,0.0,0.0,0.0,0.0,0.0,0.0,5837462.464166666,3053093.3766666665,2784369.0875,3524445.090833334,2553938.8874999997,0.0,0.0,0.0,6699389.363333333,0.0,0.0,0.0,130655.52500000001,9614413.975833334,2346905.9166666665,1169948.8333333333,3969035.0700000003,1096563.8016666668,728114.0533333333,678340.9966666667,2531948.5858333334,348539.85833333334,181877.52916666667,-16348.832499999999,132104.4725,0.0,0.0,0.0,0.0,3740608.5383333336,271936.665,4012545.203333333,1279599.1541666666,3917452.705833333,1684410.2275,9614408.136666667,0.0,0.0,0.0,0.0,0.0,0.0,0.0,0.0,0.0,0.0,0.0,7550.139999999999,0,0
3112587,707271,SALE,Rabat-Salé-Kénitra,SALE,Rabat-Salé-Kénitra,30/12/2010,4529,45,452,4,20,25,8.0,Mensuelle,28/06/2019,48.0,mois,,CENTRE D’AFFAIRES DE TANGER,Développement,D,,,0.0,0.0,0.0,0.0,0.0,0.0,1746816.5,662662.0,1084154.5,3015941.5,3956881.5,0.0,0.0,0.0,7622400.5,0.0,0.0,0.0,35750.0,8742305.0,4555165.357142857,3063532.3571428573,10524800.0,1429213.5,572500.5,358644.0,8338616.0,842556.0,389818.0,-101673.0,175961.5,0.0,0.0,0.0,0.0,2732372.5,265479.5,2997852.0,2033960.5,4342052.0,1402401.0,8742305.0,0.0,0.0,0.0,0.0,0.0,0.0,0.0,0.0,0.0,0.0,0.0,20448.571428571428,0,0
3121162,707271,SALE,Rabat-Salé-Kénitra,SALE,Rabat-Salé-Kénitra,30/12/2010,4529,45,452,2,20,20,7.0,Mensuelle,03/09/2019,48.0,mois,,CENTRE D’AFFAIRES DE TANGER,Développement,D,,,0.0,0.0,0.0,0.0,0.0,0.0,1746816.5,662662.0,1084154.5,3015941.5,3956881.5,0.0,0.0,0.0,7622400.5,0.0,0.0,0.0,35750.0,8742305.0,4555165.357142857,3063532.3571428573,10524800.0,1429213.5,572500.5,358644.0,8338616.0,842556.0,389818.0,-101673.0,175961.5,0.0,0.0,0.0,0.0,2732372.5,265479.5,2997852.0,2033960.5,4342052.0,1402401.0,8742305.0,0.0,0.0,0.0,0.0,0.0,0.0,0.0,0.0,0.0,0.0,0.0,20448.571428571428,0,0
3110543,707308,CASABLANCA,Casablanca-Settat,CASABLANCA,Casablanca-Settat,16/12/2015,6025,60,602,2,3,25,1.0,Mensuelle,17/06/2019,48.0,mois,,CENTRE D’AFFAIRES DE CASABLANCA,Développement,C,,,0.0,0.0,0.0,0.0,0.0,0.0,626626.0,179846.33333333334,446779.6666666667,0.0,380713.6666666667,0.0,0.0,0.0,1389221.1666666667,0.0,0.0,0.0,90423.66666666667,1926424.5,2157822.3333333335,1179845.3333333333,3363026.3333333335,578411.1666666666,169836.33333333334,240907.33333333334,2228893.3333333335,385885.5,165999.16666666666,15849.166666666666,173506.66666666666,0.0,0.0,0.0,0.0,450950.5,591924.6666666666,1042875.1666666666,471304.1666666667,883549.3333333334,0.0,1926424.5,0.0,0.0,0.0,0.0,0.0,0.0,0.0,0.0,0.0,0.0,0.0,6719.333333333333,0,0
3130485,707308,CASABLANCA,Casablanca-Settat,CASABLANCA,Casablanca-Settat,16/12/2015,6024,60,602,2,3,23,7.0,Mensuelle,22/11/2019,60.0,mois,25/07/2019,CENTRE D’AFFAIRES DE CASABLANCA,Développement,C,,,0.0,0.0,0.0,0.0,0.0,0.0,626626.0,179846.33333333334,446779.6666666667,0.0,380713.6666666667,0.0,0.0,0.0,1389221.1666666667,0.0,0.0,0.0,90423.66666666667,1926424.5,2157822.3333333335,1179845.3333333333,3363026.3333333335,578411.1666666666,169836.33333333334,240907.33333333334,2228893.3333333335,385885.5,165999.16666666666,15849.166666666666,173506.66666666666,0.0,0.0,0.0,0.0,450950.5,591924.6666666666,1042875.1666666666,471304.1666666667,883549.3333333334,0.0,1926424.5,0.0,0.0,0.0,0.0,0.0,0.0,0.0,0.0,0.0,0.0,0.0,6719.333333333333,0,0
3112629,707318,,Autres,AGADIR,Souss-Massa,,116,1,11,7,28,7,5.5,Annuelle,28/06/2019,7.0,an(s),,CENTRE D’AFFAIRES D'AGADIR,Développement,D,,,100.0,0.0,0.0,100.0,0.0,0.0,0.0,0.0,0.0,0.0,0.0,100.0,0.0,0.0,0.0,100.0,0.0,0.0,0.0,0.0,0.0,0.0,0.0,0.0,0.0,0.0,0.0,0.0,0.0,0.0,0.0,30.0,0.0,0.0,2.0,0.0,0.0,0.0,0.0,0.0,0.0,0.0,51.0,0.0,0.0,35.7357,0.0,0.0,40.5553,50.0,0.0,0.0,1.0,0.0,0,0
3113197,707428,TIZNIT,Souss-Massa,IFNI,Guelmim-Oued Noun,17/12/2014,5231,52,523,1,0,26,6.25,Mensuelle,02/07/2019,84.0,mois,09/07/2019,CENTRE D’AFFAIRES D'AGADIR,Développement,B,,,65.0,0.0,0.0,100.0,0.0,0.0,150150.0,0.0,150150.0,54554.5,0.0,100.0,0.0,0.0,54554.5,100.0,0.0,0.0,31531.5,236236.0,422922.5,403903.5,396396.0,64564.5,29029.0,27027.0,313313.0,34534.5,29029.0,0.0,27027.0,30.0,0.0,0.0,2.0,177677.5,0.0,177677.5,55555.5,58558.5,0.0,236236.0,100.0,0.0,0.0,41.339,0.0,0.0,34.4914,100.0,0.0,0.0,1.0,792.0,0,0
3126697,707475,MARRAKECH,Marrakech-Safi,MARRAKECH,Marrakech-Safi,01/04/1993,4529,45,452,2,111,24,7.0,Mensuelle,21/10/2019,48.0,mois,15/10/2019,CENTRE D’AFFAIRES DE MARRAKECH,Développement,C,470.0,,0.0,0.0,0.0,0.0,0.0,0.0,15283935.333333334,11316805.5,3967129.8333333335,39807267.5,15813798.0,0.0,0.0,0.0,57896171.666666664,0.0,0.0,0.0,22689.333333333332,61885990.833333336,23374017.333333332,24055031.0,21294106.166666668,3507170.3333333335,52052.0,425258.1666666667,14469121.333333334,3284614.6666666665,-688020.6666666666,-304971.3333333333,-314814.5,0.0,0.0,0.0,0.0,23760236.5,1052051.0,24812287.5,5768262.5,17265915.333333332,19807788.0,61885990.833333336,0.0,0.0,0.0,0.0,0.0,0.0,0.0,0.0,0.0,0.0,0.0,39387.333333333336,1,0
3126838,707475,MARRAKECH,Marrakech-Safi,MARRAKECH,Marrakech-Safi,01/04/1993,4529,45,452,2,111,24,7.0,Mensuelle,22/10/2019,48.0,mois,15/10/2019,CENTRE D’AFFAIRES DE MARRAKECH,Développement,C,503.0,,0.0,0.0,0.0,0.0,0.0,0.0,15283935.333333334,11316805.5,3967129.8333333335,39807267.5,15813798.0,0.0,0.0,0.0,57896171.666666664,0.0,0.0,0.0,22689.333333333332,61885990.833333336,23374017.333333332,24055031.0,21294106.166666668,3507170.3333333335,52052.0,425258.1666666667,14469121.333333334,3284614.6666666665,-688020.6666666666,-304971.3333333333,-314814.5,0.0,0.0,0.0,0.0,23760236.5,1052051.0,24812287.5,5768262.5,17265915.333333332,19807788.0,61885990.833333336,0.0,0.0,0.0,0.0,0.0,0.0,0.0,0.0,0.0,0.0,0.0,39387.333333333336,1,0
3126374,707538,MOHAMMEDIA,Casablanca-Settat,MOHAMMEDIA,Casablanca-Settat,06/10/2015,4030,40,403,10,125,25,6.0,Mensuelle,23/10/2019,48.0,mois,13/12/2019,CENTRE D’AFFAIRES DE MARRAKECH,Développement,C,,,0.0,0.0,0.0,0.0,0.0,0.0,5189684.5,3062893.1666666665,2126791.3333333335,133633.5,81101687.33333333,0.0,0.0,0.0,85186601.5,0.0,0.0,0.0,210043.16666666666,87523436.0,156558735.66666666,34388020.333333336,257767176.33333334,6465792.666666667,3195859.3333333335,820319.5,245267188.83333334,3390220.1666666665,2600264.3333333335,-562895.6666666666,224724.5,0.0,0.0,0.0,0.0,9056380.666666666,8489981.5,17546362.166666668,8356514.833333333,66713980.666666664,3263093.1666666665,87523436.0,0.0,0.0,0.0,0.0,0.0,0.0,0.0,0.0,0.0,0.0,0.0,515019.3333333333,0,0
3128629,707538,MOHAMMEDIA,Casablanca-Settat,MOHAMMEDIA,Casablanca-Settat,06/10/2015,4010,40,401,0,125,22,6.0,Mensuelle,04/11/2019,36.0,mois,,CENTRE D’AFFAIRES DE CASABLANCA,Développement,C,,,0.0,0.0,0.0,0.0,0.0,0.0,5189684.5,3062893.1666666665,2126791.3333333335,133633.5,81101687.33333333,0.0,0.0,0.0,85186601.5,0.0,0.0,0.0,210043.16666666666,87523436.0,156558735.66666666,34388020.333333336,257767176.33333334,6465792.666666667,3195859.3333333335,820319.5,245267188.83333334,3390220.1666666665,2600264.3333333335,-562895.6666666666,224724.5,0.0,0.0,0.0,0.0,9056380.666666666,8489981.5,17546362.166666668,8356514.833333333,66713980.666666664,3263093.1666666665,87523436.0,0.0,0.0,0.0,0.0,0.0,0.0,0.0,0.0,0.0,0.0,0.0,515019.3333333333,0,0
3114509,709049,BEN SLIMANE,Casablanca-Settat,BOUZNIKA,Casablanca-Settat,02/10/2002,2914,29,291,10,0,4,6.0,Trimestrielle,09/07/2019,83.0,mois,,CENTRE D’AFFAIRES DE CASABLANCA,Développement,C,,,0.0,0.0,0.0,0.0,0.0,0.0,14642056.0,7246453.5,7395602.5,1694478.5,2697266.0,0.0,0.0,0.0,6134914.5,0.0,0.0,0.0,473687.5,14004204.5,5373641.642857143,3452508.1428571427,12462879.0,6108173.5,1790860.5,1234805.0,5029810.5,4229725.5,975617.5,-193121.5,327470.0,0.0,0.0,0.0,0.0,4449373.5,4121117.0,8570490.5,3325393.5,5144210.5,289503.5,14004204.5,0.0,0.0,0.0,0.0,0.0,0.0,0.0,0.0,0.0,0.0,0.0,24894.714285714286,0,0
3114791,709462,SEFROU,Fès-Meknès,SEFROU,Fès-Meknès,03/10/2014,4529,45,452,0,11,23,1.0,Mensuelle,11/07/2019,60.0,mois,25/10/2019,CENTRE D’AFFAIRES DE FES,Développement,C,,,0.0,0.0,0.0,0.0,0.0,0.0,5682677.0,1367616.25,4315060.75,1198447.25,2970968.0,0.0,0.0,0.0,5031526.5,0.0,0.0,0.0,113863.75,9460451.0,4427923.5,4573068.5,4933678.75,1566314.75,958707.75,827576.75,2825322.5,602602.0,378878.5,-54554.5,247747.5,0.0,0.0,0.0,0.0,4130626.5,3410407.0,7541033.5,473222.75,1919417.5,0.0,9460451.0,0.0,0.0,0.0,0.0,0.0,0.0,0.0,0.0,0.0,0.0,0.0,10592.5,0,0
3134574,709462,SEFROU,Fès-Meknès,SEFROU,Fès-Meknès,03/10/2014,2666,26,266,0,11,25,0.0,Mensuelle,16/12/2019,60.0,mois,,CENTRE D’AFFAIRES DE FES,Développement,C,,323827.29,0.0,0.0,0.0,0.0,0.0,0.0,5682677.0,1367616.25,4315060.75,1198447.25,2970968.0,0.0,0.0,0.0,5031526.5,0.0,0.0,0.0,113863.75,9460451.0,4427923.5,4573068.5,4933678.75,1566314.75,958707.75,827576.75,2825322.5,602602.0,378878.5,-54554.5,247747.5,0.0,0.0,0.0,0.0,4130626.5,3410407.0,7541033.5,473222.75,1919417.5,0.0,9460451.0,0.0,0.0,0.0,0.0,0.0,0.0,0.0,0.0,0.0,0.0,0.0,10592.5,1,0
3114900,709579,AL HOCEIMA,Tanger-Tétouan-Al Hoceima,AL HOCEIMA,Tanger-Tétouan-Al Hoceima,,5511,55,551,0,31,32,5.5,Trimestrielle,12/07/2019,60.0,mois,12/07/2019,CENTRE D’AFFAIRES D’OUJDA,Développement,D,,,100.0,0.0,0.0,100.0,0.0,0.0,12376864.5,2999997.0,9376867.5,0.0,3259756.5,100.0,0.0,0.0,4453949.5,100.0,0.0,0.0,1130629.5,14961446.5,6258752.5,4134130.0,5526020.5,1791289.5,1325824.5,888387.5,3698194.5,447947.5,839338.5,-192692.5,401901.5,30.0,0.0,0.0,1.0,12787274.5,1565564.0,14352838.5,187187.0,608608.0,0.0,14961446.5,51.0,0.0,0.0,37.6029,0.0,0.0,41.6403,66.0,0.0,0.0,1.0,9166.0,0,0
3115655,710150,AGADIR,Souss-Massa,AGADIR,Souss-Massa,10/10/1995,1422,14,142,6,12,23,5.0,Mensuelle,17/07/2019,48.0,mois,25/07/2019,CENTRE D’AFFAIRES D'AGADIR,Développement,C,,,100.0,0.0,0.0,100.0,0.0,0.0,967967.0,393893.5,574073.5,1597596.0,1970969.0,100.0,0.0,0.0,3751748.0,100.0,0.0,0.0,1001.0,4326822.5,2046044.0,1843842.0,2468966.5,583082.5,174674.5,90090.0,1650148.5,385385.0,132632.5,-71571.5,48048.0,30.0,0.0,0.0,4.0,1609107.5,12012.0,1621119.5,477477.0,2542540.0,163163.0,4326822.5,51.0,0.0,0.0,41.5707,0.0,0.0,34.3415,100.0,0.0,0.0,2.0,4933.0,0,0
3115959,710661,CASABLANCA,Casablanca-Settat,CASABLANCA,Casablanca-Settat,01/05/2015,6025,60,602,3,7,23,7.5,Mensuelle,18/07/2019,60.0,mois,25/07/2019,CENTRE D’AFFAIRES DE CASABLANCA,Développement,C,2691.0,,0.0,0.0,0.0,0.0,0.0,0.0,685434.75,231731.5,453703.25,0.0,331581.25,0.0,0.0,0.0,522021.5,0.0,0.0,0.0,9259.25,984984.0,1388887.5,498498.0,2045043.0,582081.5,371120.75,304804.5,1074573.5,205955.75,256005.75,-35285.25,189689.5,0.0,0.0,0.0,0.0,549048.5,281030.75,830079.25,78078.0,128628.5,35035.0,984984.0,0.0,0.0,0.0,0.0,0.0,0.0,0.0,0.0,0.0,0.0,0.0,4086.0,1,0
3130479,710676,MARRAKECH,Marrakech-Safi,MARRAKECH,Marrakech-Safi,16/01/2004,7412,74,741,5,6,24,7.0,Mensuelle,22/11/2019,120.0,mois,,CENTRE D’AFFAIRES DE MARRAKECH,Développement,D,,,0.0,0.0,0.0,0.0,0.0,0.0,1983982.0,1123122.0,860860.0,0.0,603102.5,0.0,0.0,0.0,675174.5,0.0,0.0,0.0,28028.0,1564062.5,1016515.5,0.0,994994.0,591090.5,159159.0,155655.5,127627.5,405405.0,29529.5,500.5,26026.0,0.0,0.0,0.0,0.0,599098.5,414414.0,1013512.5,20020.0,550550.0,0.0,1564062.5,0.0,0.0,0.0,0.0,0.0,0.0,0.0,0.0,0.0,0.0,0.0,1909.0,0,0
3116423,710836,MOHAMMEDIA,Casablanca-Settat,CASABLANCA,Casablanca-Settat,28/11/2011,4521,45,452,2,2,22,6.5,Mensuelle,23/07/2019,60.0,mois,27/08/2019,CENTRE D’AFFAIRES DE CASABLANCA,Développement,C,,,0.0,0.0,0.0,0.0,0.0,0.0,3534030.5,2040038.0,1493992.5,1604102.5,5187682.5,0.0,0.0,0.0,7115608.5,0.0,0.0,0.0,43043.0,8652644.0,2416414.0,0.0,6807801.0,1372371.0,770770.0,699198.5,4871366.5,442942.5,452952.5,-5005.0,381381.0,0.0,0.0,0.0,0.0,276776.5,0.0,276776.5,2228726.5,8234726.5,141141.0,8652644.0,0.0,0.0,0.0,0.0,0.0,0.0,0.0,0.0,0.0,0.0,0.0,13195.0,0,0
3116398,711084,MIDELT,Drâa-Tafilalet,MIDELT,Drâa-Tafilalet,,123,1,12,0,0,9,5.2,Semestrielle,22/07/2019,9.0,an(s),06/09/2019,CENTRE D’AFFAIRES DE FES,Développement,C,,,100.0,0.0,0.0,100.0,0.0,0.0,0.0,0.0,0.0,0.0,0.0,100.0,0.0,0.0,0.0,100.0,0.0,0.0,0.0,0.0,0.0,0.0,0.0,0.0,0.0,0.0,0.0,0.0,0.0,0.0,0.0,35.0,0.0,0.0,1.0,0.0,0.0,0.0,0.0,0.0,0.0,0.0,51.0,0.0,0.0,41.7372,0.0,0.0,49.0875,100.0,0.0,0.0,1.0,0.0,0,0
3054844,711233,MARRAKECH,Marrakech-Safi,MARRAKECH,Marrakech-Safi,18/09/2013,6042,60,604,3,10,24,8.0,Mensuelle,23/02/2018,48.0,mois,20/02/2018,CENTRE D’AFFAIRES DE MARRAKECH,Développement,C,3492.0,,0.0,0.0,0.0,0.0,0.0,0.0,4741570.166666667,4304800.5,436769.6666666667,0.0,161828.33333333334,0.0,0.0,0.0,807807.0,0.0,0.0,0.0,247080.16666666666,1491656.8333333333,2050214.8333333333,596429.1666666666,4323652.666666667,724890.8333333334,264931.3333333333,346012.3333333333,1122788.3333333333,437103.3333333333,127460.66666666667,-44044.0,208708.5,0.0,0.0,0.0,0.0,-3105602.5,354020.3333333333,-2751582.1666666665,1497329.1666666667,3994824.1666666665,248414.83333333334,1491656.8333333333,0.0,0.0,0.0,0.0,0.0,0.0,0.0,0.0,0.0,0.0,0.0,8300.333333333334,1,0
3059097,711233,MARRAKECH,Marrakech-Safi,MARRAKECH,Marrakech-Safi,18/09/2013,6042,60,604,2,10,24,8.0,Mensuelle,01/11/2018,48.0,mois,25/03/2018,CENTRE D’AFFAIRES DE MARRAKECH,Développement,C,3454.0,,0.0,0.0,0.0,0.0,0.0,0.0,4741570.166666667,4304800.5,436769.6666666667,0.0,161828.33333333334,0.0,0.0,0.0,807807.0,0.0,0.0,0.0,247080.16666666666,1491656.8333333333,2050214.8333333333,596429.1666666666,4323652.666666667,724890.8333333334,264931.3333333333,346012.3333333333,1122788.3333333333,437103.3333333333,127460.66666666667,-44044.0,208708.5,0.0,0.0,0.0,0.0,-3105602.5,354020.3333333333,-2751582.1666666665,1497329.1666666667,3994824.1666666665,248414.83333333334,1491656.8333333333,0.0,0.0,0.0,0.0,0.0,0.0,0.0,0.0,0.0,0.0,0.0,8300.333333333334,1,0
3080441,711233,MARRAKECH,Marrakech-Safi,MARRAKECH,Marrakech-Safi,18/09/2013,6042,60,604,2,10,24,8.0,Mensuelle,01/11/2018,48.0,mois,25/09/2018,CENTRE D’AFFAIRES DE MARRAKECH,Développement,C,3270.0,,0.0,0.0,0.0,0.0,0.0,0.0,4741570.166666667,4304800.5,436769.6666666667,0.0,161828.33333333334,0.0,0.0,0.0,807807.0,0.0,0.0,0.0,247080.16666666666,1491656.8333333333,2050214.8333333333,596429.1666666666,4323652.666666667,724890.8333333334,264931.3333333333,346012.3333333333,1122788.3333333333,437103.3333333333,127460.66666666667,-44044.0,208708.5,0.0,0.0,0.0,0.0,-3105602.5,354020.3333333333,-2751582.1666666665,1497329.1666666667,3994824.1666666665,248414.83333333334,1491656.8333333333,0.0,0.0,0.0,0.0,0.0,0.0,0.0,0.0,0.0,0.0,0.0,8300.333333333334,1,0
3117636,711786,CASABLANCA,Casablanca-Settat,CASABLANCA,Casablanca-Settat,02/08/2007,8040,80,804,7,0,2,6.25,Mensuelle,06/08/2019,180.0,mois,08/01/2020,CENTRE D’AFFAIRES DE CASABLANCA,Développement,D,,,0.0,0.0,0.0,0.0,0.0,0.0,2815312.5,1301800.5,1513512.0,0.0,52552.5,0.0,0.0,0.0,75575.5,0.0,0.0,0.0,74074.0,1663161.5,163663.5,175675.5,203703.5,189689.5,155655.5,100600.5,500.5,25025.0,5505.5,-53053.0,-49549.5,0.0,0.0,0.0,0.0,145145.0,1172671.5,1317816.5,13013.0,345345.0,0.0,1663161.5,0.0,0.0,0.0,0.0,0.0,0.0,0.0,0.0,0.0,0.0,0.0,407.0,0,0
3132239,712413,INZEGANE,Souss-Massa,AIT MELLOUL,Souss-Massa,15/08/2014,6062,60,606,0,0,25,0.0,Mensuelle,03/12/2019,60.0,mois,,CENTRE D’AFFAIRES DE FES,Développement,C,,,0.0,0.0,0.0,0.0,0.0,0.0,2622620.0,2140304.8333333335,482315.1666666667,0.0,631464.1666666666,0.0,0.0,0.0,938103.8333333334,0.0,0.0,0.0,598931.6666666666,2019350.6666666667,2359857.5,1186780.0,2853851.0,1097429.6666666667,718050.6666666666,681013.6666666666,1436935.5,368368.0,229395.83333333334,0.0,198031.16666666666,0.0,0.0,0.0,0.0,167667.5,0.0,167667.5,203036.16666666666,1851683.1666666667,0.0,2019350.6666666667,0.0,0.0,0.0,0.0,0.0,0.0,0.0,0.0,0.0,0.0,0.0,5702.0,0,0
3119438,712464,MOHAMMEDIA,Casablanca-Settat,MOHAMMEDIA,Casablanca-Settat,19/10/2015,5151,51,515,320,47,20,1.0,Mensuelle,23/08/2019,60.0,mois,,CENTRE D’AFFAIRES DE RABAT,Développement,B,,,0.0,0.0,0.0,0.0,0.0,0.0,4686431.75,892141.25,3794290.5,1195944.75,7382875.5,0.0,0.0,0.0,15926911.0,0.0,0.0,0.0,2238986.75,21960188.25,209767057.5,218870652.0,147405758.5,2616614.0,1628376.75,1083332.25,142610468.0,985484.5,1325574.25,-114614.5,780529.75,0.0,0.0,0.0,0.0,7568310.75,0.0,7568310.75,8995486.5,14391877.5,0.0,21960188.25,0.0,0.0,0.0,0.0,0.0,0.0,0.0,0.0,0.0,0.0,0.0,294517.0,0,0
3118251,712754,FES,Fès-Meknès,,Autres,,9999,99,999,0,0,28,8.2,Trimestrielle,06/08/2019,12.0,an(s),04/02/2020,CENTRE D’AFFAIRES DE FES,Développement,C,334.0,,0.0,0.0,0.0,0.0,0.0,0.0,0.0,0.0,0.0,0.0,0.0,0.0,0.0,0.0,0.0,0.0,0.0,0.0,0.0,0.0,0.0,0.0,0.0,0.0,0.0,0.0,0.0,0.0,0.0,0.0,0.0,0.0,0.0,0.0,0.0,0.0,0.0,0.0,0.0,0.0,0.0,0.0,0.0,0.0,0.0,0.0,0.0,0.0,0.0,0.0,0.0,0.0,0.0,0.0,1,0
3119013,712873,LAAYOUNE,Laâyoune-Sakia El Hamra,LAAYOUNE,Laâyoune-Sakia El Hamra,06/07/2006,5151,51,515,2,11,26,8.75,Quadrimestrielle,09/08/2019,84.0,mois,07/11/2019,CENTRE D’AFFAIRES D'AGADIR,Développement,C,,,100.0,100.0,100.0,100.0,1.0,1.0,420920.5,41041.0,379879.5,1829327.5,3445942.5,100.0,100.0,100.0,5375870.5,100.0,100.0,100.0,252252.0,6008002.0,7624617.0,3624120.5,10114104.0,2050048.0,1684182.5,1167666.5,7991984.0,364864.5,1666665.0,0.0,1150149.0,70.0,70.0,70.0,1.0,3500997.5,0.0,3500997.5,1774272.5,2507004.5,0.0,6008002.0,51.0,51.0,51.0,38.9349,37.9527,37.9527,38.9743,66.0,100.0,100.0,2.0,20208.0,0,0
3125284,713024,FES,Fès-Meknès,FES,Fès-Meknès,07/12/2012,2466,24,246,10,15,3,6.0,Trimestrielle,18/10/2019,7.0,an(s),,CENTRE D’AFFAIRES DE FES,Développement,D,,,0.0,0.0,0.0,0.0,0.0,0.0,929428.5,189189.0,740239.5,1454453.0,0.0,0.0,0.0,0.0,1482981.5,0.0,0.0,0.0,39039.0,2262260.0,2795793.0,2706203.5,3700196.5,451951.5,317817.5,266766.5,3140637.5,127127.0,221721.5,-28028.0,170670.5,0.0,0.0,0.0,0.0,743242.5,188688.5,931931.0,10010.0,1330329.0,0.0,2262260.0,0.0,0.0,0.0,0.0,0.0,0.0,0.0,0.0,0.0,0.0,0.0,7393.0,0,0
3119153,713341,CASABLANCA,Casablanca-Settat,CASABLANCA,Casablanca-Settat,03/07/2007,5147,51,514,2,8,24,6.5,Mensuelle,19/08/2019,60.0,mois,,CENTRE D’AFFAIRES DE CASABLANCA,Développement,C,,,0.0,0.0,0.0,0.0,0.0,0.0,12752966.533333333,4390260.875,9356688.266666668,3461770.8125,12794782.0,0.0,0.0,0.0,15912261.733333332,0.0,0.0,0.0,1048860.3125,26091467.666666668,9996444.533333333,3369503.859333333,17553466.8,5035092.733333333,2590982.2666666666,1621471.0666666667,13780391.625,3331765.9375,968352.8,-348183.13333333336,-10834.733333333334,0.0,0.0,0.0,0.0,3551035.4,1551277.8666666667,5102313.266666667,8625992.375,16483687.266666668,6070251.6875,25158535.666666668,0.0,0.0,0.0,0.0,0.0,0.0,0.0,0.0,0.0,0.0,0.0,51890.75,0,0
3119155,713341,CASABLANCA,Casablanca-Settat,CASABLANCA,Casablanca-Settat,03/07/2007,5147,51,514,2,8,24,6.5,Mensuelle,19/08/2019,60.0,mois,,CENTRE D’AFFAIRES DE CASABLANCA,Développement,C,,,0.0,0.0,0.0,0.0,0.0,0.0,12752966.533333333,4390260.875,9356688.266666668,3461770.8125,12794782.0,0.0,0.0,0.0,15912261.733333332,0.0,0.0,0.0,1048860.3125,26091467.666666668,9996444.533333333,3369503.859333333,17553466.8,5035092.733333333,2590982.2666666666,1621471.0666666667,13780391.625,3331765.9375,968352.8,-348183.13333333336,-10834.733333333334,0.0,0.0,0.0,0.0,3551035.4,1551277.8666666667,5102313.266666667,8625992.375,16483687.266666668,6070251.6875,25158535.666666668,0.0,0.0,0.0,0.0,0.0,0.0,0.0,0.0,0.0,0.0,0.0,51890.75,0,0
3119482,713341,CASABLANCA,Casablanca-Settat,CASABLANCA,Casablanca-Settat,03/07/2007,5147,51,514,2,8,24,6.5,Mensuelle,19/08/2019,60.0,mois,,CENTRE D’AFFAIRES DE CASABLANCA,Développement,C,,,0.0,0.0,0.0,0.0,0.0,0.0,12752966.533333333,4390260.875,9356688.266666668,3461770.8125,12794782.0,0.0,0.0,0.0,15912261.733333332,0.0,0.0,0.0,1048860.3125,26091467.666666668,9996444.533333333,3369503.859333333,17553466.8,5035092.733333333,2590982.2666666666,1621471.0666666667,13780391.625,3331765.9375,968352.8,-348183.13333333336,-10834.733333333334,0.0,0.0,0.0,0.0,3551035.4,1551277.8666666667,5102313.266666667,8625992.375,16483687.266666668,6070251.6875,25158535.666666668,0.0,0.0,0.0,0.0,0.0,0.0,0.0,0.0,0.0,0.0,0.0,51890.75,0,0
3119484,713341,CASABLANCA,Casablanca-Settat,CASABLANCA,Casablanca-Settat,03/07/2007,5147,51,514,2,8,24,6.5,Mensuelle,19/08/2019,60.0,mois,,CENTRE D’AFFAIRES DE CASABLANCA,Développement,C,,,0.0,0.0,0.0,0.0,0.0,0.0,12752966.533333333,4390260.875,9356688.266666668,3461770.8125,12794782.0,0.0,0.0,0.0,15912261.733333332,0.0,0.0,0.0,1048860.3125,26091467.666666668,9996444.533333333,3369503.859333333,17553466.8,5035092.733333333,2590982.2666666666,1621471.0666666667,13780391.625,3331765.9375,968352.8,-348183.13333333336,-10834.733333333334,0.0,0.0,0.0,0.0,3551035.4,1551277.8666666667,5102313.266666667,8625992.375,16483687.266666668,6070251.6875,25158535.666666668,0.0,0.0,0.0,0.0,0.0,0.0,0.0,0.0,0.0,0.0,0.0,51890.75,0,0
3119486,713341,CASABLANCA,Casablanca-Settat,CASABLANCA,Casablanca-Settat,03/07/2007,5147,51,514,2,8,24,6.5,Mensuelle,19/08/2019,60.0,mois,,CENTRE D’AFFAIRES DE CASABLANCA,Développement,C,,,0.0,0.0,0.0,0.0,0.0,0.0,12752966.533333333,4390260.875,9356688.266666668,3461770.8125,12794782.0,0.0,0.0,0.0,15912261.733333332,0.0,0.0,0.0,1048860.3125,26091467.666666668,9996444.533333333,3369503.859333333,17553466.8,5035092.733333333,2590982.2666666666,1621471.0666666667,13780391.625,3331765.9375,968352.8,-348183.13333333336,-10834.733333333334,0.0,0.0,0.0,0.0,3551035.4,1551277.8666666667,5102313.266666667,8625992.375,16483687.266666668,6070251.6875,25158535.666666668,0.0,0.0,0.0,0.0,0.0,0.0,0.0,0.0,0.0,0.0,0.0,51890.75,0,0
3121312,713448,CASABLANCA,Casablanca-Settat,CASABLANCA,Casablanca-Settat,16/03/2016,6062,60,606,6,32,23,6.75,Mensuelle,04/09/2019,60.0,mois,,CENTRE D’AFFAIRES DE CASABLANCA,Développement,D,,,0.0,0.0,0.0,0.0,0.0,0.0,8886752.875,5960204.25,2926548.625,0.0,8395887.5,0.0,0.0,0.0,11951439.5,0.0,0.0,0.0,1925298.375,16803286.5,11938301.375,8618901.0,13098960.875,2852599.75,1918416.5,1776775.0,9206322.125,832832.0,259759.5,-73198.125,118118.0,0.0,0.0,0.0,0.0,2898145.25,7229472.25,10127617.5,3040412.375,6531775.25,191858.33333333334,16803286.5,0.0,0.0,0.0,0.0,0.0,0.0,0.0,0.0,0.0,0.0,0.0,26171.75,0,0
3119437,713661,LARACHE,Tanger-Tétouan-Al Hoceima,LARACHE,Tanger-Tétouan-Al Hoceima,,500,5,50,3,0,7,6.5,Trimestrielle,02/09/2019,4.0,an(s),02/12/2019,CENTRE D’AFFAIRES DE TANGER,Développement,D,423.0,,100.0,0.0,0.0,100.0,0.0,0.0,0.0,0.0,0.0,0.0,0.0,100.0,0.0,0.0,0.0,100.0,0.0,0.0,0.0,0.0,0.0,0.0,0.0,0.0,0.0,0.0,0.0,0.0,0.0,0.0,0.0,30.0,0.0,0.0,1.0,0.0,0.0,0.0,0.0,0.0,0.0,0.0,51.0,0.0,0.0,35.7357,0.0,0.0,35.6743,50.0,0.0,0.0,2.0,0.0,1,0
3120471,713665,CASABLANCA,Casablanca-Settat,CASABLANCA,Casablanca-Settat,04/02/2013,6062,60,606,2,0,23,5.0,Mensuelle,04/09/2019,60.0,mois,,CENTRE D’AFFAIRES DE CASABLANCA,Développement,C,,,0.0,0.0,0.0,0.0,0.0,0.0,225225.0,4004.0,221221.0,0.0,1993491.5,0.0,0.0,0.0,6860353.5,0.0,0.0,0.0,8008.0,7089582.5,3494491.0,0.0,11046535.5,1175174.0,246246.0,188688.5,8991482.5,920419.5,242242.0,-2002.0,184684.5,0.0,0.0,0.0,0.0,1284783.5,166166.0,1450949.5,4572067.5,5635129.5,3503.5,7089582.5,0.0,0.0,0.0,0.0,0.0,0.0,0.0,0.0,0.0,0.0,0.0,22071.0,0,0
3119956,714020,CASABLANCA,Casablanca-Settat,CASABLANCA,Casablanca-Settat,14/11/2008,6062,60,606,7,100,24,5.0,Mensuelle,26/08/2019,60.0,mois,,CENTRE D’AFFAIRES DE CASABLANCA,Développement,C,,,0.0,0.0,0.0,0.0,0.0,0.0,9289530.25,5309804.5,3979725.75,826575.75,14805540.75,0.0,0.0,0.0,23401628.25,0.0,0.0,0.0,47047.0,27428401.0,24341317.0,10160650.5,31744963.25,7013506.5,3021768.75,1347095.75,21064793.75,3737483.75,2316314.0,-1519267.75,605855.25,0.0,0.0,0.0,0.0,5324068.75,35035.0,5359103.75,15335820.5,19478959.5,2590337.75,27428401.0,0.0,0.0,0.0,0.0,0.0,0.0,0.0,0.0,0.0,0.0,0.0,63426.5,0,0
3125160,714547,CASABLANCA,Casablanca-Settat,CASABLANCA,Casablanca-Settat,29/01/2013,5148,51,514,5,10,7,6.0,Mensuelle,07/10/2019,7.0,an(s),26/06/2020,CENTRE D’AFFAIRES DE CASABLANCA,Développement,C,,,,,,,,,,,,,,,,,,,,,,,,,,,,,,,,,,,,,,,,,,,,,,,,,,,,,,,,,0,1
3120945,714637,CASABLANCA,Casablanca-Settat,CASABLANCA,Casablanca-Settat,17/02/2016,5241,52,524,6,0,9,6.5,Mensuelle,02/09/2019,10.0,an(s),,CENTRE D’AFFAIRES DE CASABLANCA,Développement,C,,2765819.32,100.0,0.0,0.0,100.0,0.0,0.0,0.0,0.0,0.0,0.0,0.0,100.0,0.0,0.0,0.0,100.0,0.0,0.0,0.0,0.0,0.0,0.0,0.0,0.0,0.0,0.0,0.0,0.0,0.0,0.0,0.0,30.0,0.0,0.0,0.0,0.0,0.0,0.0,0.0,0.0,0.0,0.0,100.0,0.0,0.0,44.839,0.0,0.0,0.0,100.0,0.0,0.0,0.0,0.0,1,0
3120820,714673,KENITRA,Rabat-Salé-Kénitra,KENITRA,Rabat-Salé-Kénitra,30/01/2019,8511,85,851,10,0,24,1.0,Mensuelle,05/09/2019,84.0,mois,03/09/2020,CENTRE D’AFFAIRES DE RABAT,Développement,D,1918.0,,,,,,,,0.0,0.0,0.0,0.0,0.0,,,,0.0,,,,1000000.0,1000000.0,0.0,0.0,0.0,0.0,0.0,0.0,0.0,0.0,0.0,0.0,0.0,,,,,1000000.0,0.0,1000000.0,0.0,0.0,0.0,1000000.0,,,,,,,,,,,,,1,0
3121306,715082,,Autres,IFRANE,Fès-Meknès,,5131,51,513,5,0,7,7.0,Annuelle,04/09/2019,7.0,an(s),10/01/2020,CENTRE D’AFFAIRES DE FES,Développement,C,,,0.0,0.0,0.0,0.0,0.0,0.0,0.0,0.0,0.0,0.0,0.0,0.0,0.0,0.0,0.0,0.0,0.0,0.0,0.0,0.0,0.0,0.0,0.0,0.0,0.0,0.0,0.0,0.0,0.0,0.0,0.0,0.0,0.0,0.0,0.0,0.0,0.0,0.0,0.0,0.0,0.0,0.0,0.0,0.0,0.0,0.0,0.0,0.0,0.0,0.0,0.0,0.0,0.0,0.0,0,0
3121410,715114,YOUSSOUFIA,Marrakech-Safi,YOUSSOUFIA,Marrakech-Safi,25/05/2017,2663,26,266,34,0,1,6.0,Trimestrielle,06/09/2019,7.0,an(s),23/09/2019,CENTRE D’AFFAIRES DE MARRAKECH,Développement,D,198.0,1137500.0,65.0,100.0,0.0,1.0,100.0,0.0,1659157.5,61061.0,1598096.5,7507.5,12512.5,100.0,100.0,0.0,20020.0,50.0,100.0,0.0,9009.0,1627125.5,0.0,0.0,2490988.5,202702.5,174674.5,145145.0,2276274.0,27527.5,114114.0,-11511.5,84584.5,100.0,100.0,0.0,2.0,132632.5,344844.5,477477.0,0.0,1149648.5,0.0,1627125.5,51.0,51.0,0.0,27.1167,43.9017,0.0,36.2243,50.0,100.0,0.0,2.0,4977.0,1,0
3121428,715194,TANGER,Tanger-Tétouan-Al Hoceima,TANGER,Tanger-Tétouan-Al Hoceima,08/01/2008,1825,18,182,0,0,1,6.5,Trimestrielle,06/09/2019,1.0,an(s),31/08/2020,CENTRE D’AFFAIRES DE TANGER,Développement,C,214.0,,0.0,0.0,0.0,0.0,0.0,0.0,474974.5,237737.5,237237.0,23023.0,213713.5,0.0,0.0,0.0,1281780.5,0.0,0.0,0.0,38538.5,1557556.0,4852848.0,4859855.0,4280276.0,1295294.0,339839.5,293293.0,2704702.0,953452.5,311311.0,0.0,264764.5,0.0,0.0,0.0,0.0,570570.0,0.0,570570.0,887887.0,986986.0,0.0,1557556.0,0.0,0.0,0.0,0.0,0.0,0.0,0.0,0.0,0.0,0.0,0.0,8552.0,1,0
3122296,715836,MOHAMMEDIA,Casablanca-Settat,MOHAMMEDIA,Casablanca-Settat,03/10/2013,2451,24,245,5,50,35,5.65,Mensuelle,12/09/2019,10.0,an(s),10/11/2021,CENTRE D’AFFAIRES DE LAAYOUNE,Développement,C,,,0.0,0.0,0.0,0.0,0.0,0.0,4972596.461538462,1325181.0,3896324.6153846155,2445586.0,1015729.0,0.0,0.0,0.0,3377363.230769231,0.0,0.0,0.0,5791.5,7279771.0,4023472.076923077,2175371.230769231,7474355.307692308,1768670.2307692308,626702.0769230769,470527.23076923075,5707130.0,1211925.0,342497.23076923075,-90733.23076923077,186315.07692307694,0.0,0.0,0.0,0.0,2616075.769230769,1526121.0,4142196.769230769,1235305.5,3008482.3846153845,156871.0,7279771.0,0.0,0.0,0.0,0.0,0.0,0.0,0.0,0.0,0.0,0.0,0.0,17233.714285714286,0,0
3122333,715882,KENITRA,Rabat-Salé-Kénitra,KENITRA,Rabat-Salé-Kénitra,27/03/2014,8021,80,802,12,0,36,8.0,Mensuelle,13/09/2019,48.0,mois,02/10/2019,CENTRE D’AFFAIRES DE RABAT,Développement,C,,,0.0,0.0,0.0,0.0,0.0,0.0,3461458.0,1040539.5,2420918.5,0.0,9009.0,0.0,0.0,0.0,17517.5,0.0,0.0,0.0,21521.5,2459957.5,1233732.5,865865.0,2038536.5,1904402.5,864363.5,727727.0,79079.0,1036035.0,542041.5,-6006.0,405405.0,0.0,0.0,0.0,0.0,903903.0,25025.0,928928.0,27027.0,1531029.5,0.0,2459957.5,0.0,0.0,0.0,0.0,0.0,0.0,0.0,0.0,0.0,0.0,0.0,4073.0,0,0
3132078,716290,CASABLANCA,Casablanca-Settat,CASABLANCA,Casablanca-Settat,06/03/2016,6025,60,602,5,204,20,5.0,Mensuelle,03/12/2019,60.0,mois,,CENTRE D’AFFAIRES DE CASABLANCA,Développement,C,,,25.0,0.0,0.0,25.0,0.0,0.0,45342046.75,7483100.625,37858946.125,0.0,29658003.375,25.0,0.0,0.0,42658866.25,25.0,0.0,0.0,653152.5,81170964.875,45880253.125,21160057.625,71037466.5,18545026.5,12657645.0,6293912.625,36931394.5,5363232.875,8269010.75,-784658.875,1905278.375,7.5,0.0,0.0,0.0,29019991.0,16164022.875,45184013.875,22793145.375,25000475.5,10986475.5,81170964.875,25.0,0.0,0.0,11.20975,0.0,0.0,0.0,25.0,0.0,0.0,0.0,141895.5,0,0
3123193,716564,CASABLANCA,Casablanca-Settat,CASABLANCA,Casablanca-Settat,21/05/1984,2222,22,222,1,16,22,6.5,Mensuelle,19/09/2019,60.0,mois,31/10/2019,CENTRE D’AFFAIRES DE CASABLANCA,Développement,D,,,0.0,0.0,0.0,0.0,0.0,0.0,2882880.0,2027025.0,855855.0,0.0,5058053.0,0.0,0.0,0.0,5939433.5,0.0,0.0,0.0,914914.0,7710202.5,5353848.5,0.0,6082576.5,1571069.5,267267.0,379879.5,3438935.5,1257756.5,187687.5,0.0,300300.0,0.0,0.0,0.0,0.0,1946945.0,0.0,1946945.0,3275772.5,5763257.5,0.0,7710202.5,0.0,0.0,0.0,0.0,0.0,0.0,0.0,0.0,0.0,0.0,0.0,12153.0,0,0
3123306,716577,RABAT,Rabat-Salé-Kénitra,RABAT,Rabat-Salé-Kénitra,14/01/1991,8022,80,802,30,120,9,5.75,Mensuelle,27/09/2019,10.0,an(s),01/06/2020,CENTRE D’AFFAIRES DE RABAT,Développement,C,,,0.0,0.0,0.0,0.0,0.0,0.0,6162156.0,4956952.0,1205204.0,0.0,0.0,0.0,0.0,0.0,0.0,0.0,0.0,0.0,7108601.5,8313805.5,7513506.0,6448942.5,8389381.0,6883376.5,2208206.0,1649147.5,738237.5,4562558.0,1937936.0,0.0,1378877.5,0.0,0.0,0.0,0.0,7831323.5,0.0,7831323.5,81081.0,482482.0,0.0,8313805.5,0.0,0.0,0.0,0.0,0.0,0.0,0.0,0.0,0.0,0.0,0.0,16762.0,0,0
3123293,716672,TANGER,Tanger-Tétouan-Al Hoceima,TANGER,Tanger-Tétouan-Al Hoceima,16/06/2015,4529,45,452,0,75,23,6.2,Mensuelle,20/09/2019,48.0,mois,25/12/2019,CENTRE D’AFFAIRES DE TANGER,Développement,C,,,0.0,0.0,0.0,0.0,0.0,0.0,392892.5,126626.5,266266.0,0.0,4220216.0,0.0,0.0,0.0,5340335.0,0.0,0.0,0.0,500.5,5607101.5,13296283.0,19954935.0,12702690.0,2420418.0,381881.5,278778.5,10171161.0,2023021.0,336336.0,-37537.5,233233.0,0.0,0.0,0.0,0.0,1076075.0,243743.5,1319818.5,1970468.5,2982980.0,1304303.0,5607101.5,0.0,0.0,0.0,0.0,0.0,0.0,0.0,0.0,0.0,0.0,0.0,25380.0,0,0
3123996,716677,AGADIR,Souss-Massa,AGADIR,Souss-Massa,19/07/2018,6062,60,606,2,0,25,1.0,Mensuelle,26/09/2019,60.0,mois,14/11/2019,CENTRE D’AFFAIRES D'AGADIR,Développement,C,398.0,,50.0,0.0,0.0,50.0,0.0,0.0,1372621.25,839839.0,532782.25,0.0,847596.75,37.5,0.0,0.0,1689938.25,50.0,0.0,0.0,41791.75,2264512.25,2486734.25,1811559.75,3332829.5,489489.0,156156.0,265515.25,2217715.5,301801.5,-53303.25,-14014.0,-2502.5,15.0,0.0,0.0,2.0,862862.0,0.0,862862.0,1200699.5,1312811.5,88838.75,2264512.25,25.5,0.0,0.0,20.41035,0.0,0.0,17.17075,50.0,0.0,0.0,1.0,6659.0,1,0
3123850,717148,AGADIR,Souss-Massa,AGADIR,Souss-Massa,19/08/2003,4531,45,453,25,12,5,6.5,Mensuelle,25/09/2019,84.0,mois,,CENTRE D’AFFAIRES D'AGADIR,Développement,D,,,0.0,0.0,0.0,0.0,0.0,0.0,321321.0,119119.0,202202.0,11511.5,2115613.5,0.0,0.0,0.0,2220718.5,0.0,0.0,0.0,48048.0,2470968.5,3248245.0,2818315.5,2470968.5,524023.5,267767.5,227727.5,1828326.5,205705.5,249749.5,0.0,209709.5,0.0,0.0,0.0,0.0,1307306.0,29029.0,1336335.0,675174.5,1134633.5,0.0,2470968.5,0.0,0.0,0.0,0.0,0.0,0.0,0.0,0.0,0.0,0.0,0.0,4937.0,0,0
3124204,717293,CASABLANCA,Casablanca-Settat,CASABLANCA,Casablanca-Settat,12/03/2018,4102,41,410,24,0,7,7.0,Mensuelle,27/09/2019,5.0,an(s),,CENTRE D’AFFAIRES DE CASABLANCA,Développement,D,,,100.0,100.0,0.0,100.0,1.0,0.0,389889.5,23023.0,366866.5,0.0,0.0,100.0,100.0,0.0,13513.5,100.0,100.0,0.0,1001.0,381381.0,0.0,0.0,140640.5,15515.5,9009.0,9009.0,119119.0,2002.0,-14014.0,0.0,-14014.0,70.0,70.0,0.0,1.0,36036.0,0.0,36036.0,290790.5,345345.0,0.0,381381.0,50.0,50.0,0.0,38.8682,32.051,0.0,38.3403,66.0,50.0,0.0,1.0,281.0,0,0
3124393,717613,TANGER,Tanger-Tétouan-Al Hoceima,TANGER,Tanger-Tétouan-Al Hoceima,15/01/1990,6062,60,606,0,0,20,6.0,Mensuelle,23/10/2019,48.0,mois,,CENTRE D’AFFAIRES DE TANGER,Développement,C,,,0.0,0.0,0.0,0.0,0.0,0.0,1381046.3333333333,536369.1666666666,844677.1666666666,0.0,9099090.0,0.0,0.0,0.0,10145135.0,0.0,0.0,0.0,1442107.3333333333,12431919.5,19740293.333333332,5829918.0,34338304.0,5754081.666666667,2818649.1666666665,2283614.6666666665,26381688.666666668,2818482.3333333335,2562560.0,-10343.666666666666,1786284.5,0.0,0.0,0.0,0.0,5357685.666666667,0.0,5357685.666666667,4930926.0,7074233.833333333,0.0,12431919.5,0.0,0.0,0.0,0.0,0.0,0.0,0.0,0.0,0.0,0.0,0.0,68608.0,0,0
3124430,717638,,Autres,CASABLANCA,Casablanca-Settat,01/10/2015,8512,85,851,4,0,5,6.5,Mensuelle,30/09/2019,15.0,an(s),,CENTRE D’AFFAIRES DE CASABLANCA,Développement,C,,,0.0,0.0,0.0,0.0,0.0,0.0,113613.5,18018.0,95595.5,0.0,23023.0,0.0,0.0,0.0,24024.0,0.0,0.0,0.0,8008.0,127627.5,88588.5,0.0,146646.5,93593.5,68068.0,58058.0,12512.5,21521.5,63063.0,-500.5,53053.0,0.0,0.0,0.0,0.0,114614.5,0.0,114614.5,500.5,13013.0,0.0,127627.5,0.0,0.0,0.0,0.0,0.0,0.0,0.0,0.0,0.0,0.0,0.0,293.0,0,0
3133807,717643,CASABLANCA,Casablanca-Settat,CASABLANCA,Casablanca-Settat,11/04/2011,6062,60,606,2,0,25,7.0,Mensuelle,12/12/2019,5.0,an(s),,CENTRE D’AFFAIRES DE RABAT,Développement,C,,,0.0,0.0,0.0,0.0,0.0,0.0,691691.0,26418.058666999998,669675.9511108333,0.0,1696428.3477808333,0.0,0.0,0.0,2634902.9940566667,0.0,0.0,0.0,461905.4047941666,3766484.349961667,1161227194.37231,2193861435.84731,7474255.765643333,1000841.7385633333,303936.99753083335,209241.2030041667,3710576.173470834,656684.6119166667,293459.8641975,-57557.5,198764.06967083333,0.0,0.0,0.0,0.0,1711726.9427591667,393893.5,2105620.442759167,1370148.51428,1660863.9072025,0.0,3766484.349961667,0.0,0.0,0.0,0.0,0.0,0.0,0.0,0.0,0.0,0.0,0.0,14616.077953333333,0,0
3124988,718096,CASABLANCA,Casablanca-Settat,CASABLANCA,Casablanca-Settat,09/08/1974,3611,36,361,0,450,35,4.95,Mensuelle,04/10/2019,5.0,an(s),03/11/2020,CENTRE D’AFFAIRES DE CASABLANCA,Développement,C,,,0.0,0.0,0.0,0.0,0.0,0.0,142578936.5,95583237.75,46995698.75,48915616.75,108652043.5,0.0,0.0,0.0,161212551.5,0.0,0.0,0.0,1331580.25,209539830.5,160270860.75,154112708.75,169683015.75,48604057.75,12730720.25,9120361.25,114337473.25,35185150.0,6670664.0,-3785031.25,2323571.25,0.0,0.0,0.0,0.0,85592006.5,1259007.75,86851014.25,27801273.5,68632063.5,54056752.75,209539830.5,0.0,0.0,0.0,0.0,0.0,0.0,0.0,0.0,0.0,0.0,0.0,334961.0,0,0
3125147,718213,AZROU,Fès-Meknès,AZROU,Fès-Meknès,22/10/2015,5523,55,552,15,4,5,7.25,Mensuelle,04/10/2019,84.0,mois,,CENTRE D’AFFAIRES DE FES,Développement,D,,387876.17,0.0,0.0,0.0,0.0,0.0,0.0,31531.5,8008.0,23523.5,0.0,0.0,0.0,0.0,0.0,5505.5,0.0,0.0,0.0,0.0,29029.0,0.0,0.0,0.0,-36036.0,-36036.0,-36536.5,0.0,0.0,-38538.5,-500.5,-39039.0,0.0,0.0,0.0,0.0,-80080.0,101601.5,21521.5,0.0,7007.0,500.5,29029.0,0.0,0.0,0.0,0.0,0.0,0.0,0.0,0.0,0.0,0.0,0.0,0.0,1,0
3125589,718341,RABAT,Rabat-Salé-Kénitra,RABAT,Rabat-Salé-Kénitra,08/01/1988,2222,22,222,0,0,22,0.0,Mensuelle,09/10/2019,48.0,mois,24/10/2019,CENTRE D’AFFAIRES DE RABAT,Développement,C,,,,,,,,,36105000.0,15922000.0,20183000.0,3170000.0,17096000.0,,,,36119000.0,,,,3098000.0,59400000.0,30582000.0,57190000.0,18540000.0,4298000.0,2304000.0,736000.0,12296000.0,1913000.0,1064000.0,-190000.0,-504000.0,,,,,12749000.0,3158000.0,15907000.0,40141000.0,43493000.0,,59400000.0,,,,,,,,,,,,,0,0
3126322,719187,TANGER,Tanger-Tétouan-Al Hoceima,TETOUAN,Tanger-Tétouan-Al Hoceima,13/01/2016,9306,93,930,5,0,1,5.0,Annuelle,16/10/2019,6.0,an(s),,CENTRE D’AFFAIRES DE TANGER,Développement,D,,,100.0,0.0,0.0,100.0,0.0,0.0,99599.5,18018.0,81581.5,0.0,0.0,100.0,0.0,0.0,6506.5,100.0,0.0,0.0,40040.0,128128.0,125125.0,0.0,0.0,-37537.5,-122622.5,-123123.0,1001.0,85085.0,-136636.5,0.0,-137137.0,30.0,0.0,0.0,3.0,-87087.0,0.0,-87087.0,2002.0,214714.5,500.5,128128.0,51.0,0.0,0.0,41.5707,0.0,0.0,30.7243,100.0,0.0,0.0,2.0,0.0,0,0
3127194,719483,,Autres,EL HAJEB,Fès-Meknès,,9999,99,999,15,0,1,6.0,Trimestrielle,23/10/2019,7.0,an(s),,CENTRE D’AFFAIRES DE FES,Développement,C,,,0.0,0.0,0.0,0.0,0.0,0.0,3993500.0,58000.0,3935500.0,0.0,1470500.0,0.0,0.0,0.0,1979000.0,0.0,0.0,0.0,995000.0,6909500.0,0.0,0.0,3237500.0,978500.0,957000.0,299500.0,2215000.0,21500.0,957000.0,-657500.0,299500.0,0.0,0.0,0.0,0.0,4162000.0,0.0,4162000.0,2117500.0,2733000.0,14500.0,6909500.0,0.0,0.0,0.0,0.0,0.0,0.0,0.0,0.0,0.0,0.0,0.0,0.0,0,0
3127076,719761,CASABLANCA,Casablanca-Settat,CASABLANCA,Casablanca-Settat,12/12/2005,3430,34,343,5,75,3,5.0,Mensuelle,23/10/2019,7.0,an(s),,CENTRE D’AFFAIRES DE CASABLANCA,Développement,D,,,0.0,0.0,0.0,0.0,0.0,0.0,3202914.0,887579.0,2378733.5,3231013.5,2882951.5,0.0,0.0,0.0,7553188.5,0.0,0.0,0.0,198055.0,10129977.0,4691614.928571428,3021425.5714285714,6675383.0,1507649.0,593307.0,383597.5,4410120.0,890532.5,306806.5,-240812.0,103031.5,0.0,0.0,0.0,0.0,986128.0,2522520.0,3508648.0,1753752.0,4996491.5,1749825.0,10129977.0,0.0,0.0,0.0,0.0,0.0,0.0,0.0,0.0,0.0,0.0,0.0,13088.42857142857,0,0
3127384,720047,,Autres,FES,Fès-Meknès,,122,1,12,0,0,7,5.0,Annuelle,24/10/2019,7.0,an(s),29/01/2020,CENTRE D’AFFAIRES DE FES,Développement,C,,,0.0,0.0,0.0,0.0,0.0,0.0,0.0,0.0,0.0,0.0,0.0,0.0,0.0,0.0,0.0,0.0,0.0,0.0,0.0,0.0,0.0,0.0,0.0,0.0,0.0,0.0,0.0,0.0,0.0,0.0,0.0,0.0,0.0,0.0,0.0,0.0,0.0,0.0,0.0,0.0,0.0,0.0,0.0,0.0,0.0,0.0,0.0,0.0,0.0,0.0,0.0,0.0,0.0,0.0,0,0
3128747,721178,INZEGANE,Souss-Massa,AIT MELLOUL,Souss-Massa,06/08/2014,6062,60,606,1,9,25,1.0,Mensuelle,05/11/2019,60.0,mois,10/12/2019,CENTRE D’AFFAIRES D'AGADIR,Développement,D,,,100.0,100.0,0.0,1.0,1.0,0.0,3053050.0,1519518.0,1533532.0,0.0,1697696.0,100.0,100.0,0.0,2381379.0,100.0,100.0,0.0,1001.0,3915912.0,3706703.0,0.0,4156152.0,948948.0,774273.5,673172.5,2354352.0,163163.0,186186.0,-80580.5,85085.0,100.0,100.0,0.0,2.0,1161660.5,415415.0,1577075.5,1023022.0,2307805.5,31031.0,3915912.0,51.0,51.0,0.0,27.3984,27.3984,0.0,37.8893,1.0,1.0,0.0,2.0,8304.0,0,0
3129419,721592,CASABLANCA,Casablanca-Settat,CASABLANCA,Casablanca-Settat,24/07/2015,5241,52,524,5,0,1,5.25,Trimestrielle,13/11/2019,7.0,an(s),,CENTRE D’AFFAIRES DE CASABLANCA,Développement,C,,,32.0,0.0,0.0,100.0,0.0,0.0,0.0,0.0,0.0,0.0,0.0,100.0,0.0,0.0,50050.0,50.0,0.0,0.0,0.0,50050.0,0.0,0.0,0.0,0.0,0.0,-1501.5,0.0,0.0,0.0,0.0,-1501.5,35.0,0.0,0.0,0.0,48548.5,0.0,48548.5,1501.5,1501.5,0.0,50050.0,51.0,0.0,0.0,27.8522,0.0,0.0,0.0,50.0,0.0,0.0,0.0,0.0,0,0
3130165,722240,RABAT,Rabat-Salé-Kénitra,RABAT,Rabat-Salé-Kénitra,17/04/1980,7412,74,741,0,160,23,0.0,Mensuelle,21/11/2019,48.0,mois,,CENTRE D’AFFAIRES DE RABAT,Développement,C,,,0.0,0.0,0.0,0.0,0.0,0.0,10115405.3,4185181.0,5930224.3,1653852.2,17343726.4,0.0,0.0,0.0,24292868.6,0.0,0.0,0.0,657256.6,30880349.5,32394951.7,15731799.8,41935393.5,31301670.4,3615612.0,1852150.3,2278876.6,27406879.5,1745844.1,-305204.9,329228.9,0.0,0.0,0.0,0.0,6439332.9,5792386.6,12231719.5,3268565.3,15056241.2,3592388.8,30880349.5,0.0,0.0,0.0,0.0,0.0,0.0,0.0,0.0,0.0,0.0,0.0,82820.4,0,0
3132093,722422,OUJDA,L'oriental,OUJDA,L'oriental,10/05/2000,4526,45,452,5,0,24,5.3,Mensuelle,02/12/2019,48.0,mois,,CENTRE D’AFFAIRES D’OUJDA,Développement,C,,,0.0,0.0,0.0,0.0,0.0,0.0,156887430.7,122553230.8,34334199.9,79790210.5,253733279.8,0.0,0.0,0.0,388820632.2,0.0,0.0,0.0,26317190.9,449472023.0,480840660.3,313147736.0,524767142.9,79644064.5,31228197.0,23715892.2,400837236.8,43790847.1,21038717.7,-2771368.6,13526412.9,0.0,0.0,0.0,0.0,113396983.7,25916390.5,139313374.2,170779208.6,250554604.3,59604044.5,449472023.0,0.0,0.0,0.0,0.0,0.0,0.0,0.0,0.0,0.0,0.0,0.0,1076776.0,0,0
3134817,722539,RABAT,Rabat-Salé-Kénitra,FES,Fès-Meknès,17/08/2012,6031,60,603,0,34,25,5.3,Mensuelle,17/12/2019,60.0,mois,31/12/2019,CENTRE D’AFFAIRES DE FES,Développement,C,713.0,,0.0,0.0,0.0,0.0,0.0,0.0,68464896.5,50193560.083333336,18271336.416666668,704620.5833333334,25982289.666666668,0.0,0.0,0.0,76309900.33333333,0.0,0.0,0.0,6125869.75,100707106.5,15005495.25,9825945.083333334,39199410.25,4382878.5,7626035.083333333,10405395.0,27813452.333333332,6224468.25,-147480.66666666666,-495495.0,721053.6666666666,0.0,0.0,0.0,0.0,44769975.25,6125702.916666667,50895678.166666664,27390196.166666668,46148685.916666664,3662742.4166666665,100707106.5,0.0,0.0,0.0,0.0,0.0,0.0,0.0,0.0,0.0,0.0,0.0,69375.83333333333,1,0
3130327,722549,CASABLANCA,Casablanca-Settat,CASABLANCA,Casablanca-Settat,16/09/1992,4533,45,453,2,0,23,6.5,Mensuelle,26/11/2019,48.0,mois,,CENTRE D’AFFAIRES DE CASABLANCA,Développement,C,,,0.0,0.0,0.0,0.0,0.0,0.0,3421418.0,2652650.0,768768.0,2014012.0,4481977.5,0.0,0.0,0.0,6495989.5,0.0,0.0,0.0,118618.5,7383376.0,17129112.0,18400382.0,16167651.5,5394389.0,733232.5,593092.5,9918408.5,4629124.5,526526.0,-87087.0,370370.0,0.0,0.0,0.0,0.0,1646645.0,275775.5,1922420.5,3596593.0,5256251.0,204704.5,7383376.0,0.0,0.0,0.0,0.0,0.0,0.0,0.0,0.0,0.0,0.0,0.0,31866.0,0,0
3134351,722695,CASABLANCA,Casablanca-Settat,CASABLANCA,Casablanca-Settat,18/03/2008,5511,55,551,150,0,4,5.62,Trimestrielle,19/12/2019,10.0,an(s),,CENTRE D’AFFAIRES DE CASABLANCA,Développement,B,,,100.0,0.0,0.0,100.0,0.0,0.0,0.0,0.0,0.0,3698695.0,0.0,100.0,0.0,0.0,3699195.5,100.0,0.0,0.0,394394.0,4093589.5,0.0,0.0,0.0,0.0,0.0,-1501.5,0.0,0.0,0.0,0.0,-1501.5,30.0,0.0,0.0,1.0,36036.5,4053.0,40089.5,0.0,4053500.0,0.0,4093589.5,100.0,0.0,0.0,44.839,0.0,0.0,43.7228,100.0,0.0,0.0,1.0,0.0,0,0
3130832,722873,CASABLANCA,Casablanca-Settat,CASABLANCA,Casablanca-Settat,04/12/1982,4543,45,454,10,120,23,5.0,Mensuelle,26/11/2019,60.0,mois,25/12/2019,CENTRE D’AFFAIRES DE CASABLANCA,Développement,C,,,0.0,0.0,0.0,0.0,0.0,0.0,8480305.166666666,4937849.583333333,3542455.5833333335,4020599.9166666665,73082759.75,0.0,0.0,0.0,101120853.16666667,0.0,0.0,0.0,1868283.0833333333,106531591.83333333,36538898.166666664,20250455.583333332,63429783.083333336,18075891.166666668,7230640.083333333,8148807.333333333,42207582.083333336,10561551.0,3906652.75,-328578.25,1598179.9166666667,0.0,0.0,0.0,0.0,37011975.0,2969216.25,39981191.25,28952006.416666668,58279638.083333336,8270762.5,106531591.83333333,0.0,0.0,0.0,0.0,0.0,0.0,0.0,0.0,0.0,0.0,0.0,125530.83333333333,0,0
3130847,722894,CASABLANCA,Casablanca-Settat,CASABLANCA,Casablanca-Settat,22/03/1989,2522,25,252,6,95,22,5.0,Mensuelle,26/11/2019,60.0,mois,,CENTRE D’AFFAIRES DE CASABLANCA,Développement,C,,,0.0,0.0,0.0,0.0,0.0,0.0,6318061.75,1662661.0,5071066.0,2092090.0,3592255.3333333335,0.0,0.0,0.0,4840335.5,0.0,0.0,0.0,692692.0,10430920.5,20902882.0,10615354.75,10454193.75,2309557.25,299549.25,292041.75,9541532.0,2624288.3333333335,55305.25,13513.5,47797.75,0.0,0.0,0.0,0.0,1802050.25,0.0,1802050.25,3773102.6666666665,5058303.25,0.0,6860353.5,0.0,0.0,0.0,0.0,0.0,0.0,0.0,0.0,0.0,0.0,0.0,20554.5,0,0
3131806,723022,CASABLANCA,Casablanca-Settat,CASABLANCA,Casablanca-Settat,19/07/2016,6022,60,602,20,90,25,5.0,Mensuelle,02/12/2019,60.0,mois,12/03/2021,CENTRE D’AFFAIRES DE CASABLANCA,Développement,C,376.0,,0.0,0.0,0.0,0.0,0.0,0.0,5362857.5,1844199.5,3518658.0,463606.0,559773.5,0.0,0.0,0.0,53977995.5,0.0,0.0,0.0,3630627.0,61127280.5,14591255.357142856,6731478.142857143,23502908.0,2660801.0,4184895.0,6663943.0,11614531.5,9679956.0,261690.0,-327255.5,1663733.5,0.0,0.0,0.0,0.0,25831019.5,5379588.5,31210608.0,12933849.5,28018991.0,1897681.5,61127280.5,0.0,0.0,0.0,0.0,0.0,0.0,0.0,0.0,0.0,0.0,0.0,46915.142857142855,1,0
3131800,723516,MEKNES,Fès-Meknès,MEKNES,Fès-Meknès,,116,1,11,10,0,4,6.0,Annuelle,29/11/2019,6.0,an(s),,CENTRE D’AFFAIRES DE FES,Développement,C,,,,,,,,,0.0,,0.0,,,,,,0.0,,,,,0.0,0.0,0.0,0.0,0.0,0.0,0.0,,,0.0,0.0,0.0,,,,,0.0,0.0,0.0,,0.0,,0.0,,,,,,,,,,,,,0,0
3131801,723518,MEKNES,Fès-Meknès,MEKNES,Fès-Meknès,01/01/2005,122,1,12,0,0,4,6.0,Annuelle,29/11/2019,6.0,an(s),01/11/2022,CENTRE D’AFFAIRES DE FES,Développement,C,,,100.0,0.0,0.0,100.0,0.0,0.0,0.0,0.0,0.0,0.0,0.0,100.0,0.0,0.0,0.0,100.0,0.0,0.0,0.0,0.0,0.0,0.0,0.0,0.0,0.0,0.0,0.0,0.0,0.0,0.0,0.0,35.0,0.0,0.0,2.0,0.0,0.0,0.0,0.0,0.0,0.0,0.0,100.0,0.0,0.0,45.0055,0.0,0.0,40.505,100.0,0.0,0.0,3.0,0.0,0,0
3131813,723552,RABAT,Rabat-Salé-Kénitra,RABAT,Rabat-Salé-Kénitra,10/03/2004,7260,72,726,15,0,3,5.0,Annuelle,17/12/2019,6.0,an(s),,CENTRE D’AFFAIRES DE FES,Développement,C,,,0.0,0.0,0.0,0.0,0.0,0.0,359359.0,173673.5,185685.5,4004.0,1505003.5,0.0,0.0,0.0,1607105.5,0.0,0.0,0.0,0.0,1792791.0,3557053.5,0.0,5179674.5,4240736.5,753252.5,598097.5,401901.5,3483480.0,726225.5,0.0,571070.5,0.0,0.0,0.0,0.0,644644.0,0.0,644644.0,24524.5,1122621.5,25525.5,1792791.0,0.0,0.0,0.0,0.0,0.0,0.0,0.0,0.0,0.0,0.0,0.0,10349.0,0,0
3133763,723554,FKIH BEN SALAH,Béni Mellal-Khénifra,FKIH BEN SALAH,Béni Mellal-Khénifra,20/06/2012,6023,60,602,2,0,25,7.0,Mensuelle,11/12/2019,60.0,mois,,CENTRE D’AFFAIRES DE MARRAKECH,Développement,C,,,0.0,0.0,0.0,0.0,0.0,0.0,211211.0,211211.0,0.0,0.0,0.0,0.0,0.0,0.0,0.0,0.0,0.0,0.0,19019.0,19019.0,48048.0,0.0,243243.0,11011.0,-30030.0,-32532.5,195195.0,41041.0,-30030.0,0.0,-32532.5,0.0,0.0,0.0,0.0,15515.5,0.0,15515.5,500.5,3503.5,0.0,19019.0,0.0,0.0,0.0,0.0,0.0,0.0,0.0,0.0,0.0,0.0,0.0,486.0,0,0
3132349,723746,CASABLANCA,Casablanca-Settat,CASABLANCA,Casablanca-Settat,01/01/2012,5050,50,505,14,0,1,5.0,Mensuelle,04/12/2019,7.0,an(s),,CENTRE D’AFFAIRES DE CASABLANCA,Développement,C,,,32.0,32.0,0.0,1.0,1.0,0.0,6991.985,0.0,6991.985,1253752.5,0.0,75.0,75.0,0.0,1259721.9635,100.0,100.0,0.0,655.655,1267369.6035,0.0,0.0,0.0,-24663.639,-24663.639,-26165.139,0.0,0.0,-24663.639,0.0,-26165.139,35.0,35.0,0.0,0.0,-22661.639,0.0,-22661.639,28126.5985,1290031.2425,0.0,1267369.6035,100.0,51.0,0.0,26.6705,23.4022,0.0,0.0,50.0,50.0,0.0,0.0,0.0,0,0
3132309,724193,TETOUAN,Tanger-Tétouan-Al Hoceima,TETOUAN,Tanger-Tétouan-Al Hoceima,02/12/2014,1421,14,142,0,0,23,6.5,Mensuelle,03/12/2019,48.0,mois,,CENTRE D’AFFAIRES DE TANGER,Développement,C,,,0.0,0.0,0.0,0.0,0.0,0.0,1714879.8333333333,965464.5,749415.3333333334,943943.0,515681.8333333333,0.0,0.0,0.0,1533031.5,0.0,0.0,0.0,89756.33333333333,2372203.1666666665,2761258.5,1668667.0,3098595.5,733899.8333333334,356522.8333333333,319819.5,1538203.3333333333,369702.6666666667,24024.0,-19686.333333333332,-12679.333333333334,0.0,0.0,0.0,0.0,335501.8333333333,1492824.6666666667,1828326.5,335501.8333333333,460960.5,124374.25,2372203.1666666665,0.0,0.0,0.0,0.0,0.0,0.0,0.0,0.0,0.0,0.0,0.0,5792.0,0,0
3132336,724231,CASABLANCA,Casablanca-Settat,CASABLANCA,Casablanca-Settat,05/08/2014,2466,24,246,0,0,22,1.0,Mensuelle,04/12/2019,60.0,mois,,CENTRE D’AFFAIRES DE CASABLANCA,Développement,C,,,4.571428571428571,4.571428571428571,4.571428571428571,7.142857142857143,0.14285714285714285,0.14285714285714285,10642489.0,978763.5,9663725.5,2068566.5,3375944.0,14.285714285714286,14.285714285714286,14.285714285714286,6769334.0,14.285714285714286,14.285714285714286,14.285714285714286,182396.5,16615456.0,5186228.714285715,2857788.4285714286,8237157.5,1701700.0,967466.5,664735.5,6132984.0,718861.0,684970.0,-164378.5,379736.5,14.285714285714286,14.285714285714286,14.285714285714286,0.5714285714285714,3599596.0,5836831.0,9436427.0,2700912.5,6208702.5,1044967.0,16615456.0,14.285714285714286,14.285714285714286,14.285714285714286,4.576428571428571,4.226428571428571,4.226428571428571,5.591471428571429,7.142857142857143,7.142857142857143,7.142857142857143,0.14285714285714285,16457.85714285714,0,0
3136057,724239,TAROUDANT,Souss-Massa,TAROUDANT,Souss-Massa,11/09/2007,116,1,11,0,140,7,5.5,Semestrielle,25/12/2019,5.0,an(s),06/05/2020,CENTRE D’AFFAIRES D'AGADIR,Développement,C,,,14.285714285714286,14.285714285714286,14.285714285714286,0.14285714285714285,0.14285714285714285,0.14285714285714285,34795117.5,24921468.0,9873649.5,11367499.0,3321461.0,14.285714285714286,14.285714285714286,14.285714285714286,14785413.5,9.428571428571429,14.285714285714286,14.285714285714286,6853.0,24665426.5,7291803.857142857,5905349.285714285,11861564.0,5320172.0,2994348.5,2227797.0,4573426.0,2276488.5,633061.0,-788001.5,-133490.5,5.0,14.285714285714286,14.285714285714286,0.14285714285714285,6695832.0,9024587.0,15720419.0,1824537.0,2485411.5,6459596.0,24665426.5,7.285714285714286,7.285714285714286,7.285714285714286,4.536028571428571,4.9977,4.9977,5.805614285714285,7.142857142857143,9.428571428571429,9.428571428571429,0.2857142857142857,22706.85714285714,0,0
3132636,724372,CASABLANCA,Casablanca-Settat,CASABLANCA,Casablanca-Settat,10/06/2015,8021,80,802,41,0,1,6.0,Mensuelle,06/12/2019,7.0,an(s),,CENTRE D’AFFAIRES DE CASABLANCA,Développement,D,,,100.0,0.0,0.0,100.0,0.0,0.0,0.0,0.0,0.0,0.0,0.0,75.0,0.0,0.0,0.0,50.0,0.0,0.0,0.0,0.0,0.0,0.0,0.0,0.0,0.0,0.0,0.0,0.0,0.0,0.0,0.0,30.0,0.0,0.0,0.0,0.0,0.0,0.0,0.0,0.0,0.0,0.0,51.0,0.0,0.0,34.9857,0.0,0.0,0.0,50.0,0.0,0.0,0.0,0.0,0,0
3133037,724624,CASABLANCA,Casablanca-Settat,CASABLANCA,Casablanca-Settat,16/05/1978,7485,74,748,6,5,25,7.0,Mensuelle,06/12/2019,59.0,mois,,CENTRE D’AFFAIRES DE CASABLANCA,Développement,D,,,100.0,0.0,0.0,100.0,0.0,0.0,476476.0,315815.5,160660.5,0.0,1827826.0,100.0,0.0,0.0,1935433.5,100.0,0.0,0.0,34534.5,2130628.5,1068567.5,0.0,1758256.5,743743.0,54054.0,38038.0,704704.0,664163.5,32532.5,-7507.5,16516.5,100.0,0.0,0.0,0.0,973973.0,0.0,973973.0,190190.0,1156655.5,0.0,2130628.5,100.0,0.0,0.0,35.5,0.0,0.0,0.0,0.0,0.0,0.0,0.0,3513.0,0,0
3133603,725044,FES,Fès-Meknès,FES,Fès-Meknès,,114,1,11,5,0,7,5.0,Annuelle,16/12/2019,5.0,an(s),26/12/2019,CENTRE D’AFFAIRES DE FES,Développement,C,,,0.0,0.0,0.0,0.0,0.0,0.0,0.0,0.0,0.0,0.0,0.0,0.0,0.0,0.0,0.0,0.0,0.0,0.0,0.0,0.0,0.0,0.0,0.0,0.0,0.0,0.0,0.0,0.0,0.0,0.0,0.0,0.0,0.0,0.0,0.0,0.0,0.0,0.0,0.0,0.0,0.0,0.0,0.0,0.0,0.0,0.0,0.0,0.0,0.0,0.0,0.0,0.0,0.0,0.0,0,0
3134278,725390,MEKNES,Fès-Meknès,MEKNES,Fès-Meknès,19/04/2007,1573,15,157,0,300,24,0.0,Mensuelle,17/12/2019,60.0,mois,31/12/2019,CENTRE D’AFFAIRES DE FES,Développement,B,,,0.0,0.0,0.0,0.0,0.0,0.0,42852209.4,18504285.8,24347923.6,29342112.8,0.0,0.0,0.0,0.0,33922989.1,0.0,0.0,0.0,7525417.9,65796330.6,25312118.7,12792987.2,37099562.5,10374464.1,5659453.8,5203898.7,22571048.5,4480476.0,1623221.6,-114013.9,1167666.5,0.0,0.0,0.0,0.0,39151312.2,9717207.5,48868519.7,4979975.0,16927810.9,0.0,65796330.6,0.0,0.0,0.0,0.0,0.0,0.0,0.0,0.0,0.0,0.0,0.0,74108.8,0,0
3134251,731382,INZEGANE,Souss-Massa,AIT MELLOUL,Souss-Massa,15/02/2016,2661,26,266,7,13,24,1.0,Mensuelle,13/12/2019,60.0,mois,,CENTRE D’AFFAIRES D'AGADIR,Développement,D,,,100.0,100.0,100.0,100.0,100.0,100.0,3383880.5,386886.5,2996994.0,13513.5,74574.5,100.0,100.0,100.0,449449.0,100.0,50.0,100.0,133633.5,3580076.5,0.0,0.0,841841.0,86086.0,-56056.0,-50050.0,658157.5,114614.5,-295795.5,-500.5,-296296.0,100.0,100.0,100.0,1.0,-323323.0,200200.0,-123123.0,581080.5,3703199.5,0.0,3580076.5,51.0,51.0,51.0,43.9017,41.4017,43.9017,38.9743,100.0,100.0,100.0,2.0,1659.0,0,0
3134571,731735,MEKNES,Fès-Meknès,MEKNES,Fès-Meknès,01/04/1992,1744,17,174,0,210,25,0.0,Mensuelle,16/12/2019,60.0,mois,,CENTRE D’AFFAIRES DE FES,Développement,C,,,0.0,0.0,0.0,0.0,0.0,0.0,8057924.875,6535403.875,1522521.0,673047.375,5469088.625,0.0,0.0,0.0,9722212.5,0.0,0.0,0.0,12137.125,11256870.625,14251029.875,9079113.125,18713820.125,8223965.75,1218842.625,554178.625,9761001.25,6885128.25,991865.875,-346846.5,311311.0,0.0,0.0,0.0,0.0,4455951.5,1026400.375,5482351.875,2207330.125,4956952.0,817566.75,11256870.625,0.0,0.0,0.0,0.0,0.0,0.0,0.0,0.0,0.0,0.0,0.0,37049.25,0,0
3113940,731766,DRIOUCH,L'oriental,MIDELT,Drâa-Tafilalet,,122,1,12,0,3,7,5.0,Annuelle,05/07/2019,5.0,an(s),,CENTRE D’AFFAIRES DE FES,Développement,B,,,,,,,,,,,,,,,,,,,,,,,,,,,,,,,,,,,,,,,,,,,,,,,,,,,,,,,,,0,1
3113941,731766,DRIOUCH,L'oriental,MIDELT,Drâa-Tafilalet,,122,1,12,0,3,7,5.0,Annuelle,05/07/2019,2.0,an(s),,CENTRE D’AFFAIRES DE FES,Développement,B,,,,,,,,,,,,,,,,,,,,,,,,,,,,,,,,,,,,,,,,,,,,,,,,,,,,,,,,,0,1
3135008,732112,CASABLANCA,Casablanca-Settat,CASABLANCA,Casablanca-Settat,30/12/2016,8511,85,851,10,0,23,6.0,Mensuelle,19/12/2019,60.0,mois,25/12/2019,CENTRE D’AFFAIRES DE CASABLANCA,Développement,C,,,0.0,0.0,0.0,0.0,0.0,0.0,4253749.5,33533.5,4220216.0,7007.0,512512.0,0.0,0.0,0.0,528027.5,0.0,0.0,0.0,5938933.0,10687176.5,2175673.5,1128127.0,2537034.5,-1328827.5,-1581079.5,1239238.0,792792.0,242242.0,-1770769.0,-122122.0,965965.0,0.0,0.0,0.0,0.0,1016015.0,8716500.0,9732515.0,833332.5,954161.0,500.5,10687176.5,0.0,0.0,0.0,0.0,0.0,0.0,0.0,0.0,0.0,0.0,0.0,5069.0,0,0
3135531,732173,CASABLANCA,Casablanca-Settat,CASABLANCA,Casablanca-Settat,23/06/2009,6025,60,602,0,25,22,6.0,Mensuelle,25/12/2019,24.0,mois,19/12/2019,CENTRE D’AFFAIRES DE CASABLANCA,Développement,C,,,0.0,0.0,0.0,0.0,0.0,0.0,4435359.5,3089779.0,1566279.0,0.0,10879940.5,0.0,0.0,0.0,12045891.0,0.0,0.0,0.0,300872.0,13913042.0,10877642.57142857,6510520.214285715,16211481.0,2459957.5,1436578.0,800871.5,9831464.5,1000928.5,1064349.0,-213856.5,428213.5,0.0,0.0,0.0,0.0,4957667.0,733590.0,5691257.0,2966463.5,5014724.0,3207061.0,13913042.0,0.0,0.0,0.0,0.0,0.0,0.0,0.0,0.0,0.0,0.0,0.0,32390.571428571428,0,0
3135124,732238,SAFI,Marrakech-Safi,SAFI,Marrakech-Safi,05/02/2009,5511,55,551,20,0,4,6.5,Trimestrielle,20/12/2019,84.0,mois,07/10/2020,CENTRE D’AFFAIRES DE MARRAKECH,Développement,D,,,0.0,0.0,0.0,0.0,0.0,0.0,61061.0,39039.0,22022.0,1156155.0,0.0,0.0,0.0,0.0,1384383.0,0.0,0.0,0.0,149649.5,1556054.5,0.0,0.0,0.0,-2502.5,-2502.5,-4004.0,0.0,0.0,-8508.5,0.0,-10010.0,0.0,0.0,0.0,0.0,-26526.5,0.0,-26526.5,0.0,1582581.0,0.0,1556054.5,0.0,0.0,0.0,0.0,0.0,0.0,0.0,0.0,0.0,0.0,0.0,0.0,0,0
3135215,732430,CASABLANCA,Casablanca-Settat,CASABLANCA,Casablanca-Settat,24/05/2012,4547,45,454,0,35,22,1.0,Mensuelle,20/12/2019,60.0,mois,24/01/2020,CENTRE D’AFFAIRES DE CASABLANCA,Développement,C,1377.0,,0.0,0.0,0.0,0.0,0.0,0.0,102602.5,15015.0,87587.5,3957954.0,2719717.0,0.0,0.0,0.0,7816809.0,0.0,0.0,0.0,3503.5,7907900.0,2348346.0,1129128.0,3831327.5,205705.5,67067.0,47047.0,3308805.5,138638.5,57057.0,-500.5,37037.0,0.0,0.0,0.0,0.0,238238.0,0.0,238238.0,6361355.0,7618110.5,51551.5,7907900.0,0.0,0.0,0.0,0.0,0.0,0.0,0.0,0.0,0.0,0.0,0.0,7655.0,1,0
3135456,732607,CASABLANCA,Casablanca-Settat,CASABLANCA,Casablanca-Settat,01/01/2002,6042,60,604,0,0,22,1.0,Mensuelle,20/12/2019,60.0,mois,,CENTRE D’AFFAIRES DE CASABLANCA,Développement,C,,,0.0,0.0,0.0,0.0,0.0,0.0,2109607.5,1965463.5,144144.0,0.0,2166664.5,0.0,0.0,0.0,2293291.0,0.0,0.0,0.0,4004.0,2441439.0,3936933.0,2973470.5,3653650.0,974974.0,227227.0,298798.5,1149648.5,733733.0,166166.0,500.5,234734.5,0.0,0.0,0.0,0.0,1584583.0,1001.0,1585584.0,487487.0,848347.5,7507.5,2441439.0,0.0,0.0,0.0,0.0,0.0,0.0,0.0,0.0,0.0,0.0,0.0,7300.0,0,0
3135591,732704,,Autres,,Autres,,5030,50,503,0,0,39,6.1,Mensuelle,30/12/2019,7.0,an(s),,CENTRE D’AFFAIRES DE CASABLANCA,Développement,C,,,100.0,0.0,0.0,100.0,0.0,0.0,0.0,0.0,0.0,0.0,0.0,100.0,0.0,0.0,0.0,100.0,0.0,0.0,0.0,0.0,0.0,0.0,0.0,0.0,0.0,0.0,0.0,0.0,0.0,0.0,0.0,30.0,0.0,0.0,0.0,0.0,0.0,0.0,0.0,0.0,0.0,0.0,100.0,0.0,0.0,44.839,0.0,0.0,0.0,100.0,0.0,0.0,0.0,0.0,0,0
3136094,793976,,Autres,MARRAKECH,Marrakech-Safi,,7421,74,742,1,0,39,6.0,Mensuelle,31/12/2019,10.0,an(s),,CENTRE D’AFFAIRES DE MARRAKECH,Développement,D,,,100.0,0.0,0.0,100.0,0.0,0.0,0.0,0.0,0.0,0.0,0.0,100.0,0.0,0.0,0.0,100.0,0.0,0.0,0.0,0.0,0.0,0.0,0.0,0.0,0.0,0.0,0.0,0.0,0.0,0.0,0.0,30.0,0.0,0.0,1.0,0.0,0.0,0.0,0.0,0.0,0.0,0.0,100.0,0.0,0.0,44.839,0.0,0.0,40.4228,100.0,0.0,0.0,1.0,0.0,0,0
3109940,878762,MARRAKECH,Marrakech-Safi,,Autres,04/02/2002,5511,55,551,25,202,24,1.0,Mensuelle,20/06/2019,120.0,mois,,CENTRE D’AFFAIRES DE MARRAKECH,Développement,D,,,,,,,,,,,,,,,,,,,,,,,,,,,,,,,,,,,,,,,,,,,,,,,,,,,,,,,,,0,1
3106301,886469,CASABLANCA,Casablanca-Settat,CASABLANCA,Casablanca-Settat,,5166,51,516,1,12,2,5.75,Mensuelle,13/05/2019,10.0,an(s),26/06/2019,CENTRE D’AFFAIRES DE CASABLANCA,Développement,B,,,0.0,0.0,0.0,0.0,0.0,0.0,1803051.25,0.0,1803051.25,0.0,0.0,0.0,0.0,0.0,0.0,0.0,0.0,0.0,0.0,1803051.25,0.0,0.0,0.0,0.0,0.0,0.0,0.0,0.0,0.0,0.0,0.0,0.0,0.0,0.0,0.0,0.0,0.0,0.0,0.0,0.0,0.0,0.0,0.0,0.0,0.0,0.0,0.0,0.0,0.0,0.0,0.0,0.0,0.0,0.0,0,0
3110820,886505,MEKNES,Fès-Meknès,MEKNES,Fès-Meknès,18/01/2006,1744,17,174,2,34,35,6.0,Mensuelle,17/06/2019,5.0,an(s),22/03/2021,CENTRE D’AFFAIRES DE CASABLANCA,Développement,B,,,28.571428571428573,18.571428571428573,0.0,14.285714285714286,14.285714285714286,0.0,4924670.465000001,1562158.455,3362512.0100000002,4839664.83,769879.11,21.428571428571427,21.428571428571427,0.0,6142420.57,23.714285714285715,23.714285714285715,0.0,782431.65,10287364.23,5098662.6742857145,3567168.8571428573,10641001.799999999,1314929.33,91439.92,512035.09500000003,7707664.25,1082105.31,492763.7,-134889.755,284058.06,10.0,10.0,0.0,0.5714285714285714,3513502.1350000002,2114957.13,5628459.265000001,2859741.8850000002,3670664.855,988239.3950000001,10287363.515,14.571428571428571,14.571428571428571,0.0,8.519514285714285,7.519514285714286,0.0,10.937585714285714,9.428571428571429,9.428571428571429,0.0,0.2857142857142857,21210.885714285716,0,0
3126781,886616,CASABLANCA,Casablanca-Settat,CASABLANCA,Casablanca-Settat,09/06/2017,3663,36,366,10,124,4,5.0,Trimestrielle,24/10/2019,7.0,an(s),25/12/2019,CENTRE D’AFFAIRES DE RABAT,Développement,C,,,0.0,0.0,0.0,0.0,0.0,0.0,14100443.5,1879163.0,12221280.5,5237017.5,2303873.0,0.0,0.0,0.0,9651713.5,0.0,0.0,0.0,346060.0,22219054.0,17534072.42857143,11340241.92857143,25482171.0,5265474.5,1299226.5,1592662.5,18300639.5,3920273.5,1409694.0,-321893.0,768339.0,0.0,0.0,0.0,0.0,4387168.5,4036890.0,8424058.5,7205698.5,12741300.0,1341067.0,22219054.0,0.0,0.0,0.0,0.0,0.0,0.0,0.0,0.0,0.0,0.0,0.0,50479.857142857145,0,0
3085495,911560,OUARZAZATE,Drâa-Tafilalet,OUARZAZATE,Drâa-Tafilalet,22/03/1991,5249,52,524,4,2,26,9.0,Quadrimestrielle,17/12/2018,120.0,mois,,CENTRE D’AFFAIRES D'AGADIR,Développement,B,,,25.0,16.25,16.25,25.0,25.0,25.0,1612360.75,587962.375,1024398.375,5755.75,176176.0,25.0,25.0,25.0,249624.375,25.0,25.0,25.0,88713.625,1362736.375,142659.375,130907.625,146771.625,109734.625,63938.875,47547.5,35160.125,44044.0,37787.75,-14264.25,21396.375,25.0,25.0,25.0,0.25,760134.375,424924.5,1185058.875,7007.0,160034.875,20163.0,1362736.375,12.75,12.75,12.75,9.983475,7.2121,7.2121,8.918575,16.5,0.25,0.25,0.5,293.25,0,0
3084373,973211,AGADIR,Souss-Massa,AGADIR,Souss-Massa,,8511,85,851,3,47,23,1.0,Mensuelle,07/12/2018,48.0,mois,25/12/2018,CENTRE D’AFFAIRES D'AGADIR,Développement,B,,,,,,,,,,,,,,,,,,,,,,,,,,,,,,,,,,,,,,,,,,,,,,,,,,,,,,,,,0,1
