,CODE_SECT_ACTIVITE,CODE_BRANCHE_ACTIVITE,CODE_SSBRANCHE_ACT,NBRE_EMPLOI_ACREER,NBRE_EMPLOI_EXIST,ID_IFP,TAUX_INTERET,AGE1,AGE2,AGE3,ANTP1,ANTP2,ANTP3,CU,CV,CW,DO,DU,ENGA1,ENGA2,ENGA3,ET,EXP1,EXP2,EXP3,FF,FI,GI2,GI3,HA1,HA3,HA4,HA5,HDG,HP,HZ,JCX,KW,LFAS1,LFAS2,LFAS3,LOCALE,LP,LV,MC,MD,MP,MT,MU,NIVED1,NIVED2,NIVED3,NOTE11,NOTE12,NOTE13,NOTE14,PATR1,PATR2,PATR3,QALDE,RGI,DEFAUT,AGE_ENTREPRISE_ANS,DUREE_CONCOURS_MOIS,PERIODICITE_MOIS,FLAG_PERIODICITE_MANQUANTE,NBRE_ECHEANCES,REGION_RC_Béni Mellal-Khénifra,REGION_RC_Casablanca-Settat,REGION_RC_Dakhla-Oued Ed-Dahab,REGION_RC_Drâa-Tafilalet,REGION_RC_Fès-Meknès,REGION_RC_Guelmim-Oued Noun,REGION_RC_L'oriental,REGION_RC_Laâyoune-Sakia El Hamra,REGION_RC_Marrakech-Safi,REGION_RC_Rabat-Salé-Kénitra,REGION_RC_Souss-Massa,REGION_RC_Tanger-Tétouan-Al Hoceima,REGION_TIERS_Béni Mellal-Khénifra,REGION_TIERS_Casablanca-Settat,REGION_TIERS_Dakhla-Oued Ed-Dahab,REGION_TIERS_Drâa-Tafilalet,REGION_TIERS_Fès-Meknès,REGION_TIERS_Guelmim-Oued Noun,REGION_TIERS_L'oriental,REGION_TIERS_Laâyoune-Sakia El Hamra,REGION_TIERS_Marrakech-Safi,REGION_TIERS_Rabat-Salé-Kénitra,REGION_TIERS_Souss-Massa,REGION_TIERS_Tanger-Tétouan-Al Hoceima,CENTRE_AFFAIRE_CENTRE D’AFFAIRES DE CASABLANCA,CENTRE_AFFAIRE_CENTRE D’AFFAIRES DE FES,CENTRE_AFFAIRE_CENTRE D’AFFAIRES DE LAAYOUNE,CENTRE_AFFAIRE_CENTRE D’AFFAIRES DE MARRAKECH,CENTRE_AFFAIRE_CENTRE D’AFFAIRES DE RABAT,CENTRE_AFFAIRE_CENTRE D’AFFAIRES DE TANGER,CENTRE_AFFAIRE_CENTRE D’AFFAIRES D’OUJDA,VILLE_RC_FREQ,VILLE_TIERS_FREQ,FLAG_PAS_ASSOCIE,FLAG_DONNEES_FINANCIERES_MANQUANTES,RA1_FDR,RA3_BFDR,RA6_Tresorerie_nette,RA2_FDR_jours_CA,RA4_BFDR_jours_CA,RA5_Couverture_BFDR_FDR,RA7_TN_jours_CA,RA8_CP_sur_CapPermanents,RA9_CP_sur_TotalBilan,RA10_DLMT_sur_CAF,RA11_ChargesFin_sur_CA,RA12_ImmoNettes_sur_Bilan,RA13_AmortCumul_sur_ImmoBrutes,RA14_BeneficeNet_sur_CA,RA15_ResultatNet_sur_CP,RA16_CAF_sur_CA,RA17_DelaisCreancesClients,RA18_DelaisCreditsFournisseurs,RA19_Stocks_jours_CA,RA20_BFDR_jours_CA,EVOL_CA_N_N1,EVOL_CA_N1_N2,FLAG_RA1_FDR_NC,FLAG_RA3_BFDR_NC,FLAG_RA6_Tresorerie_nette_NC,FLAG_RA2_FDR_jours_CA_NC,FLAG_RA4_BFDR_jours_CA_NC,FLAG_RA5_Couverture_BFDR_FDR_NC,FLAG_RA7_TN_jours_CA_NC,FLAG_RA8_CP_sur_CapPermanents_NC,FLAG_RA9_CP_sur_TotalBilan_NC,FLAG_RA10_DLMT_sur_CAF_NC,FLAG_RA11_ChargesFin_sur_CA_NC,FLAG_RA12_ImmoNettes_sur_Bilan_NC,FLAG_RA13_AmortCumul_sur_ImmoBrutes_NC,FLAG_RA14_BeneficeNet_sur_CA_NC,FLAG_RA15_ResultatNet_sur_CP_NC,FLAG_RA16_CAF_sur_CA_NC,FLAG_RA17_DelaisCreancesClients_NC,FLAG_RA18_DelaisCreditsFournisseurs_NC,FLAG_RA19_Stocks_jours_CA_NC,FLAG_RA20_BFDR_jours_CA_NC,FLAG_EVOL_CA_N_N1_NC,FLAG_EVOL_CA_N1_N2_NC
0,4521,45,452,0.0,108,23,6.0,0.0,0.0,0.0,0.0,0.0,0.0,3743239.5,1559558.0,2183681.5,5644639.0,11794532.75,0.0,0.0,0.0,25540014.5,0.0,0.0,0.0,79329.25,27803025.25,6285347.0,16196.5,14188174.0,2528275.75,718718.0,464964.5,10521010.5,1806554.75,584834.2500000001,-152152.0,331080.75,0.0,0.0,0.0,0.0,6076570.5,1802550.75,7879121.25,2438185.75,15906640.75,4017263.25,27803025.25,0.0,0.0,0.0,0.0,0.0,0.0,0.0,0.0,0.0,0.0,0.0,24637.0,0,8.698151950718685,47.0,1.0,0,47.0,False,False,False,False,True,False,False,False,False,False,False,False,False,False,False,False,True,False,False,False,False,False,False,False,False,True,False,False,False,False,False,0.02981366459627329,0.025331724969843185,0,0,5695439.75,9633373.75,-3937934.0,1000.0,1000.0,59.12196389141447,-1000.0,77.12243925678894,21.855788876787788,387.6749192680301,-500.0,7.854114724439924,41.66332397379329,500.0,5.448480355819125,500.0,500.0,83.4280005708577,1000.0,1000.0,-99.60802482345048,500.0,0,0,0,0,0,0,0,0,0,0,0,0,0,0,0,0,0,0,0,0,0,0
1,5121,51,512,0.0,52,22,5.0,0.0,0.0,0.0,0.0,0.0,0.0,13299035.75,2655903.25,10643132.5,7084577.5,23872348.5,0.0,0.0,0.0,38011974.0,0.0,0.0,0.0,10633122.5,59288229.0,87445.25,69499.25,120625254.75,8935426.5,5243988.75,3149646.5,104886782.0,3641888.25,4045291.25,-1059558.5,1950949.0,0.0,0.0,0.0,0.0,8281273.0,3517514.0,11798787.0,26645869.25,30767987.25,16721204.5,59287978.75,0.0,0.0,0.0,0.0,0.0,0.0,0.0,0.0,0.0,0.0,0.0,241074.5,0,7.824777549623546,60.0,1.0,0,60.0,False,True,False,False,False,False,False,False,False,False,False,False,False,True,False,False,False,False,False,False,False,False,False,False,True,False,False,False,False,False,False,0.3242236024844721,0.3823884197828709,0,0,1155654.5,7243986.75,-6088082.0,1000.0,1000.0,15.953293951013922,-1000.0,70.18749469754815,13.967819817994565,111.67964404894326,-439.51496321676495,17.951510239916256,19.97064524020097,500.0,23.558564003384504,500.0,500.0,91.45587982668779,1000.0,1000.0,175.68621508886991,25.821861386993383,0,0,0,0,0,0,0,0,0,0,0,0,0,0,0,0,0,0,0,0,0,0
2,5165,51,516,2.0,0,1,5.5,50.0,0.0,0.0,0.5,0.0,0.0,2753500.75,275775.50000000093,2477725.249999999,1986734.75,11309298.0,50.0,0.0,0.0,14182418.25,50.0,0.0,0.0,161411.25,16821554.75,8498817.75,14538.25,19491221.75,3687183.5,2375873.5,1905904.0,14913648.75,1286535.25,1520519.0,-109109.0,1050549.5,15.0,0.0,0.0,1.0,3786032.250000001,1651650.0,5437682.25,8157149.0,10899138.25,484734.25,16821554.75,50.0,0.0,0.0,19.9445,0.0,0.0,18.0782,50.0,0.0,0.0,0.5,38943.5,0,11.08829568788501,84.0,1.0,0,84.0,False,False,False,False,False,False,False,False,False,False,False,False,False,False,False,False,False,False,False,False,False,False,False,False,True,False,False,False,False,False,False,0.07080745341614907,0.06031363088057901,0,0,2959957.000000001,3283280.0,-323323.0,1000.0,1000.0,90.15243902439028,-1000.0,69.62584564407015,22.5070292625597,86.65966386554622,-280.17255767971545,14.729466371115304,10.015450331727745,500.0,27.74803357789675,500.0,500.0,196.9051094890511,1000.0,1000.0,-99.54177744310377,500.0,0,0,0,0,0,0,0,0,0,0,0,0,0,0,0,0,0,0,0,0,0,0
3,1725,17,172,0.0,50,35,5.95,0.0,0.0,0.0,0.0,0.0,0.0,17696941.193991903,7239049.1334043145,10494936.916722622,5711624.613972619,14751896.664327338,0.0,0.0,0.0,24672445.857143342,0.0,0.0,0.0,936626.1695394691,36100427.35440215,23689402.432255726,17889398.211046387,35463800.705205336,9473299.257317152,2502156.240714975,1764434.9040538718,21066695.29673669,7026995.2010281375,1530573.3567460796,-489449.7146318286,713223.8350885716,0.0,0.0,0.0,0.0,11248784.191388477,3574801.479138362,14823585.67052684,9532926.419230485,15913281.269093791,5395102.20245469,36094790.188847594,0.0,0.0,0.0,0.0,0.0,0.0,0.0,0.0,0.0,0.0,0.0,0.0,1,11.173169062286105,84.0,3.0,0,28.0,False,True,False,False,False,False,False,False,False,False,False,False,False,True,False,False,False,False,False,False,False,False,False,False,False,False,False,False,False,False,False,0.3242236024844721,0.3823884197828709,1,1,4328648.753804218,8759164.588049551,-4458476.032915221,,,49.4185114378368,,75.88436726043955,31.1596981414038,202.6031944236134,,29.071503264192945,40.90565173975922,,6.34045264762552,,,162.9042174191688,,,-100.0,32.421460760082695,0,0,0,1,1,0,1,0,0,0,1,0,0,1,0,1,1,0,1,1,0,0
4,4521,45,452,0.0,45,4,6.0,0.0,0.0,0.0,0.0,0.0,0.0,2529777.25,680179.5,1849597.75,892641.75,14248734.5,0.0,0.0,0.0,15984218.25,0.0,0.0,0.0,34534.50000000012,17868350.5,5179012.25,9208.0,13204441.25,3183180.0,1018267.25,522772.25,9084575.5,2138636.5,928427.5,-586335.75,432932.5,0.0,0.0,0.0,0.0,3428675.249999999,772772.0,4201447.25,3540537.0,6354598.25,7312305.0,17868350.5,0.0,0.0,0.0,0.0,0.0,0.0,0.0,0.0,0.0,0.0,0.0,26382.5,0,14.77618069815195,84.0,1.0,0,84.0,False,False,False,False,True,False,False,False,False,False,False,False,False,False,False,False,True,False,False,False,False,False,False,False,False,True,False,False,False,False,False,0.06459627329192547,0.06031363088057901,0,0,2351849.5,9629620.0,-7277770.5,1000.0,1000.0,24.423076923076923,-1000.0,81.60700458633627,19.188538136186654,147.82192436572524,-500.0,10.351250665247472,26.886932436442773,500.0,12.626815560907968,500.0,500.0,140.30301360806567,1000.0,1000.0,-99.49058819082731,500.0,0,0,0,0,0,0,0,0,0,0,0,0,0,0,0,0,0,0,0,0,0,0
5,5147,51,514,6.0,20,4,6.5,0.0,0.0,0.0,0.0,0.0,0.0,541290.75,0.0,541290.75,3768765.0,7293035.75,0.0,0.0,0.0,14090326.25,0.0,0.0,0.0,163162.99999999988,14794780.0,15621606.0,6026270.0,19161142.0,2546544.000000001,1343342.0,890389.5000000001,15583317.75,1156155.0,1250749.5,-159909.75,797797.0,0.0,0.0,0.0,0.0,4520015.5,204454.25,4724469.75,3431678.250000001,8604095.5,1466214.75,14794780.0,0.0,0.0,0.0,0.0,0.0,0.0,0.0,0.0,0.0,0.0,0.0,38062.5,0,18.6694045174538,120.0,1.0,0,120.0,False,False,False,False,False,False,False,False,True,False,False,False,False,False,False,False,False,False,False,False,True,False,False,False,False,False,False,True,False,False,False,0.08074534161490683,0.07117008443908324,0,0,4183179.0,5486230.75,-1303051.75,1000.0,1000.0,76.2486885918898,-1000.0,95.67244027755707,30.551420838971584,22.962338392355253,-420.12413793103445,3.6586603518267933,0.0,500.0,17.650315579670025,500.0,500.0,79.2773522185287,1000.0,1000.0,-99.75634707468618,159.22512599004028,0,0,0,0,0,0,0,0,0,0,0,0,0,0,0,0,0,0,0,0,0,0
6,1564,15,156,1.0,10,22,1.0,0.0,0.0,0.0,0.0,0.0,0.0,17696941.193991903,7239049.1334043145,10494936.916722622,5711624.613972619,14751896.664327338,0.0,0.0,0.0,24672445.857143342,0.0,0.0,0.0,936626.1695394691,36100427.35440215,23689402.432255726,17889398.211046387,35463800.705205336,9473299.257317152,2502156.240714975,1764434.9040538718,21066695.29673669,7026995.2010281375,1530573.3567460796,-489449.7146318286,713223.8350885716,0.0,0.0,0.0,0.0,11248784.191388477,3574801.479138362,14823585.67052684,9532926.419230485,15913281.269093791,5395102.20245469,36094790.188847594,0.0,0.0,0.0,0.0,0.0,0.0,0.0,0.0,0.0,0.0,0.0,0.0,0,6.535249828884326,60.0,1.0,0,60.0,False,True,False,False,False,False,False,False,False,False,False,False,False,True,False,False,False,False,False,False,False,False,False,False,True,False,False,False,False,False,False,0.012422360248447204,0.006031363088057901,1,1,4328648.753804218,8759164.588049551,-4458476.032915221,,,49.4185114378368,,75.88436726043955,31.1596981414038,202.6031944236134,,29.071503264192945,40.90565173975922,,6.34045264762552,,,162.9042174191688,,,-100.0,32.421460760082695,0,0,0,1,1,0,1,0,0,0,1,0,0,1,0,1,1,0,1,1,0,0
7,4521,45,452,2.0,63,24,0.7,0.0,0.0,0.0,0.0,0.0,0.0,9168659.5,1806304.5,7362355.0,3025272.25,6338832.5,0.0,0.0,0.0,9724715.0,0.0,0.0,0.0,215965.75,17303035.75,17581.0,6647.25,25371095.75,3852598.75,1348847.5,1186935.75,17199682.5,2438185.75,1002001.0,-99099.0,840089.25,0.0,0.0,0.0,0.0,8300292.0,1263762.5,9564054.5,3570567.0,5423167.75,2315813.5,17303035.75,0.0,0.0,0.0,0.0,0.0,0.0,0.0,0.0,0.0,0.0,0.0,50691.0,0,9.100616016427105,60.0,1.0,0,60.0,False,False,False,False,True,False,False,False,False,False,False,False,False,False,False,False,True,False,False,False,False,False,False,False,False,True,False,False,False,False,False,0.02981366459627329,0.025331724969843185,0,0,2201699.5,4301547.25,-2099847.75,1000.0,1000.0,51.183896678108084,-1000.0,86.78633104819718,47.970148822006564,106.47269660552392,-195.49624193643842,42.54949886467177,19.700857033680876,500.0,10.121201157742403,500.0,500.0,74.73417721518987,1000.0,1000.0,188.3283089699107,164.4853134754974,0,0,0,0,0,0,0,0,0,0,0,0,0,0,0,0,0,0,0,0,0,0
8,4521,45,452,0.0,63,24,1.0,0.0,0.0,0.0,0.0,0.0,0.0,9168659.5,1806304.5,7362355.0,3025272.25,6338832.5,0.0,0.0,0.0,9724715.0,0.0,0.0,0.0,215965.75,17303035.75,17581.0,6647.25,25371095.75,3852598.75,1348847.5,1186935.75,17199682.5,2438185.75,1002001.0,-99099.0,840089.25,0.0,0.0,0.0,0.0,8300292.0,1263762.5,9564054.5,3570567.0,5423167.75,2315813.5,17303035.75,0.0,0.0,0.0,0.0,0.0,0.0,0.0,0.0,0.0,0.0,0.0,50691.0,0,9.160848733744011,60.0,1.0,0,60.0,False,False,False,False,True,False,False,False,False,False,False,False,False,False,False,False,True,False,False,False,False,False,False,False,False,True,False,False,False,False,False,0.02981366459627329,0.025331724969843185,0,0,2201699.5,4301547.25,-2099847.75,1000.0,1000.0,51.183896678108084,-1000.0,86.78633104819718,47.970148822006564,106.47269660552392,-195.49624193643842,42.54949886467177,19.700857033680876,500.0,10.121201157742403,500.0,500.0,74.73417721518987,1000.0,1000.0,188.3283089699107,164.4853134754974,0,0,0,0,0,0,0,0,0,0,0,0,0,0,0,0,0,0,0,0,0,0
9,4521,45,452,0.0,63,24,1.0,0.0,0.0,0.0,0.0,0.0,0.0,9168659.5,1806304.5,7362355.0,3025272.25,6338832.5,0.0,0.0,0.0,9724715.0,0.0,0.0,0.0,215965.75,17303035.75,17581.0,6647.25,25371095.75,3852598.75,1348847.5,1186935.75,17199682.5,2438185.75,1002001.0,-99099.0,840089.25,0.0,0.0,0.0,0.0,8300292.0,1263762.5,9564054.5,3570567.0,5423167.75,2315813.5,17303035.75,0.0,0.0,0.0,0.0,0.0,0.0,0.0,0.0,0.0,0.0,0.0,50691.0,0,9.210130047912388,60.0,1.0,0,60.0,False,False,False,False,True,False,False,False,False,False,False,False,False,False,False,False,True,False,False,False,False,False,False,False,False,True,False,False,False,False,False,0.02981366459627329,0.025331724969843185,0,0,2201699.5,4301547.25,-2099847.75,1000.0,1000.0,51.183896678108084,-1000.0,86.78633104819718,47.970148822006564,106.47269660552392,-195.49624193643842,42.54949886467177,19.700857033680876,500.0,10.121201157742403,500.0,500.0,74.73417721518987,1000.0,1000.0,188.3283089699107,164.4853134754974,0,0,0,0,0,0,0,0,0,0,0,0,0,0,0,0,0,0,0,0,0,0
10,4521,45,452,0.0,63,24,1.0,0.0,0.0,0.0,0.0,0.0,0.0,9168659.5,1806304.5,7362355.0,3025272.25,6338832.5,0.0,0.0,0.0,9724715.0,0.0,0.0,0.0,215965.75,17303035.75,17581.0,6647.25,25371095.75,3852598.75,1348847.5,1186935.75,17199682.5,2438185.75,1002001.0,-99099.0,840089.25,0.0,0.0,0.0,0.0,8300292.0,1263762.5,9564054.5,3570567.0,5423167.75,2315813.5,17303035.75,0.0,0.0,0.0,0.0,0.0,0.0,0.0,0.0,0.0,0.0,0.0,50691.0,0,9.212867898699521,60.0,1.0,0,60.0,False,False,False,False,True,False,False,False,False,False,False,False,False,False,False,False,True,False,False,False,False,False,False,False,False,True,False,False,False,False,False,0.02981366459627329,0.025331724969843185,0,0,2201699.5,4301547.25,-2099847.75,1000.0,1000.0,51.183896678108084,-1000.0,86.78633104819718,47.970148822006564,106.47269660552392,-195.49624193643842,42.54949886467177,19.700857033680876,500.0,10.121201157742403,500.0,500.0,74.73417721518987,1000.0,1000.0,188.3283089699107,164.4853134754974,0,0,0,0,0,0,0,0,0,0,0,0,0,0,0,0,0,0,0,0,0,0
11,4030,40,403,5.0,4,22,1.0,0.0,0.0,0.0,0.0,0.0,0.0,15447932.5,4009505.4999999995,11438427.0,486736.25,5831575.75,0.0,0.0,0.0,7415658.25,0.0,0.0,0.0,456706.25000000006,19310791.5,12271.000000003725,11477.75,13247984.75,4215211.0,1579828.25,1958206.25,4418414.0,2581078.5,597346.75,-165415.25,406406.0,0.0,0.0,0.0,0.0,6958201.25,9455696.25,16413897.5,1600599.0,2896894.0,0.0,19310791.5,0.0,0.0,0.0,0.0,0.0,0.0,0.0,0.0,0.0,0.0,0.0,25171.0,0,5.262149212867898,60.0,1.0,0,60.0,False,True,False,False,False,False,False,False,False,False,False,False,False,True,False,False,False,False,False,False,False,False,False,False,True,False,False,False,False,False,False,0.3242236024844721,0.3823884197828709,0,0,4975470.5,4518764.25,456706.25000000006,1000.0,1000.0,110.10688375699176,1000.0,42.3921329470956,36.03270870590675,482.87539936102235,-500.0,59.23334110877848,25.954965170905552,500.0,5.840676137385362,500.0,500.0,130.4123244222927,1000.0,1000.0,105.12590660901604,6.911197752205138,0,0,0,0,0,0,0,0,0,0,0,0,0,0,0,0,0,0,0,0,0,0
12,4030,40,403,5.0,4,22,1.0,0.0,0.0,0.0,0.0,0.0,0.0,15447932.5,4009505.4999999995,11438427.0,486736.25,5831575.75,0.0,0.0,0.0,7415658.25,0.0,0.0,0.0,456706.25000000006,19310791.5,12271.000000003725,11477.75,13247984.75,4215211.0,1579828.25,1958206.25,4418414.0,2581078.5,597346.75,-165415.25,406406.0,0.0,0.0,0.0,0.0,6958201.25,9455696.25,16413897.5,1600599.0,2896894.0,0.0,19310791.5,0.0,0.0,0.0,0.0,0.0,0.0,0.0,0.0,0.0,0.0,0.0,25171.0,0,5.262149212867898,60.0,1.0,0,60.0,False,True,False,False,False,False,False,False,False,False,False,False,False,True,False,False,False,False,False,False,False,False,False,False,True,False,False,False,False,False,False,0.3242236024844721,0.3823884197828709,0,0,4975470.5,4518764.25,456706.25000000006,1000.0,1000.0,110.10688375699176,1000.0,42.3921329470956,36.03270870590675,482.87539936102235,-500.0,59.23334110877848,25.954965170905552,500.0,5.840676137385362,500.0,500.0,130.4123244222927,1000.0,1000.0,105.12590660901604,6.911197752205138,0,0,0,0,0,0,0,0,0,0,0,0,0,0,0,0,0,0,0,0,0,0
13,5166,51,516,5.0,4,23,1.0,0.0,0.0,0.0,0.0,0.0,0.0,15447932.5,4009505.4999999995,11438427.0,486736.25,5831575.75,0.0,0.0,0.0,7415658.25,0.0,0.0,0.0,456706.25000000006,19310791.5,12271.000000003725,11477.75,13247984.75,4215211.0,1579828.25,1958206.25,4418414.0,2581078.5,597346.75,-165415.25,406406.0,0.0,0.0,0.0,0.0,6958201.25,9455696.25,16413897.5,1600599.0,2896894.0,0.0,19310791.5,0.0,0.0,0.0,0.0,0.0,0.0,0.0,0.0,0.0,0.0,0.0,25171.0,0,5.360711841204655,60.0,1.0,0,60.0,False,True,False,False,False,False,False,False,False,False,False,False,False,True,False,False,False,False,False,False,False,False,False,False,True,False,False,False,False,False,False,0.3242236024844721,0.3823884197828709,0,0,4975470.5,4518764.25,456706.25000000006,1000.0,1000.0,110.10688375699176,1000.0,42.3921329470956,36.03270870590675,482.87539936102235,-500.0,59.23334110877848,25.954965170905552,500.0,5.840676137385362,500.0,500.0,130.4123244222927,1000.0,1000.0,105.12590660901604,6.911197752205138,0,0,0,0,0,0,0,0,0,0,0,0,0,0,0,0,0,0,0,0,0,0
14,1744,17,174,10.0,500,23,1.0,0.0,0.0,0.0,0.0,0.0,0.0,19235966.75,5649393.75,13586573.0,18606337.75,8341833.5,0.0,0.0,0.0,31199918.75,0.0,0.0,0.0,327577.25,45114069.0,59906502.25,122287.5,106747390.75,25643367.75,7843335.5,5387131.75,76983406.5,18366848.5,6695939.25,-973472.5,3890386.5,0.0,0.0,0.0,0.0,19873603.75,0.0,19873603.75,17801784.0,22373851.5,2866613.75,45114069.0,0.0,0.0,0.0,0.0,0.0,0.0,0.0,0.0,0.0,0.0,0.0,214501.5,0,16.804928131416837,60.0,1.0,0,60.0,False,True,False,False,False,False,False,False,False,False,False,False,False,True,False,False,False,False,False,False,False,False,False,False,True,False,False,False,False,False,False,0.3242236024844721,0.3823884197828709,0,0,6287030.75,8826067.25,-2539036.5,1000.0,1000.0,71.23252714848735,-1000.0,100.0,44.051898200536954,0.0,-453.83015969585296,30.11604428764783,29.368909935342863,500.0,19.57564691808852,500.0,500.0,83.24705974137426,1000.0,1000.0,-99.64193953587066,500.0,0,0,0,0,0,0,0,0,0,0,0,0,0,0,0,0,0,0,0,0,0,0
15,5211,52,521,0.0,0,36,6.5,0.0,0.0,0.0,0.0,0.0,0.0,17696941.193991903,7239049.1334043145,10494936.916722622,5711624.613972619,14751896.664327338,0.0,0.0,0.0,24672445.857143342,0.0,0.0,0.0,936626.1695394691,36100427.35440215,23689402.432255726,17889398.211046387,35463800.705205336,9473299.257317152,2502156.240714975,1764434.9040538718,21066695.29673669,7026995.2010281375,1530573.3567460796,-489449.7146318286,713223.8350885716,0.0,0.0,0.0,0.0,11248784.191388477,3574801.479138362,14823585.67052684,9532926.419230485,15913281.269093791,5395102.20245469,36094790.188847594,0.0,0.0,0.0,0.0,0.0,0.0,0.0,0.0,0.0,0.0,0.0,0.0,0,19.682409308692677,180.0,1.0,0,180.0,False,False,False,False,False,False,False,False,False,True,False,False,False,False,False,False,False,False,False,False,False,True,False,False,False,False,False,False,True,False,False,0.07204968944099378,0.05066344993968637,1,1,4328648.753804218,8759164.588049551,-4458476.032915221,,,49.4185114378368,,75.88436726043955,31.1596981414038,202.6031944236134,,29.071503264192945,40.90565173975922,,6.34045264762552,,,162.9042174191688,,,-100.0,32.421460760082695,0,0,0,1,1,0,1,0,0,0,1,0,0,1,0,1,1,0,1,1,0,0
16,2956,29,295,0.0,15,22,7.0,50.0,0.0,0.0,50.0,0.0,0.0,6106600.5,2508506.0,3598094.500000001,4442187.75,5891886.0,50.0,0.0,0.0,14109095.0,50.0,0.0,0.0,13263.25,17720452.75,14469.0,13899.5,17711944.25,3464711.249999999,1223222.0,420419.99999999977,12816303.5,2238236.0,642642.0,-216216.0,-160160.0,15.0,0.0,0.0,0.5,3305051.75,0.0,3305051.75,4366111.75,12803290.5,1612110.5,17720452.75,25.0,0.0,0.0,18.7681,0.0,0.0,20.82015,33.0,0.0,0.0,0.5,34844.0,0,1.0433401779603013,48.0,1.0,0,48.0,False,False,False,False,False,False,False,False,False,False,True,False,False,False,False,False,False,False,False,False,False,False,True,False,False,False,False,False,False,False,False,0.03229813664596273,0.013268998793727383,0,0,-293042.75000000093,1305804.5,-1598847.25,-1000.0,1000.0,-22.44154848601004,-1000.0,100.0,18.65105703916058,0.0,-500.0,20.304754910960167,41.078600114744695,-459.6487200091838,-4.845915045051866,500.0,500.0,122.64068418791736,1000.0,1000.0,140.81830119565967,4.097269685959926,0,0,0,0,0,0,0,0,0,0,0,0,0,0,0,0,0,0,0,0,0,0
17,2953,29,295,10.0,15,23,1.0,50.0,0.0,0.0,50.0,0.0,0.0,6106600.5,2508506.0,3598094.500000001,4442187.75,5891886.0,50.0,0.0,0.0,14109095.0,50.0,0.0,0.0,13263.25,17720452.75,14469.0,13899.5,17711944.25,3464711.249999999,1223222.0,420419.99999999977,12816303.5,2238236.0,642642.0,-216216.0,-160160.0,15.0,0.0,0.0,0.5,3305051.75,0.0,3305051.75,4366111.75,12803290.5,1612110.5,17720452.75,25.0,0.0,0.0,18.7681,0.0,0.0,20.82015,33.0,0.0,0.0,0.5,34844.0,0,1.0433401779603013,48.0,1.0,0,48.0,False,False,False,False,False,False,False,False,False,False,True,False,False,False,False,False,False,False,False,False,False,False,True,False,False,False,False,False,False,False,False,0.03229813664596273,0.013268998793727383,0,0,-293042.75000000093,1305804.5,-1598847.25,-1000.0,1000.0,-22.44154848601004,-1000.0,100.0,18.65105703916058,0.0,-500.0,20.304754910960167,41.078600114744695,-459.6487200091838,-4.845915045051866,500.0,500.0,122.64068418791736,1000.0,1000.0,140.81830119565967,4.097269685959926,0,0,0,0,0,0,0,0,0,0,0,0,0,0,0,0,0,0,0,0,0,0
18,7470,74,747,5.0,1000,23,1.0,0.0,0.0,0.0,0.0,0.0,0.0,3065812.75,1500248.749999999,1565564.0,2452700.25,44284740.5,0.0,0.0,0.0,49670120.5,0.0,0.0,0.0,217717.5,51453402.0,42646.999999996275,29180.0,63583520.0,52767214.5,1776024.25,1517516.0,3964710.75,41449131.57384991,1114363.25,-410410.0,855855.0,0.0,0.0,0.0,0.0,6117861.75,880129.25,6997991.0,2975472.5,38702914.25,5752496.75,51453402.0,0.0,0.0,0.0,0.0,0.0,0.0,0.0,0.0,0.0,0.0,0.0,127040.0,0,5.577002053388091,48.0,1.0,0,48.0,False,True,False,False,False,False,False,False,False,False,False,False,False,True,False,False,False,False,False,False,False,False,False,False,True,False,False,False,False,False,False,0.3242236024844721,0.3823884197828709,0,0,5432427.0,10967206.25,-5534779.25,1000.0,1000.0,49.533371363377064,-1000.0,87.4231154341296,11.890101552468774,57.99802110817942,-323.05573047858945,3.042683164079219,48.934780834217584,500.0,13.98944655785986,500.0,500.0,270.1761030107934,1000.0,1000.0,197.8873074307949,46.15147361205029,0,0,0,0,0,0,0,0,0,0,0,0,0,0,0,0,0,0,0,0,0,0
19,6220,62,622,2.0,30,22,5.0,0.0,0.0,0.0,0.0,0.0,0.0,2333331.000000002,209209.0,2124122.000000001,128378.25,2639136.5,0.0,0.0,0.0,8077069.0,0.0,0.0,0.0,2144892.75,12346083.75,17481.75,10651.0,23467944.5,4580325.75,1215464.25,907156.2499999999,12646383.75,3342339.0,822822.0,-181931.75,514514.0,0.0,0.0,0.0,0.0,5390385.0,912912.0,6303297.0,4891136.25,6013007.0,39706.33333333302,12346083.75,0.0,0.0,0.0,0.0,0.0,0.0,0.0,0.0,0.0,0.0,0.0,46889.0,0,4.161533196440794,84.0,1.0,0,84.0,False,False,False,False,False,False,False,False,False,True,False,False,False,False,False,False,False,False,False,False,False,True,False,False,False,False,False,False,True,False,False,0.07204968944099378,0.05066344993968637,0,0,4179174.999999999,2064062.0,2105186.416666667,1000.0,1000.0,202.47332686711928,1000.0,85.51691281562648,43.660687138948006,100.6344827586207,-388.00518245217427,17.204824161345908,8.966108966108958,500.0,9.545032497678738,500.0,500.0,139.23419412288513,985.6505790270638,1000.0,168.2168547199222,64.13247582386632,0,0,0,0,0,0,0,0,0,0,0,0,0,0,0,0,0,0,0,0,0,0
20,4521,45,452,20.0,60,23,5.0,0.0,0.0,0.0,0.0,0.0,0.0,3002999.999999998,589839.25,2413160.75,2444942.5,9309550.25,0.0,0.0,0.0,12513501.0,0.0,0.0,0.0,31531.5,14958193.25,12152.75,11327.25,19694675.0,4287032.75,1825573.75,945945.0,13844580.75,2409907.5,1597846.25,-427427.0,715965.25,0.0,0.0,0.0,0.0,4670415.750000001,110360.25,4780776.0,3008755.75,5460955.5,4716461.75,14958193.25,0.0,0.0,0.0,0.0,0.0,0.0,0.0,0.0,0.0,0.0,0.0,39791.0,1,11.953456536618754,60.0,1.0,0,60.0,False,False,False,False,True,False,False,False,False,False,False,False,False,True,False,False,False,False,False,False,False,False,False,False,False,True,False,False,False,False,False,0.06459627329192547,0.3823884197828709,0,0,2367615.25,7052545.5,-4684930.25,1000.0,1000.0,33.57107373500816,-1000.0,97.69158291457288,31.223127499038032,11.666666666666666,-500.0,16.13270205611229,19.64166666666668,500.0,15.329796924395861,500.0,500.0,78.23653814869041,1000.0,1000.0,227.4238341116208,7.2877353285219275,0,0,0,0,0,0,0,0,0,0,0,0,0,0,0,0,0,0,0,0,0,0
21,4521,45,452,3.0,660,24,1.0,0.0,0.0,0.0,0.0,0.0,0.0,23642368.75,7852094.25,15790274.5,11505744.25,14975961.0,0.0,0.0,0.0,31068287.25,0.0,0.0,0.0,11511.5,46870073.25,16305539.25,3118615.5,41607816.25,8026268.25,4194440.25,2926173.25,26740463.75,3681928.25,1878126.25,-981981.0,609859.25,0.0,0.0,0.0,0.0,17246979.75,4235731.5,21482711.25,11533772.25,14930916.0,10456446.0,46870073.25,0.0,0.0,0.0,0.0,0.0,0.0,0.0,0.0,0.0,0.0,0.0,78938.5,1,13.180013689253936,48.0,1.0,0,48.0,False,False,False,True,False,False,False,False,False,False,False,False,False,False,False,True,False,False,False,False,False,False,False,False,False,False,False,False,False,False,False,0.016149068322981366,0.015681544028950542,0,0,5692436.75,16137371.25,-10444934.5,1000.0,1000.0,35.27487012483523,-1000.0,80.28306832081077,36.797424356489564,144.7532711878902,-500.0,33.68945983031934,33.211960836200056,500.0,3.536035055645033,500.0,500.0,155.27621543212766,1000.0,1000.0,-99.51587924330684,422.8454501685123,0,0,0,0,0,0,0,0,0,0,0,0,0,0,0,0,0,0,0,0,0,0
22,4521,45,452,1.0,660,24,5.0,0.0,0.0,0.0,0.0,0.0,0.0,23642368.75,7852094.25,15790274.5,11505744.25,14975961.0,0.0,0.0,0.0,31068287.25,0.0,0.0,0.0,11511.5,46870073.25,16305539.25,3118615.5,41607816.25,8026268.25,4194440.25,2926173.25,26740463.75,3681928.25,1878126.25,-981981.0,609859.25,0.0,0.0,0.0,0.0,17246979.75,4235731.5,21482711.25,11533772.25,14930916.0,10456446.0,46870073.25,0.0,0.0,0.0,0.0,0.0,0.0,0.0,0.0,0.0,0.0,0.0,78938.5,1,13.388090349075975,48.0,1.0,0,48.0,False,False,False,True,False,False,False,False,False,False,False,False,False,False,False,True,False,False,False,False,False,False,False,False,False,False,False,False,False,False,False,0.016149068322981366,0.015681544028950542,0,0,5692436.75,16137371.25,-10444934.5,1000.0,1000.0,35.27487012483523,-1000.0,80.28306832081077,36.797424356489564,144.7532711878902,-500.0,33.68945983031934,33.211960836200056,500.0,3.536035055645033,500.0,500.0,155.27621543212766,1000.0,1000.0,-99.51587924330684,422.8454501685123,0,0,0,0,0,0,0,0,0,0,0,0,0,0,0,0,0,0,0,0,0,0
23,4521,45,452,15.0,660,26,6.25,0.0,0.0,0.0,0.0,0.0,0.0,23642368.75,7852094.25,15790274.5,11505744.25,14975961.0,0.0,0.0,0.0,31068287.25,0.0,0.0,0.0,11511.5,46870073.25,16305539.25,3118615.5,41607816.25,8026268.25,4194440.25,2926173.25,26740463.75,3681928.25,1878126.25,-981981.0,609859.25,0.0,0.0,0.0,0.0,17246979.75,4235731.5,21482711.25,11533772.25,14930916.0,10456446.0,46870073.25,0.0,0.0,0.0,0.0,0.0,0.0,0.0,0.0,0.0,0.0,0.0,78938.5,1,13.503080082135524,24.0,4.0,0,6.0,False,False,False,True,False,False,False,False,False,False,False,False,False,False,False,True,False,False,False,False,False,False,False,False,False,False,False,False,False,False,False,0.016149068322981366,0.015681544028950542,0,0,5692436.75,16137371.25,-10444934.5,1000.0,1000.0,35.27487012483523,-1000.0,80.28306832081077,36.797424356489564,144.7532711878902,-500.0,33.68945983031934,33.211960836200056,500.0,3.536035055645033,500.0,500.0,155.27621543212766,1000.0,1000.0,-99.51587924330684,422.8454501685123,0,0,0,0,0,0,0,0,0,0,0,0,0,0,0,0,0,0,0,0,0,0
24,5532,55,553,4.0,40,36,7.95,0.0,0.0,0.0,0.0,0.0,0.0,5726000.0,2581000.0,3145000.0,828000.0,2345000.0,0.0,0.0,0.0,4874000.0,0.0,0.0,0.0,40000.0,8059000.0,8784000.0,7894000.0,9326000.0,2074000.0,1502000.0,1170000.0,6443000.0,517000.0,702000.0,-222000.0,370000.0,0.0,0.0,0.0,0.0,1382000.0,3547000.0,4929000.0,2082000.0,2542000.0,588000.0,8059000.0,0.0,0.0,0.0,0.0,0.0,0.0,0.0,0.0,0.0,0.0,0.0,0.0,0,10.811772758384668,83.0,1.0,0,83.0,False,False,False,False,False,False,False,False,False,True,False,False,False,False,False,False,False,False,False,False,False,False,False,False,False,False,False,False,True,False,False,0.07204968944099378,0.06031363088057901,1,0,1784000.0,2332000.0,-548000.0,,,76.5008576329331,,28.03814161087442,17.14852959424246,303.16239316239313,,39.024692889936716,45.075096053091166,,26.772793053545584,,,116.33090175384137,,,-100.0,11.274385609323536,0,0,0,1,1,0,1,0,0,0,1,0,0,1,0,1,1,0,1,1,0,0
25,117,1,11,0.0,155,34,6.5,0.0,0.0,0.0,0.0,0.0,0.0,17696941.193991903,7239049.1334043145,10494936.916722622,5711624.613972619,14751896.664327338,0.0,0.0,0.0,24672445.857143342,0.0,0.0,0.0,936626.1695394691,36100427.35440215,23689402.432255726,17889398.211046387,35463800.705205336,9473299.257317152,2502156.240714975,1764434.9040538718,21066695.29673669,7026995.2010281375,1530573.3567460796,-489449.7146318286,713223.8350885716,0.0,0.0,0.0,0.0,11248784.191388477,3574801.479138362,14823585.67052684,9532926.419230485,15913281.269093791,5395102.20245469,36094790.188847594,0.0,0.0,0.0,0.0,0.0,0.0,0.0,0.0,0.0,0.0,0.0,0.0,0,4.328542094455853,36.0,1.0,0,36.0,False,False,False,False,False,False,False,False,False,False,False,True,False,False,False,False,False,False,False,False,False,False,False,False,False,False,False,False,False,True,False,0.0037267080745341614,0.06031363088057901,1,1,4328648.753804218,8759164.588049551,-4458476.032915221,,,49.4185114378368,,75.88436726043955,31.1596981414038,202.6031944236134,,29.071503264192945,40.90565173975922,,6.34045264762552,,,162.9042174191688,,,-100.0,32.421460760082695,0,0,0,1,1,0,1,0,0,0,1,0,0,1,0,1,1,0,1,1,0,0
26,6022,60,602,2.0,26,23,7.5,0.0,0.0,0.0,0.0,0.0,0.0,2617865.25,1852350.5,765514.75,0.0,2059557.5,0.0,0.0,0.0,2142140.0,0.0,0.0,0.0,215465.25,3123120.0,4715.5,3704.75,5611606.0,1137886.75,537036.5,664664.0,2949947.0,576576.0,221721.5,-24524.5,349349.0,0.0,0.0,0.0,0.0,1375874.5,136886.75,1512761.25,373373.0,1610358.75,0.0,3123120.0,0.0,0.0,0.0,0.0,0.0,0.0,0.0,0.0,0.0,0.0,0.0,11212.0,0,8.657084188911705,48.0,1.0,0,48.0,False,False,False,False,False,False,False,False,True,False,False,False,False,False,False,False,False,False,False,False,True,False,False,False,False,False,False,True,False,False,False,0.08074534161490683,0.07117008443908324,0,0,747246.5,531781.25,215465.25,1000.0,1000.0,140.5176470588235,1000.0,90.9511993382961,44.054487179487175,20.59487951807229,-218.73439172315378,24.51121794871795,70.75805372335341,500.0,25.391051291378687,500.0,500.0,45.56498133695284,0.0,1000.0,137.7690594846782,27.282542681692423,0,0,0,0,0,0,0,0,0,0,0,0,0,0,0,0,0,0,0,0,0,0
27,2670,26,267,0.0,64,28,7.0,0.0,0.0,0.0,0.0,0.0,0.0,4615611.000000002,1299798.5,3315812.5,172172.0,1169918.75,0.0,0.0,0.0,3912158.25,0.0,0.0,0.0,1080329.25,8308300.0,9173.5,5391.75,12020008.000000004,3670667.0,2191939.75,2123621.5,5660154.5,1471720.25,1584583.0,-107857.75,1462210.75,0.0,0.0,0.0,0.0,3715962.250000001,1364613.25,5080575.5,2267515.25,3199696.5,37370.66666666698,8308300.0,0.0,0.0,0.0,0.0,0.0,0.0,0.0,0.0,0.0,0.0,0.0,23939.0,0,2.921286789869952,84.0,3.0,0,28.0,False,False,False,False,True,False,False,False,False,False,False,False,False,False,False,False,True,False,False,False,False,False,False,False,False,True,False,False,False,False,False,0.004968944099378882,0.0036188178528347406,0,0,1764763.0,712461.75,1042958.583333333,1000.0,1000.0,247.69933263083948,1000.0,73.14057728302632,44.72590361445784,64.25877916568466,-450.552445799741,39.90963855421687,28.160919540229873,500.0,39.349451141491,500.0,500.0,144.21964806791053,1000.0,1000.0,160.95819480023982,70.13956507627394,0,0,0,0,0,0,0,0,0,0,0,0,0,0,0,0,0,0,0,0,0,0
28,2523,25,252,2.0,0,22,1.0,0.0,0.0,0.0,0.0,0.0,0.0,23770246.5,8835827.0,14934419.5,7980973.0,11789027.25,0.0,0.0,0.0,22602329.75,0.0,0.0,0.0,56056.00000000012,37592805.25,12077695.25,20523.75,24532007.5,6737230.5,2861108.25,1930428.5,10502241.75,3768514.75,978227.25,-687687.0,47547.5,0.0,0.0,0.0,0.0,9888628.75,0.0,9888628.75,11947435.5,18313295.0,9390881.5,37592805.25,0.0,0.0,0.0,0.0,0.0,0.0,0.0,0.0,0.0,0.0,0.0,49015.0,0,28.3750855578371,84.0,1.0,0,84.0,False,True,False,False,False,False,False,False,False,False,False,False,False,True,False,False,False,False,False,False,False,False,False,False,True,False,False,False,False,False,False,0.3242236024844721,0.3823884197828709,0,0,-5045790.75,4289034.75,-9334825.5,-1000.0,1000.0,-117.64396989322599,-1000.0,100.0,26.30457792186179,0.0,-500.0,39.726802510967175,37.17179373802455,97.00601856574518,0.480830064532456,500.0,500.0,409.53892343984563,1000.0,1000.0,-99.5941692600664,500.0,0,0,0,0,0,0,0,0,0,0,0,0,0,0,0,0,0,0,0,0,0,0
29,2523,25,252,5.0,0,24,1.0,0.0,0.0,0.0,0.0,0.0,0.0,23770246.5,8835827.0,14934419.5,7980973.0,11789027.25,0.0,0.0,0.0,22602329.75,0.0,0.0,0.0,56056.00000000012,37592805.25,12077695.25,20523.75,24532007.5,6737230.5,2861108.25,1930428.5,10502241.75,3768514.75,978227.25,-687687.0,47547.5,0.0,0.0,0.0,0.0,9888628.75,0.0,9888628.75,11947435.5,18313295.0,9390881.5,37592805.25,0.0,0.0,0.0,0.0,0.0,0.0,0.0,0.0,0.0,0.0,0.0,49015.0,0,29.245722108145106,48.0,1.0,0,48.0,False,True,False,False,False,False,False,False,False,False,False,False,False,True,False,False,False,False,False,False,False,False,False,False,True,False,False,False,False,False,False,0.3242236024844721,0.3823884197828709,0,0,-5045790.75,4289034.75,-9334825.5,-1000.0,1000.0,-117.64396989322599,-1000.0,100.0,26.30457792186179,0.0,-500.0,39.726802510967175,37.17179373802455,97.00601856574518,0.480830064532456,500.0,500.0,409.53892343984563,1000.0,1000.0,-99.5941692600664,500.0,0,0,0,0,0,0,0,0,0,0,0,0,0,0,0,0,0,0,0,0,0,0
30,7134,71,713,0.0,60,24,1.0,0.0,0.0,0.0,0.0,0.0,0.0,3621117.499999998,1561810.25,2059307.25,0.0,19337318.0,0.0,0.0,0.0,23165892.75,0.0,0.0,0.0,140140.00000000012,25365340.0,22382360.0,10661185.5,23712689.0,1269518.25,1107356.25,465965.5,20932912.0,95595.5,1028527.5,-588588.0,387136.75,0.0,0.0,0.0,0.0,11455193.75,0.0,11455193.75,4263008.75,8429921.5,5480224.75,25365340.0,0.0,0.0,0.0,0.0,0.0,0.0,0.0,0.0,0.0,0.0,0.0,47378.0,1,10.028747433264886,48.0,1.0,0,48.0,False,True,False,False,False,False,False,False,False,False,False,False,False,True,False,False,False,False,False,False,False,False,False,False,False,True,False,False,False,False,False,0.3242236024844721,0.3823884197828709,0,0,9395886.5,14735971.25,-5340084.75,1000.0,1000.0,63.76156916022756,-1000.0,100.0,45.160812943962114,0.0,-500.0,8.118587213891082,43.1306150656531,500.0,3.379574003276898,500.0,500.0,73.3143649579189,0.0,1000.0,-99.78832437687537,109.94250592488048,0,0,0,0,0,0,0,0,0,0,0,0,0,0,0,0,0,0,0,0,0,0
31,5166,51,516,0.0,60,24,0.0,0.0,0.0,0.0,0.0,0.0,0.0,3621117.499999998,1561810.25,2059307.25,0.0,19337318.0,0.0,0.0,0.0,23165892.75,0.0,0.0,0.0,140140.00000000012,25365340.0,22382360.0,10661185.5,23712689.0,1269518.25,1107356.25,465965.5,20932912.0,95595.5,1028527.5,-588588.0,387136.75,0.0,0.0,0.0,0.0,11455193.75,0.0,11455193.75,4263008.75,8429921.5,5480224.75,25365340.0,0.0,0.0,0.0,0.0,0.0,0.0,0.0,0.0,0.0,0.0,0.0,47378.0,1,10.039698836413416,48.0,1.0,0,48.0,False,True,False,False,False,False,False,False,False,False,False,False,False,True,False,False,False,False,False,False,False,False,False,False,False,True,False,False,False,False,False,0.3242236024844721,0.3823884197828709,0,0,9395886.5,14735971.25,-5340084.75,1000.0,1000.0,63.76156916022756,-1000.0,100.0,45.160812943962114,0.0,-500.0,8.118587213891082,43.1306150656531,500.0,3.379574003276898,500.0,500.0,73.3143649579189,0.0,1000.0,-99.78832437687537,109.94250592488048,0,0,0,0,0,0,0,0,0,0,0,0,0,0,0,0,0,0,0,0,0,0
32,5166,51,516,0.0,60,24,1.0,0.0,0.0,0.0,0.0,0.0,0.0,3621117.499999998,1561810.25,2059307.25,0.0,19337318.0,0.0,0.0,0.0,23165892.75,0.0,0.0,0.0,140140.00000000012,25365340.0,22382360.0,10661185.5,23712689.0,1269518.25,1107356.25,465965.5,20932912.0,95595.5,1028527.5,-588588.0,387136.75,0.0,0.0,0.0,0.0,11455193.75,0.0,11455193.75,4263008.75,8429921.5,5480224.75,25365340.0,0.0,0.0,0.0,0.0,0.0,0.0,0.0,0.0,0.0,0.0,0.0,47378.0,0,10.042436687200547,48.0,1.0,0,48.0,False,True,False,False,False,False,False,False,False,False,False,False,False,True,False,False,False,False,False,False,False,False,False,False,False,True,False,False,False,False,False,0.3242236024844721,0.3823884197828709,0,0,9395886.5,14735971.25,-5340084.75,1000.0,1000.0,63.76156916022756,-1000.0,100.0,45.160812943962114,0.0,-500.0,8.118587213891082,43.1306150656531,500.0,3.379574003276898,500.0,500.0,73.3143649579189,0.0,1000.0,-99.78832437687537,109.94250592488048,0,0,0,0,0,0,0,0,0,0,0,0,0,0,0,0,0,0,0,0,0,0
33,5166,51,516,0.0,60,24,1.0,0.0,0.0,0.0,0.0,0.0,0.0,3621117.499999998,1561810.25,2059307.25,0.0,19337318.0,0.0,0.0,0.0,23165892.75,0.0,0.0,0.0,140140.00000000012,25365340.0,22382360.0,10661185.5,23712689.0,1269518.25,1107356.25,465965.5,20932912.0,95595.5,1028527.5,-588588.0,387136.75,0.0,0.0,0.0,0.0,11455193.75,0.0,11455193.75,4263008.75,8429921.5,5480224.75,25365340.0,0.0,0.0,0.0,0.0,0.0,0.0,0.0,0.0,0.0,0.0,0.0,47378.0,0,10.042436687200547,48.0,1.0,0,48.0,False,True,False,False,False,False,False,False,False,False,False,False,False,True,False,False,False,False,False,False,False,False,False,False,False,True,False,False,False,False,False,0.3242236024844721,0.3823884197828709,0,0,9395886.5,14735971.25,-5340084.75,1000.0,1000.0,63.76156916022756,-1000.0,100.0,45.160812943962114,0.0,-500.0,8.118587213891082,43.1306150656531,500.0,3.379574003276898,500.0,500.0,73.3143649579189,0.0,1000.0,-99.78832437687537,109.94250592488048,0,0,0,0,0,0,0,0,0,0,0,0,0,0,0,0,0,0,0,0,0,0
34,5166,51,516,0.0,60,24,1.0,0.0,0.0,0.0,0.0,0.0,0.0,3621117.499999998,1561810.25,2059307.25,0.0,19337318.0,0.0,0.0,0.0,23165892.75,0.0,0.0,0.0,140140.00000000012,25365340.0,22382360.0,10661185.5,23712689.0,1269518.25,1107356.25,465965.5,20932912.0,95595.5,1028527.5,-588588.0,387136.75,0.0,0.0,0.0,0.0,11455193.75,0.0,11455193.75,4263008.75,8429921.5,5480224.75,25365340.0,0.0,0.0,0.0,0.0,0.0,0.0,0.0,0.0,0.0,0.0,0.0,47378.0,1,10.042436687200547,48.0,1.0,0,48.0,False,True,False,False,False,False,False,False,False,False,False,False,False,True,False,False,False,False,False,False,False,False,False,False,False,True,False,False,False,False,False,0.3242236024844721,0.3823884197828709,0,0,9395886.5,14735971.25,-5340084.75,1000.0,1000.0,63.76156916022756,-1000.0,100.0,45.160812943962114,0.0,-500.0,8.118587213891082,43.1306150656531,500.0,3.379574003276898,500.0,500.0,73.3143649579189,0.0,1000.0,-99.78832437687537,109.94250592488048,0,0,0,0,0,0,0,0,0,0,0,0,0,0,0,0,0,0,0,0,0,0
35,131,1,13,1.0,6,7,5.5,0.0,0.0,0.0,0.0,0.0,0.0,5475470.000000002,0.0,5475470.0,45045.0,0.0,0.0,0.0,0.0,60560.5,0.0,0.0,0.0,79079.0,5615109.5,0.0,0.0,0.0,0.0,0.0,0.0,0.0,0.0,0.0,0.0,0.0,0.0,0.0,0.0,0.0,575575.0,1439938.5,2015513.5,2467965.5,3599596.0,0.0,5615109.5,0.0,0.0,0.0,0.0,0.0,0.0,0.0,0.0,0.0,0.0,0.0,0.0,0,4.008213552361396,60.0,1.0,0,60.0,False,True,False,False,False,False,False,False,False,False,False,False,False,True,False,False,False,False,False,False,False,False,False,False,True,False,False,False,False,False,False,0.3242236024844721,0.3823884197828709,0,0,-3459956.5,-3539035.5,79079.0,,,97.76552114269552,,28.5572386391855,10.250467956145824,,,97.51314733933506,0.0,,0.0,,,,,,,,0,0,0,1,1,0,1,0,0,1,1,0,0,1,0,1,1,1,1,1,1,1
36,140,1,14,0.0,6,7,5.5,0.0,0.0,0.0,0.0,0.0,0.0,5475470.000000002,0.0,5475470.0,45045.0,0.0,0.0,0.0,0.0,60560.5,0.0,0.0,0.0,79079.0,5615109.5,0.0,0.0,0.0,0.0,0.0,0.0,0.0,0.0,0.0,0.0,0.0,0.0,0.0,0.0,0.0,575575.0,1439938.5,2015513.5,2467965.5,3599596.0,0.0,5615109.5,0.0,0.0,0.0,0.0,0.0,0.0,0.0,0.0,0.0,0.0,0.0,0.0,0,4.440793976728268,48.0,12.0,0,4.0,False,True,False,False,False,False,False,False,False,False,False,False,False,True,False,False,False,False,False,False,False,False,False,False,False,True,False,False,False,False,False,0.3242236024844721,0.3823884197828709,0,0,-3459956.5,-3539035.5,79079.0,,,97.76552114269552,,28.5572386391855,10.250467956145824,,,97.51314733933506,0.0,,0.0,,,,,,,,0,0,0,1,1,0,1,0,0,1,1,0,0,1,0,1,1,1,1,1,1,1
37,5241,52,524,8.0,110,23,5.95,0.0,0.0,0.0,0.0,0.0,0.0,11069808.75,9109100.0,1960708.75,9260501.25,1502000.5,0.0,0.0,0.0,12083321.25,0.0,0.0,0.0,6363607.25,20407637.25,28527.75,24960.25,32104322.25,6185179.0,2054552.5,1549798.25,20315795.5,3929175.25,1594593.0,-79079.0,1064813.75,0.0,0.0,0.0,0.0,9542282.75,0.0,9542282.75,7324567.25,10864353.5,1001.0,20407637.25,0.0,0.0,0.0,0.0,0.0,0.0,0.0,0.0,0.0,0.0,0.0,64144.5,0,40.035592060232716,60.0,1.0,0,60.0,False,True,False,False,False,False,False,False,False,False,False,False,False,True,False,False,False,False,False,False,False,False,False,False,True,False,False,False,False,False,False,0.3242236024844721,0.3823884197828709,0,0,7581574.0,1218967.75,6362606.25,1000.0,1000.0,500.0,1000.0,100.0,46.75839066082968,0.0,-123.2825885305833,9.607720511594255,82.28778116875776,500.0,11.158899583016444,500.0,500.0,129.79281121430859,1000.0,1000.0,124.84948865578254,14.292725433439168,0,0,0,0,0,0,0,0,0,0,0,0,0,0,0,0,0,0,0,0,0,0
38,8022,80,802,0.0,135,9,6.5,0.0,0.0,0.0,0.0,0.0,0.0,11463452.0,7667159.5,3796292.5,0.0,1962460.5,0.0,0.0,0.0,2052550.5,0.0,0.0,0.0,691691.0,6540534.0,10849839.0,9912402.5,11465454.0,5372367.0,1558056.5,1212211.0,2212210.0,3763259.5,1037036.0,-19019.0,692692.0,0.0,0.0,0.0,0.0,4569565.0,714714.0,5284279.0,33033.0,1256255.0,0.0,6540534.0,0.0,0.0,0.0,0.0,0.0,0.0,0.0,0.0,0.0,0.0,0.0,22908.0,0,20.62696783025325,60.0,1.0,0,60.0,False,False,False,False,False,False,False,False,False,True,False,False,False,False,False,False,False,False,False,False,False,True,False,False,False,False,False,False,True,False,False,0.07204968944099378,0.05066344993968637,0,0,1487986.5,796295.5,691691.0,1000.0,1000.0,186.86360779384034,1000.0,86.47471111953021,69.86531986531986,58.95953757225434,-83.02339793958441,58.04254667891031,66.88351379671673,500.0,15.158817086527929,500.0,500.0,5.375565610859729,0.0,1000.0,-99.78886322644972,9.457207775814188,0,0,0,0,0,0,0,0,0,0,0,0,0,0,0,0,0,0,0,0,0,0
39,7421,74,742,0.0,2,5,7.5,0.0,0.0,0.0,0.0,0.0,0.0,17696941.193991903,7239049.1334043145,10494936.916722622,5711624.613972619,14751896.664327338,0.0,0.0,0.0,24672445.857143342,0.0,0.0,0.0,936626.1695394691,36100427.35440215,23689402.432255726,17889398.211046387,35463800.705205336,9473299.257317152,2502156.240714975,1764434.9040538718,21066695.29673669,7026995.2010281375,1530573.3567460796,-489449.7146318286,713223.8350885716,0.0,0.0,0.0,0.0,11248784.191388477,3574801.479138362,14823585.67052684,9532926.419230485,15913281.269093791,5395102.20245469,36094790.188847594,0.0,0.0,0.0,0.0,0.0,0.0,0.0,0.0,0.0,0.0,0.0,0.0,0,9.007529089664613,120.0,1.0,0,120.0,False,True,False,False,False,False,False,False,False,False,False,False,False,True,False,False,False,False,False,False,False,False,False,False,False,False,False,False,False,False,True,0.3242236024844721,0.3823884197828709,1,1,4328648.753804218,8759164.588049551,-4458476.032915221,,,49.4185114378368,,75.88436726043955,31.1596981414038,202.6031944236134,,29.071503264192945,40.90565173975922,,6.34045264762552,,,162.9042174191688,,,-100.0,32.421460760082695,0,0,0,1,1,0,1,0,0,0,1,0,0,1,0,1,1,0,1,1,0,0
40,2225,22,222,0.0,13,23,7.0,0.0,0.0,0.0,0.0,0.0,0.0,6586329.75,2405403.0,4180926.75,758758.0,3505001.5,0.0,0.0,0.0,5396891.5,0.0,0.0,0.0,26526.499999999884,9604344.75,5659.5,4028.75,9290030.75,2524021.5,1338587.25,1135884.75,5706200.5,1146145.0,942942.0,-60310.25,729729.0,0.0,0.0,0.0,0.0,4669665.0,674173.5,5343838.5,2608355.75,3880126.25,380380.0,9604344.75,0.0,0.0,0.0,0.0,0.0,0.0,0.0,0.0,0.0,0.0,0.0,18561.5,0,15.734428473648187,60.0,1.0,0,60.0,False,False,False,False,True,False,False,False,False,False,False,False,False,False,False,False,True,False,False,False,False,False,False,False,False,True,False,False,False,False,False,0.02981366459627329,0.025331724969843185,0,0,1162911.75,1516765.25,-353853.5000000001,1000.0,1000.0,76.67051641643293,-1000.0,87.38409665636415,48.62033924802626,59.35228023793787,-324.92120787651857,43.53161885406082,36.521144420380715,500.0,15.62700964630225,500.0,500.0,164.55924918866765,1000.0,1000.0,227.9706687869953,40.477815699658706,0,0,0,0,0,0,0,0,0,0,0,0,0,0,0,0,0,0,0,0,0,0
41,2225,22,222,0.0,13,1,5.0,0.0,0.0,0.0,0.0,0.0,0.0,6586329.75,2405403.0,4180926.75,758758.0,3505001.5,0.0,0.0,0.0,5396891.5,0.0,0.0,0.0,26526.499999999884,9604344.75,5659.5,4028.75,9290030.75,2524021.5,1338587.25,1135884.75,5706200.5,1146145.0,942942.0,-60310.25,729729.0,0.0,0.0,0.0,0.0,4669665.0,674173.5,5343838.5,2608355.75,3880126.25,380380.0,9604344.75,0.0,0.0,0.0,0.0,0.0,0.0,0.0,0.0,0.0,0.0,0.0,18561.5,0,15.912388774811772,84.0,3.0,0,28.0,False,False,False,False,True,False,False,False,False,False,False,False,False,False,False,False,True,False,False,False,False,False,False,False,False,True,False,False,False,False,False,0.02981366459627329,0.025331724969843185,0,0,1162911.75,1516765.25,-353853.5000000001,1000.0,1000.0,76.67051641643293,-1000.0,87.38409665636415,48.62033924802626,59.35228023793787,-324.92120787651857,43.53161885406082,36.521144420380715,500.0,15.62700964630225,500.0,500.0,164.55924918866765,1000.0,1000.0,227.9706687869953,40.477815699658706,0,0,0,0,0,0,0,0,0,0,0,0,0,0,0,0,0,0,0,0,0,0
42,2225,22,222,0.0,13,25,0.0,0.0,0.0,0.0,0.0,0.0,0.0,6586329.75,2405403.0,4180926.75,758758.0,3505001.5,0.0,0.0,0.0,5396891.5,0.0,0.0,0.0,26526.499999999884,9604344.75,5659.5,4028.75,9290030.75,2524021.5,1338587.25,1135884.75,5706200.5,1146145.0,942942.0,-60310.25,729729.0,0.0,0.0,0.0,0.0,4669665.0,674173.5,5343838.5,2608355.75,3880126.25,380380.0,9604344.75,0.0,0.0,0.0,0.0,0.0,0.0,0.0,0.0,0.0,0.0,0.0,18561.5,0,16.791238877481177,60.0,1.0,0,60.0,False,False,False,False,True,False,False,False,False,False,False,False,False,False,False,False,True,False,False,False,False,False,False,False,False,True,False,False,False,False,False,0.02981366459627329,0.025331724969843185,0,0,1162911.75,1516765.25,-353853.5000000001,1000.0,1000.0,76.67051641643293,-1000.0,87.38409665636415,48.62033924802626,59.35228023793787,-324.92120787651857,43.53161885406082,36.521144420380715,500.0,15.62700964630225,500.0,500.0,164.55924918866765,1000.0,1000.0,227.9706687869953,40.477815699658706,0,0,0,0,0,0,0,0,0,0,0,0,0,0,0,0,0,0,0,0,0,0
43,4522,45,452,2.0,205,23,0.0,0.0,0.0,0.0,0.0,0.0,0.0,10427417.0,3541538.0,6885879.0,29472943.5,15863848.0,0.0,0.0,0.0,46920123.25,0.0,0.0,0.0,1165914.75,54971917.0,20870330.25,33653.25,56922866.0,9575816.25,4014760.75,1880879.0,43621578.0,5526270.75,3278525.25,-1992240.25,1144643.5,0.0,0.0,0.0,0.0,15223958.75,1896644.75,17120603.5,7306048.75,18826808.0,19024505.5,54971917.0,0.0,0.0,0.0,0.0,0.0,0.0,0.0,0.0,0.0,0.0,0.0,94184.5,0,20.777549623545518,48.0,1.0,0,48.0,False,False,False,False,False,False,False,False,False,True,False,False,False,False,False,False,False,False,False,False,False,True,False,False,False,False,False,False,True,False,False,0.011180124223602485,0.010856453558504222,0,0,10234724.5,28093315.25,-17858590.75,1000.0,1000.0,36.43117378252465,-1000.0,88.92185809921945,27.694065589890197,100.8382118147951,-500.0,12.526175865396871,33.963713161178845,500.0,7.518698117859785,500.0,500.0,60.29533250722842,1000.0,1000.0,-99.54871581392442,500.0,0,0,0,0,0,0,0,0,0,0,0,0,0,0,0,0,0,0,0,0,0,0
44,4522,45,452,4.0,205,23,0.0,0.0,0.0,0.0,0.0,0.0,0.0,10427417.0,3541538.0,6885879.0,29472943.5,15863848.0,0.0,0.0,0.0,46920123.25,0.0,0.0,0.0,1165914.75,54971917.0,20870330.25,33653.25,56922866.0,9575816.25,4014760.75,1880879.0,43621578.0,5526270.75,3278525.25,-1992240.25,1144643.5,0.0,0.0,0.0,0.0,15223958.75,1896644.75,17120603.5,7306048.75,18826808.0,19024505.5,54971917.0,0.0,0.0,0.0,0.0,0.0,0.0,0.0,0.0,0.0,0.0,0.0,94184.5,0,21.201916495550993,48.0,1.0,0,48.0,False,False,False,False,False,False,False,False,False,True,False,False,False,False,False,False,False,False,False,False,False,True,False,False,False,False,False,False,True,False,False,0.011180124223602485,0.010856453558504222,0,0,10234724.5,28093315.25,-17858590.75,1000.0,1000.0,36.43117378252465,-1000.0,88.92185809921945,27.694065589890197,100.8382118147951,-500.0,12.526175865396871,33.963713161178845,500.0,7.518698117859785,500.0,500.0,60.29533250722842,1000.0,1000.0,-99.54871581392442,500.0,0,0,0,0,0,0,0,0,0,0,0,0,0,0,0,0,0,0,0,0,0,0
45,6042,60,604,4.0,19,24,8.0,0.0,0.0,0.0,0.0,0.0,0.0,2870367.5,2399397.0,470970.5,0.0,2163161.0,0.0,0.0,0.0,2616363.75,0.0,0.0,0.0,308808.5,3396142.75,5676138.25,10587.25,12487725.25,5780024.25,4067063.0,2505252.75,4088834.75,1359608.25,3100847.75,-355355.0,1539037.5,0.0,0.0,0.0,0.0,2909907.000000001,0.0,2909907.0,93093.0,144394.24999999814,341841.5,3396142.75,0.0,0.0,0.0,0.0,0.0,0.0,0.0,0.0,0.0,0.0,0.0,24950.5,0,13.267624914442163,48.0,1.0,0,48.0,False,False,False,True,False,False,False,False,False,False,False,False,False,False,False,True,False,False,False,False,False,False,False,False,False,False,False,True,False,False,False,0.016149068322981366,0.015681544028950542,0,0,2438936.5,2471969.500000002,-33033.0,1000.0,1000.0,98.66369710467698,-476.6189054327569,100.00000000000003,85.68270576965591,0.0,-500.0,13.86780635177953,83.59197907585005,500.0,52.88957688338491,500.0,500.0,8.196340045290409,0.0,1000.0,-99.56043177771437,500.0,0,0,0,0,0,0,0,0,0,0,0,0,0,0,0,0,0,0,0,0,0,0
46,6031,60,603,5.0,19,24,1.0,0.0,0.0,0.0,0.0,0.0,0.0,2870367.5,2399397.0,470970.5,0.0,2163161.0,0.0,0.0,0.0,2616363.75,0.0,0.0,0.0,308808.5,3396142.75,5676138.25,10587.25,12487725.25,5780024.25,4067063.0,2505252.75,4088834.75,1359608.25,3100847.75,-355355.0,1539037.5,0.0,0.0,0.0,0.0,2909907.000000001,0.0,2909907.0,93093.0,144394.24999999814,341841.5,3396142.75,0.0,0.0,0.0,0.0,0.0,0.0,0.0,0.0,0.0,0.0,0.0,24950.5,0,14.05886379192334,48.0,1.0,0,48.0,False,False,False,True,False,False,False,False,False,False,False,False,False,False,False,True,False,False,False,False,False,False,False,False,False,False,False,False,False,False,False,0.016149068322981366,0.015681544028950542,0,0,2438936.5,2471969.500000002,-33033.0,1000.0,1000.0,98.66369710467698,-476.6189054327569,100.00000000000003,85.68270576965591,0.0,-500.0,13.86780635177953,83.59197907585005,500.0,52.88957688338491,500.0,500.0,8.196340045290409,0.0,1000.0,-99.56043177771437,500.0,0,0,0,0,0,0,0,0,0,0,0,0,0,0,0,0,0,0,0,0,0,0
47,3430,34,343,27.0,0,1,6.0,0.0,0.0,0.0,0.0,0.0,0.0,17696941.193991903,7239049.1334043145,10494936.916722622,5711624.613972619,14751896.664327338,0.0,0.0,0.0,24672445.857143342,0.0,0.0,0.0,936626.1695394691,36100427.35440215,23689402.432255726,17889398.211046387,35463800.705205336,9473299.257317152,2502156.240714975,1764434.9040538718,21066695.29673669,7026995.2010281375,1530573.3567460796,-489449.7146318286,713223.8350885716,0.0,0.0,0.0,0.0,11248784.191388477,3574801.479138362,14823585.67052684,9532926.419230485,15913281.269093791,5395102.20245469,36094790.188847594,0.0,0.0,0.0,0.0,0.0,0.0,0.0,0.0,0.0,0.0,0.0,0.0,1,4.317590691307323,96.0,3.0,0,32.0,False,True,False,False,False,False,False,False,False,False,False,False,False,True,False,False,False,False,False,False,False,False,False,False,True,False,False,False,False,False,False,0.3242236024844721,0.020506634499396863,1,1,4328648.753804218,8759164.588049551,-4458476.032915221,,,49.4185114378368,,75.88436726043955,31.1596981414038,202.6031944236134,,29.071503264192945,40.90565173975922,,6.34045264762552,,,162.9042174191688,,,-100.0,32.421460760082695,0,0,0,1,1,0,1,0,0,0,1,0,0,1,0,1,1,0,1,1,0,0
48,7470,74,747,0.0,0,23,1.0,0.0,0.0,0.0,0.0,0.0,0.0,1278026.75,254504.25,1023522.5,27527.5,4339335.0,0.0,0.0,0.0,5073318.25,0.0,0.0,0.0,99849.74999999988,6196690.5,7697.25,7713.25,8924415.5,5642637.0,458207.74999999977,467967.50000000023,2477725.25,5155650.5,427927.5,-24774.75,342592.25,0.0,0.0,0.0,0.0,791040.25,146646.5,937686.75,2673170.5,4983979.0,275024.75,6196690.5,0.0,0.0,0.0,0.0,0.0,0.0,0.0,0.0,0.0,0.0,0.0,17900.5,0,3.6577686516084875,48.0,1.0,0,48.0,False,True,False,False,False,False,False,False,False,False,False,False,False,True,False,False,False,False,False,False,False,False,False,False,True,False,False,False,False,False,False,0.3242236024844721,0.3823884197828709,0,0,-85835.75,89339.25,-175175.00000000012,-1000.0,1000.0,-96.07843137254902,-1000.0,84.36082199092607,12.765527824892981,31.336898395721906,-138.40255858774896,16.517244164445522,19.91384374388095,500.0,43.3090794052515,500.0,500.0,388.3971316028684,553.6102343509957,1000.0,132.55708207476695,-0.20743525751142516,0,0,0,0,0,0,0,0,0,0,0,0,0,0,0,0,0,0,0,0,0,0
49,4521,45,452,0.0,600,23,5.5,0.0,0.0,0.0,0.0,0.0,0.0,35540505.0,11451940.5,24088564.5,37600563.0,49002203.25,0.0,0.0,0.0,92738145.5,0.0,0.0,0.0,686686.0,117513396.0,45018531.25,98155.0,125387762.5,23112839.75,5386381.0,3596593.0,83811477.75000001,16475208.75,3243490.25,-2148896.75,1420168.75,0.0,0.0,0.0,0.0,20439419.0,23628855.250000004,44068274.25,23419896.5,37521233.75,35923888.0,117513396.0,0.0,0.0,0.0,0.0,0.0,0.0,0.0,0.0,0.0,0.0,0.0,246510.0,0,16.71731690622861,48.0,1.0,0,48.0,False,False,False,False,False,False,False,False,False,False,True,False,False,False,False,False,False,False,False,False,False,False,True,False,False,False,False,False,False,False,False,0.007453416149068323,0.007237635705669481,0,0,19979709.75,55216911.75,-35237202.0,1000.0,1000.0,36.18404057159173,-1000.0,46.38125578516386,17.393267232273672,500.0,-500.0,20.498568946131044,32.22222222222222,500.0,6.948185513492336,500.0,500.0,100.59675555595365,1000.0,1000.0,-99.45242549422356,500.0,0,0,0,0,0,0,0,0,0,0,0,0,0,0,0,0,0,0,0,0,0,0
50,4521,45,452,9.0,600,24,6.5,0.0,0.0,0.0,0.0,0.0,0.0,35540505.0,11451940.5,24088564.5,37600563.0,49002203.25,0.0,0.0,0.0,92738145.5,0.0,0.0,0.0,686686.0,117513396.0,45018531.25,98155.0,125387762.5,23112839.75,5386381.0,3596593.0,83811477.75000001,16475208.75,3243490.25,-2148896.75,1420168.75,0.0,0.0,0.0,0.0,20439419.0,23628855.250000004,44068274.25,23419896.5,37521233.75,35923888.0,117513396.0,0.0,0.0,0.0,0.0,0.0,0.0,0.0,0.0,0.0,0.0,0.0,246510.0,0,16.892539356605067,48.0,1.0,0,48.0,False,False,False,False,False,False,False,False,False,False,True,False,False,False,False,False,False,False,False,False,False,False,True,False,False,False,False,False,False,False,False,0.007453416149068323,0.007237635705669481,0,0,19979709.75,55216911.75,-35237202.0,1000.0,1000.0,36.18404057159173,-1000.0,46.38125578516386,17.393267232273672,500.0,-500.0,20.498568946131044,32.22222222222222,500.0,6.948185513492336,500.0,500.0,100.59675555595365,1000.0,1000.0,-99.45242549422356,500.0,0,0,0,0,0,0,0,0,0,0,0,0,0,0,0,0,0,0,0,0,0,0
51,4521,45,452,7.0,600,24,0.0,0.0,0.0,0.0,0.0,0.0,0.0,35540505.0,11451940.5,24088564.5,37600563.0,49002203.25,0.0,0.0,0.0,92738145.5,0.0,0.0,0.0,686686.0,117513396.0,45018531.25,98155.0,125387762.5,23112839.75,5386381.0,3596593.0,83811477.75000001,16475208.75,3243490.25,-2148896.75,1420168.75,0.0,0.0,0.0,0.0,20439419.0,23628855.250000004,44068274.25,23419896.5,37521233.75,35923888.0,117513396.0,0.0,0.0,0.0,0.0,0.0,0.0,0.0,0.0,0.0,0.0,0.0,246510.0,0,16.892539356605067,48.0,1.0,0,48.0,False,False,False,False,False,False,False,False,False,False,True,False,False,False,False,False,False,False,False,False,False,False,True,False,False,False,False,False,False,False,False,0.007453416149068323,0.007237635705669481,0,0,19979709.75,55216911.75,-35237202.0,1000.0,1000.0,36.18404057159173,-1000.0,46.38125578516386,17.393267232273672,500.0,-500.0,20.498568946131044,32.22222222222222,500.0,6.948185513492336,500.0,500.0,100.59675555595365,1000.0,1000.0,-99.45242549422356,500.0,0,0,0,0,0,0,0,0,0,0,0,0,0,0,0,0,0,0,0,0,0,0
52,7023,70,702,0.0,100,30,5.25,0.0,0.0,0.0,0.0,0.0,0.0,17696941.193991903,7239049.1334043145,10494936.916722622,5711624.613972619,14751896.664327338,0.0,0.0,0.0,24672445.857143342,0.0,0.0,0.0,936626.1695394691,36100427.35440215,23689402.432255726,17889398.211046387,35463800.705205336,9473299.257317152,2502156.240714975,1764434.9040538718,21066695.29673669,7026995.2010281375,1530573.3567460796,-489449.7146318286,713223.8350885716,0.0,0.0,0.0,0.0,11248784.191388477,3574801.479138362,14823585.67052684,9532926.419230485,15913281.269093791,5395102.20245469,36094790.188847594,0.0,0.0,0.0,0.0,0.0,0.0,0.0,0.0,0.0,0.0,0.0,0.0,0,26.63107460643395,84.0,3.0,0,28.0,False,False,False,False,False,False,False,False,True,False,False,False,False,False,False,False,False,False,False,False,True,False,False,False,False,False,False,True,False,False,False,0.08074534161490683,0.07117008443908324,1,1,4328648.753804218,8759164.588049551,-4458476.032915221,,,49.4185114378368,,75.88436726043955,31.1596981414038,202.6031944236134,,29.071503264192945,40.90565173975922,,6.34045264762552,,,162.9042174191688,,,-100.0,32.421460760082695,0,0,0,1,1,0,1,0,0,0,1,0,0,1,0,1,1,0,1,1,0,0
53,1534,15,153,0.0,460,24,7.0,0.0,0.0,0.0,0.0,0.0,0.0,81725644.0,38513224.75,43212419.25,36768231.5,15788022.25,0.0,0.0,0.0,70826756.0,0.0,0.0,0.0,4572568.0,118611743.25,102138.5,95809.25,103214111.0,19176657.5,5491235.75,5752246.5,70795224.5,12405643.25,1502250.75,-2823320.5,-871120.2499999999,0.0,0.0,0.0,0.0,42850057.25,9208199.0,52058256.25,15489223.75,33174891.75,33378595.250000004,118611743.25,0.0,0.0,0.0,0.0,0.0,0.0,0.0,0.0,0.0,0.0,0.0,209589.5,0,9.100616016427105,84.0,1.0,0,84.0,False,False,False,False,True,False,False,False,False,False,False,False,False,False,False,False,True,False,False,False,False,False,False,False,False,True,False,False,False,False,False,0.02981366459627329,0.025331724969843185,0,0,8845837.0,37651864.25,-28806027.250000004,1000.0,1000.0,23.49375569099477,-1000.0,82.3117413772383,36.12631943169758,160.08004872531106,-500.0,36.431822065813876,47.125018372446235,-415.6316275385932,-2.032950025988588,500.0,500.0,78.76407751203614,1000.0,1000.0,105.20127082344072,6.606094922984994,0,0,0,0,0,0,0,0,0,0,0,0,0,0,0,0,0,0,0,0,0,0
54,1597,15,159,0.0,460,24,7.0,0.0,0.0,0.0,0.0,0.0,0.0,81725644.0,38513224.75,43212419.25,36768231.5,15788022.25,0.0,0.0,0.0,70826756.0,0.0,0.0,0.0,4572568.0,118611743.25,102138.5,95809.25,103214111.0,19176657.5,5491235.75,5752246.5,70795224.5,12405643.25,1502250.75,-2823320.5,-871120.2499999999,0.0,0.0,0.0,0.0,42850057.25,9208199.0,52058256.25,15489223.75,33174891.75,33378595.250000004,118611743.25,0.0,0.0,0.0,0.0,0.0,0.0,0.0,0.0,0.0,0.0,0.0,209589.5,0,9.100616016427105,60.0,1.0,0,60.0,False,False,False,False,True,False,False,False,False,False,False,False,False,False,False,False,True,False,False,False,False,False,False,False,False,True,False,False,False,False,False,0.02981366459627329,0.025331724969843185,0,0,8845837.0,37651864.25,-28806027.250000004,1000.0,1000.0,23.49375569099477,-1000.0,82.3117413772383,36.12631943169758,160.08004872531106,-500.0,36.431822065813876,47.125018372446235,-415.6316275385932,-2.032950025988588,500.0,500.0,78.76407751203614,1000.0,1000.0,105.20127082344072,6.606094922984994,0,0,0,0,0,0,0,0,0,0,0,0,0,0,0,0,0,0,0,0,0,0
55,117,1,11,0.0,454,34,7.25,0.0,0.0,0.0,0.0,0.0,0.0,17696941.193991903,7239049.1334043145,10494936.916722622,5711624.613972619,14751896.664327338,0.0,0.0,0.0,24672445.857143342,0.0,0.0,0.0,936626.1695394691,36100427.35440215,23689402.432255726,17889398.211046387,35463800.705205336,9473299.257317152,2502156.240714975,1764434.9040538718,21066695.29673669,7026995.2010281375,1530573.3567460796,-489449.7146318286,713223.8350885716,0.0,0.0,0.0,0.0,11248784.191388477,3574801.479138362,14823585.67052684,9532926.419230485,15913281.269093791,5395102.20245469,36094790.188847594,0.0,0.0,0.0,0.0,0.0,0.0,0.0,0.0,0.0,0.0,0.0,0.0,0,13.437371663244353,36.0,1.0,0,36.0,False,False,False,False,False,False,False,False,False,False,False,True,False,False,False,False,False,False,False,False,False,False,False,True,False,False,False,False,False,True,False,0.0037267080745341614,0.0036188178528347406,1,1,4328648.753804218,8759164.588049551,-4458476.032915221,,,49.4185114378368,,75.88436726043955,31.1596981414038,202.6031944236134,,29.071503264192945,40.90565173975922,,6.34045264762552,,,162.9042174191688,,,-100.0,32.421460760082695,0,0,0,1,1,0,1,0,0,0,1,0,0,1,0,1,1,0,1,1,0,0
56,117,1,11,0.0,49,7,6.5,0.0,0.0,0.0,0.0,0.0,0.0,25231206.0,1507255.749999999,23723950.25,8036778.75,14101587.5,0.0,0.0,0.0,30921390.5,0.0,0.0,0.0,75825.75,54721166.5,30319.0,28777.25,36171135.0,-1974222.2500000019,2553300.75,1648396.75,36172386.25,2453451.0,2548796.25,-972471.5,1421420.0,0.0,0.0,0.0,0.0,15753237.5,9244485.25,24997722.75,19057038.0,20619599.0,9103844.75,54721166.5,0.0,0.0,0.0,0.0,0.0,0.0,0.0,0.0,0.0,0.0,0.0,71862.5,0,31.04722792607803,120.0,12.0,0,10.0,False,False,False,False,True,False,False,False,False,False,False,False,False,False,False,False,True,False,False,False,False,False,False,False,False,True,False,False,False,False,False,0.06459627329192547,0.06031363088057901,0,0,1273772.5,10301791.5,-9028019.0,1000.0,1000.0,12.364572705630861,-1000.0,63.018690372506036,28.788197524992455,500.0,-500.0,43.354248031244,5.973776085059109,500.0,9.023034154090547,500.0,500.0,189.66218132761423,1000.0,1000.0,137.0213397539497,5.357530688304129,0,0,0,0,0,0,0,0,0,0,0,0,0,0,0,0,0,0,0,0,0,0
57,117,1,11,0.0,49,7,5.0,0.0,0.0,0.0,0.0,0.0,0.0,25231206.0,1507255.749999999,23723950.25,8036778.75,14101587.5,0.0,0.0,0.0,30921390.5,0.0,0.0,0.0,75825.75,54721166.5,30319.0,28777.25,36171135.0,-1974222.2500000019,2553300.75,1648396.75,36172386.25,2453451.0,2548796.25,-972471.5,1421420.0,0.0,0.0,0.0,0.0,15753237.5,9244485.25,24997722.75,19057038.0,20619599.0,9103844.75,54721166.5,0.0,0.0,0.0,0.0,0.0,0.0,0.0,0.0,0.0,0.0,0.0,71862.5,0,31.04996577686516,120.0,12.0,0,10.0,False,False,False,False,True,False,False,False,False,False,False,False,False,False,False,False,True,False,False,False,False,False,False,False,False,True,False,False,False,False,False,0.06459627329192547,0.06031363088057901,0,0,1273772.5,10301791.5,-9028019.0,1000.0,1000.0,12.364572705630861,-1000.0,63.018690372506036,28.788197524992455,500.0,-500.0,43.354248031244,5.973776085059109,500.0,9.023034154090547,500.0,500.0,189.66218132761423,1000.0,1000.0,137.0213397539497,5.357530688304129,0,0,0,0,0,0,0,0,0,0,0,0,0,0,0,0,0,0,0,0,0,0
58,117,1,11,0.0,49,7,5.0,0.0,0.0,0.0,0.0,0.0,0.0,25231206.0,1507255.749999999,23723950.25,8036778.75,14101587.5,0.0,0.0,0.0,30921390.5,0.0,0.0,0.0,75825.75,54721166.5,30319.0,28777.25,36171135.0,-1974222.2500000019,2553300.75,1648396.75,36172386.25,2453451.0,2548796.25,-972471.5,1421420.0,0.0,0.0,0.0,0.0,15753237.5,9244485.25,24997722.75,19057038.0,20619599.0,9103844.75,54721166.5,0.0,0.0,0.0,0.0,0.0,0.0,0.0,0.0,0.0,0.0,0.0,71862.5,0,31.04996577686516,120.0,12.0,0,10.0,False,False,False,False,True,False,False,False,False,False,False,False,False,False,False,False,True,False,False,False,False,False,False,False,False,True,False,False,False,False,False,0.06459627329192547,0.06031363088057901,0,0,1273772.5,10301791.5,-9028019.0,1000.0,1000.0,12.364572705630861,-1000.0,63.018690372506036,28.788197524992455,500.0,-500.0,43.354248031244,5.973776085059109,500.0,9.023034154090547,500.0,500.0,189.66218132761423,1000.0,1000.0,137.0213397539497,5.357530688304129,0,0,0,0,0,0,0,0,0,0,0,0,0,0,0,0,0,0,0,0,0,0
59,117,1,11,0.0,49,7,5.0,0.0,0.0,0.0,0.0,0.0,0.0,25231206.0,1507255.749999999,23723950.25,8036778.75,14101587.5,0.0,0.0,0.0,30921390.5,0.0,0.0,0.0,75825.75,54721166.5,30319.0,28777.25,36171135.0,-1974222.2500000019,2553300.75,1648396.75,36172386.25,2453451.0,2548796.25,-972471.5,1421420.0,0.0,0.0,0.0,0.0,15753237.5,9244485.25,24997722.75,19057038.0,20619599.0,9103844.75,54721166.5,0.0,0.0,0.0,0.0,0.0,0.0,0.0,0.0,0.0,0.0,0.0,71862.5,0,31.04996577686516,120.0,12.0,0,10.0,False,False,False,False,True,False,False,False,False,False,False,False,False,False,False,False,True,False,False,False,False,False,False,False,False,True,False,False,False,False,False,0.06459627329192547,0.06031363088057901,0,0,1273772.5,10301791.5,-9028019.0,1000.0,1000.0,12.364572705630861,-1000.0,63.018690372506036,28.788197524992455,500.0,-500.0,43.354248031244,5.973776085059109,500.0,9.023034154090547,500.0,500.0,189.66218132761423,1000.0,1000.0,137.0213397539497,5.357530688304129,0,0,0,0,0,0,0,0,0,0,0,0,0,0,0,0,0,0,0,0,0,0
60,117,1,11,0.0,49,7,5.0,0.0,0.0,0.0,0.0,0.0,0.0,25231206.0,1507255.749999999,23723950.25,8036778.75,14101587.5,0.0,0.0,0.0,30921390.5,0.0,0.0,0.0,75825.75,54721166.5,30319.0,28777.25,36171135.0,-1974222.2500000019,2553300.75,1648396.75,36172386.25,2453451.0,2548796.25,-972471.5,1421420.0,0.0,0.0,0.0,0.0,15753237.5,9244485.25,24997722.75,19057038.0,20619599.0,9103844.75,54721166.5,0.0,0.0,0.0,0.0,0.0,0.0,0.0,0.0,0.0,0.0,0.0,71862.5,0,31.04996577686516,24.0,12.0,0,2.0,False,False,False,False,True,False,False,False,False,False,False,False,False,False,False,False,True,False,False,False,False,False,False,False,False,True,False,False,False,False,False,0.06459627329192547,0.06031363088057901,0,0,1273772.5,10301791.5,-9028019.0,1000.0,1000.0,12.364572705630861,-1000.0,63.018690372506036,28.788197524992455,500.0,-500.0,43.354248031244,5.973776085059109,500.0,9.023034154090547,500.0,500.0,189.66218132761423,1000.0,1000.0,137.0213397539497,5.357530688304129,0,0,0,0,0,0,0,0,0,0,0,0,0,0,0,0,0,0,0,0,0,0
61,117,1,11,0.0,49,7,5.0,0.0,0.0,0.0,0.0,0.0,0.0,25231206.0,1507255.749999999,23723950.25,8036778.75,14101587.5,0.0,0.0,0.0,30921390.5,0.0,0.0,0.0,75825.75,54721166.5,30319.0,28777.25,36171135.0,-1974222.2500000019,2553300.75,1648396.75,36172386.25,2453451.0,2548796.25,-972471.5,1421420.0,0.0,0.0,0.0,0.0,15753237.5,9244485.25,24997722.75,19057038.0,20619599.0,9103844.75,54721166.5,0.0,0.0,0.0,0.0,0.0,0.0,0.0,0.0,0.0,0.0,0.0,71862.5,0,31.04996577686516,84.0,12.0,0,7.0,False,False,False,False,True,False,False,False,False,False,False,False,False,False,False,False,True,False,False,False,False,False,False,False,False,True,False,False,False,False,False,0.06459627329192547,0.06031363088057901,0,0,1273772.5,10301791.5,-9028019.0,1000.0,1000.0,12.364572705630861,-1000.0,63.018690372506036,28.788197524992455,500.0,-500.0,43.354248031244,5.973776085059109,500.0,9.023034154090547,500.0,500.0,189.66218132761423,1000.0,1000.0,137.0213397539497,5.357530688304129,0,0,0,0,0,0,0,0,0,0,0,0,0,0,0,0,0,0,0,0,0,0
62,117,1,11,0.0,49,7,5.0,0.0,0.0,0.0,0.0,0.0,0.0,25231206.0,1507255.749999999,23723950.25,8036778.75,14101587.5,0.0,0.0,0.0,30921390.5,0.0,0.0,0.0,75825.75,54721166.5,30319.0,28777.25,36171135.0,-1974222.2500000019,2553300.75,1648396.75,36172386.25,2453451.0,2548796.25,-972471.5,1421420.0,0.0,0.0,0.0,0.0,15753237.5,9244485.25,24997722.75,19057038.0,20619599.0,9103844.75,54721166.5,0.0,0.0,0.0,0.0,0.0,0.0,0.0,0.0,0.0,0.0,0.0,71862.5,0,31.04996577686516,120.0,12.0,0,10.0,False,False,False,False,True,False,False,False,False,False,False,False,False,False,False,False,True,False,False,False,False,False,False,False,False,True,False,False,False,False,False,0.06459627329192547,0.06031363088057901,0,0,1273772.5,10301791.5,-9028019.0,1000.0,1000.0,12.364572705630861,-1000.0,63.018690372506036,28.788197524992455,500.0,-500.0,43.354248031244,5.973776085059109,500.0,9.023034154090547,500.0,500.0,189.66218132761423,1000.0,1000.0,137.0213397539497,5.357530688304129,0,0,0,0,0,0,0,0,0,0,0,0,0,0,0,0,0,0,0,0,0,0
63,117,1,11,0.0,49,7,5.0,0.0,0.0,0.0,0.0,0.0,0.0,25231206.0,1507255.749999999,23723950.25,8036778.75,14101587.5,0.0,0.0,0.0,30921390.5,0.0,0.0,0.0,75825.75,54721166.5,30319.0,28777.25,36171135.0,-1974222.2500000019,2553300.75,1648396.75,36172386.25,2453451.0,2548796.25,-972471.5,1421420.0,0.0,0.0,0.0,0.0,15753237.5,9244485.25,24997722.75,19057038.0,20619599.0,9103844.75,54721166.5,0.0,0.0,0.0,0.0,0.0,0.0,0.0,0.0,0.0,0.0,0.0,71862.5,0,31.04996577686516,24.0,12.0,0,2.0,False,False,False,False,True,False,False,False,False,False,False,False,False,False,False,False,True,False,False,False,False,False,False,False,False,True,False,False,False,False,False,0.06459627329192547,0.06031363088057901,0,0,1273772.5,10301791.5,-9028019.0,1000.0,1000.0,12.364572705630861,-1000.0,63.018690372506036,28.788197524992455,500.0,-500.0,43.354248031244,5.973776085059109,500.0,9.023034154090547,500.0,500.0,189.66218132761423,1000.0,1000.0,137.0213397539497,5.357530688304129,0,0,0,0,0,0,0,0,0,0,0,0,0,0,0,0,0,0,0,0,0,0
64,117,1,11,0.0,49,7,5.0,0.0,0.0,0.0,0.0,0.0,0.0,25231206.0,1507255.749999999,23723950.25,8036778.75,14101587.5,0.0,0.0,0.0,30921390.5,0.0,0.0,0.0,75825.75,54721166.5,30319.0,28777.25,36171135.0,-1974222.2500000019,2553300.75,1648396.75,36172386.25,2453451.0,2548796.25,-972471.5,1421420.0,0.0,0.0,0.0,0.0,15753237.5,9244485.25,24997722.75,19057038.0,20619599.0,9103844.75,54721166.5,0.0,0.0,0.0,0.0,0.0,0.0,0.0,0.0,0.0,0.0,0.0,71862.5,0,31.04996577686516,84.0,12.0,0,7.0,False,False,False,False,True,False,False,False,False,False,False,False,False,False,False,False,True,False,False,False,False,False,False,False,False,True,False,False,False,False,False,0.06459627329192547,0.06031363088057901,0,0,1273772.5,10301791.5,-9028019.0,1000.0,1000.0,12.364572705630861,-1000.0,63.018690372506036,28.788197524992455,500.0,-500.0,43.354248031244,5.973776085059109,500.0,9.023034154090547,500.0,500.0,189.66218132761423,1000.0,1000.0,137.0213397539497,5.357530688304129,0,0,0,0,0,0,0,0,0,0,0,0,0,0,0,0,0,0,0,0,0,0
65,117,1,11,0.0,49,7,5.0,0.0,0.0,0.0,0.0,0.0,0.0,25231206.0,1507255.749999999,23723950.25,8036778.75,14101587.5,0.0,0.0,0.0,30921390.5,0.0,0.0,0.0,75825.75,54721166.5,30319.0,28777.25,36171135.0,-1974222.2500000019,2553300.75,1648396.75,36172386.25,2453451.0,2548796.25,-972471.5,1421420.0,0.0,0.0,0.0,0.0,15753237.5,9244485.25,24997722.75,19057038.0,20619599.0,9103844.75,54721166.5,0.0,0.0,0.0,0.0,0.0,0.0,0.0,0.0,0.0,0.0,0.0,71862.5,0,31.04996577686516,24.0,12.0,0,2.0,False,False,False,False,True,False,False,False,False,False,False,False,False,False,False,False,True,False,False,False,False,False,False,False,False,True,False,False,False,False,False,0.06459627329192547,0.06031363088057901,0,0,1273772.5,10301791.5,-9028019.0,1000.0,1000.0,12.364572705630861,-1000.0,63.018690372506036,28.788197524992455,500.0,-500.0,43.354248031244,5.973776085059109,500.0,9.023034154090547,500.0,500.0,189.66218132761423,1000.0,1000.0,137.0213397539497,5.357530688304129,0,0,0,0,0,0,0,0,0,0,0,0,0,0,0,0,0,0,0,0,0,0
66,117,1,11,0.0,49,7,5.0,0.0,0.0,0.0,0.0,0.0,0.0,25231206.0,1507255.749999999,23723950.25,8036778.75,14101587.5,0.0,0.0,0.0,30921390.5,0.0,0.0,0.0,75825.75,54721166.5,30319.0,28777.25,36171135.0,-1974222.2500000019,2553300.75,1648396.75,36172386.25,2453451.0,2548796.25,-972471.5,1421420.0,0.0,0.0,0.0,0.0,15753237.5,9244485.25,24997722.75,19057038.0,20619599.0,9103844.75,54721166.5,0.0,0.0,0.0,0.0,0.0,0.0,0.0,0.0,0.0,0.0,0.0,71862.5,0,31.04996577686516,84.0,12.0,0,7.0,False,False,False,False,True,False,False,False,False,False,False,False,False,False,False,False,True,False,False,False,False,False,False,False,False,True,False,False,False,False,False,0.06459627329192547,0.06031363088057901,0,0,1273772.5,10301791.5,-9028019.0,1000.0,1000.0,12.364572705630861,-1000.0,63.018690372506036,28.788197524992455,500.0,-500.0,43.354248031244,5.973776085059109,500.0,9.023034154090547,500.0,500.0,189.66218132761423,1000.0,1000.0,137.0213397539497,5.357530688304129,0,0,0,0,0,0,0,0,0,0,0,0,0,0,0,0,0,0,0,0,0,0
67,117,1,11,0.0,49,7,5.0,0.0,0.0,0.0,0.0,0.0,0.0,25231206.0,1507255.749999999,23723950.25,8036778.75,14101587.5,0.0,0.0,0.0,30921390.5,0.0,0.0,0.0,75825.75,54721166.5,30319.0,28777.25,36171135.0,-1974222.2500000019,2553300.75,1648396.75,36172386.25,2453451.0,2548796.25,-972471.5,1421420.0,0.0,0.0,0.0,0.0,15753237.5,9244485.25,24997722.75,19057038.0,20619599.0,9103844.75,54721166.5,0.0,0.0,0.0,0.0,0.0,0.0,0.0,0.0,0.0,0.0,0.0,71862.5,0,31.04996577686516,24.0,12.0,0,2.0,False,False,False,False,True,False,False,False,False,False,False,False,False,False,False,False,True,False,False,False,False,False,False,False,False,True,False,False,False,False,False,0.06459627329192547,0.06031363088057901,0,0,1273772.5,10301791.5,-9028019.0,1000.0,1000.0,12.364572705630861,-1000.0,63.018690372506036,28.788197524992455,500.0,-500.0,43.354248031244,5.973776085059109,500.0,9.023034154090547,500.0,500.0,189.66218132761423,1000.0,1000.0,137.0213397539497,5.357530688304129,0,0,0,0,0,0,0,0,0,0,0,0,0,0,0,0,0,0,0,0,0,0
68,117,1,11,0.0,49,7,5.0,0.0,0.0,0.0,0.0,0.0,0.0,25231206.0,1507255.749999999,23723950.25,8036778.75,14101587.5,0.0,0.0,0.0,30921390.5,0.0,0.0,0.0,75825.75,54721166.5,30319.0,28777.25,36171135.0,-1974222.2500000019,2553300.75,1648396.75,36172386.25,2453451.0,2548796.25,-972471.5,1421420.0,0.0,0.0,0.0,0.0,15753237.5,9244485.25,24997722.75,19057038.0,20619599.0,9103844.75,54721166.5,0.0,0.0,0.0,0.0,0.0,0.0,0.0,0.0,0.0,0.0,0.0,71862.5,0,31.04996577686516,84.0,12.0,0,7.0,False,False,False,False,True,False,False,False,False,False,False,False,False,False,False,False,True,False,False,False,False,False,False,False,False,True,False,False,False,False,False,0.06459627329192547,0.06031363088057901,0,0,1273772.5,10301791.5,-9028019.0,1000.0,1000.0,12.364572705630861,-1000.0,63.018690372506036,28.788197524992455,500.0,-500.0,43.354248031244,5.973776085059109,500.0,9.023034154090547,500.0,500.0,189.66218132761423,1000.0,1000.0,137.0213397539497,5.357530688304129,0,0,0,0,0,0,0,0,0,0,0,0,0,0,0,0,0,0,0,0,0,0
69,117,1,11,0.0,49,7,5.0,0.0,0.0,0.0,0.0,0.0,0.0,25231206.0,1507255.749999999,23723950.25,8036778.75,14101587.5,0.0,0.0,0.0,30921390.5,0.0,0.0,0.0,75825.75,54721166.5,30319.0,28777.25,36171135.0,-1974222.2500000019,2553300.75,1648396.75,36172386.25,2453451.0,2548796.25,-972471.5,1421420.0,0.0,0.0,0.0,0.0,15753237.5,9244485.25,24997722.75,19057038.0,20619599.0,9103844.75,54721166.5,0.0,0.0,0.0,0.0,0.0,0.0,0.0,0.0,0.0,0.0,0.0,71862.5,0,31.04996577686516,24.0,12.0,0,2.0,False,False,False,False,True,False,False,False,False,False,False,False,False,False,False,False,True,False,False,False,False,False,False,False,False,True,False,False,False,False,False,0.06459627329192547,0.06031363088057901,0,0,1273772.5,10301791.5,-9028019.0,1000.0,1000.0,12.364572705630861,-1000.0,63.018690372506036,28.788197524992455,500.0,-500.0,43.354248031244,5.973776085059109,500.0,9.023034154090547,500.0,500.0,189.66218132761423,1000.0,1000.0,137.0213397539497,5.357530688304129,0,0,0,0,0,0,0,0,0,0,0,0,0,0,0,0,0,0,0,0,0,0
70,117,1,11,0.0,49,7,5.0,0.0,0.0,0.0,0.0,0.0,0.0,25231206.0,1507255.749999999,23723950.25,8036778.75,14101587.5,0.0,0.0,0.0,30921390.5,0.0,0.0,0.0,75825.75,54721166.5,30319.0,28777.25,36171135.0,-1974222.2500000019,2553300.75,1648396.75,36172386.25,2453451.0,2548796.25,-972471.5,1421420.0,0.0,0.0,0.0,0.0,15753237.5,9244485.25,24997722.75,19057038.0,20619599.0,9103844.75,54721166.5,0.0,0.0,0.0,0.0,0.0,0.0,0.0,0.0,0.0,0.0,0.0,71862.5,0,31.04996577686516,84.0,12.0,0,7.0,False,False,False,False,True,False,False,False,False,False,False,False,False,False,False,False,True,False,False,False,False,False,False,False,False,True,False,False,False,False,False,0.06459627329192547,0.06031363088057901,0,0,1273772.5,10301791.5,-9028019.0,1000.0,1000.0,12.364572705630861,-1000.0,63.018690372506036,28.788197524992455,500.0,-500.0,43.354248031244,5.973776085059109,500.0,9.023034154090547,500.0,500.0,189.66218132761423,1000.0,1000.0,137.0213397539497,5.357530688304129,0,0,0,0,0,0,0,0,0,0,0,0,0,0,0,0,0,0,0,0,0,0
71,117,1,11,0.0,49,7,5.0,0.0,0.0,0.0,0.0,0.0,0.0,25231206.0,1507255.749999999,23723950.25,8036778.75,14101587.5,0.0,0.0,0.0,30921390.5,0.0,0.0,0.0,75825.75,54721166.5,30319.0,28777.25,36171135.0,-1974222.2500000019,2553300.75,1648396.75,36172386.25,2453451.0,2548796.25,-972471.5,1421420.0,0.0,0.0,0.0,0.0,15753237.5,9244485.25,24997722.75,19057038.0,20619599.0,9103844.75,54721166.5,0.0,0.0,0.0,0.0,0.0,0.0,0.0,0.0,0.0,0.0,0.0,71862.5,0,31.04996577686516,24.0,12.0,0,2.0,False,False,False,False,True,False,False,False,False,False,False,False,False,False,False,False,True,False,False,False,False,False,False,False,False,True,False,False,False,False,False,0.06459627329192547,0.06031363088057901,0,0,1273772.5,10301791.5,-9028019.0,1000.0,1000.0,12.364572705630861,-1000.0,63.018690372506036,28.788197524992455,500.0,-500.0,43.354248031244,5.973776085059109,500.0,9.023034154090547,500.0,500.0,189.66218132761423,1000.0,1000.0,137.0213397539497,5.357530688304129,0,0,0,0,0,0,0,0,0,0,0,0,0,0,0,0,0,0,0,0,0,0
72,117,1,11,0.0,49,7,5.0,0.0,0.0,0.0,0.0,0.0,0.0,25231206.0,1507255.749999999,23723950.25,8036778.75,14101587.5,0.0,0.0,0.0,30921390.5,0.0,0.0,0.0,75825.75,54721166.5,30319.0,28777.25,36171135.0,-1974222.2500000019,2553300.75,1648396.75,36172386.25,2453451.0,2548796.25,-972471.5,1421420.0,0.0,0.0,0.0,0.0,15753237.5,9244485.25,24997722.75,19057038.0,20619599.0,9103844.75,54721166.5,0.0,0.0,0.0,0.0,0.0,0.0,0.0,0.0,0.0,0.0,0.0,71862.5,0,31.04996577686516,84.0,12.0,0,7.0,False,False,False,False,True,False,False,False,False,False,False,False,False,False,False,False,True,False,False,False,False,False,False,False,False,True,False,False,False,False,False,0.06459627329192547,0.06031363088057901,0,0,1273772.5,10301791.5,-9028019.0,1000.0,1000.0,12.364572705630861,-1000.0,63.018690372506036,28.788197524992455,500.0,-500.0,43.354248031244,5.973776085059109,500.0,9.023034154090547,500.0,500.0,189.66218132761423,1000.0,1000.0,137.0213397539497,5.357530688304129,0,0,0,0,0,0,0,0,0,0,0,0,0,0,0,0,0,0,0,0,0,0
73,117,1,11,0.0,49,7,5.0,0.0,0.0,0.0,0.0,0.0,0.0,25231206.0,1507255.749999999,23723950.25,8036778.75,14101587.5,0.0,0.0,0.0,30921390.5,0.0,0.0,0.0,75825.75,54721166.5,30319.0,28777.25,36171135.0,-1974222.2500000019,2553300.75,1648396.75,36172386.25,2453451.0,2548796.25,-972471.5,1421420.0,0.0,0.0,0.0,0.0,15753237.5,9244485.25,24997722.75,19057038.0,20619599.0,9103844.75,54721166.5,0.0,0.0,0.0,0.0,0.0,0.0,0.0,0.0,0.0,0.0,0.0,71862.5,0,31.04996577686516,84.0,12.0,0,7.0,False,False,False,False,True,False,False,False,False,False,False,False,False,False,False,False,True,False,False,False,False,False,False,False,False,True,False,False,False,False,False,0.06459627329192547,0.06031363088057901,0,0,1273772.5,10301791.5,-9028019.0,1000.0,1000.0,12.364572705630861,-1000.0,63.018690372506036,28.788197524992455,500.0,-500.0,43.354248031244,5.973776085059109,500.0,9.023034154090547,500.0,500.0,189.66218132761423,1000.0,1000.0,137.0213397539497,5.357530688304129,0,0,0,0,0,0,0,0,0,0,0,0,0,0,0,0,0,0,0,0,0,0
74,117,1,11,0.0,49,7,5.0,0.0,0.0,0.0,0.0,0.0,0.0,25231206.0,1507255.749999999,23723950.25,8036778.75,14101587.5,0.0,0.0,0.0,30921390.5,0.0,0.0,0.0,75825.75,54721166.5,30319.0,28777.25,36171135.0,-1974222.2500000019,2553300.75,1648396.75,36172386.25,2453451.0,2548796.25,-972471.5,1421420.0,0.0,0.0,0.0,0.0,15753237.5,9244485.25,24997722.75,19057038.0,20619599.0,9103844.75,54721166.5,0.0,0.0,0.0,0.0,0.0,0.0,0.0,0.0,0.0,0.0,0.0,71862.5,0,31.04996577686516,84.0,12.0,0,7.0,False,False,False,False,True,False,False,False,False,False,False,False,False,False,False,False,True,False,False,False,False,False,False,False,False,True,False,False,False,False,False,0.06459627329192547,0.06031363088057901,0,0,1273772.5,10301791.5,-9028019.0,1000.0,1000.0,12.364572705630861,-1000.0,63.018690372506036,28.788197524992455,500.0,-500.0,43.354248031244,5.973776085059109,500.0,9.023034154090547,500.0,500.0,189.66218132761423,1000.0,1000.0,137.0213397539497,5.357530688304129,0,0,0,0,0,0,0,0,0,0,0,0,0,0,0,0,0,0,0,0,0,0
75,117,1,11,0.0,49,7,5.0,0.0,0.0,0.0,0.0,0.0,0.0,25231206.0,1507255.749999999,23723950.25,8036778.75,14101587.5,0.0,0.0,0.0,30921390.5,0.0,0.0,0.0,75825.75,54721166.5,30319.0,28777.25,36171135.0,-1974222.2500000019,2553300.75,1648396.75,36172386.25,2453451.0,2548796.25,-972471.5,1421420.0,0.0,0.0,0.0,0.0,15753237.5,9244485.25,24997722.75,19057038.0,20619599.0,9103844.75,54721166.5,0.0,0.0,0.0,0.0,0.0,0.0,0.0,0.0,0.0,0.0,0.0,71862.5,0,31.04996577686516,60.0,12.0,0,5.0,False,False,False,False,True,False,False,False,False,False,False,False,False,False,False,False,True,False,False,False,False,False,False,False,False,True,False,False,False,False,False,0.06459627329192547,0.06031363088057901,0,0,1273772.5,10301791.5,-9028019.0,1000.0,1000.0,12.364572705630861,-1000.0,63.018690372506036,28.788197524992455,500.0,-500.0,43.354248031244,5.973776085059109,500.0,9.023034154090547,500.0,500.0,189.66218132761423,1000.0,1000.0,137.0213397539497,5.357530688304129,0,0,0,0,0,0,0,0,0,0,0,0,0,0,0,0,0,0,0,0,0,0
76,117,1,11,0.0,49,7,5.0,0.0,0.0,0.0,0.0,0.0,0.0,25231206.0,1507255.749999999,23723950.25,8036778.75,14101587.5,0.0,0.0,0.0,30921390.5,0.0,0.0,0.0,75825.75,54721166.5,30319.0,28777.25,36171135.0,-1974222.2500000019,2553300.75,1648396.75,36172386.25,2453451.0,2548796.25,-972471.5,1421420.0,0.0,0.0,0.0,0.0,15753237.5,9244485.25,24997722.75,19057038.0,20619599.0,9103844.75,54721166.5,0.0,0.0,0.0,0.0,0.0,0.0,0.0,0.0,0.0,0.0,0.0,71862.5,0,31.04996577686516,60.0,12.0,0,5.0,False,False,False,False,True,False,False,False,False,False,False,False,False,False,False,False,True,False,False,False,False,False,False,False,False,True,False,False,False,False,False,0.06459627329192547,0.06031363088057901,0,0,1273772.5,10301791.5,-9028019.0,1000.0,1000.0,12.364572705630861,-1000.0,63.018690372506036,28.788197524992455,500.0,-500.0,43.354248031244,5.973776085059109,500.0,9.023034154090547,500.0,500.0,189.66218132761423,1000.0,1000.0,137.0213397539497,5.357530688304129,0,0,0,0,0,0,0,0,0,0,0,0,0,0,0,0,0,0,0,0,0,0
77,1931,19,193,8.0,100,35,6.0,0.0,0.0,0.0,0.0,0.0,0.0,4619114.5,3061558.5,1557556.0,8030522.5,1855854.0,0.0,0.0,0.0,12649887.25,0.0,0.0,0.0,145395.25,14352838.5,11328.75,11744.5,12552039.5,4057303.25,653903.25,465965.5,6864107.25,3303800.5,264013.75,-211711.5,76076.0,0.0,0.0,0.0,0.0,4181427.25,1412411.0,5593838.25,3023770.75,6087581.5,2671418.75,14352838.5,0.0,0.0,0.0,0.0,0.0,0.0,0.0,0.0,0.0,0.0,0.0,24234.5,0,21.196440793976727,84.0,1.0,0,84.0,False,True,False,False,False,False,False,False,False,False,False,False,False,True,False,False,False,False,False,False,False,False,False,False,True,False,False,False,False,False,False,0.3242236024844721,0.3823884197828709,0,0,4036282.25,6562305.75,-2526023.5,1000.0,1000.0,61.50707394272204,-1000.0,74.750592761598,29.133103183736097,303.1149301825994,-500.0,10.851902221292326,66.28020370571026,313.9161113288906,1.8193787779041233,500.0,500.0,158.58689707973315,1000.0,1000.0,113.92033542976938,-3.5399548724935075,0,0,0,0,0,0,0,0,0,0,0,0,0,0,0,0,0,0,0,0,0,0
78,5235,52,523,1.0,0,24,1.0,0.0,0.0,0.0,0.0,0.0,0.0,17696941.193991903,7239049.1334043145,10494936.916722622,5711624.613972619,14751896.664327338,0.0,0.0,0.0,24672445.857143342,0.0,0.0,0.0,936626.1695394691,36100427.35440215,23689402.432255726,17889398.211046387,35463800.705205336,9473299.257317152,2502156.240714975,1764434.9040538718,21066695.29673669,7026995.2010281375,1530573.3567460796,-489449.7146318286,713223.8350885716,0.0,0.0,0.0,0.0,11248784.191388477,3574801.479138362,14823585.67052684,9532926.419230485,15913281.269093791,5395102.20245469,36094790.188847594,0.0,0.0,0.0,0.0,0.0,0.0,0.0,0.0,0.0,0.0,0.0,0.0,1,24.202600958247775,120.0,1.0,0,120.0,False,True,False,False,False,False,False,False,False,False,False,False,False,True,False,False,False,False,False,False,False,False,False,False,True,False,False,False,False,False,False,0.3242236024844721,0.3823884197828709,1,1,4328648.753804218,8759164.588049551,-4458476.032915221,,,49.4185114378368,,75.88436726043955,31.1596981414038,202.6031944236134,,29.071503264192945,40.90565173975922,,6.34045264762552,,,162.9042174191688,,,-100.0,32.421460760082695,0,0,0,1,1,0,1,0,0,0,1,0,0,1,0,1,1,0,1,1,0,0
79,4521,45,452,0.0,300,23,6.0,0.0,0.0,0.0,0.0,0.0,0.0,14504990.5,9109600.5,5395390.0,15995229.25,72533210.75,0.0,0.0,0.0,91789197.5,0.0,0.0,0.0,803803.0,97988390.5,22000477.5,45024.0,60633823.25,5084329.25,1806304.5,1631129.5,49046998.0,3015262.25,2503501.0,-1145144.0,1191190.0,0.0,0.0,0.0,0.0,29796516.75,5659904.25,35456421.0,23854831.0,46179883.75,16352085.75,97988390.5,0.0,0.0,0.0,0.0,0.0,0.0,0.0,0.0,0.0,0.0,0.0,110072.0,0,21.39356605065024,48.0,1.0,0,48.0,False,False,False,False,True,False,False,False,False,False,False,False,False,False,False,False,True,False,False,False,False,False,False,False,False,True,False,False,False,False,False,0.06459627329192547,0.06031363088057901,0,0,30061031.0,45609313.75,-15548282.75,1000.0,1000.0,65.90985158157527,-1000.0,84.03701194206826,30.408211215592935,346.9929426204357,-500.0,5.506152282397168,62.80321590007246,500.0,3.9977491664357045,500.0,500.0,175.0920445732479,1000.0,1000.0,-99.49968358641307,500.0,0,0,0,0,0,0,0,0,0,0,0,0,0,0,0,0,0,0,0,0,0,0
80,1320,13,132,2.0,0,22,5.0,0.0,0.0,0.0,0.0,0.0,0.0,17696941.193991903,7239049.1334043145,10494936.916722622,5711624.613972619,14751896.664327338,0.0,0.0,0.0,24672445.857143342,0.0,0.0,0.0,936626.1695394691,36100427.35440215,23689402.432255726,17889398.211046387,35463800.705205336,9473299.257317152,2502156.240714975,1764434.9040538718,21066695.29673669,7026995.2010281375,1530573.3567460796,-489449.7146318286,713223.8350885716,0.0,0.0,0.0,0.0,11248784.191388477,3574801.479138362,14823585.67052684,9532926.419230485,15913281.269093791,5395102.20245469,36094790.188847594,0.0,0.0,0.0,0.0,0.0,0.0,0.0,0.0,0.0,0.0,0.0,0.0,0,8.093086926762492,36.0,1.0,0,36.0,False,False,False,False,False,False,False,False,True,False,False,False,False,False,False,False,False,False,False,False,True,False,False,False,True,False,False,False,False,False,False,0.08074534161490683,0.07117008443908324,1,1,4328648.753804218,8759164.588049551,-4458476.032915221,,,49.4185114378368,,75.88436726043955,31.1596981414038,202.6031944236134,,29.071503264192945,40.90565173975922,,6.34045264762552,,,162.9042174191688,,,-100.0,32.421460760082695,0,0,0,1,1,0,1,0,0,0,1,0,0,1,0,1,1,0,1,1,0,0
81,2521,25,252,2.0,0,22,7.0,0.0,0.0,0.0,0.0,0.0,0.0,10531771.25,3990987.0,6540784.25,7270513.25,11331320.0,0.0,0.0,0.0,21178657.5,0.0,0.0,0.0,1320319.0,29039760.75,29486.75,24285.0,34061527.5,4716712.0,2173171.0,1442941.5,26094068.0,2472720.25,972972.0,-563062.5,242742.5,0.0,0.0,0.0,0.0,5527021.5,0.0,5527021.5,13507994.5,16768752.0,6743987.25,29039760.75,0.0,0.0,0.0,0.0,0.0,0.0,0.0,0.0,0.0,0.0,0.0,70002.0,0,8.454483230663929,48.0,1.0,0,48.0,False,True,False,False,False,False,False,False,False,False,False,False,False,True,False,False,False,False,False,False,False,False,False,False,True,False,False,False,False,False,False,0.3242236024844721,0.3823884197828709,0,0,-1013762.75,4409905.5,-5423668.25,-1000.0,1000.0,-22.988310066961752,-1000.0,100.0,19.032599984488506,0.0,-500.0,22.523547305740113,37.89473684210527,346.7650924259307,4.391922484832021,500.0,500.0,186.35952125210986,1000.0,1000.0,137.40154476163022,21.419600576487543,0,0,0,0,0,0,0,0,0,0,0,0,0,0,0,0,0,0,0,0,0,0
82,2125,21,212,20.0,11,33,7.25,0.0,0.0,0.0,0.0,0.0,0.0,2543290.75,1046045.0,1497245.75,485234.75,5609103.5,0.0,0.0,0.0,6859602.75,0.0,0.0,0.0,102602.49999999988,8459451.0,6578.5,5769.25,6798291.5,1312060.75,514263.75000000023,306306.0,4711707.0,745494.75,354103.75,-33533.5,135385.25,0.0,0.0,0.0,0.0,2872870.0,101351.25,2974221.25,3061558.5,4975220.25,510009.5,8459451.0,0.0,0.0,0.0,0.0,0.0,0.0,0.0,0.0,0.0,0.0,0.0,13546.0,0,19.561943874058862,84.0,3.0,0,28.0,False,False,False,False,False,False,True,False,False,False,False,False,False,False,False,False,False,False,True,False,False,False,False,False,False,False,False,False,False,False,True,0.02608695652173913,0.018094089264173704,0,0,1476975.5,1884382.5,-407407.0000000001,1000.0,1000.0,78.37981407702523,-1000.0,96.59234328986118,33.96047804993492,33.088235294117645,-247.552783109405,17.69908886522305,41.12958772016137,500.0,4.7125435540069684,500.0,500.0,233.91969407265773,1000.0,1000.0,105.91320209774264,14.026953243489187,0,0,0,0,0,0,0,0,0,0,0,0,0,0,0,0,0,0,0,0,0,0
83,1586,15,158,20.0,0,23,6.0,0.0,0.0,0.0,0.0,0.0,0.0,9504244.75,988737.75,8515507.0,10740479.75,1497746.25,0.0,0.0,0.0,14489975.5,0.0,0.0,0.0,289789.5,23295272.0,39557267.75,24885360.5,46928882.0,6055549.5,2082580.5,1487736.25,37460423.0,3813810.0,1534032.5,-205955.75,773022.25,0.0,0.0,0.0,0.0,6845338.5,9643383.75,16488722.25,4167663.5,5643137.5,1163412.25,23295272.0,0.0,0.0,0.0,0.0,0.0,0.0,0.0,0.0,0.0,0.0,0.0,93764.0,0,17.00479123887748,60.0,1.0,0,60.0,False,False,False,False,False,False,False,False,False,False,False,True,False,False,False,False,False,False,False,False,False,False,False,True,False,False,False,False,False,True,False,0.07080745341614907,0.054282267792521106,0,0,7973215.25,8846838.0,-873622.75,1000.0,1000.0,90.12502828694274,-1000.0,41.51527569093476,29.385097971811618,500.0,-219.6533317691225,36.554657958061185,10.403117512309434,500.0,11.292681143525627,500.0,500.0,40.05183977767683,1000.0,1000.0,-99.76296643996602,58.95798555942158,0,0,0,0,0,0,0,0,0,0,0,0,0,0,0,0,0,0,0,0,0,0
84,2420,24,242,10.0,150,4,5.5,0.0,0.0,0.0,0.0,0.0,0.0,31130099.0,9853343.5,21276755.5,22756984.25,12589577.0,0.0,0.0,0.0,46250204.0,0.0,0.0,0.0,1058307.25,68585266.75,64477913.5,54507703.25,74732658.0,12171909.75,7139632.5,5433428.0,58149341.25,4813809.0,5337332.000000001,-1028027.0,3631127.5,0.0,0.0,0.0,0.0,34145611.5,6881875.0,41027486.5,24531507.0,24997722.75,2560057.5,68585266.75,0.0,0.0,0.0,0.0,0.0,0.0,0.0,0.0,0.0,0.0,0.0,147833.0,0,8.16974674880219,84.0,3.0,0,28.0,False,False,False,False,False,False,False,False,False,True,False,False,False,False,False,False,False,False,False,False,False,True,False,False,False,False,False,False,True,False,False,0.02111801242236025,0.016887816646562123,0,0,19750731.0,21252481.25,-1501750.25,1000.0,1000.0,92.93376508684133,-1000.0,83.22618423139326,49.785636358992505,126.65806927044952,-500.0,31.02234125232151,31.652143155728478,500.0,10.634243583542208,500.0,500.0,151.8734749209218,1000.0,1000.0,-99.7707230399135,18.291378384210308,0,0,0,0,0,0,0,0,0,0,0,0,0,0,0,0,0,0,0,0,0,0
85,6062,60,606,5.0,0,24,5.0,0.0,0.0,0.0,0.0,0.0,0.0,1942690.75,0.0,1942690.75,0.0,369118.75,0.0,0.0,0.0,785284.5,0.0,0.0,0.0,10010.0,2737985.25,5933177.25,4342838.5,6138382.25,544043.5,383383.0,298548.25,33783.75,0.0,383383.0,-6756.75,298548.25,0.0,0.0,0.0,0.0,775524.75,0.0,775524.75,254003.75,1954702.75,7757.75,2737985.25,0.0,0.0,0.0,0.0,0.0,0.0,0.0,0.0,0.0,0.0,0.0,12264.5,0,3.893223819301848,84.0,1.0,0,84.0,False,True,False,False,False,False,False,False,False,False,False,False,False,True,False,False,False,False,False,False,False,False,False,False,True,False,False,False,False,False,False,0.008695652173913044,0.008443908323281062,0,0,-1167166.0,-1169418.25,2252.25,-1000.0,-1000.0,99.80740423710678,66.11031839863018,100.0,28.32465039758706,0.0,-55.09193199885849,70.9532949456174,0.0,500.0,38.49628912552436,500.0,500.0,500.0,0.0,-1000.0,-99.79328950605681,36.619799469862855,0,0,0,0,0,0,0,0,0,0,0,0,0,0,0,0,0,0,0,0,0,0
86,2875,28,287,5.0,50,22,7.0,0.0,0.0,0.0,0.0,0.0,0.0,12442930.5,1603602.000000001,10839328.5,7441183.75,20298528.25,0.0,0.0,0.0,36239953.75,0.0,0.0,0.0,525525.0,47604807.25,25372.75,24974.25,45071276.25,7001244.25,4067563.5,2618365.75,35275490.25,2882880.0,3262008.75,-711210.5,1803551.75,0.0,0.0,0.0,0.0,10806796.0,0.0,10806796.0,10348588.25,19743974.25,17054037.0,47604807.25,0.0,0.0,0.0,0.0,0.0,0.0,0.0,0.0,0.0,0.0,0.0,88679.5,0,2.5708418891170433,60.0,1.0,0,60.0,False,True,False,False,False,False,False,False,False,False,False,False,False,True,False,False,False,False,False,False,False,False,False,False,True,False,False,False,False,False,False,0.024844720496894408,0.020506634499396863,0,0,-32532.5,16495979.5,-16528512.0,-132.06772703950745,1000.0,-0.19721472132042842,-1000.0,100.0,22.70106030100563,0.0,-500.0,22.769398987536075,12.887655363822862,500.0,16.689051500555763,500.0,500.0,105.61133930661671,1000.0,1000.0,249.50685282438835,1.595643512818203,0,0,0,0,0,0,0,0,0,0,0,0,0,0,0,0,0,0,0,0,0,0
87,2875,28,287,0.0,50,25,7.0,0.0,0.0,0.0,0.0,0.0,0.0,12442930.5,1603602.000000001,10839328.5,7441183.75,20298528.25,0.0,0.0,0.0,36239953.75,0.0,0.0,0.0,525525.0,47604807.25,25372.75,24974.25,45071276.25,7001244.25,4067563.5,2618365.75,35275490.25,2882880.0,3262008.75,-711210.5,1803551.75,0.0,0.0,0.0,0.0,10806796.0,0.0,10806796.0,10348588.25,19743974.25,17054037.0,47604807.25,0.0,0.0,0.0,0.0,0.0,0.0,0.0,0.0,0.0,0.0,0.0,88679.5,0,3.4168377823408624,60.0,1.0,0,60.0,False,True,False,False,False,False,False,False,False,False,False,False,False,True,False,False,False,False,False,False,False,False,False,False,False,False,False,False,True,False,False,0.024844720496894408,0.020506634499396863,0,0,-32532.5,16495979.5,-16528512.0,-132.06772703950745,1000.0,-0.19721472132042842,-1000.0,100.0,22.70106030100563,0.0,-500.0,22.769398987536075,12.887655363822862,500.0,16.689051500555763,500.0,500.0,105.61133930661671,1000.0,1000.0,249.50685282438835,1.595643512818203,0,0,0,0,0,0,0,0,0,0,0,0,0,0,0,0,0,0,0,0,0,0
88,7132,71,713,0.0,0,23,8.5,0.0,0.0,0.0,0.0,0.0,0.0,17696941.193991903,7239049.1334043145,10494936.916722622,5711624.613972619,14751896.664327338,0.0,0.0,0.0,24672445.857143342,0.0,0.0,0.0,936626.1695394691,36100427.35440215,23689402.432255726,17889398.211046387,35463800.705205336,9473299.257317152,2502156.240714975,1764434.9040538718,21066695.29673669,7026995.2010281375,1530573.3567460796,-489449.7146318286,713223.8350885716,0.0,0.0,0.0,0.0,11248784.191388477,3574801.479138362,14823585.67052684,9532926.419230485,15913281.269093791,5395102.20245469,36094790.188847594,0.0,0.0,0.0,0.0,0.0,0.0,0.0,0.0,0.0,0.0,0.0,0.0,0,11.780971937029431,60.0,1.0,0,60.0,False,False,False,False,False,False,False,False,False,False,False,True,False,False,False,False,False,False,False,False,False,False,False,True,False,False,False,False,False,True,False,0.07080745341614907,0.054282267792521106,1,1,4328648.753804218,8759164.588049551,-4458476.032915221,,,49.4185114378368,,75.88436726043955,31.1596981414038,202.6031944236134,,29.071503264192945,40.90565173975922,,6.34045264762552,,,162.9042174191688,,,-100.0,32.421460760082695,0,0,0,1,1,0,1,0,0,0,1,0,0,1,0,1,1,0,1,1,0,0
89,1751,17,175,7.0,71,34,4.95,0.0,0.0,0.0,0.0,0.0,0.0,12852840.0,7870362.5,4982477.5,22112340.25,5247742.5,0.0,0.0,0.0,33058775.75,0.0,0.0,0.0,532281.75,38573535.0,32137355.25,27393366.0,41021480.5,5076571.5,2556303.75,1358357.0,33850316.5,2335082.75,1587335.75,-865865.0,389389.0,0.0,0.0,0.0,0.0,5170415.25,5199194.0,10369609.25,15082067.0,25965189.25,2238736.5,38573535.0,0.0,0.0,0.0,0.0,0.0,0.0,0.0,0.0,0.0,0.0,0.0,79085.5,0,18.132785763175907,84.0,3.0,0,28.0,False,False,False,False,False,False,False,False,False,False,False,True,False,False,False,False,False,False,False,False,False,False,False,True,False,False,False,False,False,True,False,0.07080745341614907,0.054282267792521106,0,0,5387131.75,7093586.5,-1706454.75,1000.0,1000.0,75.94369575954279,-1000.0,49.861235128025676,13.404048267808486,382.75607958732496,-500.0,12.916828856883352,61.23442367601246,492.36459275088356,7.531097236338996,500.0,500.0,160.3986219744799,1000.0,1000.0,-99.75391409969868,17.31802236351677,0,0,0,0,0,0,0,0,0,0,0,0,0,0,0,0,0,0,0,0,0,0
90,4521,45,452,2.0,156,24,6.0,50.0,0.0,0.0,50.0,0.0,0.0,4440185.749999998,3097844.7500000005,1342341.0,3817563.75,13036523.5,50.0,0.0,0.0,22969947.0,50.0,0.0,0.0,517517.0,24829805.0,24940665.75,13290205.0,29639860.25,5016011.0,2692439.75,1846594.75,14000236.25,1659908.25,2114362.25,-383383.0,1268517.25,50.0,0.0,0.0,0.5,9748488.75,683933.25,10432422.0,9774514.75,11600589.0,2796794.0,24829805.0,25.5,0.0,0.0,21.95085,0.0,0.0,17.83715,50.0,0.0,0.0,1.0,55221.0,1,18.236824093086927,60.0,1.0,0,60.0,False,False,False,False,False,False,True,False,False,False,False,False,False,False,False,False,False,False,True,False,False,False,False,False,False,False,False,False,False,False,True,0.012422360248447204,0.012062726176115802,0,0,9090081.0,11369358.0,-2279277.0,1000.0,1000.0,79.95245641838352,-1000.0,93.44415659182499,39.26123765369885,37.03753896191896,-500.0,5.406168111267889,69.7683593529843,500.0,13.012450263124117,500.0,500.0,251.34042363035127,1000.0,1000.0,-99.77859051336671,87.66200935200021,0,0,0,0,0,0,0,0,0,0,0,0,0,0,0,0,0,0,0,0,0,0
91,4521,45,452,7.0,156,24,6.0,50.0,0.0,0.0,50.0,0.0,0.0,4440185.749999998,3097844.7500000005,1342341.0,3817563.75,13036523.5,50.0,0.0,0.0,22969947.0,50.0,0.0,0.0,517517.0,24829805.0,24940665.75,13290205.0,29639860.25,5016011.0,2692439.75,1846594.75,14000236.25,1659908.25,2114362.25,-383383.0,1268517.25,50.0,0.0,0.0,0.5,9748488.75,683933.25,10432422.0,9774514.75,11600589.0,2796794.0,24829805.0,25.5,0.0,0.0,21.95085,0.0,0.0,17.83715,50.0,0.0,0.0,1.0,55221.0,1,18.680355920602327,48.0,1.0,0,48.0,False,False,False,False,False,False,True,False,False,False,False,False,False,False,False,False,False,False,True,False,False,False,False,False,False,False,False,False,False,False,True,0.012422360248447204,0.012062726176115802,0,0,9090081.0,11369358.0,-2279277.0,1000.0,1000.0,79.95245641838352,-1000.0,93.44415659182499,39.26123765369885,37.03753896191896,-500.0,5.406168111267889,69.7683593529843,500.0,13.012450263124117,500.0,500.0,251.34042363035127,1000.0,1000.0,-99.77859051336671,87.66200935200021,0,0,0,0,0,0,0,0,0,0,0,0,0,0,0,0,0,0,0,0,0,0
92,4529,45,452,3.0,100,23,1.0,0.0,0.0,0.0,0.0,0.0,0.0,5893387.5,3965461.5,1927926.0,13613349.75,28055527.5,0.0,0.0,0.0,45714168.5,0.0,0.0,0.0,30280.25,47672374.75,46383837.5,17294308.0,51278477.25,5692687.0,2010258.25,1271270.0,43142099.0,3627874.25,1542541.0,-526526.0,803552.75,0.0,0.0,0.0,0.0,9748989.25,0.0,9748989.25,9649640.0,32619086.5,5304299.0,47672374.75,0.0,0.0,0.0,0.0,0.0,0.0,0.0,0.0,0.0,0.0,0.0,107499.5,0,10.688569472963723,48.0,1.0,0,48.0,False,False,False,False,False,False,False,False,True,False,False,False,False,False,False,False,False,False,False,False,True,False,False,False,False,False,False,True,False,False,False,0.08074534161490683,0.07117008443908324,0,0,7821063.25,13095082.0,-5274018.75,1000.0,1000.0,59.725194924323496,-1000.0,100.0,20.449976115360187,0.0,-489.79390601816755,4.044115717142873,67.28662420382166,500.0,8.242421130990579,500.0,500.0,80.52158982807026,1000.0,1000.0,-99.76823931396362,168.20291103870707,0,0,0,0,0,0,0,0,0,0,0,0,0,0,0,0,0,0,0,0,0,0
93,4521,45,452,3.0,100,24,8.0,0.0,0.0,0.0,0.0,0.0,0.0,5893387.5,3965461.5,1927926.0,13613349.75,28055527.5,0.0,0.0,0.0,45714168.5,0.0,0.0,0.0,30280.25,47672374.75,46383837.5,17294308.0,51278477.25,5692687.0,2010258.25,1271270.0,43142099.0,3627874.25,1542541.0,-526526.0,803552.75,0.0,0.0,0.0,0.0,9748989.25,0.0,9748989.25,9649640.0,32619086.5,5304299.0,47672374.75,0.0,0.0,0.0,0.0,0.0,0.0,0.0,0.0,0.0,0.0,0.0,107499.5,0,10.710472279260781,48.0,1.0,0,48.0,False,False,False,False,False,False,False,False,True,False,False,False,False,False,False,False,False,False,False,False,True,False,False,False,False,False,False,True,False,False,False,0.08074534161490683,0.07117008443908324,0,0,7821063.25,13095082.0,-5274018.75,1000.0,1000.0,59.725194924323496,-1000.0,100.0,20.449976115360187,0.0,-489.79390601816755,4.044115717142873,67.28662420382166,500.0,8.242421130990579,500.0,500.0,80.52158982807026,1000.0,1000.0,-99.76823931396362,168.20291103870707,0,0,0,0,0,0,0,0,0,0,0,0,0,0,0,0,0,0,0,0,0,0
94,4529,45,452,2.0,100,24,6.0,0.0,0.0,0.0,0.0,0.0,0.0,5893387.5,3965461.5,1927926.0,13613349.75,28055527.5,0.0,0.0,0.0,45714168.5,0.0,0.0,0.0,30280.25,47672374.75,46383837.5,17294308.0,51278477.25,5692687.0,2010258.25,1271270.0,43142099.0,3627874.25,1542541.0,-526526.0,803552.75,0.0,0.0,0.0,0.0,9748989.25,0.0,9748989.25,9649640.0,32619086.5,5304299.0,47672374.75,0.0,0.0,0.0,0.0,0.0,0.0,0.0,0.0,0.0,0.0,0.0,107499.5,1,11.490759753593428,48.0,1.0,0,48.0,False,False,False,False,False,False,False,False,True,False,False,False,False,False,False,False,False,False,False,False,True,False,False,False,False,False,False,True,False,False,False,0.08074534161490683,0.07117008443908324,0,0,7821063.25,13095082.0,-5274018.75,1000.0,1000.0,59.725194924323496,-1000.0,100.0,20.449976115360187,0.0,-489.79390601816755,4.044115717142873,67.28662420382166,500.0,8.242421130990579,500.0,500.0,80.52158982807026,1000.0,1000.0,-99.76823931396362,168.20291103870707,0,0,0,0,0,0,0,0,0,0,0,0,0,0,0,0,0,0,0,0,0,0
95,3613,36,361,0.0,120,21,6.0,0.0,0.0,0.0,0.0,0.0,0.0,746746.0,387637.24999999907,359108.75,3309055.75,1484232.75,0.0,0.0,0.0,5004749.75,0.0,0.0,0.0,280029.75,5643888.25,6075.5,5498.75,9037528.5,1094843.75,737987.25,418167.75,5915910.0,353603.25,665414.75,-160410.25,345595.25,0.0,0.0,0.0,0.0,1631379.75,0.0,1631379.75,2309056.75,3498745.25,513763.25,5643888.25,0.0,0.0,0.0,0.0,0.0,0.0,0.0,0.0,0.0,0.0,0.0,17075.0,0,6.414784394250513,48.0,1.0,0,48.0,False,False,False,False,False,False,False,False,False,False,False,True,False,False,False,False,False,False,False,False,False,False,False,True,False,False,False,False,False,True,False,0.07080745341614907,0.054282267792521106,0,0,1272271.0,1506004.5,-233733.5,1000.0,1000.0,84.4798936523762,-1000.0,100.0,28.905245421895092,0.0,-500.0,6.3627898727442025,51.910187667560194,500.0,21.18423071023163,500.0,500.0,140.51269035532994,1000.0,1000.0,181.0468274216114,10.48874744260059,0,0,0,0,0,0,0,0,0,0,0,0,0,0,0,0,0,0,0,0,0,0
96,5541,55,554,19.0,0,33,6.5,0.0,0.0,0.0,0.0,0.0,0.0,17696941.193991903,7239049.1334043145,10494936.916722622,5711624.613972619,14751896.664327338,0.0,0.0,0.0,24672445.857143342,0.0,0.0,0.0,936626.1695394691,36100427.35440215,23689402.432255726,17889398.211046387,35463800.705205336,9473299.257317152,2502156.240714975,1764434.9040538718,21066695.29673669,7026995.2010281375,1530573.3567460796,-489449.7146318286,713223.8350885716,0.0,0.0,0.0,0.0,11248784.191388477,3574801.479138362,14823585.67052684,9532926.419230485,15913281.269093791,5395102.20245469,36094790.188847594,0.0,0.0,0.0,0.0,0.0,0.0,0.0,0.0,0.0,0.0,0.0,0.0,0,9.919233401779604,144.0,12.0,0,12.0,False,False,False,False,False,False,True,False,False,False,False,False,False,False,False,False,False,False,True,False,False,False,False,False,False,False,False,False,False,False,False,0.02608695652173913,0.0024125452352231603,1,1,4328648.753804218,8759164.588049551,-4458476.032915221,,,49.4185114378368,,75.88436726043955,31.1596981414038,202.6031944236134,,29.071503264192945,40.90565173975922,,6.34045264762552,,,162.9042174191688,,,-100.0,32.421460760082695,0,0,0,1,1,0,1,0,0,0,1,0,0,1,0,1,1,0,1,1,0,0
97,1522,15,152,34.0,45,4,6.5,0.0,0.0,0.0,0.0,0.0,0.0,21695924.25,7943185.25,13752739.0,1805553.75,3837333.5,0.0,0.0,0.0,11782771.000000002,0.0,0.0,0.0,437437.0,25972947.0,24769694.0,41492.75,42572029.5,7191184.0,2926924.0,2779276.5,31751970.25,3504751.25,1226725.5,-702451.75,1099098.0,0.0,0.0,0.0,0.0,10215955.75,5085580.5,15301536.25,3362609.25,5075320.25,5596090.5,25972947.0,0.0,0.0,0.0,0.0,0.0,0.0,0.0,0.0,0.0,0.0,0.0,88018.5,0,17.22655715263518,60.0,3.0,0,20.0,False,False,False,False,False,False,False,True,False,False,False,False,False,False,False,False,False,False,False,True,False,False,False,False,False,False,True,False,False,False,False,0.02608695652173913,0.024125452352231604,0,0,1548797.25,6707450.750000002,-5158653.5,1000.0,1000.0,23.09069880237286,-1000.0,66.76424891650994,39.333063552626506,182.98217179902755,-500.0,52.95024472964119,36.6114167733601,500.0,10.75864096220268,500.0,500.0,38.12485714961263,1000.0,1000.0,-99.64465245311467,500.0,0,0,0,0,0,0,0,0,0,0,0,0,0,0,0,0,0,0,0,0,0,0
98,1741,17,174,0.0,3,32,4.95,50.0,0.0,0.0,50.0,0.0,0.0,18206938.75,8011253.25,10195685.5,14853088.25,15388122.75,50.0,0.0,0.0,39771481.75,50.0,0.0,0.0,121621.5,50088788.75,19204685.5,18681663.0,26539513.0,4882878.0,2554051.5,2205203.0,19122603.5,2107855.75,623372.75,-136136.0,274524.25,35.0,0.0,0.0,1.0,5337832.5,15832066.25,21169898.75,8005747.75,27861083.25,1057806.75,50088788.75,25.5,0.0,0.0,19.46745,0.0,0.0,22.7525,33.0,0.0,0.0,0.5,47814.0,1,9.462012320328542,60.0,3.0,0,20.0,False,False,False,False,False,False,True,False,False,False,False,False,False,False,False,False,False,False,True,False,False,False,False,False,False,False,False,False,False,False,True,0.012422360248447204,0.012062726176115802,0,0,10974213.25,11910398.5,-936185.25,1000.0,1000.0,92.13976551666177,-1000.0,25.214256161711685,10.65674102570508,500.0,-284.7199564980968,20.355224700856837,44.001099580784825,500.0,5.142991092358181,500.0,500.0,150.71531394770594,1000.0,1000.0,-99.75102950787713,2.799657075496973,0,0,0,0,0,0,0,0,0,0,0,0,0,0,0,0,0,0,0,0,0,0
99,4550,45,455,0.0,3,24,7.0,0.0,0.0,0.0,0.0,0.0,0.0,17696941.193991903,7239049.1334043145,10494936.916722622,5711624.613972619,14751896.664327338,0.0,0.0,0.0,24672445.857143342,0.0,0.0,0.0,936626.1695394691,36100427.35440215,23689402.432255726,17889398.211046387,35463800.705205336,9473299.257317152,2502156.240714975,1764434.9040538718,21066695.29673669,7026995.2010281375,1530573.3567460796,-489449.7146318286,713223.8350885716,0.0,0.0,0.0,0.0,11248784.191388477,3574801.479138362,14823585.67052684,9532926.419230485,15913281.269093791,5395102.20245469,36094790.188847594,0.0,0.0,0.0,0.0,0.0,0.0,0.0,0.0,0.0,0.0,0.0,0.0,0,7.123887748117728,60.0,1.0,0,60.0,False,True,False,False,False,False,False,False,False,False,False,False,False,True,False,False,False,False,False,False,False,False,False,False,False,False,False,False,False,False,True,0.3242236024844721,0.3823884197828709,1,1,4328648.753804218,8759164.588049551,-4458476.032915221,,,49.4185114378368,,75.88436726043955,31.1596981414038,202.6031944236134,,29.071503264192945,40.90565173975922,,6.34045264762552,,,162.9042174191688,,,-100.0,32.421460760082695,0,0,0,1,1,0,1,0,0,0,1,0,0,1,0,1,1,0,1,1,0,0
100,1715,17,171,2.0,0,24,6.5,0.0,0.0,0.0,0.0,0.0,0.0,854353.5,294294.0,560059.5,314314.0,1847846.0,0.0,0.0,0.0,3390887.5,0.0,0.0,0.0,42542.5,3993489.5,3997.0,0.0,3923419.5,985484.5,-103103.0,160160.0,1935433.5,1079078.0,-168168.00000000023,-16016.000000000058,95095.0,0.0,0.0,0.0,0.0,1542040.5,0.0,1542040.5,1190689.5,2143141.0,308308.0,3993489.5,0.0,0.0,0.0,0.0,0.0,0.0,0.0,0.0,0.0,0.0,0.0,7839.0,0,10.584531143052704,60.0,1.0,0,60.0,False,True,False,False,False,False,False,False,False,False,False,False,False,True,False,False,False,False,False,False,False,False,False,False,True,False,False,False,False,False,False,0.3242236024844721,0.3823884197828709,0,0,981981.0,1247746.5,-265765.5,1000.0,1000.0,78.70036101083032,-1000.0,100.0,38.613861386138616,0.0,-204.31177446102896,14.024313823787443,34.44639718804921,500.0,6.166828951639078,500.0,500.0,221.47401086113268,1000.0,1000.0,96.12209156867651,,0,0,0,0,0,0,0,0,0,0,0,0,0,0,0,0,0,0,0,0,0,1
101,6033,60,603,3.0,82,22,6.0,0.0,0.0,0.0,0.0,0.0,0.0,9259250.0,4058304.25,5200945.75,8961452.5,58311002.75,0.0,0.0,0.0,77898070.25,0.0,0.0,0.0,86586.5,83185602.5,82138.0,62208.25,82381799.5,6206200.0,2438686.25,1350349.0,52203901.75,3391388.0,2043541.5,-1348597.25,441190.75,0.0,0.0,0.0,0.0,10077317.25,0.0,10077317.25,24809034.25,48881833.0,24226452.25,83185602.5,0.0,0.0,0.0,0.0,0.0,0.0,0.0,0.0,0.0,0.0,0.0,164599.0,0,8.336755646817249,60.0,1.0,0,60.0,False,False,False,False,False,False,False,False,False,True,False,False,False,False,False,False,False,False,False,False,False,True,False,False,False,False,False,False,True,False,False,0.07204968944099378,0.05066344993968637,0,0,4876371.5,29016237.25,-24139865.75,1000.0,1000.0,16.805664559418364,-1000.0,100.0,12.114256490478626,0.0,-500.0,6.252218645648447,43.82972972972973,268.03975115280167,4.378057562889567,500.0,500.0,171.08400005752443,1000.0,1000.0,100.39324064379458,32.03714941346204,0,0,0,0,0,0,0,0,0,0,0,0,0,0,0,0,0,0,0,0,0,0
102,6033,60,603,3.0,82,22,0.0,0.0,0.0,0.0,0.0,0.0,0.0,9259250.0,4058304.25,5200945.75,8961452.5,58311002.75,0.0,0.0,0.0,77898070.25,0.0,0.0,0.0,86586.5,83185602.5,82138.0,62208.25,82381799.5,6206200.0,2438686.25,1350349.0,52203901.75,3391388.0,2043541.5,-1348597.25,441190.75,0.0,0.0,0.0,0.0,10077317.25,0.0,10077317.25,24809034.25,48881833.0,24226452.25,83185602.5,0.0,0.0,0.0,0.0,0.0,0.0,0.0,0.0,0.0,0.0,0.0,164599.0,0,9.300479123887747,60.0,1.0,0,60.0,False,False,False,False,False,False,False,False,False,True,False,False,False,False,False,False,False,False,False,False,False,True,False,False,False,False,False,False,True,False,False,0.07204968944099378,0.05066344993968637,0,0,4876371.5,29016237.25,-24139865.75,1000.0,1000.0,16.805664559418364,-1000.0,100.0,12.114256490478626,0.0,-500.0,6.252218645648447,43.82972972972973,268.03975115280167,4.378057562889567,500.0,500.0,171.08400005752443,1000.0,1000.0,100.39324064379458,32.03714941346204,0,0,0,0,0,0,0,0,0,0,0,0,0,0,0,0,0,0,0,0,0,0
103,1320,13,132,0.0,11,23,1.0,0.0,0.0,0.0,0.0,0.0,0.0,3907153.25,1052301.25,2854852.0,3065812.75,1239738.5,0.0,0.0,0.0,4414410.0,0.0,0.0,0.0,2502.5,7271764.5,3248.5,1723.0,4483479.0,969218.25,760760.0,512261.75,2083831.75,158157.99999999907,451701.25,-217217.0,203203.0,0.0,0.0,0.0,0.0,2421919.5,3479976.5,5901896.0,707957.25,1093342.25,368701.666666667,7271764.5,0.0,0.0,0.0,0.0,0.0,0.0,0.0,0.0,0.0,0.0,0.0,7423.0,0,3.79192334017796,60.0,1.0,0,60.0,False,False,False,False,True,False,False,False,False,False,False,False,False,False,False,False,True,False,False,False,False,False,False,False,False,True,False,False,False,False,False,0.0037267080745341614,0.0024125452352231603,0,0,3047044.0,3321067.75,-366199.166666667,1000.0,1000.0,91.74892623012583,-1000.0,41.036295793758484,33.305802188726,500.0,-500.0,39.259412210062635,26.932684301543585,500.0,8.390163256871254,500.0,500.0,122.30575237180257,1000.0,1000.0,128.50546406033553,88.53743470690657,0,0,0,0,0,0,0,0,0,0,0,0,0,0,0,0,0,0,0,0,0,0
104,9301,93,930,1.0,0,35,6.25,0.0,0.0,0.0,0.0,0.0,0.0,142142.0,95095.0,47047.0,125125.0,617116.5,0.0,0.0,0.0,760760.0,0.0,0.0,0.0,163162.99999999988,970970.0,849849.0,837837.0,852351.5,535034.5,247747.5,245245.0,200700.5,285285.0,232232.0,0.0,229729.5,0.0,0.0,0.0,0.0,339339.0,0.0,339339.0,202202.0,590590.0000000019,41041.0,970970.0,0.0,0.0,0.0,0.0,0.0,0.0,0.0,0.0,0.0,0.0,0.0,1453.0,0,12.177960301163587,180.0,1.0,0,180.0,False,True,False,False,False,False,False,False,False,False,False,False,False,True,False,False,False,False,False,False,False,False,False,False,True,False,False,False,False,False,False,0.3242236024844721,0.3823884197828709,0,0,292292.0,170169.99999999814,122121.99999999988,1000.0,1000.0,171.7647058823548,1000.0,100.0,34.94845360824742,0.0,0.0,4.845360824742269,66.90140845070422,500.0,67.69911504424779,500.0,500.0,362.69326683291774,1000.0,1000.0,-99.82902845093658,1.4336917562724014,0,0,0,0,0,0,0,0,0,0,0,0,0,0,0,0,0,0,0,0,0,0
105,5121,51,512,5.0,8,4,6.0,0.0,0.0,0.0,0.0,0.0,0.0,839338.5,294043.75000000093,545294.75,1354853.5,3224721.5,0.0,0.0,0.0,5112107.0,0.0,0.0,0.0,422672.25,6080074.0,3893.25,4390.75,3655151.5,832331.5,404404.0,300300.0,2271519.25,413162.75,342592.25,-34034.0,238488.25,0.0,0.0,0.0,0.0,1531780.25,179179.0,1710959.25,3493990.5,4247243.0,121871.75,6080074.0,0.0,0.0,0.0,0.0,0.0,0.0,0.0,0.0,0.0,0.0,0.0,7303.0,0,8.848733744010952,84.0,1.0,0,84.0,False,False,False,False,False,False,False,False,False,True,False,False,False,True,False,False,False,False,False,False,False,False,False,False,False,False,False,False,True,False,False,0.02111801242236025,0.3823884197828709,0,0,1165664.5,864864.0,300800.5,1000.0,1000.0,134.78009259259258,1000.0,89.52757057188826,25.193447481066844,59.66666666666667,-466.0276598658085,8.968554494567007,35.032796660703745,500.0,15.569351413167784,500.0,500.0,500.0,1000.0,1000.0,87.58106980029538,-11.330638273643455,0,0,0,0,0,0,0,0,0,0,0,0,0,0,0,0,0,0,0,0,0,0
106,5121,51,512,5.0,8,4,6.0,0.0,0.0,0.0,0.0,0.0,0.0,839338.5,294043.75000000093,545294.75,1354853.5,3224721.5,0.0,0.0,0.0,5112107.0,0.0,0.0,0.0,422672.25,6080074.0,3893.25,4390.75,3655151.5,832331.5,404404.0,300300.0,2271519.25,413162.75,342592.25,-34034.0,238488.25,0.0,0.0,0.0,0.0,1531780.25,179179.0,1710959.25,3493990.5,4247243.0,121871.75,6080074.0,0.0,0.0,0.0,0.0,0.0,0.0,0.0,0.0,0.0,0.0,0.0,7303.0,0,9.73305954825462,84.0,1.0,0,84.0,False,False,False,False,False,False,False,False,False,True,False,False,False,True,False,False,False,False,False,False,False,False,False,False,False,False,False,False,True,False,False,0.02111801242236025,0.3823884197828709,0,0,1165664.5,864864.0,300800.5,1000.0,1000.0,134.78009259259258,1000.0,89.52757057188826,25.193447481066844,59.66666666666667,-466.0276598658085,8.968554494567007,35.032796660703745,500.0,15.569351413167784,500.0,500.0,500.0,1000.0,1000.0,87.58106980029538,-11.330638273643455,0,0,0,0,0,0,0,0,0,0,0,0,0,0,0,0,0,0,0,0,0,0
107,5541,55,554,0.0,0,36,9.0,0.0,0.0,0.0,0.0,0.0,0.0,17696941.193991903,7239049.1334043145,10494936.916722622,5711624.613972619,14751896.664327338,0.0,0.0,0.0,24672445.857143342,0.0,0.0,0.0,936626.1695394691,36100427.35440215,23689402.432255726,17889398.211046387,35463800.705205336,9473299.257317152,2502156.240714975,1764434.9040538718,21066695.29673669,7026995.2010281375,1530573.3567460796,-489449.7146318286,713223.8350885716,0.0,0.0,0.0,0.0,11248784.191388477,3574801.479138362,14823585.67052684,9532926.419230485,15913281.269093791,5395102.20245469,36094790.188847594,0.0,0.0,0.0,0.0,0.0,0.0,0.0,0.0,0.0,0.0,0.0,0.0,0,11.507186858316222,132.0,1.0,0,132.0,False,False,False,False,False,False,False,False,False,True,False,False,False,False,False,False,False,False,False,False,False,True,False,False,False,False,False,False,False,False,False,0.011180124223602485,0.010856453558504222,1,1,4328648.753804218,8759164.588049551,-4458476.032915221,,,49.4185114378368,,75.88436726043955,31.1596981414038,202.6031944236134,,29.071503264192945,40.90565173975922,,6.34045264762552,,,162.9042174191688,,,-100.0,32.421460760082695,0,0,0,1,1,0,1,0,0,0,1,0,0,1,0,1,1,0,1,1,0,0
108,1534,15,153,52.0,100,9,4.5,0.0,0.0,0.0,0.0,0.0,0.0,77283706.50000001,38024736.75,39258969.75,48391092.75,26274998.75,0.0,0.0,0.0,81337506.25,0.0,0.0,0.0,929929.0,121526405.0,76006180.25,36866738.5,82521439.0,18536017.5,10106096.0,7838330.5,55350295.0,8770261.5,5584078.5,-2315062.75,3366363.0,0.0,0.0,0.0,0.0,53040737.75,12171659.5,65212397.25,13518254.75,14454690.25,41859317.5,121526405.0,0.0,0.0,0.0,0.0,0.0,0.0,0.0,0.0,0.0,0.0,0.0,151468.0,0,43.0042984257358,84.0,3.0,0,28.0,False,False,False,False,False,False,False,False,True,False,False,False,False,False,False,False,False,False,False,False,True,False,False,False,False,False,False,True,False,False,False,0.08074534161490683,0.07117008443908324,0,0,25953427.5,66882816.0,-40929388.5,1000.0,1000.0,38.8043283045977,-1000.0,81.33535951248902,43.64544293892344,155.28382606474682,-500.0,32.30488859602158,49.20149210234889,500.0,6.346749956357837,500.0,500.0,87.92313952436929,1000.0,1000.0,-99.80071620557462,106.16464418190938,0,0,0,0,0,0,0,0,0,0,0,0,0,0,0,0,0,0,0,0,0,0
109,1744,17,174,80.0,5,25,7.5,0.0,0.0,0.0,0.0,0.0,0.0,4222468.25,1484983.5,2737484.750000001,340840.5,25282006.75,0.0,0.0,0.0,32994211.25,0.0,0.0,0.0,1126875.75,36858571.75,37117330.25,16055678.75,47031484.5,31187906.75,2017265.25,638638.0,9678669.0,29149870.75,1465464.0,-881881.0,87337.25,0.0,0.0,0.0,0.0,3380877.499999999,0.0,3380877.5,6761254.5,28296017.75,5181676.5,36858571.75,0.0,0.0,0.0,0.0,0.0,0.0,0.0,0.0,0.0,0.0,0.0,93969.0,1,9.234770704996578,60.0,1.0,0,60.0,False,False,False,False,False,False,False,False,False,False,False,True,False,False,False,False,False,False,False,False,False,False,False,True,False,False,False,False,False,True,False,0.07080745341614907,0.054282267792521106,0,0,643392.7499999991,4698193.5,-4054800.75,1000.0,1000.0,13.694471077021392,-1000.0,99.99999999999997,9.17256784373366,0.0,-500.0,7.426996272583462,35.16861257630534,92.94261937447456,2.583271650629164,500.0,500.0,251.48619298789947,1000.0,1000.0,-99.74683254596415,131.17882979565718,0,0,0,0,0,0,0,0,0,0,0,0,0,0,0,0,0,0,0,0,0,0
110,8031,80,803,14.0,55,6,7.0,0.0,0.0,0.0,0.0,0.0,0.0,6173999.999999998,4539000.0,1635000.0,0.0,139000.0,0.0,0.0,0.0,390000.0,0.0,0.0,0.0,2795000.0,4820000.0,7915000.0,18832000.0,8023000.0,6524000.0,874000.0,809999.9999999999,485000.0,5594000.0,316000.0,0.0,252000.0,0.0,0.0,0.0,0.0,2971000.0,0.0,2971000.0,312000.0,1849000.0,0.0,4820000.0,0.0,0.0,0.0,0.0,0.0,0.0,0.0,0.0,0.0,0.0,0.0,0.0,0,35.41683778234086,84.0,1.0,0,84.0,False,True,False,False,False,False,False,False,False,False,False,False,False,True,False,False,False,False,False,False,False,False,False,False,True,False,False,False,False,False,False,0.3242236024844721,0.3823884197828709,1,0,1336000.0,-1459000.0,2795000.0,,,-91.56956819739548,,100.0,61.6390041493776,0.0,,33.921161825726145,73.51797862001946,,8.48199259508583,,,231.5876288659794,,,-100.0,-57.97047578589635,0,0,0,1,1,0,1,0,0,0,1,0,0,1,0,1,1,0,1,1,0,0
111,6710,67,671,0.0,230,23,5.3,0.0,0.0,0.0,0.0,0.0,0.0,78846267.5,18969200.25,59877067.25,734483.75,8887879.0,0.0,0.0,0.0,49236437.25,0.0,0.0,0.0,12435658.535299975,143484090.75,84396812.49999999,60881821.0,115317952.75,35379344.0,19341853.956424993,13392497.851075,61271460.25,12763751.0,9132373.25,-1885884.0,7468240.6798999915,0.0,0.0,0.0,0.0,58061753.75,10312051.75,68373805.5,17748981.25,63125062.0,11985223.25,143484090.75,0.0,0.0,0.0,0.0,0.0,0.0,0.0,0.0,0.0,0.0,0.0,230405.5,0,14.119096509240247,60.0,1.0,0,60.0,False,True,False,False,False,False,False,False,False,False,False,False,False,True,False,False,False,False,False,False,False,False,False,False,True,False,False,False,False,False,False,0.3242236024844721,0.3823884197828709,0,0,8496738.25,-13888624.75,450435.2852999754,1000.0,-1000.0,-61.17767887709689,703.788332778476,84.9181251875764,40.465638696602326,76.99871872051311,-500.0,41.73080578970041,24.058463198654266,500.0,12.862581988233504,500.0,500.0,104.28400472143146,1000.0,-1000.0,-99.72699739104483,38.62399500172635,0,0,0,0,0,0,0,0,0,0,0,0,0,0,0,0,0,0,0,0,0,0
112,8511,85,851,17.0,0,4,5.0,0.0,0.0,0.0,0.0,0.0,0.0,2029527.5,57557.5,1971970.0,0.0,0.0,0.0,0.0,0.0,0.0,0.0,0.0,0.0,3002.9999999998836,1974973.0,0.0,0.0,0.0,-32532.5,-32532.5,-43543.50000000023,0.0,0.0,-90590.5,-9509.5,-101601.5,0.0,0.0,0.0,0.0,1158157.0,483483.0,1641640.0,2502.5,332832.50000000186,500.5,1974973.0,0.0,0.0,0.0,0.0,0.0,0.0,0.0,0.0,0.0,0.0,0.0,0.0,1,1.0433401779603013,84.0,1.0,0,84.0,False,False,False,False,True,False,False,False,False,False,False,False,False,False,False,False,True,False,False,False,False,False,False,False,False,True,False,False,False,False,False,0.06459627329192547,0.06031363088057901,0,0,-330330.0,-332832.50000000186,2502.4999999998836,,,99.24812030075132,,70.54878048780488,58.641662442980234,-500.0,,99.84794728839331,2.8360049321824907,,-8.772687986171132,,,,,,,,0,0,0,1,1,0,1,0,0,0,1,0,0,1,0,1,1,1,1,1,1,1
113,4521,45,452,6.0,0,24,5.75,0.0,0.0,0.0,0.0,0.0,0.0,9286277.0,3629125.4999999995,5657151.5,33722188.5,14287273.0,0.0,0.0,0.0,58992433.5,0.0,0.0,0.0,467467.00000000006,65117052.0,57983941.0,22457578.0,68323255.0,5766761.0,3302799.5,1869868.0,44962417.5,2361359.0,2371369.0,-1567566.0,938437.5,0.0,0.0,0.0,0.0,27479952.5,383383.0,27863335.5,22695673.0,30004975.0,7248741.5,65117052.0,0.0,0.0,0.0,0.0,0.0,0.0,0.0,0.0,0.0,0.0,0.0,93498.0,1,12.944558521560575,48.0,1.0,0,48.0,False,True,False,False,False,False,False,False,False,False,False,False,False,True,False,False,False,False,False,False,False,False,False,False,True,False,False,False,False,False,False,0.024844720496894408,0.020506634499396863,0,0,22206184.0,28987458.5,-6781274.5,1000.0,1000.0,76.60617780617089,-1000.0,98.62405920497207,42.2008547008547,20.50321199143469,-500.0,8.687665252413455,39.080521720383736,500.0,3.4149895273654494,500.0,500.0,181.71714810485892,1000.0,1000.0,-99.83875190546293,158.1932076557855,0,0,0,0,0,0,0,0,0,0,0,0,0,0,0,0,0,0,0,0,0,0
114,4521,45,452,6.0,0,24,5.75,0.0,0.0,0.0,0.0,0.0,0.0,9286277.0,3629125.4999999995,5657151.5,33722188.5,14287273.0,0.0,0.0,0.0,58992433.5,0.0,0.0,0.0,467467.00000000006,65117052.0,57983941.0,22457578.0,68323255.0,5766761.0,3302799.5,1869868.0,44962417.5,2361359.0,2371369.0,-1567566.0,938437.5,0.0,0.0,0.0,0.0,27479952.5,383383.0,27863335.5,22695673.0,30004975.0,7248741.5,65117052.0,0.0,0.0,0.0,0.0,0.0,0.0,0.0,0.0,0.0,0.0,0.0,93498.0,0,12.944558521560575,48.0,1.0,0,48.0,False,True,False,False,False,False,False,False,False,False,False,False,False,True,False,False,False,False,False,False,False,False,False,False,True,False,False,False,False,False,False,0.024844720496894408,0.020506634499396863,0,0,22206184.0,28987458.5,-6781274.5,1000.0,1000.0,76.60617780617089,-1000.0,98.62405920497207,42.2008547008547,20.50321199143469,-500.0,8.687665252413455,39.080521720383736,500.0,3.4149895273654494,500.0,500.0,181.71714810485892,1000.0,1000.0,-99.83875190546293,158.1932076557855,0,0,0,0,0,0,0,0,0,0,0,0,0,0,0,0,0,0,0,0,0,0
115,4529,45,452,6.0,0,24,5.0,0.0,0.0,0.0,0.0,0.0,0.0,9286277.0,3629125.4999999995,5657151.5,33722188.5,14287273.0,0.0,0.0,0.0,58992433.5,0.0,0.0,0.0,467467.00000000006,65117052.0,57983941.0,22457578.0,68323255.0,5766761.0,3302799.5,1869868.0,44962417.5,2361359.0,2371369.0,-1567566.0,938437.5,0.0,0.0,0.0,0.0,27479952.5,383383.0,27863335.5,22695673.0,30004975.0,7248741.5,65117052.0,0.0,0.0,0.0,0.0,0.0,0.0,0.0,0.0,0.0,0.0,0.0,93498.0,0,13.021218343600275,48.0,1.0,0,48.0,False,True,False,False,False,False,False,False,False,False,False,False,False,True,False,False,False,False,False,False,False,False,False,False,False,False,True,False,False,False,False,0.024844720496894408,0.020506634499396863,0,0,22206184.0,28987458.5,-6781274.5,1000.0,1000.0,76.60617780617089,-1000.0,98.62405920497207,42.2008547008547,20.50321199143469,-500.0,8.687665252413455,39.080521720383736,500.0,3.4149895273654494,500.0,500.0,181.71714810485892,1000.0,1000.0,-99.83875190546293,158.1932076557855,0,0,0,0,0,0,0,0,0,0,0,0,0,0,0,0,0,0,0,0,0,0
116,6033,60,603,0.0,0,23,7.0,0.0,0.0,0.0,0.0,0.0,0.0,1364863.5,586252.333333333,925174.25,2610858.25,2995993.0,0.0,0.0,0.0,5737982.25,0.0,0.0,0.0,126125.99999999988,6789282.5,4267.75,4113.5,3257504.25,289539.25,37287.25,275275.0,2422420.0,240990.75,-5005.0,-12512.5,232982.75,0.0,0.0,0.0,0.0,3024021.0,1515514.0,4539535.0,298298.0,2249747.5,0.0,6789282.5,0.0,0.0,0.0,0.0,0.0,0.0,0.0,0.0,0.0,0.0,0.0,6989.5,1,15.794661190965092,60.0,1.0,0,60.0,False,False,False,False,True,False,False,False,False,False,False,False,False,False,False,False,True,False,False,False,False,False,False,False,False,True,False,False,False,False,False,0.06459627329192547,0.06031363088057901,0,0,3614360.75,3488234.75,126125.99999999988,1000.0,1000.0,103.61575435827535,1000.0,66.61521499448733,44.541098415038704,500.0,-179.01852779168752,13.62698120162182,42.9531842073096,500.0,7.70440251572327,500.0,500.0,44.33057851239669,1000.0,1000.0,63.774822798898725,3.7498480612616993,0,0,0,0,0,0,0,0,0,0,0,0,0,0,0,0,0,0,0,0,0,0
117,5050,50,505,24.0,18,4,6.5,0.0,0.0,0.0,0.0,0.0,0.0,17696941.193991903,7239049.1334043145,10494936.916722622,5711624.613972619,14751896.664327338,0.0,0.0,0.0,24672445.857143342,0.0,0.0,0.0,936626.1695394691,36100427.35440215,23689402.432255726,17889398.211046387,35463800.705205336,9473299.257317152,2502156.240714975,1764434.9040538718,21066695.29673669,7026995.2010281375,1530573.3567460796,-489449.7146318286,713223.8350885716,0.0,0.0,0.0,0.0,11248784.191388477,3574801.479138362,14823585.67052684,9532926.419230485,15913281.269093791,5395102.20245469,36094790.188847594,0.0,0.0,0.0,0.0,0.0,0.0,0.0,0.0,0.0,0.0,0.0,0.0,0,3.9507186858316223,60.0,1.0,0,60.0,False,False,False,False,False,False,False,False,False,False,True,False,False,False,False,False,False,False,False,False,False,False,True,False,False,False,False,False,False,False,False,0.009937888198757764,0.008443908323281062,1,1,4328648.753804218,8759164.588049551,-4458476.032915221,,,49.4185114378368,,75.88436726043955,31.1596981414038,202.6031944236134,,29.071503264192945,40.90565173975922,,6.34045264762552,,,162.9042174191688,,,-100.0,32.421460760082695,0,0,0,1,1,0,1,0,0,0,1,0,0,1,0,1,1,0,1,1,0,0
118,5533,55,553,10.0,50,5,9.0,0.0,0.0,0.0,0.0,0.0,0.0,17696941.193991903,7239049.1334043145,10494936.916722622,5711624.613972619,14751896.664327338,0.0,0.0,0.0,24672445.857143342,0.0,0.0,0.0,936626.1695394691,36100427.35440215,23689402.432255726,17889398.211046387,35463800.705205336,9473299.257317152,2502156.240714975,1764434.9040538718,21066695.29673669,7026995.2010281375,1530573.3567460796,-489449.7146318286,713223.8350885716,0.0,0.0,0.0,0.0,11248784.191388477,3574801.479138362,14823585.67052684,9532926.419230485,15913281.269093791,5395102.20245469,36094790.188847594,0.0,0.0,0.0,0.0,0.0,0.0,0.0,0.0,0.0,0.0,0.0,0.0,0,7.5893223819301845,84.0,1.0,0,84.0,False,False,False,False,False,False,False,False,True,False,False,False,False,False,False,False,False,False,False,False,True,False,False,False,False,False,False,False,False,False,False,0.002484472049689441,0.0024125452352231603,1,1,4328648.753804218,8759164.588049551,-4458476.032915221,,,49.4185114378368,,75.88436726043955,31.1596981414038,202.6031944236134,,29.071503264192945,40.90565173975922,,6.34045264762552,,,162.9042174191688,,,-100.0,32.421460760082695,0,0,0,1,1,0,1,0,0,0,1,0,0,1,0,1,1,0,1,1,0,0
119,5511,55,551,10.0,45,39,6.0,0.0,0.0,0.0,0.0,0.0,0.0,8831072.25,3227724.5,5603347.75,73573.5,1337336.0,0.0,0.0,0.0,2659156.5,0.0,0.0,0.0,1992991.0,10255495.25,16691174.5,15238223.0,17284016.75,5554298.75,2629126.5,2134882.75,4823068.250000002,2761508.75,1602100.5,-58558.5,1107856.75,0.0,0.0,0.0,0.0,3836582.750000001,0.0,3836582.75,3624871.25,6418912.5,0.0,10255495.25,0.0,0.0,0.0,0.0,0.0,0.0,0.0,0.0,0.0,0.0,0.0,34486.0,0,4.041067761806982,84.0,1.0,0,84.0,False,True,False,False,False,False,False,False,False,False,False,False,False,True,False,False,False,False,False,False,False,False,False,False,False,False,False,False,True,False,False,0.3242236024844721,0.3823884197828709,0,0,-1766765.0,-3759756.0,1992991.0,-1000.0,-1000.0,46.991480298189565,1000.0,100.00000000000003,37.41001927722604,0.0,-169.8036884532854,54.637514945950564,36.5496330301227,500.0,28.87613332463635,500.0,500.0,270.56503917397384,768.0351446963986,-1000.0,-99.79338781701671,9.53491427445313,0,0,0,0,0,0,0,0,0,0,0,0,0,0,0,0,0,0,0,0,0,0
120,1586,15,158,46.0,600,1,5.0,0.0,0.0,0.0,0.0,0.0,0.0,17696941.193991903,7239049.1334043145,10494936.916722622,5711624.613972619,14751896.664327338,0.0,0.0,0.0,24672445.857143342,0.0,0.0,0.0,936626.1695394691,36100427.35440215,23689402.432255726,17889398.211046387,35463800.705205336,9473299.257317152,2502156.240714975,1764434.9040538718,21066695.29673669,7026995.2010281375,1530573.3567460796,-489449.7146318286,713223.8350885716,0.0,0.0,0.0,0.0,11248784.191388477,3574801.479138362,14823585.67052684,9532926.419230485,15913281.269093791,5395102.20245469,36094790.188847594,0.0,0.0,0.0,0.0,0.0,0.0,0.0,0.0,0.0,0.0,0.0,0.0,0,16.577686516084874,60.0,3.0,0,20.0,False,False,False,False,False,False,False,False,True,False,False,False,False,False,False,False,False,False,False,False,True,False,False,False,False,False,False,True,False,False,False,0.009937888198757764,0.0036188178528347406,1,1,4328648.753804218,8759164.588049551,-4458476.032915221,,,49.4185114378368,,75.88436726043955,31.1596981414038,202.6031944236134,,29.071503264192945,40.90565173975922,,6.34045264762552,,,162.9042174191688,,,-100.0,32.421460760082695,0,0,0,1,1,0,1,0,0,0,1,0,0,1,0,1,1,0,1,1,0,0
121,2710,27,271,10.0,259,22,5.0,0.0,0.0,0.0,0.0,0.0,0.0,8955446.5,3631628.0,5323818.5,7969211.25,31231200.0,0.0,0.0,0.0,44289245.0,0.0,0.0,0.0,524774.25,50137837.75,29031445.5,41605.5,53915361.5,15791025.25,3549546.0,2614862.25,30540259.75,12199687.5,2666914.25,-987987.0,1732731.0,0.0,0.0,0.0,0.0,9078319.25,4538283.75,13616603.0,17388871.5,26173897.75,10347337.0,50137837.75,0.0,0.0,0.0,0.0,0.0,0.0,0.0,0.0,0.0,0.0,0.0,106796.5,1,25.29226557152635,60.0,1.0,0,60.0,False,True,False,False,False,False,False,False,False,False,False,False,False,True,False,False,False,False,False,False,False,False,False,False,True,False,False,False,False,False,False,0.3242236024844721,0.3823884197828709,0,0,8292784.5,18115347.25,-9822562.75,1000.0,1000.0,45.777673403417644,-1000.0,66.67095493641109,18.10672270165859,173.557278208441,-500.0,10.61836476982895,40.55217124014978,500.0,19.08647352316895,500.0,500.0,204.9751309007776,1000.0,1000.0,-99.63213509296325,500.0,0,0,0,0,0,0,0,0,0,0,0,0,0,0,0,0,0,0,0,0,0,0
122,4529,45,452,1.0,34,25,7.0,0.0,0.0,0.0,0.0,0.0,0.0,4731727.0,2951448.5,1780278.5,559058.5,2128126.0,0.0,0.0,0.0,2961959.0,0.0,0.0,0.0,183433.25,4925670.75,522154.0,520.0,5273268.0,1298297.0,1021020.0,911911.0,3949946.0,275275.0,570319.75,-13513.5,461210.75,0.0,0.0,0.0,0.0,3827073.25,559058.5000000005,4386131.75,510009.5,539539.0,0.0,4925670.75,0.0,0.0,0.0,0.0,0.0,0.0,0.0,0.0,0.0,0.0,0.0,10536.0,1,10.707734428473648,60.0,1.0,0,60.0,False,False,False,False,False,True,False,False,False,False,False,False,False,False,False,False,False,True,False,False,False,False,False,False,False,False,True,False,False,False,False,0.0037267080745341614,0.0036188178528347406,0,0,2605853.25,2422420.0,183433.25,1000.0,1000.0,107.57231404958678,1000.0,87.25395104695612,77.69648935629732,61.30625686059281,-128.26025056947609,36.14286440075192,62.37571398349905,500.0,12.05126528477081,500.0,500.0,46.48251393816523,1000.0,1000.0,-97.98220448373468,500.0,0,0,0,0,0,0,0,0,0,0,0,0,0,0,0,0,0,0,0,0,0,0
123,4529,45,452,1.0,34,25,7.0,0.0,0.0,0.0,0.0,0.0,0.0,4731727.0,2951448.5,1780278.5,559058.5,2128126.0,0.0,0.0,0.0,2961959.0,0.0,0.0,0.0,183433.25,4925670.75,522154.0,520.0,5273268.0,1298297.0,1021020.0,911911.0,3949946.0,275275.0,570319.75,-13513.5,461210.75,0.0,0.0,0.0,0.0,3827073.25,559058.5000000005,4386131.75,510009.5,539539.0,0.0,4925670.75,0.0,0.0,0.0,0.0,0.0,0.0,0.0,0.0,0.0,0.0,0.0,10536.0,1,10.707734428473648,60.0,1.0,0,60.0,False,False,False,False,False,True,False,False,False,False,False,False,False,False,False,False,False,True,False,False,False,False,False,False,False,False,True,False,False,False,False,0.0037267080745341614,0.0036188178528347406,0,0,2605853.25,2422420.0,183433.25,1000.0,1000.0,107.57231404958678,1000.0,87.25395104695612,77.69648935629732,61.30625686059281,-128.26025056947609,36.14286440075192,62.37571398349905,500.0,12.05126528477081,500.0,500.0,46.48251393816523,1000.0,1000.0,-97.98220448373468,500.0,0,0,0,0,0,0,0,0,0,0,0,0,0,0,0,0,0,0,0,0,0,0
124,2524,25,252,4.0,150,23,5.8,0.0,0.0,0.0,0.0,0.0,0.0,29615586.0,8818309.5,20797276.5,29133104.0,1413161.75,0.0,0.0,0.0,35827041.25,0.0,0.0,0.0,242242.0,56866559.75,68055.25,53333.5,86536450.0,13180417.25,8445937.5,4832577.75,58866307.5,4691186.5,6935428.5,-267267.0,3322068.75,0.0,0.0,0.0,0.0,18271002.75,3082329.25,21353332.0,21735213.5,27576549.0,7936678.75,56866559.75,0.0,0.0,0.0,0.0,0.0,0.0,0.0,0.0,0.0,0.0,0.0,172900.0,0,12.134154688569472,60.0,1.0,0,60.0,False,True,False,False,False,False,False,False,False,False,False,False,False,True,False,False,False,False,False,False,False,False,False,False,True,False,False,False,False,False,False,0.012422360248447204,0.3823884197828709,0,0,556055.5,8250492.25,-7694436.75,1000.0,1000.0,6.73966453334951,-1000.0,85.5651134445903,32.12960803383222,63.782300243384604,-154.57894736842107,36.57206729478655,29.775907523828838,500.0,18.18219172453466,500.0,500.0,132.92284147430175,1000.0,1000.0,154.05828352698728,27.603194990015655,0,0,0,0,0,0,0,0,0,0,0,0,0,0,0,0,0,0,0,0,0,0
125,2524,25,252,3.0,150,23,5.8,0.0,0.0,0.0,0.0,0.0,0.0,29615586.0,8818309.5,20797276.5,29133104.0,1413161.75,0.0,0.0,0.0,35827041.25,0.0,0.0,0.0,242242.0,56866559.75,68055.25,53333.5,86536450.0,13180417.25,8445937.5,4832577.75,58866307.5,4691186.5,6935428.5,-267267.0,3322068.75,0.0,0.0,0.0,0.0,18271002.75,3082329.25,21353332.0,21735213.5,27576549.0,7936678.75,56866559.75,0.0,0.0,0.0,0.0,0.0,0.0,0.0,0.0,0.0,0.0,0.0,172900.0,0,12.16974674880219,60.0,1.0,0,60.0,False,True,False,False,False,False,False,False,False,False,False,False,False,True,False,False,False,False,False,False,False,False,False,False,True,False,False,False,False,False,False,0.012422360248447204,0.3823884197828709,0,0,556055.5,8250492.25,-7694436.75,1000.0,1000.0,6.73966453334951,-1000.0,85.5651134445903,32.12960803383222,63.782300243384604,-154.57894736842107,36.57206729478655,29.775907523828838,500.0,18.18219172453466,500.0,500.0,132.92284147430175,1000.0,1000.0,154.05828352698728,27.603194990015655,0,0,0,0,0,0,0,0,0,0,0,0,0,0,0,0,0,0,0,0,0,0
126,2524,25,252,2.0,150,24,5.5,0.0,0.0,0.0,0.0,0.0,0.0,29615586.0,8818309.5,20797276.5,29133104.0,1413161.75,0.0,0.0,0.0,35827041.25,0.0,0.0,0.0,242242.0,56866559.75,68055.25,53333.5,86536450.0,13180417.25,8445937.5,4832577.75,58866307.5,4691186.5,6935428.5,-267267.0,3322068.75,0.0,0.0,0.0,0.0,18271002.75,3082329.25,21353332.0,21735213.5,27576549.0,7936678.75,56866559.75,0.0,0.0,0.0,0.0,0.0,0.0,0.0,0.0,0.0,0.0,0.0,172900.0,0,12.413415468856947,60.0,1.0,0,60.0,False,True,False,False,False,False,False,False,False,False,False,False,False,True,False,False,False,False,False,False,False,False,False,False,True,False,False,False,False,False,False,0.012422360248447204,0.3823884197828709,0,0,556055.5,8250492.25,-7694436.75,1000.0,1000.0,6.73966453334951,-1000.0,85.5651134445903,32.12960803383222,63.782300243384604,-154.57894736842107,36.57206729478655,29.775907523828838,500.0,18.18219172453466,500.0,500.0,132.92284147430175,1000.0,1000.0,154.05828352698728,27.603194990015655,0,0,0,0,0,0,0,0,0,0,0,0,0,0,0,0,0,0,0,0,0,0
127,5249,52,524,0.0,1,35,6.25,0.0,0.0,0.0,0.0,0.0,0.0,17696941.193991903,7239049.1334043145,10494936.916722622,5711624.613972619,14751896.664327338,0.0,0.0,0.0,24672445.857143342,0.0,0.0,0.0,936626.1695394691,36100427.35440215,23689402.432255726,17889398.211046387,35463800.705205336,9473299.257317152,2502156.240714975,1764434.9040538718,21066695.29673669,7026995.2010281375,1530573.3567460796,-489449.7146318286,713223.8350885716,0.0,0.0,0.0,0.0,11248784.191388477,3574801.479138362,14823585.67052684,9532926.419230485,15913281.269093791,5395102.20245469,36094790.188847594,0.0,0.0,0.0,0.0,0.0,0.0,0.0,0.0,0.0,0.0,0.0,0.0,0,11.816563997262149,180.0,1.0,0,180.0,False,True,False,False,False,False,False,False,False,False,False,False,False,True,False,False,False,False,False,False,False,False,False,False,True,False,False,False,False,False,False,0.3242236024844721,0.3823884197828709,1,1,4328648.753804218,8759164.588049551,-4458476.032915221,,,49.4185114378368,,75.88436726043955,31.1596981414038,202.6031944236134,,29.071503264192945,40.90565173975922,,6.34045264762552,,,162.9042174191688,,,-100.0,32.421460760082695,0,0,0,1,1,0,1,0,0,0,1,0,0,1,0,1,1,0,1,1,0,0
128,1522,15,152,27.0,0,29,5.25,0.0,0.0,0.0,0.0,0.0,0.0,16052036.0,5416411.0,10635625.0,1443191.75,2254001.75,0.0,0.0,0.0,5096841.75,0.0,0.0,0.0,20770.75,15753237.5,14499985.5,10151641.5,16892625.75,3742238.5,1855603.75,1671169.5,12699436.75,1858106.25,732231.5,-184434.25,547797.25,0.0,0.0,0.0,0.0,4117363.249999999,9707948.25,13825311.5,726726.0,830579.75,1097346.25,15753237.5,0.0,0.0,0.0,0.0,0.0,0.0,0.0,0.0,0.0,0.0,0.0,32107.5,1,18.78986995208761,84.0,3.0,0,28.0,False,False,True,False,False,False,False,False,False,False,False,False,False,False,True,False,False,False,False,False,False,False,False,False,False,False,True,False,False,False,False,0.011180124223602485,0.010856453558504222,0,0,3189686.5,4266262.0,-1076575.5,1000.0,1000.0,74.7653683716565,-1000.0,29.781341635593524,26.13661636219221,500.0,-500.0,67.51389992057189,33.742828635569964,500.0,13.304564517109343,500.0,500.0,20.601020749995072,1000.0,1000.0,-99.77856874408599,42.83390031060494,0,0,0,0,0,0,0,0,0,0,0,0,0,0,0,0,0,0,0,0,0,0
129,9002,90,900,5.0,1000,22,6.0,0.0,0.0,0.0,0.0,0.0,0.0,48732934.25,28482203.75,20250730.5,1185684.5,51185884.75,0.0,0.0,0.0,62195883.75,0.0,0.0,0.0,643392.75,83090007.0,48900841.5,83195.75,99105506.5,40393353.0,6315559.25,5513508.0,35837802.0,33803519.75,2482730.25,-59309.25,1677425.75,0.0,0.0,0.0,0.0,13161148.0,15745730.0,28906878.0,16636119.5,52638335.75,1544793.2499999995,83090007.0,0.0,0.0,0.0,0.0,0.0,0.0,0.0,0.0,0.0,0.0,0.0,196373.5,0,28.194387405886378,48.0,1.0,0,48.0,False,True,False,False,False,False,False,False,False,False,False,False,False,True,False,False,False,False,False,False,False,False,False,False,True,False,False,False,False,False,False,0.3242236024844721,0.3823884197828709,0,0,8656147.5,9557548.0,-901400.4999999995,1000.0,1000.0,90.56870548806033,-1000.0,45.52946879977838,15.839627983182142,285.5846042120552,-30.20226761757569,24.372040912212224,58.44549315230285,500.0,12.745284453909338,500.0,500.0,167.114127702363,1000.0,1000.0,-99.5984251109462,500.0,0,0,0,0,0,0,0,0,0,0,0,0,0,0,0,0,0,0,0,0,0,0
130,1320,13,132,0.0,112,24,6.0,0.0,0.0,0.0,0.0,0.0,0.0,32197665.5,18643291.333333332,18215197.0,8182424.25,19872102.25,0.0,0.0,0.0,30936906.0,0.0,0.0,0.0,0.0,49110561.5,13730.5,17755.5,14462948.5,3342839.5,-413913.5,-490239.74999999977,10094334.25,2832579.75,-1401829.2788499997,-189189.0,-2752831.5815,0.0,0.0,0.0,0.0,14173159.0,0.0,14173159.0,3467213.75,33795762.0,1522187.3333333335,49110561.5,0.0,0.0,0.0,0.0,0.0,0.0,0.0,0.0,0.0,0.0,0.0,30952.5,0,14.86652977412731,60.0,1.0,0,60.0,False,False,False,False,False,False,False,False,False,False,False,True,False,False,False,False,False,False,False,False,False,False,False,True,False,False,False,False,False,True,False,0.011180124223602485,0.010856453558504222,0,0,-4042038.0,-2858856.0,-1522187.3333333335,-1000.0,-1000.0,141.38655462184875,-1000.0,100.0,28.85969650336822,-0.0,-500.0,37.09018272983908,57.90261822967672,-500.0,-19.42285119005579,-500.0,500.0,123.65322160795299,1000.0,-1000.0,125.42878992025052,-22.66903213088902,0,0,0,0,0,0,0,0,0,0,0,0,0,0,0,0,0,0,0,0,0,0
131,1320,13,132,0.0,0,5,7.0,50.0,0.0,0.0,50.0,0.0,0.0,10415405.0,8126368.25,2289036.75,360360.0,6368111.75,50.0,0.0,0.0,8345837.5,50.0,0.0,0.0,248248.0,10883122.25,8051043.0,4060667.75,8230222.0,2330578.25,-668668.0,-535534.9999999998,3381127.75,777026.25,-1091840.7499999998,-106606.5,-1372871.5,35.0,0.0,0.0,1.0,2005503.5,4459705.25,6465208.75,2238486.25,4011257.25,406656.25,10883122.25,25.5,0.0,0.0,21.45135,0.0,0.0,16.21115,50.0,0.0,0.0,0.5,16444.0,0,10.954140999315538,48.0,1.0,0,48.0,False,False,False,False,False,False,False,False,False,False,False,True,False,False,False,False,False,False,False,False,False,False,False,True,False,False,False,False,False,True,False,0.011180124223602485,0.010856453558504222,0,0,4176172.0,4334580.25,-158408.25,1000.0,1000.0,96.34547658911148,-1000.0,31.01993419779369,18.427648370852403,-500.0,-500.0,21.032904872496495,78.022585295531,-500.0,-68.45520339406039,-500.0,500.0,238.33913107838057,1000.0,1000.0,-99.7957531713593,98.26894234328824,0,0,0,0,0,0,0,0,0,0,0,0,0,0,0,0,0,0,0,0,0,0
132,1532,15,153,20.0,0,25,8.0,0.0,0.0,0.0,0.0,0.0,0.0,18367799.244795,9675285.314695,8692513.9301,518222.95524999965,1190089.2753749993,0.0,0.0,0.0,5974685.699482501,0.0,0.0,0.0,1103590.0100225,15770789.639605,12335892.228945,12312.388195000589,25543044.4093825,3349375.0965675013,1779048.8415700002,1662054.0911975,20778079.427105002,1260184.0125874998,579412.368535,-92085.4409475,462417.6181625,0.0,0.0,0.0,0.0,7853582.281545,0.0,7853582.281545,3186620.7698325003,7917165.851595,41.29124999977648,15770789.42439,0.0,0.0,0.0,0.0,0.0,0.0,0.0,0.0,0.0,0.0,0.0,50014.374670000005,0,12.459958932238193,48.0,1.0,0,48.0,False,False,False,False,False,False,False,False,False,True,False,False,False,False,False,False,False,False,False,False,False,True,False,False,False,False,False,False,True,False,False,0.02111801242236025,0.016887816646562123,0,0,-838931.6485549994,-1942480.1521124998,1103548.7187725003,-1000.0,-1000.0,43.188685745006886,1000.0,100.0,49.798281893396066,0.0,-184.1179491997835,55.11781038706262,52.67525622285287,500.0,5.887983363326152,500.0,500.0,55.21123745648981,1000.0,-1000.0,-99.59456216265697,500.0,0,0,0,0,0,0,0,0,0,0,0,0,0,0,0,0,0,0,0,0,0,0
133,2223,22,222,10.0,0,23,1.0,0.0,0.0,0.0,0.0,0.0,0.0,27390863.5,16229213.0,11161650.5,148648.5,7357850.5,0.0,0.0,0.0,10165905.75,0.0,0.0,0.0,1153402.25,22480958.5,10257900.0,20076.75,23141618.5,6409903.5,1851599.75,1300048.75,12673410.75,4466712.25,1407656.25,171921.75000000006,665414.75,0.0,0.0,0.0,0.0,7431924.5,2177925.75,9609850.25,7363105.75,12871108.25,0.0,22480958.5,0.0,0.0,0.0,0.0,0.0,0.0,0.0,0.0,0.0,0.0,0.0,42123.5,0,23.143052703627653,60.0,1.0,0,60.0,False,True,False,False,False,False,False,False,False,False,False,False,False,True,False,False,False,False,False,False,False,False,False,False,True,False,False,False,False,False,False,0.024844720496894408,0.3823884197828709,0,0,-1551800.25,-2705202.5,1153402.25,-1000.0,-1000.0,57.36355226641998,1000.0,77.33652769459128,33.05875281073981,167.5264677574591,408.13738174653116,49.64935325155287,59.25046138103678,500.0,8.953464879789886,500.0,500.0,209.15585569575262,1000.0,-1000.0,-99.58935552111056,500.0,0,0,0,0,0,0,0,0,0,0,0,0,0,0,0,0,0,0,0,0,0,0
134,3611,36,361,5.0,160,7,6.5,0.0,0.0,0.0,0.0,0.0,0.0,6586079.5,3849345.5,2736733.999999999,14741727.0,39370831.5,0.0,0.0,0.0,59054495.5,0.0,0.0,0.0,194194.0,61985423.5,23839816.0,21749728.0,28957929.0,10275765.5,635635.0000000002,572572.0,16748732.0,9605596.0,146146.0,-1044043.0,83083.0,0.0,0.0,0.0,0.0,7055048.0,5430425.0,12485473.0,10576065.5,39660621.0,9839329.5,61985423.5,0.0,0.0,0.0,0.0,0.0,0.0,0.0,0.0,0.0,0.0,0.0,49607.0,0,18.521560574948666,96.0,1.0,0,96.0,False,True,False,False,False,False,False,False,False,False,False,False,False,True,False,False,False,False,False,False,False,False,False,False,True,False,False,False,False,False,False,0.3242236024844721,0.3823884197828709,0,0,9748739.0,19393874.5,-9645135.5,1000.0,1000.0,50.267103667191414,-1000.0,56.50605307464123,11.381785590284787,500.0,-500.0,4.415125114052014,58.44669047799985,167.48241175640536,1.1776390465380249,500.0,500.0,227.3236911307674,1000.0,1000.0,-99.79191534028618,9.609720176730487,0,0,0,0,0,0,0,0,0,0,0,0,0,0,0,0,0,0,0,0,0,0
135,5165,51,516,5.0,0,16,9.0,0.0,0.0,0.0,0.0,0.0,0.0,2345593.250000002,374374.0,1971219.25,135802.33333333302,6285529.25,0.0,0.0,0.0,9207948.75,0.0,0.0,0.0,127794.33333333337,11275013.75,6621865.25,5929924.0,7812805.0,2356354.0,1811810.0,1680679.0,4735480.749999998,515014.5,1671169.5,-103353.25,1540038.5,0.0,0.0,0.0,0.0,2806303.5,1075324.25,3881627.75,5323318.0,7264507.25,171838.33333333302,11275013.75,0.0,0.0,0.0,0.0,0.0,0.0,0.0,0.0,0.0,0.0,0.0,15490.5,0,13.481177275838467,84.0,3.0,0,28.0,False,True,False,False,False,False,False,False,False,False,False,False,False,True,False,False,False,False,False,False,False,False,False,False,True,False,False,False,False,False,False,0.3242236024844721,0.3823884197828709,0,0,1910408.5,1943441.5,-44043.99999999965,1000.0,1000.0,98.30028328611898,-1000.0,72.29707949197343,24.88957940295195,63.981536628945804,-500.0,17.483076240150925,15.960738290835366,500.0,54.87783128232566,500.0,500.0,404.6884743433918,1000.0,1000.0,-99.76607044367144,11.668636056718434,0,0,0,0,0,0,0,0,0,0,0,0,0,0,0,0,0,0,0,0,0,0
136,6025,60,602,4.0,0,20,6.0,0.0,0.0,0.0,0.0,0.0,0.0,5619044.333333332,3056968.0,2562076.333333334,0.0,4721623.666666666,0.0,0.0,0.0,5325971.666666668,0.0,0.0,0.0,82669.66666666651,7970717.666666668,12551787.333333334,10726601.333333334,13078091.666666664,3037062.000000001,2018063.3333333333,1112221.6666666667,6318327.0,940332.0,1145644.3333333333,-804785.0,239802.66666666663,0.0,0.0,0.0,0.0,3093494.0,506711.3333333335,3600205.333333334,2949220.666666666,3865007.333333334,505505.0,7970717.666666668,0.0,0.0,0.0,0.0,0.0,0.0,0.0,0.0,0.0,0.0,0.0,19275.0,0,8.993839835728952,48.0,1.0,0,48.0,False,True,False,False,False,False,False,False,False,False,False,False,False,True,False,False,False,False,False,False,False,False,False,False,True,False,False,False,False,False,False,0.3242236024844721,0.3823884197828709,0,0,1038129.0,1460964.333333334,-422835.3333333335,1000.0,1000.0,71.05779219342108,-1000.0,85.92548795365003,38.81073360479083,45.55848429494721,-500.0,32.143609151380055,54.403699608943,500.0,7.75183875147864,500.0,500.0,168.0380645066328,0.0,1000.0,-99.84643621272316,17.01551072219085,0,0,0,0,0,0,0,0,0,0,0,0,0,0,0,0,0,0,0,0,0,0
137,6422,64,642,160.70999999999992,800,22,0.0,0.0,0.0,0.0,0.0,0.0,0.0,17696941.193991903,7239049.1334043145,10494936.916722622,5711624.613972619,14751896.664327338,0.0,0.0,0.0,24672445.857143342,0.0,0.0,0.0,936626.1695394691,36100427.35440215,23689402.432255726,17889398.211046387,35463800.705205336,9473299.257317152,2502156.240714975,1764434.9040538718,21066695.29673669,7026995.2010281375,1530573.3567460796,-489449.7146318286,713223.8350885716,0.0,0.0,0.0,0.0,11248784.191388477,3574801.479138362,14823585.67052684,9532926.419230485,15913281.269093791,5395102.20245469,36094790.188847594,0.0,0.0,0.0,0.0,0.0,0.0,0.0,0.0,0.0,0.0,0.0,0.0,0,3.0390143737166326,36.0,1.0,0,36.0,False,False,False,False,False,False,False,False,False,True,False,False,False,False,False,False,False,False,False,False,False,True,False,False,False,False,False,False,True,False,False,0.07204968944099378,0.05066344993968637,1,1,4328648.753804218,8759164.588049551,-4458476.032915221,,,49.4185114378368,,75.88436726043955,31.1596981414038,202.6031944236134,,29.071503264192945,40.90565173975922,,6.34045264762552,,,162.9042174191688,,,-100.0,32.421460760082695,0,0,0,1,1,0,1,0,0,0,1,0,0,1,0,1,1,0,1,1,0,0
138,5141,51,514,0.0,0,22,1.0,0.0,0.0,0.0,0.0,0.0,0.0,4760756.0,716716.0,4044040.0,1176175.0,2356354.0,0.0,0.0,0.0,4785280.5,0.0,0.0,0.0,1501.5000000001164,8830822.0,5225720.5,5794288.5,4595090.5,765264.5,366366.0,291791.5,3117114.0,389389.0,89088.99999999977,-51551.5,14514.5,0.0,0.0,0.0,0.0,1272271.0,0.0,1272271.0,6274268.0,6949943.0,608608.0,8830822.0,0.0,0.0,0.0,0.0,0.0,0.0,0.0,0.0,0.0,0.0,0.0,9181.0,0,10.521560574948666,120.0,1.0,0,120.0,False,True,False,False,False,False,False,False,False,False,False,False,False,True,False,False,False,False,False,False,False,False,False,False,True,False,False,False,False,False,False,0.3242236024844721,0.3823884197828709,0,0,-2771769.0,-2164662.5,-607106.4999999999,-1000.0,-1000.0,128.04624277456645,-1000.0,100.0,14.40716390841079,0.0,-500.0,45.794604398095665,15.054667788057191,158.09280034854592,1.1408339889850512,500.0,500.0,500.0,1000.0,-1000.0,-99.82431130788568,-9.812559384987475,0,0,0,0,0,0,0,0,0,0,0,0,0,0,0,0,0,0,0,0,0,0
139,5532,55,553,10.0,60,4,6.5,0.0,0.0,0.0,0.0,0.0,0.0,13706943.25,5970464.5,7736478.75,391641.25,1005504.5,0.0,0.0,0.0,2459957.5,0.0,0.0,0.0,294043.75,10490480.0,11848837.0,11580569.0,11662651.0,2730477.75,1678677.0,1557055.5,8689430.75,1051800.749999999,1107106.0,-120870.75,985484.5,0.0,0.0,0.0,0.0,6447691.25,3042039.0,9489730.25,377377.0,560810.2499999981,439939.5,10490480.0,0.0,0.0,0.0,0.0,0.0,0.0,0.0,0.0,0.0,0.0,0.0,23302.0,1,19.345653661875428,60.0,3.0,0,20.0,False,False,True,False,False,False,False,False,False,False,False,False,False,False,True,False,False,False,False,False,False,False,False,False,False,False,True,False,False,False,False,0.011180124223602485,0.010856453558504222,0,0,1753251.5,1899147.2500000019,-145895.75,1000.0,1000.0,92.31782843589397,-1000.0,67.94388333640991,61.46230916030534,195.37126325940213,-500.0,73.74761450381679,43.55795738776405,500.0,15.284300407529594,500.0,500.0,15.634593785099213,1000.0,1000.0,-99.8033393488323,2.3165355691935345,0,0,0,0,0,0,0,0,0,0,0,0,0,0,0,0,0,0,0,0,0,0
140,6062,60,606,2.0,70,20,1.0,0.0,0.0,0.0,0.0,0.0,0.0,2857354.5,1685684.0,1171670.5,498498.0,6151145.0,0.0,0.0,0.0,10220710.500000002,0.0,0.0,0.0,51551.5,11443932.5,19511992.5,19849329.5,19529510.0,3656653.0,1342841.5,1220219.0,9726216.5,2168166.0,1500999.5,-465965.5,575575.0,0.0,0.0,0.0,0.0,2643140.5,186686.5,2829827.0,5067562.5,7193686.5,1420419.0000000005,11443932.5,0.0,0.0,0.0,0.0,0.0,0.0,0.0,0.0,0.0,0.0,0.0,39020.0,0,8.314852840520192,48.0,1.0,0,48.0,False,False,False,False,False,False,False,False,False,False,True,False,False,False,False,False,False,False,False,False,False,False,True,False,False,False,False,False,False,False,False,0.03229813664596273,0.04945717732207479,0,0,1658156.5,3027024.000000002,-1368867.5000000005,1000.0,1000.0,54.778439153439116,-1000.0,93.40290060134419,23.09643560026241,15.299425758818705,-500.0,10.238355565274437,58.99456997722894,500.0,21.77617875402386,500.0,500.0,187.5675397519683,1000.0,1000.0,-99.80002042333709,-1.69948813636249,0,0,0,0,0,0,0,0,0,0,0,0,0,0,0,0,0,0,0,0,0,0
141,6062,60,606,0.0,70,22,1.0,0.0,0.0,0.0,0.0,0.0,0.0,2857354.5,1685684.0,1171670.5,498498.0,6151145.0,0.0,0.0,0.0,10220710.500000002,0.0,0.0,0.0,51551.5,11443932.5,19511992.5,19849329.5,19529510.0,3656653.0,1342841.5,1220219.0,9726216.5,2168166.0,1500999.5,-465965.5,575575.0,0.0,0.0,0.0,0.0,2643140.5,186686.5,2829827.0,5067562.5,7193686.5,1420419.0000000005,11443932.5,0.0,0.0,0.0,0.0,0.0,0.0,0.0,0.0,0.0,0.0,0.0,39020.0,1,8.36413415468857,48.0,1.0,0,48.0,False,False,False,False,False,False,False,False,False,False,True,False,False,False,False,False,False,False,False,False,False,False,True,False,False,False,False,False,False,False,False,0.03229813664596273,0.04945717732207479,0,0,1658156.5,3027024.000000002,-1368867.5000000005,1000.0,1000.0,54.778439153439116,-1000.0,93.40290060134419,23.09643560026241,15.299425758818705,-500.0,10.238355565274437,58.99456997722894,500.0,21.77617875402386,500.0,500.0,187.5675397519683,1000.0,1000.0,-99.80002042333709,-1.69948813636249,0,0,0,0,0,0,0,0,0,0,0,0,0,0,0,0,0,0,0,0,0,0
142,7110,71,711,1.0,25,20,5.0,0.0,0.0,0.0,0.0,0.0,0.0,4114610.5,1325824.5,2788786.0,0.0,5717211.5,0.0,0.0,0.0,6965458.5,0.0,0.0,0.0,6006.0,9760250.5,13287774.5,0.0,10572061.5,57057.0,-784596.2874749999,923923.0,419419.0,1762761.000000001,-1401829.2788499997,-90590.5,343343.0,0.0,0.0,0.0,0.0,5692186.5,23523.5,5715710.0,2478476.0,3453950.5,590590.0,9760250.5,0.0,0.0,0.0,0.0,0.0,0.0,0.0,0.0,0.0,0.0,0.0,19224.0,0,10.212183436002737,36.0,1.0,0,36.0,False,True,False,False,False,False,False,False,False,False,False,False,False,True,False,False,False,False,False,False,False,False,False,False,True,False,False,False,False,False,False,0.3242236024844721,0.3823884197828709,0,0,2926924.0,3511508.0,-584584.0,1000.0,1000.0,83.35233751425314,-1000.0,99.58844133099825,58.32008614942823,2.5460455037919827,-471.23647523928423,28.57289369775909,32.222357377448,500.0,6.031829772267652,500.0,500.0,500.0,0.0,1000.0,-99.85532566044073,,0,0,0,0,0,0,0,0,0,0,0,0,0,0,0,0,0,0,0,0,0,1
143,6062,60,606,2.0,0,24,6.5,0.0,0.0,0.0,0.0,0.0,0.0,25128353.25,10772261.5,14356091.75,0.0,3583580.0,0.0,0.0,0.0,7025268.25,0.0,0.0,0.0,9008.999999999884,21390369.0,21363.25,18137.75,23714941.25,7965207.25,4234230.0,3788284.5,10081071.0,3504501.0,1232231.0,-234484.25,825574.75,0.0,0.0,0.0,0.0,6165409.25,420169.75,6585579.000000001,4367613.25,10492982.5,4311807.5,21390369.0,0.0,0.0,0.0,0.0,0.0,0.0,0.0,0.0,0.0,0.0,0.0,47382.5,0,9.08145106091718,48.0,1.0,0,48.0,False,True,False,False,False,False,False,False,False,False,False,False,False,True,False,False,False,False,False,False,False,False,False,False,True,False,False,False,False,False,False,0.3242236024844721,0.3823884197828709,0,0,-7770512.749999999,-3467714.25,-4302798.5,-1000.0,-1000.0,224.08169156383053,-1000.0,93.61985104119167,28.823295427956385,11.0912934337429,-494.8752176436448,67.11474565960036,42.86895123141426,500.0,13.390429029508462,500.0,500.0,155.96961572832888,0.0,-1000.0,121.79443670789792,17.783352400380423,0,0,0,0,0,0,0,0,0,0,0,0,0,0,0,0,0,0,0,0,0,0
144,4529,45,452,0.0,0,23,6.2,0.0,0.0,0.0,0.0,0.0,0.0,1316815.5,773272.5,543543.0,0.0,6929422.5,0.0,0.0,0.0,7440433.0,0.0,0.0,0.0,1001.0,7984977.0,9994484.5,7022515.5,12785773.0,2664161.5,468468.00000000023,379879.5,9937427.5,2185683.5,338338.0,-24524.5,249749.5,0.0,0.0,0.0,0.0,3206703.500000001,1129628.5,4336332.0,1225224.0,2738736.0,909909.0,7984977.0,0.0,0.0,0.0,0.0,0.0,0.0,0.0,0.0,0.0,0.0,0.0,25546.0,0,11.08829568788501,48.0,1.0,0,48.0,False,False,False,False,False,False,False,False,False,False,False,False,False,False,False,False,False,False,False,False,False,False,False,False,False,False,False,False,False,True,False,0.07080745341614907,0.06031363088057901,0,0,3792789.0,4701697.0,-908908.0,1000.0,1000.0,80.6685118160528,-1000.0,73.94967682363807,40.15920772220134,297.364953886693,-96.00133093243561,6.807070327190673,58.72291904218928,500.0,7.788356485094426,500.0,500.0,44.38579702845631,0.0,1000.0,-99.74439902328129,42.32057586772147,0,0,0,0,0,0,0,0,0,0,0,0,0,0,0,0,0,0,0,0,0,0
145,2221,22,222,6.0,60,9,6.5,0.0,0.0,0.0,0.0,0.0,0.0,38849560.75,33010227.25,5839333.5,3069566.5,6844087.25,0.0,0.0,0.0,10584073.499999998,0.0,0.0,0.0,587336.75,17010743.75,16781.25,16674.75,15059044.0,8301293.0,3969465.5,2942689.75,5854849.0,4187683.5,2182180.0,-58308.25,1577826.25,0.0,0.0,0.0,0.0,11398887.5,0.0,11398887.5,2668415.75,4627122.5,984733.75,17010743.75,0.0,0.0,0.0,0.0,0.0,0.0,0.0,0.0,0.0,0.0,0.0,30076.0,0,21.300479123887747,72.0,3.0,0,24.0,False,True,False,False,False,False,False,False,False,False,False,False,False,True,False,False,False,False,False,False,False,False,False,False,True,False,False,False,False,False,False,0.3242236024844721,0.3823884197828709,0,0,5559554.0,5956950.999999998,-397397.0,1000.0,1000.0,93.32885229373218,-1000.0,100.0,67.00993012136816,0.0,-193.86969676818725,34.32732622287606,84.96937059964056,500.0,13.841931942919869,500.0,500.0,164.07420071807147,1000.0,1000.0,79.22383612662942,0.6386902352359106,0,0,0,0,0,0,0,0,0,0,0,0,0,0,0,0,0,0,0,0,0,0
146,6422,64,642,2.0,0,23,6.5,0.0,0.0,0.0,0.0,0.0,0.0,42963670.75,3995241.2499999995,38968429.5,0.0,7399892.5,0.0,0.0,0.0,12028015.999999998,0.0,0.0,0.0,228978.75000000012,51225424.25,29394.75,24332.25,40020981.0,30759979.25,2028276.25,-535534.9999999998,2806303.5,28292264.0,-807806.9999999998,-96346.25,-2699196.5,0.0,0.0,0.0,0.0,24328554.25,8481473.0,32810027.25,2436934.5,14464950.5,3950446.5,51225424.25,0.0,0.0,0.0,0.0,0.0,0.0,0.0,0.0,0.0,0.0,0.0,79528.0,0,15.819301848049282,36.0,3.0,0,12.0,False,True,False,False,False,False,False,False,False,False,False,False,False,True,False,False,False,False,False,False,False,False,False,False,True,False,False,False,False,False,False,0.3242236024844721,0.3823884197828709,0,0,-6158402.25,-2436934.500000002,-3721467.75,-1000.0,-1000.0,252.71102895871823,-1000.0,74.14975325873891,47.49312398325329,-500.0,-121.14758324112262,76.07243877536065,9.299115229813085,-500.0,-11.0947673760762,-500.0,500.0,312.6163723916533,0.0,-1000.0,170.5517141666454,20.805720802638476,0,0,0,0,0,0,0,0,0,0,0,0,0,0,0,0,0,0,0,0,0,0
147,6042,60,604,2.0,0,24,5.0,0.0,0.0,0.0,0.0,0.0,0.0,1502000.5000000019,1272771.5,229229.0,0.0,1119118.0,0.0,0.0,0.0,1252251.0,0.0,0.0,0.0,76576.5,1558056.5,1427426.0,1425424.0,1672671.0,441441.0,122622.5,99599.5,450950.5,312812.50000000093,122622.5,-9509.5,99599.5,0.0,0.0,0.0,0.0,872872.0,0.0,872872.0,15515.5,596095.5,89089.0,1558056.5,0.0,0.0,0.0,0.0,0.0,0.0,0.0,0.0,0.0,0.0,0.0,3342.0,0,14.338124572210814,60.0,1.0,0,60.0,False,True,False,False,False,False,False,False,False,False,False,False,False,True,False,False,False,False,False,False,False,False,False,False,True,False,False,False,False,False,False,0.3242236024844721,0.3823884197828709,0,0,643643.0,656155.5,-12512.5,1000.0,1000.0,98.093058733791,-1000.0,100.0,56.023128814648246,0.0,-284.54518252543386,14.712495984580789,84.73842052649107,500.0,11.410550458715596,500.0,500.0,12.386237513873475,0.0,1000.0,-99.7658722763912,0.1404494382022472,0,0,0,0,0,0,0,0,0,0,0,0,0,0,0,0,0,0,0,0,0,0
148,2222,22,222,5.0,19,23,7.0,0.0,0.0,0.0,0.0,0.0,0.0,1596745.0,965748.333333333,630996.666666666,1092120.0,4752508.0,0.0,0.0,0.0,7491719.333333332,0.0,0.0,0.0,9337.666666666628,8132053.666666668,5502903.333333332,5044138.0,5980930.666666668,1388347.666666667,420555.0,317474.0,3449723.666666668,950786.0,129093.33333333326,-31333.333333333314,26012.333333333372,0.0,0.0,0.0,0.0,794056.666666666,65344.0,859400.666666666,1224315.333333333,7097518.0,175135.0,8132053.666666668,0.0,0.0,0.0,0.0,0.0,0.0,0.0,0.0,0.0,0.0,0.0,9792.0,0,5.930184804928132,60.0,1.0,0,60.0,False,False,False,False,False,False,False,False,True,False,False,False,False,False,False,False,False,False,False,False,True,False,False,False,False,False,False,True,False,False,False,0.08074534161490683,0.07117008443908324,0,0,228404.0,394201.3333333321,-165797.33333333337,1000.0,1000.0,57.940950647892464,-1000.0,92.39656163481371,9.76452811571459,20.582472895418206,-319.98910675381245,7.759376567485344,60.482314541979655,265.64882897603525,3.275878715624837,500.0,500.0,127.76487701285437,1000.0,1000.0,-99.82205756839875,9.09501947276883,0,0,0,0,0,0,0,0,0,0,0,0,0,0,0,0,0,0,0,0,0,0
149,8013,80,801,48.0,0,9,8.0,0.0,0.0,0.0,0.0,0.0,0.0,17696941.193991903,7239049.1334043145,10494936.916722622,5711624.613972619,14751896.664327338,0.0,0.0,0.0,24672445.857143342,0.0,0.0,0.0,936626.1695394691,36100427.35440215,23689402.432255726,17889398.211046387,35463800.705205336,9473299.257317152,2502156.240714975,1764434.9040538718,21066695.29673669,7026995.2010281375,1530573.3567460796,-489449.7146318286,713223.8350885716,0.0,0.0,0.0,0.0,11248784.191388477,3574801.479138362,14823585.67052684,9532926.419230485,15913281.269093791,5395102.20245469,36094790.188847594,0.0,0.0,0.0,0.0,0.0,0.0,0.0,0.0,0.0,0.0,0.0,0.0,1,11.288158795345653,96.0,3.0,0,32.0,False,False,False,False,False,False,False,False,False,False,False,True,False,False,False,False,False,False,False,False,False,False,False,True,False,False,False,False,False,False,False,0.07080745341614907,0.054282267792521106,1,1,4328648.753804218,8759164.588049551,-4458476.032915221,,,49.4185114378368,,75.88436726043955,31.1596981414038,202.6031944236134,,29.071503264192945,40.90565173975922,,6.34045264762552,,,162.9042174191688,,,-100.0,32.421460760082695,0,0,0,1,1,0,1,0,0,0,1,0,0,1,0,1,1,0,1,1,0,0
150,2225,22,222,3.0,33,35,7.0,0.0,0.0,0.0,0.0,0.0,0.0,17696941.193991903,7239049.1334043145,10494936.916722622,5711624.613972619,14751896.664327338,0.0,0.0,0.0,24672445.857143342,0.0,0.0,0.0,936626.1695394691,36100427.35440215,23689402.432255726,17889398.211046387,35463800.705205336,9473299.257317152,2502156.240714975,1764434.9040538718,21066695.29673669,7026995.2010281375,1530573.3567460796,-489449.7146318286,713223.8350885716,0.0,0.0,0.0,0.0,11248784.191388477,3574801.479138362,14823585.67052684,9532926.419230485,15913281.269093791,5395102.20245469,36094790.188847594,0.0,0.0,0.0,0.0,0.0,0.0,0.0,0.0,0.0,0.0,0.0,0.0,0,12.459958932238193,120.0,1.0,0,120.0,False,True,False,False,False,False,False,False,False,False,False,False,False,True,False,False,False,False,False,False,False,False,False,False,True,False,False,False,False,False,False,0.3242236024844721,0.3823884197828709,1,1,4328648.753804218,8759164.588049551,-4458476.032915221,,,49.4185114378368,,75.88436726043955,31.1596981414038,202.6031944236134,,29.071503264192945,40.90565173975922,,6.34045264762552,,,162.9042174191688,,,-100.0,32.421460760082695,0,0,0,1,1,0,1,0,0,0,1,0,0,1,0,1,1,0,1,1,0,0
151,2121,21,212,2.0,33,23,6.5,0.0,0.0,0.0,0.0,0.0,0.0,17696941.193991903,7239049.1334043145,10494936.916722622,5711624.613972619,14751896.664327338,0.0,0.0,0.0,24672445.857143342,0.0,0.0,0.0,936626.1695394691,36100427.35440215,23689402.432255726,17889398.211046387,35463800.705205336,9473299.257317152,2502156.240714975,1764434.9040538718,21066695.29673669,7026995.2010281375,1530573.3567460796,-489449.7146318286,713223.8350885716,0.0,0.0,0.0,0.0,11248784.191388477,3574801.479138362,14823585.67052684,9532926.419230485,15913281.269093791,5395102.20245469,36094790.188847594,0.0,0.0,0.0,0.0,0.0,0.0,0.0,0.0,0.0,0.0,0.0,0.0,1,13.686516084873375,60.0,1.0,0,60.0,False,True,False,False,False,False,False,False,False,False,False,False,False,True,False,False,False,False,False,False,False,False,False,False,True,False,False,False,False,False,False,0.3242236024844721,0.3823884197828709,1,1,4328648.753804218,8759164.588049551,-4458476.032915221,,,49.4185114378368,,75.88436726043955,31.1596981414038,202.6031944236134,,29.071503264192945,40.90565173975922,,6.34045264762552,,,162.9042174191688,,,-100.0,32.421460760082695,0,0,0,1,1,0,1,0,0,0,1,0,0,1,0,1,1,0,1,1,0,0
152,4529,45,452,2.0,3,20,5.0,0.0,0.0,0.0,0.0,0.0,0.0,15713948.25,5321816.5,10392131.75,20557036.5,112930067.25,0.0,0.0,0.0,139593203.75,0.0,0.0,0.0,986235.25,150971570.75,43227.25,38726.75,53987183.25,10886876.0,5124869.75,8735977.25,37986698.75,5622366.75,-1227976.7499999998,-1017266.25,2383130.75,0.0,0.0,0.0,0.0,31033502.5,9587578.0,40621080.5,23785261.5,77833255.5,32517234.75,150971570.75,0.0,0.0,0.0,0.0,0.0,0.0,0.0,0.0,0.0,0.0,0.0,95020.0,0,9.659137577002053,60.0,1.0,0,60.0,False,False,False,False,False,False,False,False,False,True,False,False,False,False,False,False,False,False,False,False,False,True,False,False,False,False,False,False,True,False,False,0.07204968944099378,0.05066344993968637,0,0,30228948.75,61759948.25,-31530999.5,1000.0,1000.0,48.945877719384264,-1000.0,76.39753083377484,20.55585852742411,109.74820246927726,-500.0,6.883502435838571,33.86683229022343,500.0,7.679219417788888,500.0,500.0,225.41295826608254,1000.0,1000.0,119.81504722137078,11.621166248135978,0,0,0,0,0,0,0,0,0,0,0,0,0,0,0,0,0,0,0,0,0,0
153,5511,55,551,0.0,257,24,1.0,0.0,0.0,0.0,0.0,0.0,0.0,50821270.5,483983.50000000093,50337287.0,41291.25,731480.75,0.0,0.0,0.0,2590588.0,0.0,0.0,0.0,134884.74999999988,53062759.75,13382244.0,25182.25,29649119.5,982231.25,473723.24999999977,298047.75,28205427.25,433182.75,448448.0,-36036.0,272772.5,0.0,0.0,0.0,0.0,15535770.25,23881107.25,39416877.5,11241980.75,12627865.25,1018017.0,53062759.75,0.0,0.0,0.0,0.0,0.0,0.0,0.0,0.0,0.0,0.0,0.0,59239.0,0,8.985626283367557,72.0,1.0,0,72.0,False,True,False,False,False,False,False,False,False,False,False,False,False,True,False,False,False,False,False,False,False,False,False,False,True,False,False,False,False,False,False,0.3242236024844721,0.3823884197828709,0,0,-10920409.5,-10037277.25,-883132.2500000001,-1000.0,-1000.0,108.79852402203993,-1000.0,39.414005459970795,29.27810449964393,500.0,-60.83154678505714,94.86368073797745,0.9523246767315684,460.46101385911305,1.7557706866835263,500.0,500.0,143.48703297873286,250.93013048836073,-1000.0,-99.55733134144019,500.0,0,0,0,0,0,0,0,0,0,0,0,0,0,0,0,0,0,0,0,0,0,0
154,9002,90,900,0.0,51,24,1.0,0.0,0.0,0.0,0.0,0.0,0.0,32965432.5,1044543.4999999991,31920889.0,31531.5,22767745.0,0.0,0.0,0.0,27297770.5,0.0,0.0,0.0,857857.0,60076516.5,17189672.5,18294276.0,19335316.0,9234725.5,7206199.0,4599094.5,2354852.5,2024022.0,6907400.5,-941440.5,4170166.0,0.0,0.0,0.0,0.0,16043527.5,16304288.0,32347815.5,21082561.5,26112086.0,1616615.0000000005,60076516.5,0.0,0.0,0.0,0.0,0.0,0.0,0.0,0.0,0.0,0.0,0.0,38632.0,0,3.685147159479808,60.0,1.0,0,60.0,False,False,False,False,False,False,False,False,True,False,False,False,False,False,False,False,False,False,False,False,True,False,False,False,False,False,False,True,False,False,False,0.08074534161490683,0.07117008443908324,0,0,426926.5,1185684.5,-758758.0000000005,1000.0,1000.0,36.0067539046011,-1000.0,49.596942643623024,26.70515608207743,354.5108281641093,-500.0,53.13372155990436,3.168602444393833,500.0,25.99282483231945,500.0,500.0,500.0,293.83257403189066,1000.0,-99.77526040708455,-6.037973298314729,0,0,0,0,0,0,0,0,0,0,0,0,0,0,0,0,0,0,0,0,0,0
155,9002,90,900,8.0,51,24,1.0,0.0,0.0,0.0,0.0,0.0,0.0,32965432.5,1044543.4999999991,31920889.0,31531.5,22767745.0,0.0,0.0,0.0,27297770.5,0.0,0.0,0.0,857857.0,60076516.5,17189672.5,18294276.0,19335316.0,9234725.5,7206199.0,4599094.5,2354852.5,2024022.0,6907400.5,-941440.5,4170166.0,0.0,0.0,0.0,0.0,16043527.5,16304288.0,32347815.5,21082561.5,26112086.0,1616615.0000000005,60076516.5,0.0,0.0,0.0,0.0,0.0,0.0,0.0,0.0,0.0,0.0,0.0,38632.0,0,4.328542094455853,60.0,1.0,0,60.0,False,False,False,False,False,False,False,False,True,False,False,False,False,False,False,False,False,False,False,False,True,False,False,False,False,False,False,True,False,False,False,0.08074534161490683,0.07117008443908324,0,0,426926.5,1185684.5,-758758.0000000005,1000.0,1000.0,36.0067539046011,-1000.0,49.596942643623024,26.70515608207743,354.5108281641093,-500.0,53.13372155990436,3.168602444393833,500.0,25.99282483231945,500.0,500.0,500.0,293.83257403189066,1000.0,-99.77526040708455,-6.037973298314729,0,0,0,0,0,0,0,0,0,0,0,0,0,0,0,0,0,0,0,0,0,0
156,9002,90,900,0.0,51,24,1.0,0.0,0.0,0.0,0.0,0.0,0.0,32965432.5,1044543.4999999991,31920889.0,31531.5,22767745.0,0.0,0.0,0.0,27297770.5,0.0,0.0,0.0,857857.0,60076516.5,17189672.5,18294276.0,19335316.0,9234725.5,7206199.0,4599094.5,2354852.5,2024022.0,6907400.5,-941440.5,4170166.0,0.0,0.0,0.0,0.0,16043527.5,16304288.0,32347815.5,21082561.5,26112086.0,1616615.0000000005,60076516.5,0.0,0.0,0.0,0.0,0.0,0.0,0.0,0.0,0.0,0.0,0.0,38632.0,0,4.5804243668720055,60.0,1.0,0,60.0,False,False,False,False,False,False,False,False,True,False,False,False,False,False,False,False,False,False,False,False,True,False,False,False,False,False,False,True,False,False,False,0.08074534161490683,0.07117008443908324,0,0,426926.5,1185684.5,-758758.0000000005,1000.0,1000.0,36.0067539046011,-1000.0,49.596942643623024,26.70515608207743,354.5108281641093,-500.0,53.13372155990436,3.168602444393833,500.0,25.99282483231945,500.0,500.0,500.0,293.83257403189066,1000.0,-99.77526040708455,-6.037973298314729,0,0,0,0,0,0,0,0,0,0,0,0,0,0,0,0,0,0,0,0,0,0
157,9002,90,900,0.0,51,24,1.0,0.0,0.0,0.0,0.0,0.0,0.0,32965432.5,1044543.4999999991,31920889.0,31531.5,22767745.0,0.0,0.0,0.0,27297770.5,0.0,0.0,0.0,857857.0,60076516.5,17189672.5,18294276.0,19335316.0,9234725.5,7206199.0,4599094.5,2354852.5,2024022.0,6907400.5,-941440.5,4170166.0,0.0,0.0,0.0,0.0,16043527.5,16304288.0,32347815.5,21082561.5,26112086.0,1616615.0000000005,60076516.5,0.0,0.0,0.0,0.0,0.0,0.0,0.0,0.0,0.0,0.0,0.0,38632.0,1,4.5804243668720055,60.0,1.0,0,60.0,False,False,False,False,False,False,False,False,True,False,False,False,False,False,False,False,False,False,False,False,True,False,False,False,False,False,False,True,False,False,False,0.08074534161490683,0.07117008443908324,0,0,426926.5,1185684.5,-758758.0000000005,1000.0,1000.0,36.0067539046011,-1000.0,49.596942643623024,26.70515608207743,354.5108281641093,-500.0,53.13372155990436,3.168602444393833,500.0,25.99282483231945,500.0,500.0,500.0,293.83257403189066,1000.0,-99.77526040708455,-6.037973298314729,0,0,0,0,0,0,0,0,0,0,0,0,0,0,0,0,0,0,0,0,0,0
158,9002,90,900,0.0,51,24,1.0,0.0,0.0,0.0,0.0,0.0,0.0,32965432.5,1044543.4999999991,31920889.0,31531.5,22767745.0,0.0,0.0,0.0,27297770.5,0.0,0.0,0.0,857857.0,60076516.5,17189672.5,18294276.0,19335316.0,9234725.5,7206199.0,4599094.5,2354852.5,2024022.0,6907400.5,-941440.5,4170166.0,0.0,0.0,0.0,0.0,16043527.5,16304288.0,32347815.5,21082561.5,26112086.0,1616615.0000000005,60076516.5,0.0,0.0,0.0,0.0,0.0,0.0,0.0,0.0,0.0,0.0,0.0,38632.0,0,4.5804243668720055,60.0,1.0,0,60.0,False,False,False,False,False,False,False,False,True,False,False,False,False,False,False,False,False,False,False,False,True,False,False,False,False,False,False,True,False,False,False,0.08074534161490683,0.07117008443908324,0,0,426926.5,1185684.5,-758758.0000000005,1000.0,1000.0,36.0067539046011,-1000.0,49.596942643623024,26.70515608207743,354.5108281641093,-500.0,53.13372155990436,3.168602444393833,500.0,25.99282483231945,500.0,500.0,500.0,293.83257403189066,1000.0,-99.77526040708455,-6.037973298314729,0,0,0,0,0,0,0,0,0,0,0,0,0,0,0,0,0,0,0,0,0,0
159,9002,90,900,0.0,51,24,1.0,0.0,0.0,0.0,0.0,0.0,0.0,32965432.5,1044543.4999999991,31920889.0,31531.5,22767745.0,0.0,0.0,0.0,27297770.5,0.0,0.0,0.0,857857.0,60076516.5,17189672.5,18294276.0,19335316.0,9234725.5,7206199.0,4599094.5,2354852.5,2024022.0,6907400.5,-941440.5,4170166.0,0.0,0.0,0.0,0.0,16043527.5,16304288.0,32347815.5,21082561.5,26112086.0,1616615.0000000005,60076516.5,0.0,0.0,0.0,0.0,0.0,0.0,0.0,0.0,0.0,0.0,0.0,38632.0,0,4.5804243668720055,60.0,1.0,0,60.0,False,False,False,False,False,False,False,False,True,False,False,False,False,False,False,False,False,False,False,False,True,False,False,False,False,False,False,True,False,False,False,0.08074534161490683,0.07117008443908324,0,0,426926.5,1185684.5,-758758.0000000005,1000.0,1000.0,36.0067539046011,-1000.0,49.596942643623024,26.70515608207743,354.5108281641093,-500.0,53.13372155990436,3.168602444393833,500.0,25.99282483231945,500.0,500.0,500.0,293.83257403189066,1000.0,-99.77526040708455,-6.037973298314729,0,0,0,0,0,0,0,0,0,0,0,0,0,0,0,0,0,0,0,0,0,0
160,9002,90,900,0.0,51,24,1.0,0.0,0.0,0.0,0.0,0.0,0.0,32965432.5,1044543.4999999991,31920889.0,31531.5,22767745.0,0.0,0.0,0.0,27297770.5,0.0,0.0,0.0,857857.0,60076516.5,17189672.5,18294276.0,19335316.0,9234725.5,7206199.0,4599094.5,2354852.5,2024022.0,6907400.5,-941440.5,4170166.0,0.0,0.0,0.0,0.0,16043527.5,16304288.0,32347815.5,21082561.5,26112086.0,1616615.0000000005,60076516.5,0.0,0.0,0.0,0.0,0.0,0.0,0.0,0.0,0.0,0.0,0.0,38632.0,1,4.5804243668720055,60.0,1.0,0,60.0,False,False,False,False,False,False,False,False,True,False,False,False,False,False,False,False,False,False,False,False,True,False,False,False,False,False,False,True,False,False,False,0.08074534161490683,0.07117008443908324,0,0,426926.5,1185684.5,-758758.0000000005,1000.0,1000.0,36.0067539046011,-1000.0,49.596942643623024,26.70515608207743,354.5108281641093,-500.0,53.13372155990436,3.168602444393833,500.0,25.99282483231945,500.0,500.0,500.0,293.83257403189066,1000.0,-99.77526040708455,-6.037973298314729,0,0,0,0,0,0,0,0,0,0,0,0,0,0,0,0,0,0,0,0,0,0
161,5511,55,551,16.0,2,26,7.5,0.0,0.0,0.0,0.0,0.0,0.0,17696941.193991903,7239049.1334043145,10494936.916722622,5711624.613972619,14751896.664327338,0.0,0.0,0.0,24672445.857143342,0.0,0.0,0.0,936626.1695394691,36100427.35440215,23689402.432255726,17889398.211046387,35463800.705205336,9473299.257317152,2502156.240714975,1764434.9040538718,21066695.29673669,7026995.2010281375,1530573.3567460796,-489449.7146318286,713223.8350885716,0.0,0.0,0.0,0.0,11248784.191388477,3574801.479138362,14823585.67052684,9532926.419230485,15913281.269093791,5395102.20245469,36094790.188847594,0.0,0.0,0.0,0.0,0.0,0.0,0.0,0.0,0.0,0.0,0.0,0.0,0,11.783709787816564,120.0,4.0,0,30.0,False,False,False,False,False,False,False,False,False,False,True,False,False,False,False,False,False,False,False,False,False,False,True,False,False,False,False,False,False,False,False,0.009937888198757764,0.008443908323281062,1,1,4328648.753804218,8759164.588049551,-4458476.032915221,,,49.4185114378368,,75.88436726043955,31.1596981414038,202.6031944236134,,29.071503264192945,40.90565173975922,,6.34045264762552,,,162.9042174191688,,,-100.0,32.421460760082695,0,0,0,1,1,0,1,0,0,0,1,0,0,1,0,1,1,0,1,1,0,0
162,6025,60,602,0.0,15,23,5.0,0.0,0.0,0.0,0.0,0.0,0.0,762762.0,0.0,762762.0,3750246.5,10637126.5,0.0,0.0,0.0,16565549.0,0.0,0.0,0.0,132132.00000000012,17460443.0,7334327.0,875374.5,20556035.5,1045044.0,870870.0,765264.5,16554538.0,165165.0,587587.0000000001,-17517.5,481981.5,0.0,0.0,0.0,0.0,1339338.0,373873.5,1713211.5,13240227.0,15747231.5,0.0,17460443.0,0.0,0.0,0.0,0.0,0.0,0.0,0.0,0.0,0.0,0.0,0.0,41071.0,0,6.360027378507871,48.0,1.0,0,48.0,False,True,False,False,False,False,False,False,False,False,False,False,False,True,False,False,False,False,False,False,False,False,False,False,True,False,False,False,False,False,False,0.012422360248447204,0.0012062726176115801,0,0,950449.5,818317.5,132132.00000000012,1000.0,1000.0,116.14678899082568,1000.0,78.17703768624014,7.670698847675285,48.855461085676914,-42.65174940955906,4.368514590380095,0.0,500.0,35.98654708520179,500.0,500.0,287.92598863224094,1000.0,1000.0,-99.4400167868163,500.0,0,0,0,0,0,0,0,0,0,0,0,0,0,0,0,0,0,0,0,0,0,0
163,2213,22,221,2.0,20,2,5.0,0.0,0.0,0.0,0.0,0.0,0.0,2821318.5,981480.5,1839838.0,736736.0,6925418.5,0.0,0.0,0.0,8310802.5,0.0,0.0,0.0,310810.5,10461451.0,12435923.5,15231216.0,10759248.5,6719212.5,1407406.0,1220719.5,1184183.0,5227722.5,4036032.0,-27527.5,175675.5,0.0,0.0,0.0,0.0,651651.0,0.0,651651.0,1120119.0,9804294.5,5505.5,10461451.0,0.0,0.0,0.0,0.0,0.0,0.0,0.0,0.0,0.0,0.0,0.0,22514.0,0,29.702943189596166,36.0,1.0,0,36.0,False,True,False,False,False,False,False,False,False,False,False,False,False,True,False,False,False,False,False,False,False,False,False,False,True,False,False,False,False,False,False,0.3242236024844721,0.3823884197828709,0,0,-1188187.0,-1493492.0,305305.0,-1000.0,-1000.0,79.55764075067025,1000.0,100.0,6.22906898861353,0.0,-122.26836634982678,17.586833795809014,34.78800780557034,500.0,26.95852534562212,500.0,500.0,340.52409129332204,1000.0,-1000.0,-99.81895996706638,-18.35239221871714,0,0,0,0,0,0,0,0,0,0,0,0,0,0,0,0,0,0,0,0,0,0
164,5147,51,514,0.0,6,20,7.0,0.0,0.0,0.0,0.0,0.0,0.0,349098.75,11761.75,337337.0,410660.25,990990.0,0.0,0.0,0.0,1539287.75,0.0,0.0,0.0,270520.25,2147145.0,2658906.25,690247.25,4389134.75,989738.75,456455.99999999977,292542.25,2785783.0,297797.50000000093,443693.25,-13263.25,279779.5,0.0,0.0,0.0,0.0,762762.0,85085.0,847847.0,121371.25,1299298.0,0.0,2147145.0,0.0,0.0,0.0,0.0,0.0,0.0,0.0,0.0,0.0,0.0,0.0,8769.5,0,4.59958932238193,120.0,1.0,0,120.0,False,False,False,False,False,False,False,False,False,True,False,False,False,False,False,False,False,False,False,False,False,True,False,False,False,False,False,False,True,False,False,0.07204968944099378,0.05066344993968637,0,0,510510.0,239989.75,270520.25,1000.0,1000.0,212.7215849843587,1000.0,89.96458087367178,35.52447552447553,29.0846877673225,-151.24294429556988,15.710955710955709,3.369175627240143,500.0,36.679790026246714,500.0,500.0,15.684513115343156,1000.0,1000.0,-99.67018393371335,285.2106980505898,0,0,0,0,0,0,0,0,0,0,0,0,0,0,0,0,0,0,0,0,0,0
165,8511,85,851,0.0,110,4,5.5,0.0,0.0,0.0,0.0,0.0,0.0,16972705.75,1622871.25,15349834.5,970719.75,1573321.75,0.0,0.0,0.0,2746493.75,0.0,0.0,0.0,402652.25,18498980.5,10082.75,8741.75,10352842.5,5699944.25,1318817.5,760509.7500000001,2583831.25,4192438.25,817566.75,57807.75000000006,320320.0,0.0,0.0,0.0,0.0,10139129.0,1680178.5,11819307.5,1080079.0,4668163.5,2011509.5,18498980.5,0.0,0.0,0.0,0.0,0.0,0.0,0.0,0.0,0.0,0.0,0.0,20706.0,0,20.673511293634498,84.0,1.0,0,84.0,False,False,False,False,False,False,False,False,False,False,False,True,False,True,False,False,False,False,False,False,False,False,False,False,False,False,False,False,False,True,False,0.011180124223602485,0.3823884197828709,0,0,-3530527.0,-1921669.75,-1608857.25,-1000.0,-1000.0,183.7218387810913,-1000.0,85.78445903027738,54.809123129785455,220.9279368213228,279.1835699797163,82.9766510646357,9.561653126520502,500.0,3.1592457300819428,500.0,500.0,150.48523002421308,1000.0,-1000.0,105.36064069822221,15.340177882003031,0,0,0,0,0,0,0,0,0,0,0,0,0,0,0,0,0,0,0,0,0,0
166,8040,80,804,0.0,0,34,6.25,0.0,0.0,0.0,0.0,0.0,0.0,17696941.193991903,7239049.1334043145,10494936.916722622,5711624.613972619,14751896.664327338,0.0,0.0,0.0,24672445.857143342,0.0,0.0,0.0,936626.1695394691,36100427.35440215,23689402.432255726,17889398.211046387,35463800.705205336,9473299.257317152,2502156.240714975,1764434.9040538718,21066695.29673669,7026995.2010281375,1530573.3567460796,-489449.7146318286,713223.8350885716,0.0,0.0,0.0,0.0,11248784.191388477,3574801.479138362,14823585.67052684,9532926.419230485,15913281.269093791,5395102.20245469,36094790.188847594,0.0,0.0,0.0,0.0,0.0,0.0,0.0,0.0,0.0,0.0,0.0,0.0,0,10.154688569472963,180.0,1.0,0,180.0,False,False,False,False,False,False,False,False,False,False,False,False,False,False,False,False,False,False,False,False,False,False,False,True,False,False,False,False,False,True,False,0.07080745341614907,0.054282267792521106,1,1,4328648.753804218,8759164.588049551,-4458476.032915221,,,49.4185114378368,,75.88436726043955,31.1596981414038,202.6031944236134,,29.071503264192945,40.90565173975922,,6.34045264762552,,,162.9042174191688,,,-100.0,32.421460760082695,0,0,0,1,1,0,1,0,0,0,1,0,0,1,0,1,1,0,1,1,0,0
167,7110,71,711,2.0,0,22,7.0,0.0,0.0,0.0,0.0,0.0,0.0,1074573.5,303553.25,771020.25,0.0,1768266.5,0.0,0.0,0.0,2040038.0,0.0,0.0,0.0,345595.25,3156653.5,5938.25,5820.75,5100345.25,9009.0,-784596.2874749999,431180.75,168418.25,857606.7500000009,-1207456.2499999998,-64064.0,72322.25,0.0,0.0,0.0,0.0,1105604.5,1438937.5,2544542.0,155405.25,612111.5,0.0,3156653.5,0.0,0.0,0.0,0.0,0.0,0.0,0.0,0.0,0.0,0.0,0.0,9749.5,0,9.160848733744011,60.0,1.0,0,60.0,False,True,False,False,False,False,False,False,False,False,False,False,False,True,False,False,False,False,False,False,False,False,False,False,True,False,False,False,False,False,False,0.3242236024844721,0.3823884197828709,0,0,1773521.75,1427926.5,345595.25,1000.0,1000.0,124.20259376095338,1000.0,43.45003933910307,35.02457586808308,333.72025536854323,-500.0,24.42524179483114,28.24871914299022,500.0,6.541421457673155,500.0,500.0,332.184249628529,0.0,1000.0,64.18136656422347,2.0186402095949836,0,0,0,0,0,0,0,0,0,0,0,0,0,0,0,0,0,0,0,0,0,0
168,5137,51,513,81.0,60,4,5.62,0.0,0.0,0.0,0.0,0.0,0.0,13027264.25,4078574.5,8948689.75,6583076.5,1094343.25,0.0,0.0,0.0,8632623.999999998,0.0,0.0,0.0,62812.75000000012,17644126.5,48680.0,47987.5,46128332.25,3994240.25,1044043.0,482482.0,40333793.5,2576323.75,666666.0000000001,-303303.0,105105.0,0.0,0.0,0.0,0.0,5838082.25,2889636.75,8727719.0,4917412.5,5751245.5,3165162.0,17644126.5,0.0,0.0,0.0,0.0,0.0,0.0,0.0,0.0,0.0,0.0,0.0,89280.5,1,17.308692676249144,108.0,3.0,0,36.0,False,False,False,False,False,False,False,False,False,False,True,False,False,False,False,False,False,False,False,False,False,False,True,False,False,False,False,False,False,False,False,0.04720496894409938,0.04945717732207479,0,0,-220970.75,2881378.499999998,-3102349.25,-891.0060987561673,1000.0,-7.668924787215568,-1000.0,66.89127193485491,33.08796414489547,500.0,-339.7191996012567,50.717669418205546,31.307989319399887,117.72447510934639,1.8003343478074498,500.0,500.0,43.89045379527715,1000.0,1000.0,83.40283483976992,1.4430841364938785,0,0,0,0,0,0,0,0,0,0,0,0,0,0,0,0,0,0,0,0,0,0
169,6312,63,631,0.0,6,31,8.95,0.0,0.0,0.0,0.0,0.0,0.0,20446926.5,8770762.0,11676164.5,5623868.25,1516014.5,0.0,0.0,0.0,7410653.25,0.0,0.0,0.0,1073572.5,20160390.25,2467715.25,3324821.5,2844842.0,2239987.75,2162410.25,1368367.0,431681.25,34284.25,992491.5,-733482.75,198448.25,0.0,0.0,0.0,0.0,5973467.5,11386625.25,17360092.75,239489.25,873122.2499999981,1927175.2500000005,20160390.25,0.0,0.0,0.0,0.0,0.0,0.0,0.0,0.0,0.0,0.0,0.0,3432.0,0,7.753593429158111,84.0,6.0,0,14.0,False,False,False,True,False,False,False,False,False,False,False,False,False,False,False,True,False,False,False,False,False,False,False,False,False,False,False,False,False,False,False,0.004968944099378882,0.020506634499396863,0,0,5683928.25,6537531.000000002,-853602.7500000005,1000.0,1000.0,86.94304088194761,-1000.0,34.409191160571424,29.629721577438218,500.0,-500.0,57.916361514876925,42.89525861013879,500.0,3.322161709258484,500.0,500.0,199.7217391304348,1000.0,1000.0,-99.86092398626624,-25.779015505042903,0,0,0,0,0,0,0,0,0,0,0,0,0,0,0,0,0,0,0,0,0,0
170,1532,15,153,10.0,52,22,6.5,0.0,0.0,0.0,0.0,0.0,0.0,17696941.193991903,7239049.1334043145,10494936.916722622,5711624.613972619,14751896.664327338,0.0,0.0,0.0,24672445.857143342,0.0,0.0,0.0,936626.1695394691,36100427.35440215,23689402.432255726,17889398.211046387,35463800.705205336,9473299.257317152,2502156.240714975,1764434.9040538718,21066695.29673669,7026995.2010281375,1530573.3567460796,-489449.7146318286,713223.8350885716,0.0,0.0,0.0,0.0,11248784.191388477,3574801.479138362,14823585.67052684,9532926.419230485,15913281.269093791,5395102.20245469,36094790.188847594,0.0,0.0,0.0,0.0,0.0,0.0,0.0,0.0,0.0,0.0,0.0,0.0,0,8.199863107460644,60.0,1.0,0,60.0,False,True,False,False,False,False,False,False,False,False,False,False,False,True,False,False,False,False,False,False,False,False,False,False,True,False,False,False,False,False,False,0.3242236024844721,0.3823884197828709,1,1,4328648.753804218,8759164.588049551,-4458476.032915221,,,49.4185114378368,,75.88436726043955,31.1596981414038,202.6031944236134,,29.071503264192945,40.90565173975922,,6.34045264762552,,,162.9042174191688,,,-100.0,32.421460760082695,0,0,0,1,1,0,1,0,0,0,1,0,0,1,0,1,1,0,1,1,0,0
171,2745,27,274,15.0,26,4,6.0,0.0,0.0,0.0,0.0,0.0,0.0,6901394.5,4269765.5,2631629.0,5310805.5,6898892.0,0.0,0.0,0.0,14966952.0,0.0,0.0,0.0,49549.5,17648130.5,7509502.0,2814311.5,7649642.0,2766263.5,858357.5,333333.0,4134130.0,1825823.999999999,546045.5,-360360.0,21021.0,0.0,0.0,0.0,0.0,553553.0,1791289.5,2344842.5,4093589.5,10531521.0,4771767.0,17648130.5,0.0,0.0,0.0,0.0,0.0,0.0,0.0,0.0,0.0,0.0,0.0,10961.0,0,42.893908281998634,84.0,3.0,0,28.0,False,True,False,False,False,False,False,False,False,False,False,False,False,True,False,False,False,False,False,False,False,False,False,False,True,False,False,False,False,False,False,0.3242236024844721,0.3823884197828709,0,0,-286786.5,4435431.0,-4722217.5,-1000.0,1000.0,-6.465809072444144,-1000.0,23.60725720384205,3.1366098522446895,500.0,-500.0,14.911658773148806,61.86815577634346,191.77994708511997,3.79746835443038,500.0,500.0,356.46973365617436,1000.0,1000.0,-99.85403825713077,166.83265160946115,0,0,0,0,0,0,0,0,0,0,0,0,0,0,0,0,0,0,0,0,0,0
172,5110,51,511,3.0,11,31,8.95,0.0,0.0,0.0,0.0,0.0,0.0,21281009.75,8843084.25,12437925.5,2184432.25,2412660.25,0.0,0.0,0.0,5524268.75,0.0,0.0,0.0,771771.0,18733965.25,1030366.2500000037,2696.25,2106354.25,1367866.5,1281780.5,917416.5,544794.25,35285.24999999907,463212.75,-354103.75,98848.75,0.0,0.0,0.0,0.0,11204443.25,2766764.0,13971207.25,47547.5,1402651.25,3360106.75,18733965.25,0.0,0.0,0.0,0.0,0.0,0.0,0.0,0.0,0.0,0.0,0.0,3693.0,0,10.119096509240247,120.0,3.0,0,40.0,False,False,False,True,False,False,False,False,False,False,False,False,False,False,False,True,False,False,False,False,False,False,False,False,False,False,False,False,False,False,False,0.004968944099378882,0.020506634499396863,0,0,1533281.75,4121617.5,-2588335.75,1000.0,1000.0,37.20097146326655,-1000.0,80.19667198051192,59.808177822898436,301.582105837425,-500.0,66.39238054527725,41.55387528075354,500.0,0.8822281285596231,500.0,500.0,31.41938447404685,1000.0,1000.0,-99.64158375723196,500.0,0,0,0,0,0,0,0,0,0,0,0,0,0,0,0,0,0,0,0,0,0,0
173,5147,51,514,5.0,52,4,4.66,0.0,0.0,0.0,0.0,0.0,0.0,10050790.75,6840834.0,3209956.75,18361092.75,29338559.25,0.0,0.0,0.0,55734679.0,0.0,0.0,0.0,1179928.75,60124564.5,33711332.0,62321.5,86694858.25,12122610.5,7829071.25,4293539.25,72643320.75,3937433.5,6626119.5,-1264263.0,2986984.0,0.0,0.0,0.0,0.0,11347336.0,627627.0,11974963.0,25999974.0,32687404.75,15462196.75,60124564.5,0.0,0.0,0.0,0.0,0.0,0.0,0.0,0.0,0.0,0.0,0.0,172903.5,0,25.374401095140314,83.0,3.0,0,27.666666666666668,False,True,False,False,False,False,False,False,False,False,False,False,False,True,False,False,False,False,False,False,False,False,False,False,True,False,False,False,False,False,False,0.012422360248447204,0.3823884197828709,0,0,8765006.25,23047274.25,-14282268.0,1000.0,1000.0,38.03055474119678,-1000.0,94.75883975591407,18.87304481016241,14.61794019933555,-500.0,5.338844075951686,68.06264472275477,500.0,26.323218066337333,500.0,500.0,128.84860636000042,1000.0,1000.0,-99.48710570083674,500.0,0,0,0,0,0,0,0,0,0,0,0,0,0,0,0,0,0,0,0,0,0,0
174,4529,45,452,2.0,125,24,5.0,0.0,0.0,0.0,0.0,0.0,0.0,8264506.25,6218712.5,2045793.75,10909148.25,54536231.75,0.0,0.0,0.0,71318997.75,0.0,0.0,0.0,1688687.0,75053478.5,15668545.5,30309.5,29581802.25,4684179.5,1441690.25,537787.25,19664394.75,3181678.5,1218467.25,-907156.25,123873.75,0.0,0.0,0.0,0.0,10818057.25,5080075.0,15898132.25,10022262.25,54418364.0,4736982.25,75053478.5,0.0,0.0,0.0,0.0,0.0,0.0,0.0,0.0,0.0,0.0,0.0,59966.0,0,17.94387405886379,48.0,1.0,0,48.0,False,False,False,False,False,False,False,True,False,False,False,False,False,False,False,False,False,False,False,True,False,False,False,False,False,False,True,False,False,False,False,0.02608695652173913,0.024125452352231604,0,0,13852338.5,16900633.75,-3048295.25,1000.0,1000.0,81.96342637151108,-1000.0,68.0460891876151,14.413798622271717,500.0,-500.0,2.725781390665324,75.24602573807722,206.57330820798455,1.1450646556709616,500.0,500.0,183.47955560645974,1000.0,1000.0,-99.6172841952688,500.0,0,0,0,0,0,0,0,0,0,0,0,0,0,0,0,0,0,0,0,0,0,0
175,4521,45,452,5.0,10,23,7.0,0.0,0.0,0.0,0.0,0.0,0.0,2192690.5,1177676.5,1015014.0,13919405.5,6022266.25,0.0,0.0,0.0,20672151.5,0.0,0.0,0.0,9008.999999999884,21696174.5,13102.0,13418.5,22222200.0,3263760.500000001,1129378.25,620870.25,18423905.5,2128376.25,913162.25,-305805.5,404654.25,0.0,0.0,0.0,0.0,5304549.25,0.0,5304549.25,3215712.5,15656641.0,734984.25,21696174.5,0.0,0.0,0.0,0.0,0.0,0.0,0.0,0.0,0.0,0.0,0.0,33860.0,0,15.3347022587269,48.0,1.0,0,48.0,False,False,False,False,False,False,False,False,True,False,False,False,False,True,False,False,False,False,False,False,False,False,False,False,False,False,False,True,False,False,False,0.08074534161490683,0.3823884197828709,0,0,4289535.25,5015510.5,-725975.2500000001,1000.0,1000.0,85.5253966669993,-1000.0,100.0,24.449237583335258,0.0,-500.0,4.678308611501995,53.70919881305638,500.0,7.6284379865075245,500.0,500.0,62.83447882426449,1000.0,1000.0,158.433826896657,-2.3586839065469314,0,0,0,0,0,0,0,0,0,0,0,0,0,0,0,0,0,0,0,0,0,0
176,6340,63,634,3.0,14,24,0.1,0.0,0.0,0.0,0.0,0.0,0.0,17696941.193991903,7239049.1334043145,10494936.916722622,5711624.613972619,14751896.664327338,0.0,0.0,0.0,24672445.857143342,0.0,0.0,0.0,936626.1695394691,36100427.35440215,23689402.432255726,17889398.211046387,35463800.705205336,9473299.257317152,2502156.240714975,1764434.9040538718,21066695.29673669,7026995.2010281375,1530573.3567460796,-489449.7146318286,713223.8350885716,0.0,0.0,0.0,0.0,11248784.191388477,3574801.479138362,14823585.67052684,9532926.419230485,15913281.269093791,5395102.20245469,36094790.188847594,0.0,0.0,0.0,0.0,0.0,0.0,0.0,0.0,0.0,0.0,0.0,0.0,1,12.772073921971252,120.0,1.0,0,120.0,False,True,False,False,False,False,False,False,False,False,False,False,False,True,False,False,False,False,False,False,False,False,False,False,True,False,False,False,False,False,False,0.3242236024844721,0.3823884197828709,1,1,4328648.753804218,8759164.588049551,-4458476.032915221,,,49.4185114378368,,75.88436726043955,31.1596981414038,202.6031944236134,,29.071503264192945,40.90565173975922,,6.34045264762552,,,162.9042174191688,,,-100.0,32.421460760082695,0,0,0,1,1,0,1,0,0,0,1,0,0,1,0,1,1,0,1,1,0,0
177,3162,31,316,40.0,122,1,6.5,0.0,0.0,0.0,0.0,0.0,0.0,1663411.75,847346.5,816065.25,4622868.25,15092577.5,0.0,0.0,0.0,21606084.5,0.0,0.0,0.0,143143.0,22565292.75,29140.75,26619.0,32793761.0,6224968.75,1744492.75,955454.5,24695170.5,4277773.5,1149898.75,-257507.25,397397.0,0.0,0.0,0.0,0.0,3343340.0,10510.500000000466,3353850.5,12747735.0,16516249.75,2695192.5,22565292.75,0.0,0.0,0.0,0.0,0.0,0.0,0.0,0.0,0.0,0.0,0.0,64160.5,0,24.635181382614647,96.0,1.0,0,96.0,False,True,False,False,False,False,False,False,False,False,False,False,False,True,False,False,False,False,False,False,False,False,False,False,True,False,False,False,False,False,False,0.3242236024844721,0.3823884197828709,0,0,2537785.25,5089834.75,-2552049.5,1000.0,1000.0,49.85987511677074,-1000.0,99.68661393821817,14.816293486819488,1.1000523834468796,-401.34857116138437,3.61646205542802,50.940273807732815,500.0,11.88622754491018,500.0,500.0,185.8332826655317,1000.0,1000.0,120.17449791100093,9.473496374769901,0,0,0,0,0,0,0,0,0,0,0,0,0,0,0,0,0,0,0,0,0,0
178,3162,31,316,40.0,122,1,6.5,0.0,0.0,0.0,0.0,0.0,0.0,1663411.75,847346.5,816065.25,4622868.25,15092577.5,0.0,0.0,0.0,21606084.5,0.0,0.0,0.0,143143.0,22565292.75,29140.75,26619.0,32793761.0,6224968.75,1744492.75,955454.5,24695170.5,4277773.5,1149898.75,-257507.25,397397.0,0.0,0.0,0.0,0.0,3343340.0,10510.500000000466,3353850.5,12747735.0,16516249.75,2695192.5,22565292.75,0.0,0.0,0.0,0.0,0.0,0.0,0.0,0.0,0.0,0.0,0.0,64160.5,0,24.635181382614647,96.0,1.0,0,96.0,False,True,False,False,False,False,False,False,False,False,False,False,False,True,False,False,False,False,False,False,False,False,False,False,True,False,False,False,False,False,False,0.3242236024844721,0.3823884197828709,0,0,2537785.25,5089834.75,-2552049.5,1000.0,1000.0,49.85987511677074,-1000.0,99.68661393821817,14.816293486819488,1.1000523834468796,-401.34857116138437,3.61646205542802,50.940273807732815,500.0,11.88622754491018,500.0,500.0,185.8332826655317,1000.0,1000.0,120.17449791100093,9.473496374769901,0,0,0,0,0,0,0,0,0,0,0,0,0,0,0,0,0,0,0,0,0,0
179,3162,31,316,10.0,122,9,5.75,0.0,0.0,0.0,0.0,0.0,0.0,1663411.75,847346.5,816065.25,4622868.25,15092577.5,0.0,0.0,0.0,21606084.5,0.0,0.0,0.0,143143.0,22565292.75,29140.75,26619.0,32793761.0,6224968.75,1744492.75,955454.5,24695170.5,4277773.5,1149898.75,-257507.25,397397.0,0.0,0.0,0.0,0.0,3343340.0,10510.500000000466,3353850.5,12747735.0,16516249.75,2695192.5,22565292.75,0.0,0.0,0.0,0.0,0.0,0.0,0.0,0.0,0.0,0.0,0.0,64160.5,0,25.322381930184804,84.0,3.0,0,28.0,False,True,False,False,False,False,False,False,False,False,False,False,False,True,False,False,False,False,False,False,False,False,False,False,True,False,False,False,False,False,False,0.3242236024844721,0.3823884197828709,0,0,2537785.25,5089834.75,-2552049.5,1000.0,1000.0,49.85987511677074,-1000.0,99.68661393821817,14.816293486819488,1.1000523834468796,-401.34857116138437,3.61646205542802,50.940273807732815,500.0,11.88622754491018,500.0,500.0,185.8332826655317,1000.0,1000.0,120.17449791100093,9.473496374769901,0,0,0,0,0,0,0,0,0,0,0,0,0,0,0,0,0,0,0,0,0,0
180,4529,45,452,2.0,30,24,6.0,0.0,0.0,0.0,0.0,0.0,0.0,3222969.75,383633.25,2839336.499999999,11059381.666666666,2270768.5,0.0,0.0,0.0,11478967.5,0.0,0.0,0.0,1001750.75,15320054.75,12496233.75,6183606.0,9804544.75,4053049.0,3742488.75,2575072.5,4892637.75,201201.0,3603349.75,-17267.25,2435933.5,0.0,0.0,0.0,0.0,9200441.25,0.0,9200441.25,1615363.75,5875870.0,243743.5,15320054.75,0.0,0.0,0.0,0.0,0.0,0.0,0.0,0.0,0.0,0.0,0.0,19589.5,1,5.475701574264202,60.0,1.0,0,60.0,False,True,False,False,False,False,False,False,False,False,False,False,False,True,False,False,False,False,False,False,False,False,False,False,True,False,False,False,False,False,False,0.3242236024844721,0.3823884197828709,0,0,6361104.750000001,5603097.5,758007.25,1000.0,1000.0,113.52836087539082,1000.0,100.0,60.05488492134795,0.0,-88.14543505449348,18.53346183374442,11.90309806662008,500.0,26.47626818985448,500.0,500.0,118.85837041583551,1000.0,1000.0,-99.84323676723797,102.08651311225199,0,0,0,0,0,0,0,0,0,0,0,0,0,0,0,0,0,0,0,0,0,0
181,117,1,11,0.0,150,34,6.5,0.0,0.0,0.0,0.0,0.0,0.0,17696941.193991903,7239049.1334043145,10494936.916722622,5711624.613972619,14751896.664327338,0.0,0.0,0.0,24672445.857143342,0.0,0.0,0.0,936626.1695394691,36100427.35440215,23689402.432255726,17889398.211046387,35463800.705205336,9473299.257317152,2502156.240714975,1764434.9040538718,21066695.29673669,7026995.2010281375,1530573.3567460796,-489449.7146318286,713223.8350885716,0.0,0.0,0.0,0.0,11248784.191388477,3574801.479138362,14823585.67052684,9532926.419230485,15913281.269093791,5395102.20245469,36094790.188847594,0.0,0.0,0.0,0.0,0.0,0.0,0.0,0.0,0.0,0.0,0.0,0.0,0,4.435318275154004,36.0,1.0,0,36.0,False,False,False,False,False,False,True,False,False,False,False,False,False,False,False,False,False,False,True,False,False,False,False,False,False,False,False,False,False,True,False,0.012422360248447204,0.012062726176115802,1,1,4328648.753804218,8759164.588049551,-4458476.032915221,,,49.4185114378368,,75.88436726043955,31.1596981414038,202.6031944236134,,29.071503264192945,40.90565173975922,,6.34045264762552,,,162.9042174191688,,,-100.0,32.421460760082695,0,0,0,1,1,0,1,0,0,0,1,0,0,1,0,1,1,0,1,1,0,0
182,4543,45,454,0.0,450,23,6.5,0.0,0.0,0.0,0.0,0.0,0.0,2335333.0,1177926.75,1157406.25,12959947.0,29621091.5,0.0,0.0,0.0,48625326.75,0.0,0.0,0.0,342592.25,50125325.25,22854367.5,43925.75,55668362.75,9489480.0,1705203.5,1015264.25,41878086.25,7740733.0,1359358.0,-286035.75,765264.5,0.0,0.0,0.0,0.0,5946190.25,776776.0,6722966.25,29809029.25,42267975.75,1134383.25,50125325.25,0.0,0.0,0.0,0.0,0.0,0.0,0.0,0.0,0.0,0.0,0.0,107730.5,0,8.93908281998631,48.0,1.0,0,48.0,False,True,False,False,False,False,False,False,False,False,False,False,False,True,False,False,False,False,False,False,False,False,False,False,True,False,False,False,False,False,False,0.3242236024844721,0.3823884197828709,0,0,5565560.0,6357351.0,-791791.0,1000.0,1000.0,87.54526846165959,-1000.0,88.44593337055649,11.86264671669138,76.50973625831895,-265.5104636105838,2.3090249174991637,50.43934847835405,500.0,12.86982871091284,500.0,500.0,256.24978338163675,1000.0,1000.0,-99.52862182687838,500.0,0,0,0,0,0,0,0,0,0,0,0,0,0,0,0,0,0,0,0,0,0,0
183,1742,17,174,2.0,0,24,5.0,0.0,0.0,0.0,0.0,0.0,0.0,1301800.5,862361.5,439439.0,150150.0,2361359.0,0.0,0.0,0.0,3325822.5,0.0,0.0,0.0,42041.99999999988,3807303.5,3192689.5,3527023.5,3123120.0,821320.5,306806.5,241241.0,1558557.0,509008.5,204704.5,-44044.0,139139.0,0.0,0.0,0.0,0.0,1060059.0,0.0,1060059.0,297797.5,2740237.5,7007.0,3807303.5,0.0,0.0,0.0,0.0,0.0,0.0,0.0,0.0,0.0,0.0,0.0,6962.0,0,15.561943874058864,120.0,1.0,0,120.0,False,True,False,False,False,False,False,False,False,False,False,False,False,True,False,False,False,False,False,False,False,False,False,False,True,False,False,False,False,False,False,0.3242236024844721,0.3823884197828709,0,0,620620.0,585585.0,35034.99999999988,1000.0,1000.0,105.98290598290599,1000.0,100.0,27.84277639016695,0.0,-500.0,11.542000788747206,66.24375240292196,500.0,13.125590179414543,500.0,500.0,68.78612716763006,1000.0,1000.0,-99.7819393335932,-9.479211011778062,0,0,0,0,0,0,0,0,0,0,0,0,0,0,0,0,0,0,0,0,0,0
184,1553,15,155,5.0,30,24,1.0,0.0,0.0,0.0,0.0,0.0,0.0,26770744.0,9222963.75,17547780.25,5144139.0,2110358.25,0.0,0.0,0.0,8384125.749999998,0.0,0.0,0.0,322071.75,26253977.75,22732.5,19637.0,28632854.25,7512505.0,3781277.5,3385632.25,16476209.75,3588835.25,1388387.0,-151651.5,992741.75,0.0,0.0,0.0,0.0,8565306.75,13638625.0,22203931.75,1891890.0,3720967.25,329078.75,26253977.75,0.0,0.0,0.0,0.0,0.0,0.0,0.0,0.0,0.0,0.0,0.0,57484.0,0,8.993839835728952,60.0,1.0,0,60.0,False,True,False,False,False,False,False,False,False,False,False,False,False,True,False,False,False,False,False,False,False,False,False,False,True,False,False,False,False,False,False,0.3242236024844721,0.3823884197828709,0,0,4656151.5,4663158.499999998,-7007.0,1000.0,1000.0,99.84973703981971,-43.882123721383344,38.575630867717834,32.62479625587403,402.8383472540469,-263.8151485630784,66.83855839711755,34.451652707149265,500.0,11.590264995471411,500.0,500.0,41.33720135482009,1000.0,1000.0,152.87143956889915,15.763609512654684,0,0,0,0,0,0,0,0,0,0,0,0,0,0,0,0,0,0,0,0,0,0
185,6033,60,603,4.0,100,24,1.0,0.0,0.0,0.0,0.0,0.0,0.0,23217194.0,15558543.0,7658651.0,1356355.0,24974199.25,0.0,0.0,0.0,28220192.0,0.0,0.0,0.0,47047.0,35925890.0,39227438.25,31032751.75,38427639.25,11367856.5,6405148.75,2624371.75,13069556.5,4778774.0,1083332.25,-506255.75,650149.5,0.0,0.0,0.0,0.0,7319812.5,3253.2500000004657,7323065.75,11873862.0,23594070.5,5008753.75,35925890.0,0.0,0.0,0.0,0.0,0.0,0.0,0.0,0.0,0.0,0.0,0.0,76778.5,0,21.248459958932237,48.0,1.0,0,48.0,False,True,False,False,False,False,False,False,False,False,False,False,False,True,False,False,False,False,False,False,False,False,False,False,True,False,False,False,False,False,False,0.3242236024844721,0.3823884197828709,0,0,-335585.25,4626121.5,-4961706.75,-1000.0,1000.0,-7.254138266796495,-1000.0,99.95557529986672,20.374756199498467,0.12396300181178468,-500.0,21.31791585399833,67.01302060877813,500.0,8.88205128205128,500.0,500.0,327.06468042737333,1000.0,1000.0,-99.80427347941844,26.406573822445505,0,0,0,0,0,0,0,0,0,0,0,0,0,0,0,0,0,0,0,0,0,0
186,6033,60,603,7.0,100,24,5.0,0.0,0.0,0.0,0.0,0.0,0.0,23217194.0,15558543.0,7658651.0,1356355.0,24974199.25,0.0,0.0,0.0,28220192.0,0.0,0.0,0.0,47047.0,35925890.0,39227438.25,31032751.75,38427639.25,11367856.5,6405148.75,2624371.75,13069556.5,4778774.0,1083332.25,-506255.75,650149.5,0.0,0.0,0.0,0.0,7319812.5,3253.2500000004657,7323065.75,11873862.0,23594070.5,5008753.75,35925890.0,0.0,0.0,0.0,0.0,0.0,0.0,0.0,0.0,0.0,0.0,0.0,76778.5,1,22.581793292265573,60.0,1.0,0,60.0,False,True,False,False,False,False,False,False,False,False,False,False,False,True,False,False,False,False,False,False,False,False,False,False,True,False,False,False,False,False,False,0.3242236024844721,0.3823884197828709,0,0,-335585.25,4626121.5,-4961706.75,-1000.0,1000.0,-7.254138266796495,-1000.0,99.95557529986672,20.374756199498467,0.12396300181178468,-500.0,21.31791585399833,67.01302060877813,500.0,8.88205128205128,500.0,500.0,327.06468042737333,1000.0,1000.0,-99.80427347941844,26.406573822445505,0,0,0,0,0,0,0,0,0,0,0,0,0,0,0,0,0,0,0,0,0,0
187,6033,60,603,4.0,14,23,5.0,0.0,0.0,0.0,0.0,0.0,0.0,17696941.193991903,7239049.1334043145,10494936.916722622,5711624.613972619,14751896.664327338,0.0,0.0,0.0,24672445.857143342,0.0,0.0,0.0,936626.1695394691,36100427.35440215,23689402.432255726,17889398.211046387,35463800.705205336,9473299.257317152,2502156.240714975,1764434.9040538718,21066695.29673669,7026995.2010281375,1530573.3567460796,-489449.7146318286,713223.8350885716,0.0,0.0,0.0,0.0,11248784.191388477,3574801.479138362,14823585.67052684,9532926.419230485,15913281.269093791,5395102.20245469,36094790.188847594,0.0,0.0,0.0,0.0,0.0,0.0,0.0,0.0,0.0,0.0,0.0,0.0,0,16.136892539356605,48.0,1.0,0,48.0,False,True,False,False,False,False,False,False,False,False,False,False,False,True,False,False,False,False,False,False,False,False,False,False,True,False,False,False,False,False,False,0.3242236024844721,0.3823884197828709,1,1,4328648.753804218,8759164.588049551,-4458476.032915221,,,49.4185114378368,,75.88436726043955,31.1596981414038,202.6031944236134,,29.071503264192945,40.90565173975922,,6.34045264762552,,,162.9042174191688,,,-100.0,32.421460760082695,0,0,0,1,1,0,1,0,0,0,1,0,0,1,0,1,1,0,1,1,0,0
188,1412,14,141,3.0,220,24,1.0,0.0,0.0,0.0,0.0,0.0,0.0,15456441.0,5796540.75,9659900.25,328328.0,5711706.0,0.0,0.0,0.0,13275262.0,0.0,0.0,0.0,126125.99999999988,23061288.25,27740.5,19801.25,38519731.25,3566312.75,3327824.5,1979227.25,29358329.0,122622.5,1346345.0,-681180.5,-22772.75,0.0,0.0,0.0,0.0,8041033.0,630880.25,8671913.25,3280277.0,5350094.75,9039280.25,23061288.25,0.0,0.0,0.0,0.0,0.0,0.0,0.0,0.0,0.0,0.0,0.0,76694.0,0,6.9897330595482545,48.0,1.0,0,48.0,False,False,False,False,False,False,False,False,True,False,False,False,False,True,False,False,False,False,False,False,False,False,False,False,False,False,False,True,False,False,False,0.009937888198757764,0.3823884197828709,0,0,-987987.0,7925167.25,-8913154.25,-1000.0,1000.0,-12.466449840538067,-1000.0,92.72501659307997,34.86809979056569,31.875079023896824,-500.0,41.88794721821319,37.50242859918399,-29.69300075625212,-0.2832067720652309,500.0,500.0,40.22366940570766,1000.0,1000.0,176.46942196427605,40.09469099173032,0,0,0,0,0,0,0,0,0,0,0,0,0,0,0,0,0,0,0,0,0,0
189,8512,85,851,2.0,13,24,5.0,0.0,0.0,0.0,0.0,0.0,0.0,1564563.0,573573.0,990990.0,74074.0,0.0,0.0,0.0,0.0,104604.49999999627,0.0,0.0,0.0,10010.0,1105604.5,1156655.5,1207.5,2759757.0,676175.5,275275.0,135635.50000000023,576576.0,367867.5,149149.0,-10510.5,9509.5,0.0,0.0,0.0,0.0,642642.0,0.0,642642.0,59559.5,352352.0,110610.5,1105604.5,0.0,0.0,0.0,0.0,0.0,0.0,0.0,0.0,0.0,0.0,0.0,5514.0,0,24.01368925393566,96.0,1.0,0,96.0,False,False,False,False,False,False,False,False,False,True,False,False,False,False,False,False,False,False,False,False,False,True,False,False,False,False,False,False,True,False,False,0.02111801242236025,0.016887816646562123,0,0,-348348.0,-247747.50000000373,-100600.5,-1000.0,-1000.0,140.6060606060585,-1000.0,100.0,58.12584880036216,0.0,-190.61479869423286,89.63331824354913,36.660268714011515,172.46100834240116,1.4797507788161994,500.0,0.0,37.1875,1000.0,-1000.0,-99.52328070026036,500.0,0,0,0,0,0,0,0,0,0,0,0,0,0,0,0,0,0,0,0,0,0,0
190,4529,45,452,10.0,22,25,8.0,0.0,0.0,0.0,0.0,0.0,0.0,3426423.0,2427925.5,998497.5,9059550.5,2958956.0,0.0,0.0,0.0,12361349.0,0.0,0.0,0.0,235735.50000000012,13595582.0,3847343.5,7693686.0,6319813.5,866866.0,505505.0,268268.0,5145640.499999998,350350.0,207707.5,-4004.0,-29529.5,0.0,0.0,0.0,0.0,11081070.0,258258.0,11339328.0,509008.5,2256254.0,0.0,13595582.0,0.0,0.0,0.0,0.0,0.0,0.0,0.0,0.0,0.0,0.0,0.0,12687.0,0,15.14031485284052,48.0,1.0,0,48.0,False,False,False,True,False,False,False,False,False,False,False,False,False,False,False,True,False,False,False,False,False,False,False,False,False,False,False,True,False,False,False,0.016149068322981366,0.015681544028950542,0,0,10340830.5,10105095.0,235735.50000000012,1000.0,1000.0,102.33283803863299,1000.0,97.72245762711864,81.50493299955825,96.26865671641791,-31.559864428154803,7.3442791930496245,70.85889570552148,-232.75400015764168,-0.26648599819331525,500.0,500.0,35.61132185585061,1000.0,1000.0,-99.67023999806621,-49.99349466562582,0,0,0,0,0,0,0,0,0,0,0,0,0,0,0,0,0,0,0,0,0,0
191,4529,45,452,10.0,22,25,8.0,0.0,0.0,0.0,0.0,0.0,0.0,3426423.0,2427925.5,998497.5,9059550.5,2958956.0,0.0,0.0,0.0,12361349.0,0.0,0.0,0.0,235735.50000000012,13595582.0,3847343.5,7693686.0,6319813.5,866866.0,505505.0,268268.0,5145640.499999998,350350.0,207707.5,-4004.0,-29529.5,0.0,0.0,0.0,0.0,11081070.0,258258.0,11339328.0,509008.5,2256254.0,0.0,13595582.0,0.0,0.0,0.0,0.0,0.0,0.0,0.0,0.0,0.0,0.0,0.0,12687.0,1,15.277207392197125,48.0,1.0,0,48.0,False,False,False,True,False,False,False,False,False,False,False,False,False,False,False,True,False,False,False,False,False,False,False,False,False,False,False,True,False,False,False,0.016149068322981366,0.015681544028950542,0,0,10340830.5,10105095.0,235735.50000000012,1000.0,1000.0,102.33283803863299,1000.0,97.72245762711864,81.50493299955825,96.26865671641791,-31.559864428154803,7.3442791930496245,70.85889570552148,-232.75400015764168,-0.26648599819331525,500.0,500.0,35.61132185585061,1000.0,1000.0,-99.67023999806621,-49.99349466562582,0,0,0,0,0,0,0,0,0,0,0,0,0,0,0,0,0,0,0,0,0,0
192,5162,51,516,0.0,80,22,1.0,0.0,0.0,0.0,0.0,0.0,0.0,28535757.25,8664405.75,19871351.5,1867365.5,6797290.5,0.0,0.0,0.0,11779017.250000002,0.0,0.0,0.0,300300.0,31950668.75,7246972.75,14622.25,16225709.5,4342838.5,3581077.5,2555803.25,9664404.75,724223.5,1736735.0,-708958.25,703452.75,0.0,0.0,0.0,0.0,6339082.75,12983220.25,19322303.0,5897892.0,7955947.999999999,4672417.75,31950668.75,0.0,0.0,0.0,0.0,0.0,0.0,0.0,0.0,0.0,0.0,0.0,31507.0,0,9.05681040383299,36.0,1.0,0,36.0,False,False,False,False,True,False,False,False,False,False,False,False,False,False,False,False,True,False,False,False,False,False,False,False,False,True,False,False,False,False,False,0.06459627329192547,0.06031363088057901,0,0,-549048.5,3823069.250000003,-4372117.75,-1000.0,1000.0,-14.361458401518611,-1000.0,32.807076620214474,19.840219306833756,500.0,-500.0,62.19385157626787,30.363328626928237,500.0,11.097074730567288,500.0,500.0,219.69704031694246,1000.0,1000.0,-99.56523915451456,500.0,0,0,0,0,0,0,0,0,0,0,0,0,0,0,0,0,0,0,0,0,0,0
193,127,1,12,5.0,18,7,5.5,0.0,0.0,0.0,0.0,0.0,0.0,17696941.193991903,7239049.1334043145,10494936.916722622,5711624.613972619,14751896.664327338,0.0,0.0,0.0,24672445.857143342,0.0,0.0,0.0,936626.1695394691,36100427.35440215,23689402.432255726,17889398.211046387,35463800.705205336,9473299.257317152,2502156.240714975,1764434.9040538718,21066695.29673669,7026995.2010281375,1530573.3567460796,-489449.7146318286,713223.8350885716,0.0,0.0,0.0,0.0,11248784.191388477,3574801.479138362,14823585.67052684,9532926.419230485,15913281.269093791,5395102.20245469,36094790.188847594,0.0,0.0,0.0,0.0,0.0,0.0,0.0,0.0,0.0,0.0,0.0,0.0,0,11.236139630390143,84.0,12.0,0,7.0,False,False,False,False,False,False,False,False,False,False,False,False,False,False,False,False,True,False,False,False,False,False,False,False,False,True,False,False,False,False,False,0.07080745341614907,0.013268998793727383,1,1,4328648.753804218,8759164.588049551,-4458476.032915221,,,49.4185114378368,,75.88436726043955,31.1596981414038,202.6031944236134,,29.071503264192945,40.90565173975922,,6.34045264762552,,,162.9042174191688,,,-100.0,32.421460760082695,0,0,0,1,1,0,1,0,0,0,1,0,0,1,0,1,1,0,1,1,0,0
194,127,1,12,5.0,18,7,5.5,0.0,0.0,0.0,0.0,0.0,0.0,17696941.193991903,7239049.1334043145,10494936.916722622,5711624.613972619,14751896.664327338,0.0,0.0,0.0,24672445.857143342,0.0,0.0,0.0,936626.1695394691,36100427.35440215,23689402.432255726,17889398.211046387,35463800.705205336,9473299.257317152,2502156.240714975,1764434.9040538718,21066695.29673669,7026995.2010281375,1530573.3567460796,-489449.7146318286,713223.8350885716,0.0,0.0,0.0,0.0,11248784.191388477,3574801.479138362,14823585.67052684,9532926.419230485,15913281.269093791,5395102.20245469,36094790.188847594,0.0,0.0,0.0,0.0,0.0,0.0,0.0,0.0,0.0,0.0,0.0,0.0,0,11.236139630390143,24.0,12.0,0,2.0,False,False,False,False,False,False,False,False,False,False,False,False,False,False,False,False,True,False,False,False,False,False,False,False,False,True,False,False,False,False,False,0.07080745341614907,0.013268998793727383,1,1,4328648.753804218,8759164.588049551,-4458476.032915221,,,49.4185114378368,,75.88436726043955,31.1596981414038,202.6031944236134,,29.071503264192945,40.90565173975922,,6.34045264762552,,,162.9042174191688,,,-100.0,32.421460760082695,0,0,0,1,1,0,1,0,0,0,1,0,0,1,0,1,1,0,1,1,0,0
195,127,1,12,5.0,18,7,5.5,0.0,0.0,0.0,0.0,0.0,0.0,17696941.193991903,7239049.1334043145,10494936.916722622,5711624.613972619,14751896.664327338,0.0,0.0,0.0,24672445.857143342,0.0,0.0,0.0,936626.1695394691,36100427.35440215,23689402.432255726,17889398.211046387,35463800.705205336,9473299.257317152,2502156.240714975,1764434.9040538718,21066695.29673669,7026995.2010281375,1530573.3567460796,-489449.7146318286,713223.8350885716,0.0,0.0,0.0,0.0,11248784.191388477,3574801.479138362,14823585.67052684,9532926.419230485,15913281.269093791,5395102.20245469,36094790.188847594,0.0,0.0,0.0,0.0,0.0,0.0,0.0,0.0,0.0,0.0,0.0,0.0,0,11.236139630390143,84.0,12.0,0,7.0,False,False,False,False,False,False,False,False,False,False,False,False,False,False,False,False,True,False,False,False,False,False,False,False,False,True,False,False,False,False,False,0.07080745341614907,0.013268998793727383,1,1,4328648.753804218,8759164.588049551,-4458476.032915221,,,49.4185114378368,,75.88436726043955,31.1596981414038,202.6031944236134,,29.071503264192945,40.90565173975922,,6.34045264762552,,,162.9042174191688,,,-100.0,32.421460760082695,0,0,0,1,1,0,1,0,0,0,1,0,0,1,0,1,1,0,1,1,0,0
196,127,1,12,5.0,18,7,5.5,0.0,0.0,0.0,0.0,0.0,0.0,17696941.193991903,7239049.1334043145,10494936.916722622,5711624.613972619,14751896.664327338,0.0,0.0,0.0,24672445.857143342,0.0,0.0,0.0,936626.1695394691,36100427.35440215,23689402.432255726,17889398.211046387,35463800.705205336,9473299.257317152,2502156.240714975,1764434.9040538718,21066695.29673669,7026995.2010281375,1530573.3567460796,-489449.7146318286,713223.8350885716,0.0,0.0,0.0,0.0,11248784.191388477,3574801.479138362,14823585.67052684,9532926.419230485,15913281.269093791,5395102.20245469,36094790.188847594,0.0,0.0,0.0,0.0,0.0,0.0,0.0,0.0,0.0,0.0,0.0,0.0,0,11.236139630390143,24.0,12.0,0,2.0,False,False,False,False,False,False,False,False,False,False,False,False,False,False,False,False,True,False,False,False,False,False,False,False,False,True,False,False,False,False,False,0.07080745341614907,0.013268998793727383,1,1,4328648.753804218,8759164.588049551,-4458476.032915221,,,49.4185114378368,,75.88436726043955,31.1596981414038,202.6031944236134,,29.071503264192945,40.90565173975922,,6.34045264762552,,,162.9042174191688,,,-100.0,32.421460760082695,0,0,0,1,1,0,1,0,0,0,1,0,0,1,0,1,1,0,1,1,0,0
197,127,1,12,5.0,18,7,5.5,0.0,0.0,0.0,0.0,0.0,0.0,17696941.193991903,7239049.1334043145,10494936.916722622,5711624.613972619,14751896.664327338,0.0,0.0,0.0,24672445.857143342,0.0,0.0,0.0,936626.1695394691,36100427.35440215,23689402.432255726,17889398.211046387,35463800.705205336,9473299.257317152,2502156.240714975,1764434.9040538718,21066695.29673669,7026995.2010281375,1530573.3567460796,-489449.7146318286,713223.8350885716,0.0,0.0,0.0,0.0,11248784.191388477,3574801.479138362,14823585.67052684,9532926.419230485,15913281.269093791,5395102.20245469,36094790.188847594,0.0,0.0,0.0,0.0,0.0,0.0,0.0,0.0,0.0,0.0,0.0,0.0,0,11.236139630390143,84.0,12.0,0,7.0,False,False,False,False,False,False,False,False,False,False,False,False,False,False,False,False,True,False,False,False,False,False,False,False,False,True,False,False,False,False,False,0.07080745341614907,0.013268998793727383,1,1,4328648.753804218,8759164.588049551,-4458476.032915221,,,49.4185114378368,,75.88436726043955,31.1596981414038,202.6031944236134,,29.071503264192945,40.90565173975922,,6.34045264762552,,,162.9042174191688,,,-100.0,32.421460760082695,0,0,0,1,1,0,1,0,0,0,1,0,0,1,0,1,1,0,1,1,0,0
198,127,1,12,5.0,18,7,5.5,0.0,0.0,0.0,0.0,0.0,0.0,17696941.193991903,7239049.1334043145,10494936.916722622,5711624.613972619,14751896.664327338,0.0,0.0,0.0,24672445.857143342,0.0,0.0,0.0,936626.1695394691,36100427.35440215,23689402.432255726,17889398.211046387,35463800.705205336,9473299.257317152,2502156.240714975,1764434.9040538718,21066695.29673669,7026995.2010281375,1530573.3567460796,-489449.7146318286,713223.8350885716,0.0,0.0,0.0,0.0,11248784.191388477,3574801.479138362,14823585.67052684,9532926.419230485,15913281.269093791,5395102.20245469,36094790.188847594,0.0,0.0,0.0,0.0,0.0,0.0,0.0,0.0,0.0,0.0,0.0,0.0,0,11.236139630390143,24.0,12.0,0,2.0,False,False,False,False,False,False,False,False,False,False,False,False,False,False,False,False,True,False,False,False,False,False,False,False,False,True,False,False,False,False,False,0.07080745341614907,0.013268998793727383,1,1,4328648.753804218,8759164.588049551,-4458476.032915221,,,49.4185114378368,,75.88436726043955,31.1596981414038,202.6031944236134,,29.071503264192945,40.90565173975922,,6.34045264762552,,,162.9042174191688,,,-100.0,32.421460760082695,0,0,0,1,1,0,1,0,0,0,1,0,0,1,0,1,1,0,1,1,0,0
199,127,1,12,5.0,18,7,5.5,0.0,0.0,0.0,0.0,0.0,0.0,17696941.193991903,7239049.1334043145,10494936.916722622,5711624.613972619,14751896.664327338,0.0,0.0,0.0,24672445.857143342,0.0,0.0,0.0,936626.1695394691,36100427.35440215,23689402.432255726,17889398.211046387,35463800.705205336,9473299.257317152,2502156.240714975,1764434.9040538718,21066695.29673669,7026995.2010281375,1530573.3567460796,-489449.7146318286,713223.8350885716,0.0,0.0,0.0,0.0,11248784.191388477,3574801.479138362,14823585.67052684,9532926.419230485,15913281.269093791,5395102.20245469,36094790.188847594,0.0,0.0,0.0,0.0,0.0,0.0,0.0,0.0,0.0,0.0,0.0,0.0,0,11.236139630390143,84.0,12.0,0,7.0,False,False,False,False,False,False,False,False,False,False,False,False,False,False,False,False,True,False,False,False,False,False,False,False,False,True,False,False,False,False,False,0.07080745341614907,0.013268998793727383,1,1,4328648.753804218,8759164.588049551,-4458476.032915221,,,49.4185114378368,,75.88436726043955,31.1596981414038,202.6031944236134,,29.071503264192945,40.90565173975922,,6.34045264762552,,,162.9042174191688,,,-100.0,32.421460760082695,0,0,0,1,1,0,1,0,0,0,1,0,0,1,0,1,1,0,1,1,0,0
200,127,1,12,5.0,18,7,5.5,0.0,0.0,0.0,0.0,0.0,0.0,17696941.193991903,7239049.1334043145,10494936.916722622,5711624.613972619,14751896.664327338,0.0,0.0,0.0,24672445.857143342,0.0,0.0,0.0,936626.1695394691,36100427.35440215,23689402.432255726,17889398.211046387,35463800.705205336,9473299.257317152,2502156.240714975,1764434.9040538718,21066695.29673669,7026995.2010281375,1530573.3567460796,-489449.7146318286,713223.8350885716,0.0,0.0,0.0,0.0,11248784.191388477,3574801.479138362,14823585.67052684,9532926.419230485,15913281.269093791,5395102.20245469,36094790.188847594,0.0,0.0,0.0,0.0,0.0,0.0,0.0,0.0,0.0,0.0,0.0,0.0,0,11.236139630390143,84.0,12.0,0,7.0,False,False,False,False,False,False,False,False,False,False,False,False,False,False,False,False,True,False,False,False,False,False,False,False,False,True,False,False,False,False,False,0.07080745341614907,0.013268998793727383,1,1,4328648.753804218,8759164.588049551,-4458476.032915221,,,49.4185114378368,,75.88436726043955,31.1596981414038,202.6031944236134,,29.071503264192945,40.90565173975922,,6.34045264762552,,,162.9042174191688,,,-100.0,32.421460760082695,0,0,0,1,1,0,1,0,0,0,1,0,0,1,0,1,1,0,1,1,0,0
201,127,1,12,5.0,18,7,5.5,0.0,0.0,0.0,0.0,0.0,0.0,17696941.193991903,7239049.1334043145,10494936.916722622,5711624.613972619,14751896.664327338,0.0,0.0,0.0,24672445.857143342,0.0,0.0,0.0,936626.1695394691,36100427.35440215,23689402.432255726,17889398.211046387,35463800.705205336,9473299.257317152,2502156.240714975,1764434.9040538718,21066695.29673669,7026995.2010281375,1530573.3567460796,-489449.7146318286,713223.8350885716,0.0,0.0,0.0,0.0,11248784.191388477,3574801.479138362,14823585.67052684,9532926.419230485,15913281.269093791,5395102.20245469,36094790.188847594,0.0,0.0,0.0,0.0,0.0,0.0,0.0,0.0,0.0,0.0,0.0,0.0,0,11.236139630390143,84.0,12.0,0,7.0,False,False,False,False,False,False,False,False,False,False,False,False,False,False,False,False,True,False,False,False,False,False,False,False,False,True,False,False,False,False,False,0.07080745341614907,0.013268998793727383,1,1,4328648.753804218,8759164.588049551,-4458476.032915221,,,49.4185114378368,,75.88436726043955,31.1596981414038,202.6031944236134,,29.071503264192945,40.90565173975922,,6.34045264762552,,,162.9042174191688,,,-100.0,32.421460760082695,0,0,0,1,1,0,1,0,0,0,1,0,0,1,0,1,1,0,1,1,0,0
202,127,1,12,5.0,18,7,5.5,0.0,0.0,0.0,0.0,0.0,0.0,17696941.193991903,7239049.1334043145,10494936.916722622,5711624.613972619,14751896.664327338,0.0,0.0,0.0,24672445.857143342,0.0,0.0,0.0,936626.1695394691,36100427.35440215,23689402.432255726,17889398.211046387,35463800.705205336,9473299.257317152,2502156.240714975,1764434.9040538718,21066695.29673669,7026995.2010281375,1530573.3567460796,-489449.7146318286,713223.8350885716,0.0,0.0,0.0,0.0,11248784.191388477,3574801.479138362,14823585.67052684,9532926.419230485,15913281.269093791,5395102.20245469,36094790.188847594,0.0,0.0,0.0,0.0,0.0,0.0,0.0,0.0,0.0,0.0,0.0,0.0,0,11.236139630390143,84.0,12.0,0,7.0,False,False,False,False,False,False,False,False,False,False,False,False,False,False,False,False,True,False,False,False,False,False,False,False,False,True,False,False,False,False,False,0.07080745341614907,0.013268998793727383,1,1,4328648.753804218,8759164.588049551,-4458476.032915221,,,49.4185114378368,,75.88436726043955,31.1596981414038,202.6031944236134,,29.071503264192945,40.90565173975922,,6.34045264762552,,,162.9042174191688,,,-100.0,32.421460760082695,0,0,0,1,1,0,1,0,0,0,1,0,0,1,0,1,1,0,1,1,0,0
203,127,1,12,5.0,18,7,5.5,0.0,0.0,0.0,0.0,0.0,0.0,17696941.193991903,7239049.1334043145,10494936.916722622,5711624.613972619,14751896.664327338,0.0,0.0,0.0,24672445.857143342,0.0,0.0,0.0,936626.1695394691,36100427.35440215,23689402.432255726,17889398.211046387,35463800.705205336,9473299.257317152,2502156.240714975,1764434.9040538718,21066695.29673669,7026995.2010281375,1530573.3567460796,-489449.7146318286,713223.8350885716,0.0,0.0,0.0,0.0,11248784.191388477,3574801.479138362,14823585.67052684,9532926.419230485,15913281.269093791,5395102.20245469,36094790.188847594,0.0,0.0,0.0,0.0,0.0,0.0,0.0,0.0,0.0,0.0,0.0,0.0,0,11.236139630390143,84.0,12.0,0,7.0,False,False,False,False,False,False,False,False,False,False,False,False,False,False,False,False,True,False,False,False,False,False,False,False,False,True,False,False,False,False,False,0.07080745341614907,0.013268998793727383,1,1,4328648.753804218,8759164.588049551,-4458476.032915221,,,49.4185114378368,,75.88436726043955,31.1596981414038,202.6031944236134,,29.071503264192945,40.90565173975922,,6.34045264762552,,,162.9042174191688,,,-100.0,32.421460760082695,0,0,0,1,1,0,1,0,0,0,1,0,0,1,0,1,1,0,1,1,0,0
204,4523,45,452,0.0,400,25,8.0,0.0,0.0,0.0,0.0,0.0,0.0,6064558.5,1590589.0,4473969.500000001,15663648.0,27457179.75,0.0,0.0,0.0,44625581.0,0.0,0.0,0.0,166166.0,49265716.5,28593.75,24946.0,36799763.0,6726970.25,2113611.5,658407.75,25016992.0,4497493.0,1837085.25,-857106.25,381881.5,0.0,0.0,0.0,0.0,8079821.75,0.0,8079821.75,6384127.75,17125608.5,24060286.25,49265716.5,0.0,0.0,0.0,0.0,0.0,0.0,0.0,0.0,0.0,0.0,0.0,71011.0,0,13.741273100616016,48.0,1.0,0,48.0,False,False,False,False,False,False,False,False,False,True,False,False,False,False,False,False,False,False,False,False,False,True,False,False,False,False,False,False,True,False,False,0.07204968944099378,0.007237635705669481,0,0,3605852.249999999,27499972.5,-23894120.25,1000.0,1000.0,13.112203112203108,-1000.0,100.0,16.400495768695457,0.0,-500.0,9.081304034216169,26.22761409589833,500.0,4.726360454672159,500.0,500.0,91.8689980793854,1000.0,1000.0,148.34448087431693,14.622584783131565,0,0,0,0,0,0,0,0,0,0,0,0,0,0,0,0,0,0,0,0,0,0
205,5531,55,553,0.0,110,24,1.0,0.0,0.0,0.0,0.0,0.0,0.0,9465456.0,4112358.25,5353097.75,294544.25,198948.75,0.0,0.0,0.0,15642376.75,0.0,0.0,0.0,359859.5,21355334.0,18815.75,17548.0,22278005.75,6462205.75,1561560.0,1904903.0,9921161.25,4834830.0,490990.5,235985.75000000006,739739.0,0.0,0.0,0.0,0.0,3741988.25,1971219.25,5713207.5,12809797.0,13822308.5,1819818.0,21355334.0,0.0,0.0,0.0,0.0,0.0,0.0,0.0,0.0,0.0,0.0,0.0,43902.5,0,6.360027378507871,60.0,1.0,0,60.0,False,False,False,False,False,False,False,False,True,False,False,False,False,True,False,False,False,False,False,False,False,False,False,False,False,False,False,True,False,False,False,0.08074534161490683,0.3823884197828709,0,0,360109.75,1820068.25,-1459958.5,1000.0,1000.0,19.78550804344837,-1000.0,65.49715286903196,17.52249929689697,103.48134524435102,500.0,25.06679478766289,43.445960236886634,500.0,19.76860830602555,500.0,500.0,464.81725312145284,1000.0,1000.0,133.32846152824095,7.2244700250740825,0,0,0,0,0,0,0,0,0,0,0,0,0,0,0,0,0,0,0,0,0,0
206,7421,74,742,2.0,7,24,5.0,0.0,0.0,0.0,0.0,0.0,0.0,317317.0,104604.49999999907,212712.5,319319.0,1208707.5,0.0,0.0,0.0,2290288.0,0.0,0.0,0.0,1001.0,2504001.5,2006504.5,990990.0,3592589.0,575575.0,487987.49999999977,483483.0,2764762.0,87587.5,450950.5,0.0,446446.0,0.0,0.0,0.0,0.0,789288.5,80580.50000000047,869869.0,94594.5,1135634.5,498498.0,2504001.5,0.0,0.0,0.0,0.0,0.0,0.0,0.0,0.0,0.0,0.0,0.0,7178.0,0,6.1300479123887746,120.0,1.0,0,120.0,False,True,False,False,False,False,False,False,False,False,False,False,False,True,False,False,False,False,False,False,False,False,False,False,True,False,False,False,False,False,False,0.3242236024844721,0.3823884197828709,0,0,657156.5,1154653.5,-497497.0,1000.0,1000.0,56.91374078890333,-1000.0,90.73647871116226,31.521087347591447,16.666666666666764,0.0,8.494903058165102,32.965299684542295,500.0,56.56309448319594,500.0,500.0,12.317161477190442,1000.0,1000.0,-99.64226344869897,102.47474747474747,0,0,0,0,0,0,0,0,0,0,0,0,0,0,0,0,0,0,0,0,0,0
207,4543,45,454,3.0,193,24,5.0,0.0,0.0,0.0,0.0,0.0,0.0,2419667.25,836585.75,1583081.5,8647138.5,11029268.25,0.0,0.0,0.0,20827056.25,0.0,0.0,0.0,726475.75,23136613.5,16890373.5,9021132.25,18670401.75,5071316.25,1128377.25,774523.75,12496484.0,3928174.2500000005,924423.5,-199449.25,575074.5,0.0,0.0,0.0,0.0,2626624.0,0.0,2626624.0,7444937.5,17456939.5,3053050.0,23136613.5,0.0,0.0,0.0,0.0,0.0,0.0,0.0,0.0,0.0,0.0,0.0,32473.5,1,16.44626967830253,60.0,1.0,0,60.0,False,False,False,False,False,False,False,False,False,True,False,False,False,True,False,False,False,False,False,False,False,False,False,False,False,False,False,False,True,False,False,0.07204968944099378,0.3823884197828709,0,0,1043542.5,3370116.75,-2326574.25,1000.0,1000.0,30.964580084651374,-1000.0,100.0,11.352672680468125,0.0,-500.0,6.842321586951348,34.57441307270659,500.0,21.89405487804878,500.0,500.0,214.47452739506568,1000.0,1000.0,-99.80773959794317,87.23119262551549,0,0,0,0,0,0,0,0,0,0,0,0,0,0,0,0,0,0,0,0,0,0
208,5533,55,553,10.0,220,6,7.0,0.0,0.0,0.0,0.0,0.0,0.0,20562792.25,8594586.0,11968206.25,1211460.25,449699.25,0.0,0.0,0.0,4954699.75,0.0,0.0,0.0,751500.75,17674406.75,34547262.75,33758474.75,34155121.0,13943179.25,4750245.5,3286783.5,11732721.0,8585827.25,3513760.25,-204704.5,1998496.5,0.0,0.0,0.0,0.0,7464457.0,3656653.0,11121110.0,4247743.5,5374869.5,1178427.25,17674406.75,0.0,0.0,0.0,0.0,0.0,0.0,0.0,0.0,0.0,0.0,0.0,68247.0,0,20.05475701574264,48.0,1.0,0,48.0,False,False,False,False,False,False,False,False,False,True,False,False,False,False,False,False,False,False,False,False,False,True,False,False,False,False,False,False,True,False,False,0.07204968944099378,0.05066344993968637,0,0,-847096.25,-420169.75,-426926.5,-1000.0,-1000.0,201.60810005955926,-1000.0,67.11971197119712,42.233140300451666,111.25323587635145,-299.946517795654,67.71489656930069,41.79678467548589,500.0,26.773501408072953,500.0,500.0,130.33529562324034,1000.0,-1000.0,-99.80245323488039,2.3365629100289844,0,0,0,0,0,0,0,0,0,0,0,0,0,0,0,0,0,0,0,0,0,0
209,2722,27,272,64.0,120,3,4.16,0.0,0.0,0.0,0.0,0.0,0.0,96139043.0,33670136.5,62468906.5,34986451.5,31416635.25,0.0,0.0,0.0,86399062.75,0.0,0.0,0.0,3693439.75,152561409.0,30075179.75,30939645.5,74615541.0,9036777.75,3363360.0,289167.4360575001,61690629.0,5434679.25,352730.9360575001,-3560056.5,-2641260.0639425,0.0,0.0,0.0,0.0,16080564.5,29095145.729649995,65544729.25,35460675.25,48749450.75,38267229.0,152561409.0,0.0,0.0,0.0,0.0,0.0,0.0,0.0,0.0,0.0,0.0,0.0,141490.0,0,41.94113620807666,84.0,3.0,0,28.0,False,False,False,False,False,False,False,False,False,False,False,True,False,False,False,False,False,False,False,False,False,False,False,True,False,False,False,False,False,True,False,0.07080745341614907,0.054282267792521106,0,0,3075822.75,37649612.0,-34573789.25,1000.0,1000.0,8.169600127618844,-1000.0,24.533726333151343,10.54038803482734,500.0,-500.0,40.94672886771779,35.02233374634278,-500.0,-16.42517004886551,204.37305538023892,500.0,206.93326193837316,1000.0,1000.0,-99.52954562141893,-2.7940389620818373,0,0,0,0,0,0,0,0,0,0,0,0,0,0,0,0,0,0,0,0,0,0
210,5161,51,516,0.0,19,23,1.0,0.0,0.0,0.0,0.0,0.0,0.0,6118112.000000002,2522520.0,3595591.999999999,3739485.75,11468206.75,0.0,0.0,0.0,16765749.0,0.0,0.0,0.0,9759.75,20371100.75,26786.25,24395.25,28003976.0,7475217.75,2901398.5,2556303.75,17629361.75,4433679.25,1072321.25,-398398.0,279779.5,0.0,0.0,0.0,0.0,3080827.75,1482981.5,4563809.25,5981225.25,11492230.75,4315811.5,20371851.5,0.0,0.0,0.0,0.0,0.0,0.0,0.0,0.0,0.0,0.0,0.0,55952.0,0,20.28747433264887,60.0,1.0,0,60.0,False,True,False,False,False,False,False,False,False,False,False,False,False,True,False,False,False,False,False,False,False,False,False,False,True,False,False,False,False,False,False,0.3242236024844721,0.3823884197828709,0,0,968217.2500000009,5273518.25,-4306051.75,1000.0,1000.0,18.35998671285533,-1000.0,67.50562044195865,15.12352124614572,58.01272638277044,-500.0,17.650455142930845,41.23036649214659,500.0,9.081309398099261,500.0,500.0,122.13948074438939,1000.0,1000.0,108.88328900088663,9.801088326620961,0,0,0,0,0,0,0,0,0,0,0,0,0,0,0,0,0,0,0,0,0,0
211,4521,45,452,160.70999999999992,300,22,8.0,0.0,0.0,0.0,0.0,0.0,0.0,9949439.5,6779773.0,3169666.499999999,19986466.5,59257198.0,0.0,0.0,0.0,87824987.25,0.0,0.0,0.0,1704202.5,92698856.25,78956627.75,37486777.75,107920062.25,14138874.75,6062556.5,2157155.0,83746663.0,7951944.0,5361856.5,-2281779.5,1456455.0,0.0,0.0,0.0,0.0,18295777.5,0.0,18295777.5,31116835.75,51289488.25,23113590.5,92698856.25,0.0,0.0,0.0,0.0,0.0,0.0,0.0,0.0,0.0,0.0,0.0,210527.0,1,16.046543463381244,36.0,1.0,0,36.0,False,False,False,False,False,False,False,False,True,False,False,False,False,False,False,False,False,False,False,False,True,False,False,False,False,False,False,True,False,False,False,0.08074534161490683,0.07117008443908324,0,0,15126111.0,36535499.0,-21409388.0,1000.0,1000.0,41.401134277651444,-1000.0,100.0,19.736788823648514,0.0,-500.0,3.4193156509414853,68.14226067709643,500.0,7.960607304062371,500.0,500.0,133.76128037483716,1000.0,1000.0,-99.73336373905609,110.62527240021316,0,0,0,0,0,0,0,0,0,0,0,0,0,0,0,0,0,0,0,0,0,0
212,6033,60,603,4.0,0,24,5.3,0.0,0.0,0.0,0.0,0.0,0.0,16084568.5,3888885.0,12195683.5,0.0,11726715.0,0.0,0.0,0.0,14134620.5,0.0,0.0,0.0,1288287.0,27618591.0,24819294.5,0.0,27402875.5,3357854.500000001,2944942.0,2937935.0,22987464.5,355855.49999999907,1238237.0,-7007.0,1231230.0,0.0,0.0,0.0,0.0,7903395.5,0.0,7903395.5,12217205.0,19715195.5,0.0,27618591.0,0.0,0.0,0.0,0.0,0.0,0.0,0.0,0.0,0.0,0.0,0.0,54751.0,1,6.833675564681725,48.0,1.0,0,48.0,False,True,False,False,False,False,False,False,False,False,False,False,False,True,False,False,False,False,False,False,False,False,False,False,False,False,False,False,False,False,True,0.3242236024844721,0.3823884197828709,0,0,-4292288.0,-5580575.0,1288287.0,-1000.0,-1000.0,76.91479820627802,1000.0,100.0,28.61621543256859,0.0,-12.797939763657284,44.15751513174586,24.177739054672184,500.0,15.578494078905706,500.0,500.0,191.3300964532213,0.0,-1000.0,-99.77940146525923,,0,0,0,0,0,0,0,0,0,0,0,0,0,0,0,0,0,0,0,0,0,1
213,6033,60,603,6.0,0,20,5.3,0.0,0.0,0.0,0.0,0.0,0.0,16084568.5,3888885.0,12195683.5,0.0,11726715.0,0.0,0.0,0.0,14134620.5,0.0,0.0,0.0,1288287.0,27618591.0,24819294.5,0.0,27402875.5,3357854.500000001,2944942.0,2937935.0,22987464.5,355855.49999999907,1238237.0,-7007.0,1231230.0,0.0,0.0,0.0,0.0,7903395.5,0.0,7903395.5,12217205.0,19715195.5,0.0,27618591.0,0.0,0.0,0.0,0.0,0.0,0.0,0.0,0.0,0.0,0.0,0.0,54751.0,0,6.836413415468857,36.0,1.0,0,36.0,False,True,False,False,False,False,False,False,False,False,False,False,False,True,False,False,False,False,False,False,False,False,False,False,False,False,False,False,False,False,True,0.3242236024844721,0.3823884197828709,0,0,-4292288.0,-5580575.0,1288287.0,-1000.0,-1000.0,76.91479820627802,1000.0,100.0,28.61621543256859,0.0,-12.797939763657284,44.15751513174586,24.177739054672184,500.0,15.578494078905706,500.0,500.0,191.3300964532213,0.0,-1000.0,-99.77940146525923,,0,0,0,0,0,0,0,0,0,0,0,0,0,0,0,0,0,0,0,0,0,1
214,6062,60,606,0.0,85,24,6.0,0.0,0.0,0.0,0.0,0.0,0.0,12646634.0,5998492.5,6648141.5,126126.0,10995234.25,0.0,0.0,0.0,16877861.0,0.0,0.0,0.0,141141.0,23667143.5,26858.75,17332.75,38269981.75,6529773.25,3910656.75,3032279.25,23693419.75,2435433.0,1892891.0,-677677.0,1014763.75,0.0,0.0,0.0,0.0,4617613.000000001,1188937.75,5806550.75,14266752.5,16705438.75,1155154.0,23667143.5,0.0,0.0,0.0,0.0,0.0,0.0,0.0,0.0,0.0,0.0,0.0,76463.5,0,7.953456536618754,48.0,1.0,0,48.0,False,False,False,False,False,False,False,False,False,False,False,True,False,True,False,False,False,False,False,False,False,False,False,False,False,False,False,False,False,True,False,0.07080745341614907,0.3823884197828709,0,0,-841590.75,172422.25,-1014013.0,-1000.0,811.7861463312561,-488.09869375907107,-1000.0,79.52419945696678,19.51064774673801,39.209375257902124,-500.0,28.090172774758393,47.43153395599177,500.0,21.97593756774333,500.0,500.0,216.77035034168082,593.8174423090755,811.7861463312561,184.68748545632243,54.95954190766036,0,0,0,0,0,0,0,0,0,0,0,0,0,0,0,0,0,0,0,0,0,0
215,6062,60,606,0.0,85,24,6.0,0.0,0.0,0.0,0.0,0.0,0.0,12646634.0,5998492.5,6648141.5,126126.0,10995234.25,0.0,0.0,0.0,16877861.0,0.0,0.0,0.0,141141.0,23667143.5,26858.75,17332.75,38269981.75,6529773.25,3910656.75,3032279.25,23693419.75,2435433.0,1892891.0,-677677.0,1014763.75,0.0,0.0,0.0,0.0,4617613.000000001,1188937.75,5806550.75,14266752.5,16705438.75,1155154.0,23667143.5,0.0,0.0,0.0,0.0,0.0,0.0,0.0,0.0,0.0,0.0,0.0,76463.5,0,7.9808350444900755,48.0,1.0,0,48.0,False,False,False,False,False,False,False,False,False,False,False,True,False,True,False,False,False,False,False,False,False,False,False,False,False,False,False,False,False,True,False,0.07080745341614907,0.3823884197828709,0,0,-841590.75,172422.25,-1014013.0,-1000.0,811.7861463312561,-488.09869375907107,-1000.0,79.52419945696678,19.51064774673801,39.209375257902124,-500.0,28.090172774758393,47.43153395599177,500.0,21.97593756774333,500.0,500.0,216.77035034168082,593.8174423090755,811.7861463312561,184.68748545632243,54.95954190766036,0,0,0,0,0,0,0,0,0,0,0,0,0,0,0,0,0,0,0,0,0,0
216,6062,60,606,0.0,85,24,6.0,0.0,0.0,0.0,0.0,0.0,0.0,12646634.0,5998492.5,6648141.5,126126.0,10995234.25,0.0,0.0,0.0,16877861.0,0.0,0.0,0.0,141141.0,23667143.5,26858.75,17332.75,38269981.75,6529773.25,3910656.75,3032279.25,23693419.75,2435433.0,1892891.0,-677677.0,1014763.75,0.0,0.0,0.0,0.0,4617613.000000001,1188937.75,5806550.75,14266752.5,16705438.75,1155154.0,23667143.5,0.0,0.0,0.0,0.0,0.0,0.0,0.0,0.0,0.0,0.0,0.0,76463.5,0,7.9808350444900755,48.0,1.0,0,48.0,False,False,False,False,False,False,False,False,False,False,False,True,False,True,False,False,False,False,False,False,False,False,False,False,False,False,False,False,False,True,False,0.07080745341614907,0.3823884197828709,0,0,-841590.75,172422.25,-1014013.0,-1000.0,811.7861463312561,-488.09869375907107,-1000.0,79.52419945696678,19.51064774673801,39.209375257902124,-500.0,28.090172774758393,47.43153395599177,500.0,21.97593756774333,500.0,500.0,216.77035034168082,593.8174423090755,811.7861463312561,184.68748545632243,54.95954190766036,0,0,0,0,0,0,0,0,0,0,0,0,0,0,0,0,0,0,0,0,0,0
217,6062,60,606,5.0,85,23,5.5,0.0,0.0,0.0,0.0,0.0,0.0,12646634.0,5998492.5,6648141.5,126126.0,10995234.25,0.0,0.0,0.0,16877861.0,0.0,0.0,0.0,141141.0,23667143.5,26858.75,17332.75,38269981.75,6529773.25,3910656.75,3032279.25,23693419.75,2435433.0,1892891.0,-677677.0,1014763.75,0.0,0.0,0.0,0.0,4617613.000000001,1188937.75,5806550.75,14266752.5,16705438.75,1155154.0,23667143.5,0.0,0.0,0.0,0.0,0.0,0.0,0.0,0.0,0.0,0.0,0.0,76463.5,0,8.254620123203285,48.0,1.0,0,48.0,False,False,False,False,False,False,False,False,False,False,False,True,False,True,False,False,False,False,False,False,False,False,False,False,False,False,False,False,False,True,False,0.07080745341614907,0.3823884197828709,0,0,-841590.75,172422.25,-1014013.0,-1000.0,811.7861463312561,-488.09869375907107,-1000.0,79.52419945696678,19.51064774673801,39.209375257902124,-500.0,28.090172774758393,47.43153395599177,500.0,21.97593756774333,500.0,500.0,216.77035034168082,593.8174423090755,811.7861463312561,184.68748545632243,54.95954190766036,0,0,0,0,0,0,0,0,0,0,0,0,0,0,0,0,0,0,0,0,0,0
218,6111,61,611,1.0,120,23,1.0,0.0,0.0,0.0,0.0,0.0,0.0,18540522.0,3226223.0,15314299.0,67817.75,17726458.75,0.0,0.0,0.0,19815045.25,0.0,0.0,0.0,268268.0,35397612.25,65377.500000003725,59879.75,68275457.25,13615602.0,4709705.0,3661908.25,49001202.25,8556047.5,4956701.75,-758257.5,2058806.75,0.0,0.0,0.0,0.0,7737479.75,7731223.5,15468703.25,11833071.25,15417151.75,4511757.25,35397612.25,0.0,0.0,0.0,0.0,0.0,0.0,0.0,0.0,0.0,0.0,0.0,136414.5,0,24.262833675564682,48.0,1.0,0,48.0,False,True,False,False,False,False,False,False,False,False,False,False,False,True,False,False,False,False,False,False,False,False,False,False,False,False,True,False,False,False,False,0.3242236024844721,0.3823884197828709,0,0,154404.25,4397893.5,-4243489.25,407.47523173856155,1000.0,3.5108683282121316,-1000.0,50.020222283338455,21.85876181521255,211.12553816715644,-500.0,43.26364979603956,17.400928625418423,500.0,26.608234418965687,500.0,500.0,86.9347169946223,178.97210340542978,1000.0,108.6566479293216,9.181317557277252,0,0,0,0,0,0,0,0,0,0,0,0,0,0,0,0,0,0,0,0,0,0
219,8022,80,802,0.0,314,36,6.0,0.0,0.0,0.0,0.0,0.0,0.0,17696941.193991903,7239049.1334043145,10494936.916722622,5711624.613972619,14751896.664327338,0.0,0.0,0.0,24672445.857143342,0.0,0.0,0.0,936626.1695394691,36100427.35440215,23689402.432255726,17889398.211046387,35463800.705205336,9473299.257317152,2502156.240714975,1764434.9040538718,21066695.29673669,7026995.2010281375,1530573.3567460796,-489449.7146318286,713223.8350885716,0.0,0.0,0.0,0.0,11248784.191388477,3574801.479138362,14823585.67052684,9532926.419230485,15913281.269093791,5395102.20245469,36094790.188847594,0.0,0.0,0.0,0.0,0.0,0.0,0.0,0.0,0.0,0.0,0.0,0.0,0,6.2559890485968515,72.0,1.0,0,72.0,False,False,False,False,False,False,False,False,False,True,False,False,False,False,False,False,False,False,False,False,False,True,False,False,False,False,False,False,True,False,False,0.011180124223602485,0.010856453558504222,1,1,4328648.753804218,8759164.588049551,-4458476.032915221,,,49.4185114378368,,75.88436726043955,31.1596981414038,202.6031944236134,,29.071503264192945,40.90565173975922,,6.34045264762552,,,162.9042174191688,,,-100.0,32.421460760082695,0,0,0,1,1,0,1,0,0,0,1,0,0,1,0,1,1,0,1,1,0,0
220,6024,60,602,27.0,30,24,7.0,0.0,0.0,0.0,0.0,0.0,0.0,2856353.500000002,2048046.0,808307.5,193193.0,4527523.0,0.0,0.0,0.0,6594588.0,0.0,0.0,0.0,6006.0,7408901.5,0.0,0.0,10472462.0,969468.5,-375375.0,438938.5,7387880.5,982481.5,-1064062.9999999998,-94094.0,-249749.5,0.0,0.0,0.0,0.0,1217716.5,0.0,1217716.5,3782278.5,4658654.0,1532531.0000000005,7408901.5,0.0,0.0,0.0,0.0,0.0,0.0,0.0,0.0,0.0,0.0,0.0,20924.0,1,10.255989048596852,48.0,1.0,0,48.0,False,False,False,False,False,False,False,False,False,False,True,False,False,False,False,False,False,False,False,False,False,False,True,False,False,False,False,False,False,False,False,0.04720496894409938,0.04945717732207479,0,0,409409.0,1935934.0,-1526525.0000000005,1000.0,1000.0,21.147880041365045,-1000.0,100.0,16.435857596433156,0.0,-449.69413114127315,10.909950685671824,71.70141930961972,-500.0,-20.509658857377723,500.0,500.0,184.30458641013482,1000.0,1000.0,,,0,0,0,0,0,0,0,0,0,0,0,0,0,0,0,0,0,0,0,0,1,1
221,2852,28,285,5.0,0,4,5.5,0.0,0.0,0.0,0.0,0.0,0.0,4172668.499999998,1757756.0,2414912.5,3355602.25,6653146.5,0.0,0.0,0.0,11028017.0,0.0,0.0,0.0,2615362.75,16058292.25,5804261.75,9400.0,12681669.0,4449695.25,-222222.0,-266015.75,6752495.75,4609605.0,-115615.5,-48798.75,-454954.4999999999,0.0,0.0,0.0,0.0,2859606.75,2267014.75,5126621.5,5447442.0,9625866.25,1741072.666666667,16058292.25,0.0,0.0,0.0,0.0,0.0,0.0,0.0,0.0,0.0,0.0,0.0,22707.0,0,11.80561259411362,84.0,1.0,0,84.0,False,False,False,False,False,False,False,False,False,False,False,False,False,False,False,False,False,False,False,False,False,False,False,False,True,False,False,False,False,False,False,0.07080745341614907,0.06031363088057901,0,0,2711709.0,1402150.75,874290.083333333,1000.0,1000.0,193.39639478850617,1000.0,55.7795567704774,17.80766413688853,-500.0,-214.9061963271238,15.038414187536036,42.125464795490004,-500.0,-15.909687582042526,-500.0,500.0,290.4228588370455,1000.0,1000.0,-99.60878745690613,500.0,0,0,0,0,0,0,0,0,0,0,0,0,0,0,0,0,0,0,0,0,0,0
222,6031,60,603,1.0,128,24,5.0,0.0,0.0,0.0,0.0,0.0,0.0,2477725.25,867616.7500000009,1610108.5,176176.0,3164411.25,0.0,0.0,0.0,3963459.5,0.0,0.0,0.0,75575.50000000012,5649143.5,5794.75,5399.5,9677417.749999996,2058056.0,930179.25,518017.5,3312809.5,1191940.75,724473.75,-13763.75,312312.0,0.0,0.0,0.0,0.0,2047295.25,0.0,2047295.25,773773.0,3290287.0,311561.25,5649143.5,0.0,0.0,0.0,0.0,0.0,0.0,0.0,0.0,0.0,0.0,0.0,19335.5,0,11.214236824093087,48.0,1.0,0,48.0,False,False,False,False,False,False,False,True,False,False,False,False,False,True,False,False,False,False,False,False,False,False,False,False,False,False,True,False,False,False,False,0.02608695652173913,0.3823884197828709,0,0,437186.75,673172.5,-235985.74999999988,1000.0,1000.0,64.9442379182156,-1000.0,100.0,36.24080800921414,0.0,-71.18383284631895,28.501816248781786,35.016664983335055,500.0,15.254858819215256,500.0,500.0,84.08520924610968,1000.0,1000.0,233.6727209974546,7.320122233540142,0,0,0,0,0,0,0,0,0,0,0,0,0,0,0,0,0,0,0,0,0,0
223,4543,45,454,50.0,90,35,6.0,0.0,0.0,0.0,0.0,0.0,0.0,3751497.749999998,864363.5000000009,2887134.25,3317814.5,8646387.75,0.0,0.0,0.0,13879615.75,0.0,0.0,0.0,7006.999999999884,16773757.0,14213.5,14198.75,9065056.0,1157156.0,-784596.2874749999,-535534.9999999998,7187430.25,2126124.0,-967716.7499999998,-372872.5,-1580078.5,0.0,0.0,0.0,0.0,2720467.75,0.0,2720467.75,4903899.0,10973212.25,3080077.0,16773757.0,0.0,0.0,0.0,0.0,0.0,0.0,0.0,0.0,0.0,0.0,0.0,17858.0,0,18.067077344284737,120.0,1.0,0,120.0,False,True,False,False,False,False,False,False,False,False,False,False,False,True,False,False,False,False,False,False,False,False,False,False,True,False,False,False,False,False,False,0.3242236024844721,0.3823884197828709,0,0,-166666.5,2906403.5,-3073070.0,-1000.0,1000.0,-5.7344584122610645,-1000.0,100.0,16.218595213940443,-0.0,-500.0,17.212209822760638,23.04049096124345,-500.0,-58.08113329040566,-500.0,500.0,245.62375961839768,1000.0,1000.0,25.641115840574102,0.10388238401267717,0,0,0,0,0,0,0,0,0,0,0,0,0,0,0,0,0,0,0,0,0,0
224,5131,51,513,0.0,32,23,7.5,0.0,0.0,0.0,0.0,0.0,0.0,0.0,0.0,0.0,0.0,0.0,0.0,0.0,0.0,0.0,0.0,0.0,0.0,0.0,0.0,11173083.75,1328244.75,0.0,0.0,0.0,0.0,0.0,0.0,0.0,0.0,0.0,0.0,0.0,0.0,0.0,0.0,0.0,0.0,0.0,0.0,0.0,0.0,0.0,0.0,0.0,0.0,0.0,0.0,0.0,0.0,0.0,0.0,0.0,0.0,1,3.5236139630390144,60.0,1.0,0,60.0,False,False,False,False,False,False,False,False,False,False,False,True,False,False,False,False,False,False,False,False,False,False,False,True,False,False,False,False,False,True,False,0.07080745341614907,0.054282267792521106,0,0,0.0,0.0,0.0,,,,,,,,,,,,,,,,,,-100.0,500.0,0,0,0,1,1,1,1,1,1,1,1,1,1,1,1,1,1,1,1,1,0,0
225,1825,18,182,90.0,10,5,5.62,0.0,0.0,0.0,0.0,0.0,0.0,25780254.5,10640880.25,15139374.25,4350846.5,16358842.5,0.0,0.0,0.0,26293767.5,0.0,0.0,0.0,1591089.5,43024231.25,24728603.75,47626.25,48798499.75,10122612.5,3687684.0,2132130.0,35180645.5,6172166.0,2892139.25,-1258006.75,1341590.25,0.0,0.0,0.0,0.0,16649382.75,2174672.5,18824055.25,9344835.5,12754742.0,11445434.0,43024231.25,0.0,0.0,0.0,0.0,0.0,0.0,0.0,0.0,0.0,0.0,0.0,97500.5,0,24.34223134839151,120.0,1.0,0,120.0,False,True,False,False,False,False,False,False,False,False,False,False,False,True,False,False,False,False,False,False,False,False,False,False,True,False,False,False,False,False,False,0.3242236024844721,0.3823884197828709,0,0,3684681.0,13539025.5,-9854344.5,1000.0,1000.0,27.215260064322944,-1000.0,88.44737506813257,38.697687945325,101.99530516431925,-500.0,35.18801803111822,41.27531111067969,500.0,8.057897822067908,500.0,500.0,95.62475992659088,1000.0,1000.0,-99.60571773082822,500.0,0,0,0,0,0,0,0,0,0,0,0,0,0,0,0,0,0,0,0,0,0,0
226,121,1,12,0.0,0,7,5.5,0.0,0.0,0.0,0.0,0.0,0.0,17696941.193991903,7239049.1334043145,10494936.916722622,5711624.613972619,14751896.664327338,0.0,0.0,0.0,24672445.857143342,0.0,0.0,0.0,936626.1695394691,36100427.35440215,23689402.432255726,17889398.211046387,35463800.705205336,9473299.257317152,2502156.240714975,1764434.9040538718,21066695.29673669,7026995.2010281375,1530573.3567460796,-489449.7146318286,713223.8350885716,0.0,0.0,0.0,0.0,11248784.191388477,3574801.479138362,14823585.67052684,9532926.419230485,15913281.269093791,5395102.20245469,36094790.188847594,0.0,0.0,0.0,0.0,0.0,0.0,0.0,0.0,0.0,0.0,0.0,0.0,0,9.675564681724847,156.0,6.0,0,26.0,False,True,False,False,False,False,False,False,False,False,False,False,False,True,False,False,False,False,False,False,False,False,False,False,False,False,False,False,False,False,False,0.3242236024844721,0.3823884197828709,1,1,4328648.753804218,8759164.588049551,-4458476.032915221,,,49.4185114378368,,75.88436726043955,31.1596981414038,202.6031944236134,,29.071503264192945,40.90565173975922,,6.34045264762552,,,162.9042174191688,,,-100.0,32.421460760082695,0,0,0,1,1,0,1,0,0,0,1,0,0,1,0,1,1,0,1,1,0,0
227,4522,45,452,2.0,90,24,0.0,0.0,0.0,0.0,0.0,0.0,0.0,27776999.25,16124608.5,11652390.75,1105354.25,13892378.5,0.0,0.0,0.0,17595077.5,0.0,0.0,0.0,314063.75,29561532.0,33491.750000003725,29325.5,40189399.25,8332324.0,2404902.5,4685180.5,25737461.75,5586831.25,-865864.9999999998,-325575.25,414914.5,0.0,0.0,0.0,0.0,4289034.75,887386.5,5176421.25,11410649.25,19111842.75,5273268.0,29561532.0,0.0,0.0,0.0,0.0,0.0,0.0,0.0,0.0,0.0,0.0,0.0,78917.0,0,12.281998631074606,60.0,1.0,0,60.0,False,False,False,False,False,False,False,False,False,True,False,False,False,False,False,False,False,False,False,False,False,True,False,False,False,False,False,False,True,False,False,0.07204968944099378,0.007237635705669481,0,0,-6475969.5,-1516765.25,-4959204.25,-1000.0,-1000.0,426.9592476489028,-1000.0,82.85714285714286,14.508837870784234,18.940284157675464,-412.5540124434533,39.41741162129216,58.050217573447924,500.0,9.673843281404983,500.0,500.0,159.60523884994214,1000.0,-1000.0,135.6311628982995,14.206918893126206,0,0,0,0,0,0,0,0,0,0,0,0,0,0,0,0,0,0,0,0,0,0
228,4522,45,452,0.0,90,24,0.0,0.0,0.0,0.0,0.0,0.0,0.0,27776999.25,16124608.5,11652390.75,1105354.25,13892378.5,0.0,0.0,0.0,17595077.5,0.0,0.0,0.0,314063.75,29561532.0,33491.750000003725,29325.5,40189399.25,8332324.0,2404902.5,4685180.5,25737461.75,5586831.25,-865864.9999999998,-325575.25,414914.5,0.0,0.0,0.0,0.0,4289034.75,887386.5,5176421.25,11410649.25,19111842.75,5273268.0,29561532.0,0.0,0.0,0.0,0.0,0.0,0.0,0.0,0.0,0.0,0.0,0.0,78917.0,0,12.646132785763175,48.0,1.0,0,48.0,False,False,False,False,False,False,False,False,False,True,False,False,False,False,False,False,False,False,False,False,False,True,False,False,False,False,False,False,True,False,False,0.07204968944099378,0.007237635705669481,0,0,-6475969.5,-1516765.25,-4959204.25,-1000.0,-1000.0,426.9592476489028,-1000.0,82.85714285714286,14.508837870784234,18.940284157675464,-412.5540124434533,39.41741162129216,58.050217573447924,500.0,9.673843281404983,500.0,500.0,159.60523884994214,1000.0,-1000.0,135.6311628982995,14.206918893126206,0,0,0,0,0,0,0,0,0,0,0,0,0,0,0,0,0,0,0,0,0,0
229,7023,70,702,0.0,5,24,1.0,0.0,0.0,0.0,0.0,0.0,0.0,17696941.193991903,7239049.1334043145,10494936.916722622,5711624.613972619,14751896.664327338,0.0,0.0,0.0,24672445.857143342,0.0,0.0,0.0,936626.1695394691,36100427.35440215,23689402.432255726,17889398.211046387,35463800.705205336,9473299.257317152,2502156.240714975,1764434.9040538718,21066695.29673669,7026995.2010281375,1530573.3567460796,-489449.7146318286,713223.8350885716,0.0,0.0,0.0,0.0,11248784.191388477,3574801.479138362,14823585.67052684,9532926.419230485,15913281.269093791,5395102.20245469,36094790.188847594,0.0,0.0,0.0,0.0,0.0,0.0,0.0,0.0,0.0,0.0,0.0,0.0,1,4.720054757015743,48.0,1.0,0,48.0,False,False,False,False,False,False,False,False,True,False,False,False,False,False,False,False,False,False,False,False,True,False,False,False,False,False,False,True,False,False,False,0.08074534161490683,0.07117008443908324,1,1,4328648.753804218,8759164.588049551,-4458476.032915221,,,49.4185114378368,,75.88436726043955,31.1596981414038,202.6031944236134,,29.071503264192945,40.90565173975922,,6.34045264762552,,,162.9042174191688,,,-100.0,32.421460760082695,0,0,0,1,1,0,1,0,0,0,1,0,0,1,0,1,1,0,1,1,0,0
230,2733,27,273,7.0,32,23,6.0,0.0,0.0,0.0,0.0,0.0,0.0,2121619.5,389639.25,1731980.25,0.0,7586078.5,0.0,0.0,0.0,8349090.75,0.0,0.0,0.0,82332.25000000012,10163403.25,4145719.5,8563.75,11913902.0,995744.75,268768.5,369368.99999999977,8924916.0,703703.0,173173.0,-26276.25,273773.5,0.0,0.0,0.0,0.0,1991739.75,1875123.2500000002,3866863.0,3709706.0,6092336.25,204204.0,10163403.25,0.0,0.0,0.0,0.0,0.0,0.0,0.0,0.0,0.0,0.0,0.0,23804.0,0,8.030116358658454,48.0,1.0,0,48.0,False,True,False,False,False,False,False,False,False,False,False,False,False,True,False,False,False,False,False,False,False,False,False,False,True,False,False,False,False,False,False,0.3242236024844721,0.3823884197828709,0,0,2134882.75,2256754.5,-121871.74999999988,1000.0,1000.0,94.59968950986915,-1000.0,51.50789541806886,19.597173318888043,500.0,-110.38585951940851,17.041341442395293,18.365180467091292,500.0,13.745445407714538,500.0,500.0,149.6366083445491,0.0,1000.0,-99.42581740033305,500.0,0,0,0,0,0,0,0,0,0,0,0,0,0,0,0,0,0,0,0,0,0,0
231,124,1,12,0.0,8,7,6.5,0.0,0.0,0.0,0.0,0.0,0.0,3750747.0,151151.0,3637383.750000001,0.0,0.0,0.0,0.0,0.0,0.0,0.0,0.0,0.0,750.75,3638134.5,0.0,0.0,347847.5,-150150.0,-341341.0,-185935.75,350850.5,190440.25,-282782.5,-16016.000000000058,-299048.7500000001,0.0,0.0,0.0,0.0,-32088.65659999998,0.0,0.0,416165.75,3078575.5,906155.25,3638134.5,0.0,0.0,0.0,0.0,0.0,0.0,0.0,0.0,0.0,0.0,0.0,695.0,0,3.7125256673511293,120.0,12.0,0,10.0,False,False,False,False,True,False,False,False,False,False,False,False,False,False,False,False,True,False,False,False,False,False,False,False,False,True,False,False,False,False,False,0.06459627329192547,0.06031363088057901,0,0,-3637383.750000001,-3078575.5,-905404.5,-1000.0,-1000.0,118.15152007803613,-1000.0,,-0.8820085293713023,-0.0,-500.0,99.97936442426746,4.029890579129971,-500.0,500.0,-500.0,0.0,427.01854493580595,0.0,-1000.0,,,0,0,0,0,0,0,0,1,0,0,0,0,0,0,0,0,0,0,0,0,1,1
232,2710,27,271,1.0,0,22,5.0,0.0,0.0,0.0,0.0,0.0,0.0,3495742.25,2487985.5,1007756.75,2097762.3333333335,23589816.25,0.0,0.0,0.0,32966433.5,0.0,0.0,0.0,1006255.25,34980445.5,34392.0,22366.25,38926888.0,4611607.0,1544793.25,911911.0,30831801.0,3011008.0,1312561.25,-433182.75,679679.0,0.0,0.0,0.0,0.0,4886131.25,0.0,4886131.25,20676906.25,26410384.0,3683930.25,34980445.5,0.0,0.0,0.0,0.0,0.0,0.0,0.0,0.0,0.0,0.0,0.0,77776.0,0,5.390828199863107,60.0,1.0,0,60.0,False,True,False,False,False,False,False,False,False,False,False,False,False,True,False,False,False,False,False,False,False,False,False,False,True,False,False,False,False,False,False,0.024844720496894408,0.3823884197828709,0,0,3878374.5,6556049.5,-2677675.0,1000.0,1000.0,59.15718757157035,-1000.0,100.0,13.96817902161938,0.0,-500.0,2.880914566968565,71.17188059274106,500.0,13.910371318822023,500.0,500.0,241.42884971267165,1000.0,1000.0,126.14561525936266,53.76739507069804,0,0,0,0,0,0,0,0,0,0,0,0,0,0,0,0,0,0,0,0,0,0
233,2751,27,275,1.0,0,22,5.0,0.0,0.0,0.0,0.0,0.0,0.0,3495742.25,2487985.5,1007756.75,2097762.3333333335,23589816.25,0.0,0.0,0.0,32966433.5,0.0,0.0,0.0,1006255.25,34980445.5,34392.0,22366.25,38926888.0,4611607.0,1544793.25,911911.0,30831801.0,3011008.0,1312561.25,-433182.75,679679.0,0.0,0.0,0.0,0.0,4886131.25,0.0,4886131.25,20676906.25,26410384.0,3683930.25,34980445.5,0.0,0.0,0.0,0.0,0.0,0.0,0.0,0.0,0.0,0.0,0.0,77776.0,0,5.431895961670089,60.0,1.0,0,60.0,False,True,False,False,False,False,False,False,False,False,False,False,False,True,False,False,False,False,False,False,False,False,False,False,True,False,False,False,False,False,False,0.024844720496894408,0.3823884197828709,0,0,3878374.5,6556049.5,-2677675.0,1000.0,1000.0,59.15718757157035,-1000.0,100.0,13.96817902161938,0.0,-500.0,2.880914566968565,71.17188059274106,500.0,13.910371318822023,500.0,500.0,241.42884971267165,1000.0,1000.0,126.14561525936266,53.76739507069804,0,0,0,0,0,0,0,0,0,0,0,0,0,0,0,0,0,0,0,0,0,0
234,4547,45,454,2.0,43,29,7.5,0.0,0.0,0.0,0.0,0.0,0.0,13904640.75,8210202.0,5694438.75,4112358.25,2762259.5,0.0,0.0,0.0,6874617.75,0.0,0.0,0.0,452452.0,13021508.5,8315806.5,13169.75,17195178.0,4831076.25,4549044.5,4213209.0,11646384.75,282031.75,3589586.0,-309309.0,3280277.0,0.0,0.0,0.0,0.0,5329324.0,1463211.75,6792535.75,1189938.75,4250746.5,1978226.2500000005,13021508.5,0.0,0.0,0.0,0.0,0.0,0.0,0.0,0.0,0.0,0.0,0.0,34028.5,0,17.806981519507186,60.0,3.0,0,20.0,False,False,False,False,False,False,False,True,False,False,False,False,False,False,False,False,False,False,False,True,False,False,False,False,False,False,True,False,False,False,False,0.02608695652173913,0.024125452352231604,0,0,1098097.0,2623871.25,-1525774.2500000005,1000.0,1000.0,41.85026227944683,-1000.0,78.45853442876617,40.927086135988006,34.729151817533854,-500.0,43.73102202406119,59.046487770638734,500.0,61.551465063861755,500.0,500.0,36.78205376136144,1000.0,1000.0,-99.59079735681681,500.0,0,0,0,0,0,0,0,0,0,0,0,0,0,0,0,0,0,0,0,0,0,0
235,7210,72,721,1.0,0,5,5.0,0.0,0.0,0.0,0.0,0.0,0.0,83583.5,23523.5,60060.0,126626.5,1159158.0,0.0,0.0,0.0,1610609.0,0.0,0.0,0.0,55055.0,1725724.0,1417916.5,1135134.0,2442440.0,571070.5,407407.0,325825.5,1817816.0,160660.5,407407.0,0.0,325825.5,0.0,0.0,0.0,0.0,515515.0,0.0,515515.0,589088.5,1210209.0000000019,0.0,1725724.0,0.0,0.0,0.0,0.0,0.0,0.0,0.0,0.0,0.0,0.0,0.0,4880.0,0,8.399726214921287,120.0,1.0,0,120.0,False,True,False,False,False,False,False,False,False,False,False,False,False,True,False,False,False,False,False,False,False,False,False,False,True,False,False,False,False,False,False,0.3242236024844721,0.3823884197828709,0,0,455455.0,400399.99999999814,55055.0,1000.0,1000.0,113.75000000000053,1000.0,100.0,29.872389791183295,0.0,0.0,3.480278422273782,28.143712574850298,500.0,63.20388349514563,500.0,500.0,116.66299559471366,1000.0,1000.0,-99.65583304799684,24.911816578483243,0,0,0,0,0,0,0,0,0,0,0,0,0,0,0,0,0,0,0,0,0,0
236,6062,60,606,4.0,21,24,1.0,100.0,100.0,0.0,100.0,100.0,0.0,5545561.333333332,5025020.0,520541.33333333395,0.0,4000838.0,100.0,100.0,0.0,5729891.0,100.0,100.0,0.0,647093.0,6897525.333333336,6030342.333333332,5219.333333332092,12139691.333333336,3176540.666666666,1324889.6666666667,1179429.0,5559424.666666668,1683911.666666666,801816.0,-57042.666666666686,656355.3333333334,100.0,100.0,0.0,2.0,2417391.0,393059.3333333335,2810450.333333334,2566341.666666666,4087075.0,0.0,6897525.333333332,51.0,51.0,0.0,39.9339,43.9017,0.0,37.8893,66.0,100.0,0.0,2.0,18074.0,0,7.876796714579055,48.0,1.0,0,48.0,False,False,False,False,False,False,False,False,False,False,True,False,False,False,False,False,False,False,False,False,False,False,True,False,False,False,False,False,False,False,False,0.03229813664596273,0.007237635705669481,0,0,2289909.0,1642816.0,647093.0,1000.0,1000.0,139.38925600919396,1000.0,86.01436472043447,35.04722176687908,33.326239505161695,-315.6062115008669,7.54678392869018,90.61336982778542,500.0,27.15139310659026,500.0,500.0,166.18320336984505,0.0,1000.0,-99.70028235544616,500.0,0,0,0,0,0,0,0,0,0,0,0,0,0,0,0,0,0,0,0,0,0,0
237,5154,51,515,6.0,40,25,8.0,0.0,0.0,0.0,0.0,0.0,0.0,9837858.280250002,6571004.69025,3266853.59,5339932.0975,20421439.5385,0.0,0.0,0.0,26251318.34325,0.0,0.0,0.0,138738.59999999998,29656910.53325,24829.02199999988,25507.75,26072068.022,3911616.2084999997,1987996.76075,1312496.6855000001,18691382.71,1799631.5837500002,1051028.72875,-708879.171,375528.6535,0.0,0.0,0.0,0.0,8043380.09475,3642600.2112499997,11685980.306,2015932.4185000006,10744587.854,7226271.80275,29656839.962750003,0.0,0.0,0.0,0.0,0.0,0.0,0.0,0.0,0.0,0.0,0.0,52092.044,0,8.407939767282683,48.0,1.0,0,48.0,False,True,False,False,False,False,False,False,False,False,False,False,False,True,False,False,False,False,False,False,False,False,False,False,True,False,False,False,False,False,False,0.3242236024844721,0.3823884197828709,0,0,8419126.716,15506730.489249999,-7087533.20275,1000.0,1000.0,54.29337100968213,-1000.0,68.82931413653198,27.12143628626496,277.53214552784476,-500.0,11.015488569982196,66.79304075198587,500.0,4.668791591051523,500.0,500.0,38.82728645172555,1000.0,1000.0,109.80304419562015,-2.6608697356690385,0,0,0,0,0,0,0,0,0,0,0,0,0,0,0,0,0,0,0,0,0,0
238,2430,24,243,0.0,264,9,4.66,50.0,0.0,0.0,50.0,0.0,0.0,20110090.0,10231971.75,9878118.25,13480967.5,25195420.25,25.0,0.0,0.0,41362321.0,50.0,0.0,0.0,2182680.5,53423119.75,54485.75,56278.5,52298746.5,10845835.0,2894141.25,1769017.25,35541756.25,7749241.5,1791039.25,-774273.5,666916.25,50.0,0.0,0.0,0.5,28532253.75,682181.5,29214435.25,11992480.5,20230460.25,3978224.25,53423119.75,50.0,0.0,0.0,20.8511,0.0,0.0,23.08625,33.0,0.0,0.0,0.5,103694.0,0,19.16221765913758,60.0,1.0,0,60.0,False,False,False,False,False,False,True,False,False,False,False,False,False,False,False,False,False,False,True,False,False,False,False,False,False,False,False,False,False,False,True,0.02608695652173913,0.018094089264173704,0,0,19336317.0,21131860.75,-1795543.75,1000.0,1000.0,91.5031441327286,-1000.0,97.6649163532949,53.408063556602755,38.56273871834772,-500.0,18.490343312456964,50.879790940766554,500.0,2.337411744068763,500.0,500.0,121.47100862524204,1000.0,1000.0,90.31398117856504,-3.185497125900655,0,0,0,0,0,0,0,0,0,0,0,0,0,0,0,0,0,0,0,0,0,0
239,1421,14,142,0.0,0,23,6.0,0.0,0.0,0.0,0.0,0.0,0.0,17696941.193991903,7239049.1334043145,10494936.916722622,5711624.613972619,14751896.664327338,0.0,0.0,0.0,24672445.857143342,0.0,0.0,0.0,936626.1695394691,36100427.35440215,23689402.432255726,17889398.211046387,35463800.705205336,9473299.257317152,2502156.240714975,1764434.9040538718,21066695.29673669,7026995.2010281375,1530573.3567460796,-489449.7146318286,713223.8350885716,0.0,0.0,0.0,0.0,11248784.191388477,3574801.479138362,14823585.67052684,9532926.419230485,15913281.269093791,5395102.20245469,36094790.188847594,0.0,0.0,0.0,0.0,0.0,0.0,0.0,0.0,0.0,0.0,0.0,0.0,0,6.020533880903491,60.0,1.0,0,60.0,False,True,False,False,False,False,False,False,False,False,False,False,False,True,False,False,False,False,False,False,False,False,False,False,True,False,False,False,False,False,False,0.3242236024844721,0.3823884197828709,1,1,4328648.753804218,8759164.588049551,-4458476.032915221,,,49.4185114378368,,75.88436726043955,31.1596981414038,202.6031944236134,,29.071503264192945,40.90565173975922,,6.34045264762552,,,162.9042174191688,,,-100.0,32.421460760082695,0,0,0,1,1,0,1,0,0,0,1,0,0,1,0,1,1,0,1,1,0,0
240,8021,80,802,46.0,28,2,5.0,0.0,0.0,0.0,0.0,0.0,0.0,2101599.5,284784.5,1816815.0,0.0,130630.5,0.0,0.0,0.0,130630.49999999627,0.0,0.0,0.0,110610.49999999988,2058056.0,615615.0,576075.5,713713.0,628628.0,416916.5,305805.49999999977,35535.5,208208.00000000093,295795.5,-108608.5,184684.5,0.0,0.0,0.0,0.0,503002.5,1432931.5,1935934.0,16016.0,122122.0,0.0,2058056.0,0.0,0.0,0.0,0.0,0.0,0.0,0.0,0.0,0.0,0.0,0.0,1426.0,0,5.409993155373032,144.0,3.0,0,48.0,False,True,False,False,False,False,False,False,False,False,False,False,False,True,False,False,False,False,False,False,False,False,False,False,False,False,False,True,False,False,False,0.002484472049689441,0.0024125452352231603,0,0,119119.0,8508.499999996275,110610.49999999988,1000.0,1000.0,500.0,1000.0,25.98241985522234,24.44066147859922,468.57610474631787,-500.0,88.27821011673151,13.55084543939033,500.0,36.71641791044776,500.0,500.0,162.25352112676057,0.0,1000.0,-99.76836171958124,6.86359687228497,0,0,0,0,0,0,0,0,0,0,0,0,0,0,0,0,0,0,0,0,0,0
241,1574,15,157,27.0,40,30,5.5,0.0,0.0,0.0,0.0,0.0,0.0,17696941.193991903,7239049.1334043145,10494936.916722622,5711624.613972619,14751896.664327338,0.0,0.0,0.0,24672445.857143342,0.0,0.0,0.0,936626.1695394691,36100427.35440215,23689402.432255726,17889398.211046387,35463800.705205336,9473299.257317152,2502156.240714975,1764434.9040538718,21066695.29673669,7026995.2010281375,1530573.3567460796,-489449.7146318286,713223.8350885716,0.0,0.0,0.0,0.0,11248784.191388477,3574801.479138362,14823585.67052684,9532926.419230485,15913281.269093791,5395102.20245469,36094790.188847594,0.0,0.0,0.0,0.0,0.0,0.0,0.0,0.0,0.0,0.0,0.0,0.0,0,23.94524298425736,84.0,3.0,0,28.0,False,False,False,False,False,False,False,False,True,False,False,False,False,False,False,False,False,False,False,False,True,False,False,False,False,False,False,True,False,False,False,0.08074534161490683,0.07117008443908324,1,1,4328648.753804218,8759164.588049551,-4458476.032915221,,,49.4185114378368,,75.88436726043955,31.1596981414038,202.6031944236134,,29.071503264192945,40.90565173975922,,6.34045264762552,,,162.9042174191688,,,-100.0,32.421460760082695,0,0,0,1,1,0,1,0,0,0,1,0,0,1,0,1,1,0,1,1,0,0
242,5232,52,523,2.0,122,36,4.66,0.0,0.0,0.0,0.0,0.0,0.0,21541269.75,6222466.25,15318803.5,12129867.75,5368863.5,0.0,0.0,0.0,22805532.75,0.0,0.0,0.0,1707706.0,39832042.25,40005215.25,36632345.75,44873078.25,14173409.25,7234477.25,5380375.0,25613838.25,6421415.0,5883627.75,16516.5,4029525.5,0.0,0.0,0.0,0.0,29651872.25,0.0,29651872.25,6011505.5,9460951.5,719218.5,39832042.25,0.0,0.0,0.0,0.0,0.0,0.0,0.0,0.0,0.0,0.0,0.0,89656.5,0,29.117043121149898,36.0,1.0,0,36.0,False,False,False,False,False,False,False,False,False,True,False,False,False,False,False,False,False,False,False,False,False,True,False,False,False,False,False,False,True,False,False,0.07204968944099378,0.05066344993968637,0,0,14333068.75,13344581.25,988487.5,1000.0,1000.0,107.40740740740742,1000.0,100.0,74.44225948520126,0.0,18.42197721302973,38.4584938021851,28.88625564888068,500.0,13.589447121673743,500.0,500.0,84.49112385567595,1000.0,1000.0,-99.77588797000662,9.207353312884694,0,0,0,0,0,0,0,0,0,0,0,0,0,0,0,0,0,0,0,0,0,0
243,6025,60,602,2.0,16,25,5.0,0.0,0.0,0.0,0.0,0.0,0.0,5735229.5,5271766.5,463463.0,3114611.5,11321310.0,0.0,0.0,0.0,15116101.0,0.0,0.0,0.0,0.0,15579564.0,12747735.0,12960948.0,7634126.5,2489487.0,982982.0,254754.50000000023,2981979.0,1431430.0,345845.5,-61061.0,254754.5,0.0,0.0,0.0,0.0,4517513.0,20520.5,4538033.5,1447446.0,10028518.5,1013012.0,15579564.0,0.0,0.0,0.0,0.0,0.0,0.0,0.0,0.0,0.0,0.0,0.0,15253.0,0,8.41889117043121,60.0,1.0,0,60.0,False,True,False,False,False,False,False,False,False,False,False,False,False,True,False,False,False,False,False,False,False,False,False,False,True,False,False,False,False,False,False,0.3242236024844721,0.3823884197828709,0,0,4074570.5,5087582.5,-1013012.0,1000.0,1000.0,80.08853910477127,-1000.0,99.54781074225212,28.996401953225394,8.055009823182704,-400.32124827902703,2.9748136725777434,91.91901562090933,500.0,5.639264347440727,500.0,500.0,174.74320241691842,1000.0,1000.0,-99.88034737151345,-1.6450417052826694,0,0,0,0,0,0,0,0,0,0,0,0,0,0,0,0,0,0,0,0,0,0
244,2970,29,297,160.70999999999992,300,2,4.9,0.0,0.0,0.0,0.0,0.0,0.0,72679106.5,44527232.75,28151873.75,43956662.75,11474463.0,0.0,0.0,0.0,60819258.5,0.0,0.0,0.0,2257755.5,91228887.75,76690.0,74122.25,81433352.0,20199429.25,8213205.0,7616108.5,54196142.0,11563301.75,5991986.0,-2052800.75,1842841.0,0.0,0.0,0.0,0.0,43689896.25,10872862.0,54562758.25,9437928.5,15048533.5,21617596.0,91228887.75,0.0,0.0,0.0,0.0,0.0,0.0,0.0,0.0,0.0,0.0,0.0,157587.0,0,37.96303901437371,84.0,1.0,0,84.0,False,True,False,False,False,False,False,False,False,False,False,False,False,True,False,False,False,False,False,False,False,False,False,False,True,False,False,False,False,False,False,0.3242236024844721,0.3823884197828709,0,0,26410884.5,45770725.0,-19359840.5,1000.0,1000.0,57.70256971022416,-1000.0,80.07274128228296,47.890418624554584,142.7613852927647,-500.0,30.858508137407387,61.265520304655915,500.0,4.218002692098405,500.0,500.0,62.69181042443944,1000.0,1000.0,105.4857217368627,3.464209464769351,0,0,0,0,0,0,0,0,0,0,0,0,0,0,0,0,0,0,0,0,0,0
245,5147,51,514,1.0,3,24,6.5,0.0,0.0,0.0,0.0,0.0,0.0,17696941.193991903,7239049.1334043145,10494936.916722622,5711624.613972619,14751896.664327338,0.0,0.0,0.0,24672445.857143342,0.0,0.0,0.0,936626.1695394691,36100427.35440215,23689402.432255726,17889398.211046387,35463800.705205336,9473299.257317152,2502156.240714975,1764434.9040538718,21066695.29673669,7026995.2010281375,1530573.3567460796,-489449.7146318286,713223.8350885716,0.0,0.0,0.0,0.0,11248784.191388477,3574801.479138362,14823585.67052684,9532926.419230485,15913281.269093791,5395102.20245469,36094790.188847594,0.0,0.0,0.0,0.0,0.0,0.0,0.0,0.0,0.0,0.0,0.0,0.0,0,5.347022587268994,120.0,1.0,0,120.0,False,True,False,False,False,False,False,False,False,False,False,False,False,True,False,False,False,False,False,False,False,False,False,False,True,False,False,False,False,False,False,0.3242236024844721,0.3823884197828709,1,1,4328648.753804218,8759164.588049551,-4458476.032915221,,,49.4185114378368,,75.88436726043955,31.1596981414038,202.6031944236134,,29.071503264192945,40.90565173975922,,6.34045264762552,,,162.9042174191688,,,-100.0,32.421460760082695,0,0,0,1,1,0,1,0,0,0,1,0,0,1,0,1,1,0,1,1,0,0
246,6023,60,602,1.0,1000,24,1.0,0.0,0.0,0.0,0.0,0.0,0.0,71904833.0,32553270.75,39351562.25,1674923.25,63675862.25,0.0,0.0,0.0,93169076.0,0.0,0.0,0.0,278528.25,132799166.5,73409335.99999999,87357520.25,74731907.25,29984454.5,10209199.0,6608351.75,32182900.75,19188919.75,7121614.5,-1951699.7499999998,3520767.25,0.0,0.0,0.0,0.0,29357578.25,22027755.75,51385334.0,28865837.0,69841021.25,11573562.0,132799917.25,0.0,0.0,0.0,0.0,0.0,0.0,0.0,0.0,0.0,0.0,0.0,149314.5,1,32.616016427104725,60.0,1.0,0,60.0,False,False,False,False,False,False,False,True,False,False,False,False,False,False,False,False,False,False,False,True,False,False,False,False,False,False,True,False,False,False,False,0.02608695652173913,0.024125452352231604,0,0,12033771.75,23328054.75,-11295033.75,1000.0,1000.0,51.584977311492295,-1000.0,57.13221256866794,22.106748877825225,333.3320710417692,-500.0,29.632386472847326,45.27271588267231,500.0,11.992703280966303,500.0,500.0,322.89511131155575,1000.0,1000.0,-99.79660012181557,-15.966781348741426,0,0,0,0,0,0,0,0,0,0,0,0,0,0,0,0,0,0,0,0,0,0
247,6070,60,607,0.0,1000,24,0.0,0.0,0.0,0.0,0.0,0.0,0.0,71904833.0,32553270.75,39351562.25,1674923.25,63675862.25,0.0,0.0,0.0,93169076.0,0.0,0.0,0.0,278528.25,132799166.5,73409335.99999999,87357520.25,74731907.25,29984454.5,10209199.0,6608351.75,32182900.75,19188919.75,7121614.5,-1951699.7499999998,3520767.25,0.0,0.0,0.0,0.0,29357578.25,22027755.75,51385334.0,28865837.0,69841021.25,11573562.0,132799917.25,0.0,0.0,0.0,0.0,0.0,0.0,0.0,0.0,0.0,0.0,0.0,149314.5,1,33.73579739904175,48.0,1.0,0,48.0,False,False,False,False,False,False,False,True,False,False,False,False,False,False,False,False,False,False,False,True,False,False,False,False,False,False,True,False,False,False,False,0.02608695652173913,0.024125452352231604,0,0,12033771.75,23328054.75,-11295033.75,1000.0,1000.0,51.584977311492295,-1000.0,57.13221256866794,22.106748877825225,333.3320710417692,-500.0,29.632386472847326,45.27271588267231,500.0,11.992703280966303,500.0,500.0,322.89511131155575,1000.0,1000.0,-99.79660012181557,-15.966781348741426,0,0,0,0,0,0,0,0,0,0,0,0,0,0,0,0,0,0,0,0,0,0
248,3420,34,342,1.0,50,23,5.0,0.0,0.0,0.0,0.0,0.0,0.0,4273018.75,593593.0,3679425.750000001,3528274.75,6401895.5,0.0,0.0,0.0,11140129.0,0.0,0.0,0.0,78828.75,14898383.5,17882.75,10345.25,21439167.75,3228725.500000001,1095344.25,747997.25,16953937.0,2061059.0,923672.75,-239739.5,576325.75,0.0,0.0,0.0,0.0,2465713.25,2141889.75,4607603.0,4898894.0,8740481.75,1550298.75,14898383.5,0.0,0.0,0.0,0.0,0.0,0.0,0.0,0.0,0.0,0.0,0.0,41378.5,0,18.362765229295004,60.0,1.0,0,60.0,False,True,False,False,False,False,False,False,False,False,False,False,False,True,False,False,False,False,False,False,False,False,False,False,True,False,False,False,False,False,False,0.3242236024844721,0.3823884197828709,0,0,928177.2499999991,2399647.25,-1471470.0,1000.0,1000.0,38.67973719887367,-1000.0,53.51401260047795,16.550206604629285,286.349949815992,-500.0,24.696811905801734,13.891654465592973,500.0,23.373591799451944,500.0,500.0,104.02314459467438,1000.0,1000.0,131.3877899092701,72.85952490273314,0,0,0,0,0,0,0,0,0,0,0,0,0,0,0,0,0,0,0,0,0,0
249,4521,45,452,4.0,0,24,7.0,0.0,0.0,0.0,0.0,0.0,0.0,10460199.75,5478973.5,4981226.25,2190188.0,12390378.0,0.0,0.0,0.0,15778012.25,0.0,0.0,0.0,51551.5,20810790.0,11548177.75,23037.25,30784754.0,9219460.25,2905402.5,2608606.0,19995225.25,6263757.5,945694.75,-153653.5,686435.75,0.0,0.0,0.0,0.0,4746491.75,187937.75,4934429.5,5764759.0,14262498.25,1613862.25,20810790.0,0.0,0.0,0.0,0.0,0.0,0.0,0.0,0.0,0.0,0.0,0.0,63542.5,1,25.661875427789184,48.0,1.0,0,48.0,False,True,False,False,False,False,False,False,False,False,False,False,False,True,False,False,False,False,False,False,False,False,False,False,False,False,False,True,False,False,False,0.3242236024844721,0.3823884197828709,0,0,-46796.75,1515514.0,-1562310.75,-265.1269622693473,1000.0,-3.087846763540291,-1000.0,96.19129729181458,22.80784030784031,7.204528012279356,-241.81217295510876,23.935786435786436,52.3792435225723,500.0,14.461960246744345,500.0,500.0,103.79044067032955,1000.0,1000.0,-99.44976167343805,500.0,0,0,0,0,0,0,0,0,0,0,0,0,0,0,0,0,0,0,0,0,0,0
250,4521,45,452,4.0,0,24,6.0,0.0,0.0,0.0,0.0,0.0,0.0,10460199.75,5478973.5,4981226.25,2190188.0,12390378.0,0.0,0.0,0.0,15778012.25,0.0,0.0,0.0,51551.5,20810790.0,11548177.75,23037.25,30784754.0,9219460.25,2905402.5,2608606.0,19995225.25,6263757.5,945694.75,-153653.5,686435.75,0.0,0.0,0.0,0.0,4746491.75,187937.75,4934429.5,5764759.0,14262498.25,1613862.25,20810790.0,0.0,0.0,0.0,0.0,0.0,0.0,0.0,0.0,0.0,0.0,0.0,63542.5,1,25.741273100616016,48.0,1.0,0,48.0,False,True,False,False,False,False,False,False,False,False,False,False,False,True,False,False,False,False,False,False,False,False,False,False,False,False,False,True,False,False,False,0.3242236024844721,0.3823884197828709,0,0,-46796.75,1515514.0,-1562310.75,-265.1269622693473,1000.0,-3.087846763540291,-1000.0,96.19129729181458,22.80784030784031,7.204528012279356,-241.81217295510876,23.935786435786436,52.3792435225723,500.0,14.461960246744345,500.0,500.0,103.79044067032955,1000.0,1000.0,-99.44976167343805,500.0,0,0,0,0,0,0,0,0,0,0,0,0,0,0,0,0,0,0,0,0,0,0
251,6025,60,602,5.0,102,23,7.0,0.0,0.0,0.0,0.0,0.0,0.0,5176921.75,3781027.25,1395894.5,241241.0,15815299.5,0.0,0.0,0.0,18690421.75,0.0,0.0,0.0,107857.75000000012,20194174.0,33566.75,27295.5,39003214.25,8313305.0,2033531.5,1165414.25,12406143.75,5879623.75,1162411.25,15015.0,342842.5,0.0,0.0,0.0,0.0,2273521.25,0.0,2273521.25,10020010.0,16355589.25,1565063.5,20194174.0,0.0,0.0,0.0,0.0,0.0,0.0,0.0,0.0,0.0,0.0,0.0,77855.5,0,13.144421629021219,48.0,1.0,0,48.0,False,True,False,False,False,False,False,False,False,False,False,False,False,True,False,False,False,False,False,False,False,False,False,False,True,False,False,False,False,False,False,0.3242236024844721,0.3823884197828709,0,0,877626.75,2334832.5,-1457205.75,1000.0,1000.0,37.58842443729903,-1000.0,100.0,11.258302765936353,0.0,19.28572804747256,6.912362446713592,73.03620631314351,440.35745708395683,15.079801871216292,500.0,500.0,290.7594553706505,1000.0,1000.0,131.94232387705097,22.975398875272482,0,0,0,0,0,0,0,0,0,0,0,0,0,0,0,0,0,0,0,0,0,0
252,6025,60,602,3.0,102,23,7.0,0.0,0.0,0.0,0.0,0.0,0.0,5176921.75,3781027.25,1395894.5,241241.0,15815299.5,0.0,0.0,0.0,18690421.75,0.0,0.0,0.0,107857.75000000012,20194174.0,33566.75,27295.5,39003214.25,8313305.0,2033531.5,1165414.25,12406143.75,5879623.75,1162411.25,15015.0,342842.5,0.0,0.0,0.0,0.0,2273521.25,0.0,2273521.25,10020010.0,16355589.25,1565063.5,20194174.0,0.0,0.0,0.0,0.0,0.0,0.0,0.0,0.0,0.0,0.0,0.0,77855.5,0,13.314168377823409,48.0,1.0,0,48.0,False,True,False,False,False,False,False,False,False,False,False,False,False,True,False,False,False,False,False,False,False,False,False,False,True,False,False,False,False,False,False,0.3242236024844721,0.3823884197828709,0,0,877626.75,2334832.5,-1457205.75,1000.0,1000.0,37.58842443729903,-1000.0,100.0,11.258302765936353,0.0,19.28572804747256,6.912362446713592,73.03620631314351,440.35745708395683,15.079801871216292,500.0,500.0,290.7594553706505,1000.0,1000.0,131.94232387705097,22.975398875272482,0,0,0,0,0,0,0,0,0,0,0,0,0,0,0,0,0,0,0,0,0,0
253,6033,60,603,1.0,10,25,5.95,0.0,0.0,0.0,0.0,0.0,0.0,16800283.5,3996742.75,12803540.75,0.0,4468213.75,0.0,0.0,0.0,9219960.750000002,0.0,0.0,0.0,1707455.75,23730957.25,9608599.0,4489013.75,9988228.25,2011759.75,1734733.0,1728977.25,6756499.75,139889.74999999907,323072.75,46296.25000000006,317317.0,0.0,0.0,0.0,0.0,13362098.75,366115.75,13728214.5,1968967.0,5907902.0,4094840.75,23730957.25,0.0,0.0,0.0,0.0,0.0,0.0,0.0,0.0,0.0,0.0,0.0,19956.5,1,7.657768651608487,60.0,1.0,0,60.0,False,True,False,False,False,False,False,False,False,False,False,False,False,True,False,False,False,False,False,False,False,False,False,False,False,False,True,False,False,False,False,0.3242236024844721,0.3823884197828709,0,0,924673.75,3312058.750000002,-2387385.0,1000.0,1000.0,27.91839818662635,-1000.0,97.33311458675125,56.306615065011755,21.17527862208713,231.98581915666603,53.952904702148075,23.78973396490601,500.0,2.3747541904672724,500.0,500.0,104.91055224267565,0.0,1000.0,-99.79230582939303,114.04699417550235,0,0,0,0,0,0,0,0,0,0,0,0,0,0,0,0,0,0,0,0,0,0
254,7423,74,742,0.0,30,1,7.0,0.0,0.0,0.0,0.0,0.0,0.0,17696941.193991903,7239049.1334043145,10494936.916722622,5711624.613972619,14751896.664327338,0.0,0.0,0.0,24672445.857143342,0.0,0.0,0.0,936626.1695394691,36100427.35440215,23689402.432255726,17889398.211046387,35463800.705205336,9473299.257317152,2502156.240714975,1764434.9040538718,21066695.29673669,7026995.2010281375,1530573.3567460796,-489449.7146318286,713223.8350885716,0.0,0.0,0.0,0.0,11248784.191388477,3574801.479138362,14823585.67052684,9532926.419230485,15913281.269093791,5395102.20245469,36094790.188847594,0.0,0.0,0.0,0.0,0.0,0.0,0.0,0.0,0.0,0.0,0.0,0.0,0,3.6659822039698837,84.0,1.0,0,84.0,False,False,False,False,False,False,False,False,False,False,True,False,False,False,False,False,False,False,False,False,False,False,True,False,False,False,False,False,False,False,False,0.04720496894409938,0.04945717732207479,1,1,4328648.753804218,8759164.588049551,-4458476.032915221,,,49.4185114378368,,75.88436726043955,31.1596981414038,202.6031944236134,,29.071503264192945,40.90565173975922,,6.34045264762552,,,162.9042174191688,,,-100.0,32.421460760082695,0,0,0,1,1,0,1,0,0,0,1,0,0,1,0,1,1,0,1,1,0,0
255,6062,60,606,0.0,52,20,6.0,0.0,0.0,0.0,0.0,0.0,0.0,4598093.5,1916915.0,2681178.500000001,2252.25,10488478.0,0.0,0.0,0.0,16763496.75,0.0,0.0,0.0,179429.25,19624104.5,18962693.75,22229457.25,13588575.0,4408904.5,914663.75,586085.5,5836831.0,3336583.25,376876.5,-313813.5,48298.25,0.0,0.0,0.0,0.0,4883628.75,1578326.75,6461955.500000001,8075817.75,9912903.0,3249246.0,19624104.5,0.0,0.0,0.0,0.0,0.0,0.0,0.0,0.0,0.0,0.0,0.0,27150.0,0,4.054757015742642,120.0,1.0,0,120.0,False,True,False,False,False,False,False,False,False,False,False,False,False,True,False,False,False,False,False,False,False,False,False,False,True,False,False,False,False,False,False,0.3242236024844721,0.3823884197828709,0,0,3780777.0,6850593.75,-3069816.75,1000.0,1000.0,55.18904109589041,-1000.0,75.57509100766787,24.885868040500906,269.2997438087105,-500.0,13.662679486852515,41.68934363774899,177.8941068139963,0.9889828337176532,500.0,500.0,498.0946664380038,29.864088397790056,1000.0,-99.85682413923918,-14.695651194992626,0,0,0,0,0,0,0,0,0,0,0,0,0,0,0,0,0,0,0,0,0,0
256,116,1,11,0.0,500,20,6.0,0.0,0.0,0.0,0.0,0.0,0.0,22148376.25,11425414.0,13579315.75,1678677.0,128878.75,0.0,0.0,0.0,8026768.75,0.0,0.0,0.0,573573.0,22179657.5,72679607.0,67221904.75,84011427.5,14044030.0,3553550.0,2355353.0,58242684.5,10294784.5,1307556.25,-1015014.0,109359.25,0.0,0.0,0.0,0.0,3534030.5,1513762.25,5047792.75,3096343.25,17131864.75,0.0,22179657.5,0.0,0.0,0.0,0.0,0.0,0.0,0.0,0.0,0.0,0.0,0.0,170464.5,0,17.94113620807666,48.0,1.0,0,48.0,False,False,False,False,False,False,False,False,False,False,False,True,False,False,False,False,False,False,False,False,False,False,False,True,False,False,False,False,False,True,False,0.0012422360248447205,0.0036188178528347406,0,0,-8531523.0,-9105096.0,573573.0,-1000.0,-1000.0,93.7005277044855,1000.0,70.01140250855188,15.933656775358232,64.26901827454313,-500.0,61.22419045469931,51.58578611377889,64.15368009174931,3.0944625407166124,500.0,272.17602492014464,19.13860220505461,1000.0,-1000.0,-99.7654575925266,8.11893425260313,0,0,0,0,0,0,0,0,0,0,0,0,0,0,0,0,0,0,0,0,0,0
257,2623,26,262,2.0,25,35,6.6,0.0,0.0,0.0,0.0,0.0,0.0,23402879.5,1967465.5,21435414.0,4052548.5,10386125.75,0.0,0.0,0.0,18790271.5,0.0,0.0,0.0,48298.25,40273983.75,25117.25,18069.25,29300271.0,2864361.5,2359106.75,1595594.0,23182909.75,487987.5,1528276.75,-536536.0,764764.0,0.0,0.0,0.0,0.0,6813807.0,12014752.75,18828559.75,10085075.0,16561044.5,4884379.5,40273983.75,0.0,0.0,0.0,0.0,0.0,0.0,0.0,0.0,0.0,0.0,0.0,58542.0,1,4.553045859000685,48.0,1.0,0,48.0,False,True,False,False,False,False,False,False,False,False,False,False,False,True,False,False,False,False,False,False,False,False,False,False,False,False,False,True,False,False,False,0.012422360248447204,0.006031363088057901,0,0,-2606854.25,2229227.0,-4836081.25,-1000.0,1000.0,-116.93982936686125,-1000.0,36.188678743736624,16.91863174573586,500.0,-500.0,53.22397241122192,8.406937701832803,500.0,11.223740267371824,500.0,500.0,156.60790811645205,1000.0,1000.0,133.07487881834197,39.00549275703197,0,0,0,0,0,0,0,0,0,0,0,0,0,0,0,0,0,0,0,0,0,0
258,3430,34,343,30.0,160,22,5.0,0.0,0.0,0.0,0.0,0.0,0.0,20445174.75,8985476.5,11459698.25,19637117.5,22238466.25,0.0,0.0,0.0,48768970.25,0.0,0.0,0.0,1920919.0,62149587.5,40672.25,44323.75,41451910.5,4939184.25,2392890.5,1953701.75,34107823.75,2390137.75,881881.0,-206956.75,442692.25,0.0,0.0,0.0,0.0,11771009.25,28797769.0,40568778.25,5552797.25,21580308.75,667.3333333330229,62149587.5,0.0,0.0,0.0,0.0,0.0,0.0,0.0,0.0,0.0,0.0,0.0,79811.5,0,7.436002737850787,72.0,1.0,0,72.0,False,True,False,False,False,False,False,False,False,False,False,False,False,True,False,False,False,False,False,False,False,False,False,False,True,False,False,False,False,False,False,0.3242236024844721,0.3823884197828709,0,0,29109080.0,27188661.5,1920251.666666667,1000.0,1000.0,107.06330651841762,1000.0,29.014946364572857,18.939802697805515,500.0,-259.30692945252247,18.43889671834105,43.94913034431266,500.0,3.760869103046538,500.0,500.0,58.60845959132764,1000.0,1000.0,96.23084535524836,-8.238246989480809,0,0,0,0,0,0,0,0,0,0,0,0,0,0,0,0,0,0,0,0,0,0
259,6025,60,602,2.0,20,22,0.0,0.0,0.0,0.0,0.0,0.0,0.0,17696941.193991903,7239049.1334043145,10494936.916722622,5711624.613972619,14751896.664327338,0.0,0.0,0.0,24672445.857143342,0.0,0.0,0.0,936626.1695394691,36100427.35440215,23689402.432255726,17889398.211046387,35463800.705205336,9473299.257317152,2502156.240714975,1764434.9040538718,21066695.29673669,7026995.2010281375,1530573.3567460796,-489449.7146318286,713223.8350885716,0.0,0.0,0.0,0.0,11248784.191388477,3574801.479138362,14823585.67052684,9532926.419230485,15913281.269093791,5395102.20245469,36094790.188847594,0.0,0.0,0.0,0.0,0.0,0.0,0.0,0.0,0.0,0.0,0.0,0.0,1,4.191649555099247,60.0,1.0,0,60.0,False,False,False,False,False,False,False,False,False,True,False,False,False,False,False,False,False,False,False,False,False,True,False,False,False,False,False,False,True,False,False,0.07204968944099378,0.007237635705669481,1,1,4328648.753804218,8759164.588049551,-4458476.032915221,,,49.4185114378368,,75.88436726043955,31.1596981414038,202.6031944236134,,29.071503264192945,40.90565173975922,,6.34045264762552,,,162.9042174191688,,,-100.0,32.421460760082695,0,0,0,1,1,0,1,0,0,0,1,0,0,1,0,1,1,0,1,1,0,0
260,6025,60,602,1.0,20,24,0.0,0.0,0.0,0.0,0.0,0.0,0.0,17696941.193991903,7239049.1334043145,10494936.916722622,5711624.613972619,14751896.664327338,0.0,0.0,0.0,24672445.857143342,0.0,0.0,0.0,936626.1695394691,36100427.35440215,23689402.432255726,17889398.211046387,35463800.705205336,9473299.257317152,2502156.240714975,1764434.9040538718,21066695.29673669,7026995.2010281375,1530573.3567460796,-489449.7146318286,713223.8350885716,0.0,0.0,0.0,0.0,11248784.191388477,3574801.479138362,14823585.67052684,9532926.419230485,15913281.269093791,5395102.20245469,36094790.188847594,0.0,0.0,0.0,0.0,0.0,0.0,0.0,0.0,0.0,0.0,0.0,0.0,0,4.689938398357289,60.0,1.0,0,60.0,False,False,False,False,False,False,False,False,False,True,False,False,False,False,False,False,False,False,False,False,False,True,False,False,False,False,False,False,True,False,False,0.07204968944099378,0.007237635705669481,1,1,4328648.753804218,8759164.588049551,-4458476.032915221,,,49.4185114378368,,75.88436726043955,31.1596981414038,202.6031944236134,,29.071503264192945,40.90565173975922,,6.34045264762552,,,162.9042174191688,,,-100.0,32.421460760082695,0,0,0,1,1,0,1,0,0,0,1,0,0,1,0,1,1,0,1,1,0,0
261,6042,60,604,3.0,0,24,9.0,0.0,0.0,0.0,0.0,0.0,0.0,11888000.0,6457000.0,5431000.0,0.0,386000.0,0.0,0.0,0.0,1166000.0,0.0,0.0,0.0,165000.0,6762000.0,7854000.0,7103000.0,9082000.0,3485000.0,2192000.0,1617000.0,477000.0,1257000.0,1118000.0,-37000.0,543000.0,0.0,0.0,0.0,0.0,1995000.0,115000.0,2110000.0,1303000.0,4652000.0,0.0,6762000.0,0.0,0.0,0.0,0.0,0.0,0.0,0.0,0.0,0.0,0.0,0.0,0.0,0,13.158110882956878,54.0,1.0,0,54.0,False,False,False,False,False,False,False,False,True,False,False,False,False,False,False,False,False,False,False,False,False,False,False,False,False,False,False,True,False,False,False,0.08074534161490683,0.06031363088057901,1,0,-3321000.0,-3486000.0,165000.0,,,95.26678141135973,,94.54976303317537,29.503105590062113,7.111935683364255,,80.3164744158533,54.315275908479144,,27.21804511278195,,,500.0,,,-100.0,10.572997325073914,0,0,0,1,1,0,1,0,0,0,1,0,0,1,0,1,1,0,1,1,0,0
262,6031,60,603,3.0,0,24,9.0,0.0,0.0,0.0,0.0,0.0,0.0,11888000.0,6457000.0,5431000.0,0.0,386000.0,0.0,0.0,0.0,1166000.0,0.0,0.0,0.0,165000.0,6762000.0,7854000.0,7103000.0,9082000.0,3485000.0,2192000.0,1617000.0,477000.0,1257000.0,1118000.0,-37000.0,543000.0,0.0,0.0,0.0,0.0,1995000.0,115000.0,2110000.0,1303000.0,4652000.0,0.0,6762000.0,0.0,0.0,0.0,0.0,0.0,0.0,0.0,0.0,0.0,0.0,0.0,0.0,0,13.158110882956878,54.0,1.0,0,54.0,False,False,False,False,False,False,False,False,True,False,False,False,False,False,False,False,False,False,False,False,False,False,False,False,False,False,False,True,False,False,False,0.08074534161490683,0.06031363088057901,1,0,-3321000.0,-3486000.0,165000.0,,,95.26678141135973,,94.54976303317537,29.503105590062113,7.111935683364255,,80.3164744158533,54.315275908479144,,27.21804511278195,,,500.0,,,-100.0,10.572997325073914,0,0,0,1,1,0,1,0,0,0,1,0,0,1,0,1,1,0,1,1,0,0
263,127,1,12,20.0,10,5,7.0,0.0,0.0,0.0,0.0,0.0,0.0,17696941.193991903,7239049.1334043145,10494936.916722622,5711624.613972619,14751896.664327338,0.0,0.0,0.0,24672445.857143342,0.0,0.0,0.0,936626.1695394691,36100427.35440215,23689402.432255726,17889398.211046387,35463800.705205336,9473299.257317152,2502156.240714975,1764434.9040538718,21066695.29673669,7026995.2010281375,1530573.3567460796,-489449.7146318286,713223.8350885716,0.0,0.0,0.0,0.0,11248784.191388477,3574801.479138362,14823585.67052684,9532926.419230485,15913281.269093791,5395102.20245469,36094790.188847594,0.0,0.0,0.0,0.0,0.0,0.0,0.0,0.0,0.0,0.0,0.0,0.0,1,18.46406570841889,48.0,1.0,0,48.0,False,False,False,False,False,False,False,False,False,False,True,False,False,False,False,False,False,False,False,False,False,False,True,False,False,False,False,False,False,False,False,0.0012422360248447205,0.0024125452352231603,1,1,4328648.753804218,8759164.588049551,-4458476.032915221,,,49.4185114378368,,75.88436726043955,31.1596981414038,202.6031944236134,,29.071503264192945,40.90565173975922,,6.34045264762552,,,162.9042174191688,,,-100.0,32.421460760082695,0,0,0,1,1,0,1,0,0,0,1,0,0,1,0,1,1,0,1,1,0,0
264,3611,36,361,10.0,250,35,2.0,0.0,0.0,0.0,0.0,0.0,0.0,10682421.75,8280772.5,2401649.25,8809550.75,11641630.0,0.0,0.0,0.0,24278504.25,0.0,0.0,0.0,337837.5,27017991.0,21238.249999996275,19071.25,23652629.0,4467212.75,2437184.75,768767.9999999999,16249983.75,1913161.25,1805053.25,-1286034.75,139389.25,0.0,0.0,0.0,0.0,7705197.5,4904399.5,12609597.0,4866111.25,6761755.0,7646639.0,27017991.0,0.0,0.0,0.0,0.0,0.0,0.0,0.0,0.0,0.0,0.0,0.0,47609.0,0,30.7378507871321,84.0,1.0,0,84.0,False,True,False,False,False,False,False,False,False,False,False,False,False,True,False,False,False,False,False,False,False,False,False,False,True,False,False,False,False,False,False,0.3242236024844721,0.3823884197828709,0,0,10207947.75,17516749.25,-7308801.5,1000.0,1000.0,58.27535465805678,-1000.0,61.10581884575693,28.51876551443074,500.0,-500.0,8.889074135823053,77.51774544943424,292.7792014114978,1.8090289054887951,500.0,500.0,107.80318780318781,1000.0,1000.0,124.16630372092028,11.362653208343842,0,0,0,0,0,0,0,0,0,0,0,0,0,0,0,0,0,0,0,0,0,0
265,9214,92,921,9.0,98,6,5.0,0.0,0.0,0.0,0.0,0.0,0.0,154375971.75,69710535.81992495,78354776.5,252001.75,3882128.25,0.0,0.0,0.0,9778518.75,0.0,0.0,0.0,5660655.0,93793950.25,36121335.25,40530740.25,36505969.5,13850837.0,9738228.5,6282776.5,15085570.5,3662659.0,2857104.25,-1462711.25,-403653.2499999999,0.0,0.0,0.0,0.0,30520490.0,21541269.75,52061759.75,8865606.75,41731940.25,0.0,93793700.0,0.0,0.0,0.0,0.0,0.0,0.0,0.0,0.0,0.0,0.0,0.0,72804.5,0,17.861738535249827,84.0,1.0,0,84.0,False,True,False,False,False,False,False,False,False,False,False,False,False,True,False,False,False,False,False,False,False,False,False,False,False,False,False,False,True,False,False,0.3242236024844721,0.3823884197828709,0,0,-26293016.75,-31953421.5,5660655.0,-1000.0,-1000.0,82.2854502451326,1000.0,58.62362345521753,32.539934525254736,342.8622640006373,-500.0,83.53926483653993,45.15633814620827,-500.0,-1.3225647753361753,500.0,500.0,211.56763212899372,1000.0,-1000.0,-99.79844460484057,-10.87916226745945,0,0,0,0,0,0,0,0,0,0,0,0,0,0,0,0,0,0,0,0,0,0
266,9214,92,921,24.0,98,6,5.0,0.0,0.0,0.0,0.0,0.0,0.0,154375971.75,69710535.81992495,78354776.5,252001.75,3882128.25,0.0,0.0,0.0,9778518.75,0.0,0.0,0.0,5660655.0,93793950.25,36121335.25,40530740.25,36505969.5,13850837.0,9738228.5,6282776.5,15085570.5,3662659.0,2857104.25,-1462711.25,-403653.2499999999,0.0,0.0,0.0,0.0,30520490.0,21541269.75,52061759.75,8865606.75,41731940.25,0.0,93793700.0,0.0,0.0,0.0,0.0,0.0,0.0,0.0,0.0,0.0,0.0,0.0,72804.5,0,17.861738535249827,108.0,1.0,0,108.0,False,True,False,False,False,False,False,False,False,False,False,False,False,True,False,False,False,False,False,False,False,False,False,False,False,False,False,False,True,False,False,0.3242236024844721,0.3823884197828709,0,0,-26293016.75,-31953421.5,5660655.0,-1000.0,-1000.0,82.2854502451326,1000.0,58.62362345521753,32.539934525254736,342.8622640006373,-500.0,83.53926483653993,45.15633814620827,-500.0,-1.3225647753361753,500.0,500.0,211.56763212899372,1000.0,-1000.0,-99.79844460484057,-10.87916226745945,0,0,0,0,0,0,0,0,0,0,0,0,0,0,0,0,0,0,0,0,0,0
267,5162,51,516,3.0,101,22,1.0,0.0,0.0,0.0,0.0,0.0,0.0,5387882.5,4115611.5,1272271.0,1203702.5,2503751.25,0.0,0.0,0.0,6043037.0,0.0,0.0,0.0,0.0,7315308.0,19534169.75,17150101.0,56311505.25,1342341.0,1317566.25,893392.5,51847545.75,21521.5,1137636.5,-187437.25,713462.75,0.0,0.0,0.0,0.0,6311805.5,0.0,6311805.5,841090.25,841590.7500000019,161911.75,7315308.0,0.0,0.0,0.0,0.0,0.0,0.0,0.0,0.0,0.0,0.0,0.0,110105.5,0,23.077344284736483,48.0,1.0,0,48.0,False,True,False,False,False,False,False,False,False,False,False,False,False,True,False,False,False,False,False,False,False,False,False,False,True,False,False,False,False,False,False,0.008695652173913044,0.008443908323281062,0,0,5039534.5,5201446.249999998,-161911.75,1000.0,1000.0,96.88717825354827,-529.3852713987948,100.0,86.28215654077724,0.0,-170.23422989768903,17.39189928845101,76.38643752902927,500.0,11.303623820474188,500.0,500.0,5.840054444621422,1000.0,1000.0,-99.43634410159665,13.901193643116155,0,0,0,0,0,0,0,0,0,0,0,0,0,0,0,0,0,0,0,0,0,0
268,5162,51,516,3.0,101,22,1.0,0.0,0.0,0.0,0.0,0.0,0.0,5387882.5,4115611.5,1272271.0,1203702.5,2503751.25,0.0,0.0,0.0,6043037.0,0.0,0.0,0.0,0.0,7315308.0,19534169.75,17150101.0,56311505.25,1342341.0,1317566.25,893392.5,51847545.75,21521.5,1137636.5,-187437.25,713462.75,0.0,0.0,0.0,0.0,6311805.5,0.0,6311805.5,841090.25,841590.7500000019,161911.75,7315308.0,0.0,0.0,0.0,0.0,0.0,0.0,0.0,0.0,0.0,0.0,0.0,110105.5,0,23.077344284736483,180.0,1.0,0,180.0,False,True,False,False,False,False,False,False,False,False,False,False,False,True,False,False,False,False,False,False,False,False,False,False,True,False,False,False,False,False,False,0.008695652173913044,0.008443908323281062,0,0,5039534.5,5201446.249999998,-161911.75,1000.0,1000.0,96.88717825354827,-529.3852713987948,100.0,86.28215654077724,0.0,-170.23422989768903,17.39189928845101,76.38643752902927,500.0,11.303623820474188,500.0,500.0,5.840054444621422,1000.0,1000.0,-99.43634410159665,13.901193643116155,0,0,0,0,0,0,0,0,0,0,0,0,0,0,0,0,0,0,0,0,0,0
269,2524,25,252,0.0,0,23,1.0,0.0,0.0,0.0,0.0,0.0,0.0,3039036.0,561811.25,2477224.75,301801.5,4743739.0,0.0,0.0,0.0,6984727.75,0.0,0.0,0.0,27277.25,9489229.75,3240333.0,7667.5,4919664.75,323573.25,220220.0,53553.5,4438183.75,101601.5,217967.75,-64564.5,51301.25,0.0,0.0,0.0,0.0,4296292.000000001,638638.0,4934930.0,3188185.0,4191937.75,362362.0,9489229.75,0.0,0.0,0.0,0.0,0.0,0.0,0.0,0.0,0.0,0.0,0.0,9829.5,0,15.737166324435318,60.0,1.0,0,60.0,False,False,False,False,True,False,False,False,False,False,False,False,False,False,False,False,True,False,False,False,False,False,False,False,False,True,False,False,False,False,False,0.06459627329192547,0.06031363088057901,0,0,2457705.25,2792790.0,-335084.75,1000.0,1000.0,88.00179211469535,-1000.0,87.05882352941178,45.275455576360145,500.0,-500.0,26.1056462459453,18.4864953886693,500.0,1.19408201304753,500.0,500.0,258.6072737524669,1000.0,1000.0,-99.69665154785018,500.0,0,0,0,0,0,0,0,0,0,0,0,0,0,0,0,0,0,0,0,0,0,0
270,7023,70,702,2.0,46,24,5.0,0.0,0.0,0.0,0.0,0.0,0.0,17362845.5,4355351.0,13007494.5,2418165.75,5431175.75,0.0,0.0,0.0,9235476.25,0.0,0.0,0.0,321321.0,22564291.75,4211707.5,2504.0,12113101.0,3198945.75,1726224.5,1723972.25,6325819.5,1358106.75,631380.75,-375625.25,629128.5,0.0,0.0,0.0,0.0,3734480.75,3956702.75,7691183.5,3103850.75,14873108.25,0.0,22564291.75,0.0,0.0,0.0,0.0,0.0,0.0,0.0,0.0,0.0,0.0,0.0,24202.0,1,5.930184804928132,84.0,1.0,0,84.0,False,False,False,False,False,False,False,False,False,True,False,False,False,False,False,False,False,False,False,False,False,True,False,False,False,False,False,False,True,False,False,0.07204968944099378,0.05066344993968637,0,0,-5316311.0,-5637632.0,321321.0,-1000.0,-1000.0,94.30042613636364,1000.0,48.55534587102232,16.550400922732265,229.51081434170416,-500.0,57.6463672962392,25.08431581678245,500.0,16.846478590095828,500.0,500.0,176.6389746024211,1000.0,-1000.0,-99.42536370343858,500.0,0,0,0,0,0,0,0,0,0,0,0,0,0,0,0,0,0,0,0,0,0,0
271,5227,52,522,3.0,0,3,7.0,0.0,0.0,0.0,0.0,0.0,0.0,17696941.193991903,7239049.1334043145,10494936.916722622,5711624.613972619,14751896.664327338,0.0,0.0,0.0,24672445.857143342,0.0,0.0,0.0,936626.1695394691,36100427.35440215,23689402.432255726,17889398.211046387,35463800.705205336,9473299.257317152,2502156.240714975,1764434.9040538718,21066695.29673669,7026995.2010281375,1530573.3567460796,-489449.7146318286,713223.8350885716,0.0,0.0,0.0,0.0,11248784.191388477,3574801.479138362,14823585.67052684,9532926.419230485,15913281.269093791,5395102.20245469,36094790.188847594,0.0,0.0,0.0,0.0,0.0,0.0,0.0,0.0,0.0,0.0,0.0,0.0,0,13.96577686516085,96.0,1.0,0,96.0,False,True,False,False,False,False,False,False,False,False,False,False,False,True,False,False,False,False,False,False,False,False,False,False,True,False,False,False,False,False,False,0.3242236024844721,0.3823884197828709,1,1,4328648.753804218,8759164.588049551,-4458476.032915221,,,49.4185114378368,,75.88436726043955,31.1596981414038,202.6031944236134,,29.071503264192945,40.90565173975922,,6.34045264762552,,,162.9042174191688,,,-100.0,32.421460760082695,0,0,0,1,1,0,1,0,0,0,1,0,0,1,0,1,1,0,1,1,0,0
272,6062,60,606,0.0,20,23,7.0,0.0,0.0,0.0,0.0,0.0,0.0,4965210.25,2218466.25,2746744.0,0.0,3088085.0,0.0,0.0,0.0,6327070.75,0.0,0.0,0.0,95345.25,9169160.0,7781324.25,6807.5,15164649.5,870870.0,-784596.2874749999,-418417.99999999977,9852092.25,2170918.75,-1401829.2788499997,-215965.75,-585334.7499999999,0.0,0.0,0.0,0.0,3125372.25,951700.7499999995,4077073.0,3500497.0,3807804.0,1284283.0000000005,9169160.0,0.0,0.0,0.0,0.0,0.0,0.0,0.0,0.0,0.0,0.0,0.0,30299.0,0,14.806297056810404,180.0,1.0,0,180.0,False,False,False,False,False,False,False,False,False,False,False,True,False,False,False,False,False,False,False,False,False,False,False,True,False,False,False,False,False,True,False,0.07080745341614907,0.054282267792521106,0,0,1330329.0,2519266.75,-1188937.7500000005,1000.0,1000.0,52.806198470249335,-1000.0,76.65725509452493,34.08569868995633,-227.45215311004787,-500.0,29.95633187772926,44.68020765082405,-500.0,-18.72848106333573,-500.0,500.0,127.90977672788235,0.0,1000.0,-99.61061897658358,500.0,0,0,0,0,0,0,0,0,0,0,0,0,0,0,0,0,0,0,0,0,0,0
273,502,5,50,0.0,15,1,5.0,0.0,0.0,0.0,0.0,0.0,0.0,17696941.193991903,7239049.1334043145,10494936.916722622,5711624.613972619,14751896.664327338,0.0,0.0,0.0,24672445.857143342,0.0,0.0,0.0,936626.1695394691,36100427.35440215,23689402.432255726,17889398.211046387,35463800.705205336,9473299.257317152,2502156.240714975,1764434.9040538718,21066695.29673669,7026995.2010281375,1530573.3567460796,-489449.7146318286,713223.8350885716,0.0,0.0,0.0,0.0,11248784.191388477,3574801.479138362,14823585.67052684,9532926.419230485,15913281.269093791,5395102.20245469,36094790.188847594,0.0,0.0,0.0,0.0,0.0,0.0,0.0,0.0,0.0,0.0,0.0,0.0,0,12.4435318275154,84.0,1.0,0,84.0,False,False,False,False,False,False,False,False,False,False,False,True,False,False,False,False,False,False,False,False,False,False,False,True,False,False,False,False,True,False,False,0.07080745341614907,0.054282267792521106,1,1,4328648.753804218,8759164.588049551,-4458476.032915221,,,49.4185114378368,,75.88436726043955,31.1596981414038,202.6031944236134,,29.071503264192945,40.90565173975922,,6.34045264762552,,,162.9042174191688,,,-100.0,32.421460760082695,0,0,0,1,1,0,1,0,0,0,1,0,0,1,0,1,1,0,1,1,0,0
274,5170,51,517,2.0,32,24,5.0,0.0,0.0,0.0,0.0,0.0,0.0,2174422.250000002,567066.5,1607355.75,4367112.75,16037771.75,0.0,0.0,0.0,24486211.75,0.0,0.0,0.0,265765.5,26359333.0,13679970.25,22167.5,29202423.25,3723469.75,578828.25,55805.75,22573551.0,3108105.0,186686.5,-380129.75,-330079.7500000001,0.0,0.0,0.0,0.0,2891889.0,0.0,2891889.0,6017011.0,13301538.25,10165905.75,26359333.0,0.0,0.0,0.0,0.0,0.0,0.0,0.0,0.0,0.0,0.0,0.0,57352.5,0,7.627652292950034,60.0,1.0,0,60.0,False,False,False,False,False,False,False,False,False,True,False,False,False,True,False,False,False,False,False,False,False,False,False,False,False,False,False,False,True,False,False,0.07204968944099378,0.3823884197828709,0,0,1284533.25,11184673.5,-9900140.25,1000.0,1000.0,11.484763055443684,-1000.0,100.0,10.971024949682908,0.0,-500.0,6.097861998253142,26.078950397053724,-500.0,-11.413984077535483,97.3030818185781,500.0,95.95849408008515,1000.0,1000.0,-99.58075566721352,500.0,0,0,0,0,0,0,0,0,0,0,0,0,0,0,0,0,0,0,0,0,0,0
275,8511,85,851,36.0,43,26,6.0,0.0,0.0,0.0,0.0,0.0,0.0,17696941.193991903,7239049.1334043145,10494936.916722622,5711624.613972619,14751896.664327338,0.0,0.0,0.0,24672445.857143342,0.0,0.0,0.0,936626.1695394691,36100427.35440215,23689402.432255726,17889398.211046387,35463800.705205336,9473299.257317152,2502156.240714975,1764434.9040538718,21066695.29673669,7026995.2010281375,1530573.3567460796,-489449.7146318286,713223.8350885716,0.0,0.0,0.0,0.0,11248784.191388477,3574801.479138362,14823585.67052684,9532926.419230485,15913281.269093791,5395102.20245469,36094790.188847594,0.0,0.0,0.0,0.0,0.0,0.0,0.0,0.0,0.0,0.0,0.0,0.0,0,4.191649555099247,144.0,3.0,0,48.0,False,False,False,False,False,False,False,False,False,False,False,False,False,False,False,False,False,False,False,False,False,False,True,False,False,False,False,False,False,False,False,0.07080745341614907,0.007237635705669481,1,1,4328648.753804218,8759164.588049551,-4458476.032915221,,,49.4185114378368,,75.88436726043955,31.1596981414038,202.6031944236134,,29.071503264192945,40.90565173975922,,6.34045264762552,,,162.9042174191688,,,-100.0,32.421460760082695,0,0,0,1,1,0,1,0,0,0,1,0,0,1,0,1,1,0,1,1,0,0
276,1582,15,158,0.0,120,21,8.0,0.0,0.0,0.0,0.0,0.0,0.0,17696941.193991903,7239049.1334043145,10494936.916722622,5711624.613972619,14751896.664327338,0.0,0.0,0.0,24672445.857143342,0.0,0.0,0.0,936626.1695394691,36100427.35440215,23689402.432255726,17889398.211046387,35463800.705205336,9473299.257317152,2502156.240714975,1764434.9040538718,21066695.29673669,7026995.2010281375,1530573.3567460796,-489449.7146318286,713223.8350885716,0.0,0.0,0.0,0.0,11248784.191388477,3574801.479138362,14823585.67052684,9532926.419230485,15913281.269093791,5395102.20245469,36094790.188847594,0.0,0.0,0.0,0.0,0.0,0.0,0.0,0.0,0.0,0.0,0.0,0.0,0,7.274469541409993,60.0,1.0,0,60.0,False,False,False,False,False,False,False,False,False,False,False,True,False,True,False,False,False,False,False,False,False,False,False,False,False,False,False,False,False,True,False,0.07080745341614907,0.3823884197828709,1,1,4328648.753804218,8759164.588049551,-4458476.032915221,,,49.4185114378368,,75.88436726043955,31.1596981414038,202.6031944236134,,29.071503264192945,40.90565173975922,,6.34045264762552,,,162.9042174191688,,,-100.0,32.421460760082695,0,0,0,1,1,0,1,0,0,0,1,0,0,1,0,1,1,0,1,1,0,0
277,1744,17,174,0.0,120,21,1.0,0.0,0.0,0.0,0.0,0.0,0.0,17696941.193991903,7239049.1334043145,10494936.916722622,5711624.613972619,14751896.664327338,0.0,0.0,0.0,24672445.857143342,0.0,0.0,0.0,936626.1695394691,36100427.35440215,23689402.432255726,17889398.211046387,35463800.705205336,9473299.257317152,2502156.240714975,1764434.9040538718,21066695.29673669,7026995.2010281375,1530573.3567460796,-489449.7146318286,713223.8350885716,0.0,0.0,0.0,0.0,11248784.191388477,3574801.479138362,14823585.67052684,9532926.419230485,15913281.269093791,5395102.20245469,36094790.188847594,0.0,0.0,0.0,0.0,0.0,0.0,0.0,0.0,0.0,0.0,0.0,0.0,0,8.084873374401095,48.0,1.0,0,48.0,False,False,False,False,False,False,False,False,False,False,False,True,False,True,False,False,False,False,False,False,False,False,False,False,False,False,False,False,False,True,False,0.07080745341614907,0.3823884197828709,1,1,4328648.753804218,8759164.588049551,-4458476.032915221,,,49.4185114378368,,75.88436726043955,31.1596981414038,202.6031944236134,,29.071503264192945,40.90565173975922,,6.34045264762552,,,162.9042174191688,,,-100.0,32.421460760082695,0,0,0,1,1,0,1,0,0,0,1,0,0,1,0,1,1,0,1,1,0,0
278,1744,17,174,0.0,120,21,1.0,0.0,0.0,0.0,0.0,0.0,0.0,17696941.193991903,7239049.1334043145,10494936.916722622,5711624.613972619,14751896.664327338,0.0,0.0,0.0,24672445.857143342,0.0,0.0,0.0,936626.1695394691,36100427.35440215,23689402.432255726,17889398.211046387,35463800.705205336,9473299.257317152,2502156.240714975,1764434.9040538718,21066695.29673669,7026995.2010281375,1530573.3567460796,-489449.7146318286,713223.8350885716,0.0,0.0,0.0,0.0,11248784.191388477,3574801.479138362,14823585.67052684,9532926.419230485,15913281.269093791,5395102.20245469,36094790.188847594,0.0,0.0,0.0,0.0,0.0,0.0,0.0,0.0,0.0,0.0,0.0,0.0,0,8.084873374401095,48.0,1.0,0,48.0,False,False,False,False,False,False,False,False,False,False,False,True,False,True,False,False,False,False,False,False,False,False,False,False,False,False,False,False,False,True,False,0.07080745341614907,0.3823884197828709,1,1,4328648.753804218,8759164.588049551,-4458476.032915221,,,49.4185114378368,,75.88436726043955,31.1596981414038,202.6031944236134,,29.071503264192945,40.90565173975922,,6.34045264762552,,,162.9042174191688,,,-100.0,32.421460760082695,0,0,0,1,1,0,1,0,0,0,1,0,0,1,0,1,1,0,1,1,0,0
279,1730,17,173,0.0,120,21,6.0,0.0,0.0,0.0,0.0,0.0,0.0,17696941.193991903,7239049.1334043145,10494936.916722622,5711624.613972619,14751896.664327338,0.0,0.0,0.0,24672445.857143342,0.0,0.0,0.0,936626.1695394691,36100427.35440215,23689402.432255726,17889398.211046387,35463800.705205336,9473299.257317152,2502156.240714975,1764434.9040538718,21066695.29673669,7026995.2010281375,1530573.3567460796,-489449.7146318286,713223.8350885716,0.0,0.0,0.0,0.0,11248784.191388477,3574801.479138362,14823585.67052684,9532926.419230485,15913281.269093791,5395102.20245469,36094790.188847594,0.0,0.0,0.0,0.0,0.0,0.0,0.0,0.0,0.0,0.0,0.0,0.0,0,8.36413415468857,48.0,1.0,0,48.0,False,False,False,False,False,False,False,False,False,False,False,True,False,True,False,False,False,False,False,False,False,False,False,False,False,False,False,False,False,True,False,0.07080745341614907,0.3823884197828709,1,1,4328648.753804218,8759164.588049551,-4458476.032915221,,,49.4185114378368,,75.88436726043955,31.1596981414038,202.6031944236134,,29.071503264192945,40.90565173975922,,6.34045264762552,,,162.9042174191688,,,-100.0,32.421460760082695,0,0,0,1,1,0,1,0,0,0,1,0,0,1,0,1,1,0,1,1,0,0
280,1534,15,153,0.0,0,7,6.0,0.0,0.0,0.0,0.0,0.0,0.0,17696941.193991903,7239049.1334043145,10494936.916722622,5711624.613972619,14751896.664327338,0.0,0.0,0.0,24672445.857143342,0.0,0.0,0.0,936626.1695394691,36100427.35440215,23689402.432255726,17889398.211046387,35463800.705205336,9473299.257317152,2502156.240714975,1764434.9040538718,21066695.29673669,7026995.2010281375,1530573.3567460796,-489449.7146318286,713223.8350885716,0.0,0.0,0.0,0.0,11248784.191388477,3574801.479138362,14823585.67052684,9532926.419230485,15913281.269093791,5395102.20245469,36094790.188847594,0.0,0.0,0.0,0.0,0.0,0.0,0.0,0.0,0.0,0.0,0.0,0.0,0,4.941820670773443,84.0,12.0,0,7.0,False,False,False,False,False,False,False,False,False,True,False,False,False,False,False,False,False,False,False,False,False,True,False,False,False,False,False,False,True,False,False,0.0012422360248447205,0.0012062726176115801,1,1,4328648.753804218,8759164.588049551,-4458476.032915221,,,49.4185114378368,,75.88436726043955,31.1596981414038,202.6031944236134,,29.071503264192945,40.90565173975922,,6.34045264762552,,,162.9042174191688,,,-100.0,32.421460760082695,0,0,0,1,1,0,1,0,0,0,1,0,0,1,0,1,1,0,1,1,0,0
281,5010,50,501,3.0,12,30,6.0,0.0,0.0,0.0,0.0,0.0,0.0,2457705.25,967967.0,1731730.0,1957205.25,132882.75,0.0,0.0,0.0,2328576.25,0.0,0.0,0.0,323072.75,4383379.0,4167721.5,6443.5,11556545.0,626375.75,377377.0,275024.75,10613853.25,193443.25,154654.5,-10760.75,52302.25,0.0,0.0,0.0,0.0,610610.0,1557556.0,2168166.0,1398647.25,2215213.0,0.0,4383379.0,0.0,0.0,0.0,0.0,0.0,0.0,0.0,0.0,0.0,0.0,0.0,23090.0,0,11.118412046543463,84.0,1.0,0,84.0,False,False,False,False,False,False,False,False,True,False,False,False,False,False,False,False,False,False,False,False,True,False,False,False,False,False,False,True,False,False,False,0.08074534161490683,0.0048250904704463205,0,0,436436.0,113363.25,323072.75,1000.0,1000.0,384.9889624724062,1000.0,28.162511542012926,13.930121032199134,500.0,-46.60350801212646,39.50673669787623,39.38499134507688,226.5147249891728,8.565573770491804,500.0,500.0,47.43922853841982,1000.0,1000.0,-99.44598025563847,500.0,0,0,0,0,0,0,0,0,0,0,0,0,0,0,0,0,0,0,0,0,0,0
282,6031,60,603,6.0,23,26,9.0,65.0,100.0,0.0,100.0,100.0,0.0,4064560.5,458958.5,3605602.0,0.0,847847.0,100.0,100.0,0.0,890890.0,100.0,100.0,0.0,105105.0,4601597.0,319819.5,0.0,1869367.5,546546.0,418918.5,365865.5,329329.0,115115.00000000093,-9009.0,-43043.0,-62062.0,100.0,100.0,0.0,2.0,1463462.0,2530027.5,3993489.5,384884.5,449448.99999999814,158658.5,4601597.0,51.0,51.0,0.0,38.9339,39.9339,0.0,34.5893,66.0,66.0,0.0,2.0,3735.0,0,3.0061601642710474,84.0,3.0,0,28.0,False,False,False,False,False,False,False,False,False,False,True,False,False,False,False,False,False,False,False,False,False,False,True,False,False,False,False,False,False,False,False,0.04720496894409938,0.04945717732207479,0,0,387887.5,441441.00000000186,-53553.5,1000.0,1000.0,87.86848072562321,-1000.0,36.64619626519614,31.803350010876656,500.0,-500.0,78.35544920600391,11.291712843245906,-500.0,-4.240766073871409,500.0,500.0,420.7294832826748,0.0,1000.0,-98.83215376173122,,0,0,0,0,0,0,0,0,0,0,0,0,0,0,0,0,0,0,0,0,0,1
283,6042,60,604,4.0,23,25,0.5,65.0,100.0,0.0,100.0,100.0,0.0,4064560.5,458958.5,3605602.0,0.0,847847.0,100.0,100.0,0.0,890890.0,100.0,100.0,0.0,105105.0,4601597.0,319819.5,0.0,1869367.5,546546.0,418918.5,365865.5,329329.0,115115.00000000093,-9009.0,-43043.0,-62062.0,100.0,100.0,0.0,2.0,1463462.0,2530027.5,3993489.5,384884.5,449448.99999999814,158658.5,4601597.0,51.0,51.0,0.0,38.9339,39.9339,0.0,34.5893,66.0,66.0,0.0,2.0,3735.0,1,4.073921971252567,60.0,1.0,0,60.0,False,False,False,False,False,False,False,False,False,False,True,False,False,False,False,False,False,False,False,False,False,False,True,False,False,False,False,False,False,False,False,0.04720496894409938,0.04945717732207479,0,0,387887.5,441441.00000000186,-53553.5,1000.0,1000.0,87.86848072562321,-1000.0,36.64619626519614,31.803350010876656,500.0,-500.0,78.35544920600391,11.291712843245906,-500.0,-4.240766073871409,500.0,500.0,420.7294832826748,0.0,1000.0,-98.83215376173122,,0,0,0,0,0,0,0,0,0,0,0,0,0,0,0,0,0,0,0,0,0,1
284,6042,60,604,3.0,23,23,0.5,65.0,100.0,0.0,100.0,100.0,0.0,4064560.5,458958.5,3605602.0,0.0,847847.0,100.0,100.0,0.0,890890.0,100.0,100.0,0.0,105105.0,4601597.0,319819.5,0.0,1869367.5,546546.0,418918.5,365865.5,329329.0,115115.00000000093,-9009.0,-43043.0,-62062.0,100.0,100.0,0.0,2.0,1463462.0,2530027.5,3993489.5,384884.5,449448.99999999814,158658.5,4601597.0,51.0,51.0,0.0,38.9339,39.9339,0.0,34.5893,66.0,66.0,0.0,2.0,3735.0,1,4.073921971252567,48.0,1.0,0,48.0,False,False,False,False,False,False,False,False,False,False,True,False,False,False,False,False,False,False,False,False,False,False,True,False,False,False,False,False,False,False,False,0.04720496894409938,0.04945717732207479,0,0,387887.5,441441.00000000186,-53553.5,1000.0,1000.0,87.86848072562321,-1000.0,36.64619626519614,31.803350010876656,500.0,-500.0,78.35544920600391,11.291712843245906,-500.0,-4.240766073871409,500.0,500.0,420.7294832826748,0.0,1000.0,-98.83215376173122,,0,0,0,0,0,0,0,0,0,0,0,0,0,0,0,0,0,0,0,0,0,1
285,1744,17,174,0.0,530,24,7.0,0.0,0.0,0.0,0.0,0.0,0.0,10694433.75,4639134.5,6055299.25,3050547.5,2869616.75,0.0,0.0,0.0,34957172.25,0.0,0.0,0.0,12435658.535299975,60990429.5,152590187.75,138497108.75,148990091.25,28738960.25,6822315.5,5729223.5,113771908.25,21831059.25,5933177.25,235985.75000000006,4840085.25,0.0,0.0,0.0,0.0,30766986.25,0.0,30766986.25,26932405.5,29423644.25,799799.0,60990429.5,0.0,0.0,0.0,0.0,0.0,0.0,0.0,0.0,0.0,0.0,0.0,298514.0,0,12.511978097193703,48.0,1.0,0,48.0,False,False,False,False,False,False,False,False,False,False,False,True,False,False,False,False,False,False,False,False,False,False,False,True,False,False,False,False,False,True,False,0.07080745341614907,0.054282267792521106,0,0,24711687.0,5533528.0,11635859.535299975,1000.0,1000.0,446.581041968162,1000.0,100.0,50.44559696042147,0.0,79.05349497846,9.92827776364487,43.378963378963384,500.0,15.731424620765383,500.0,500.0,85.22021058744086,1000.0,1000.0,-99.80436881007769,10.175720726011185,0,0,0,0,0,0,0,0,0,0,0,0,0,0,0,0,0,0,0,0,0,0
286,7423,74,742,0.0,90,22,0.0,0.0,0.0,0.0,0.0,0.0,0.0,2509256.75,1886384.5,622872.25,2215963.75,16062046.0,0.0,0.0,0.0,18980711.75,0.0,0.0,0.0,4364109.75,23967693.75,21013.75,18297.75,21912140.25,14858343.5,3419666.25,2941688.75,3062309.25,11175664.5,3969465.5,-10760.75,2828075.25,0.0,0.0,0.0,0.0,15454439.0,0.0,15454439.0,1937685.75,8513254.75,0.0,23967693.75,0.0,0.0,0.0,0.0,0.0,0.0,0.0,0.0,0.0,0.0,0.0,43338.0,0,27.928815879534564,48.0,1.0,0,48.0,False,False,False,False,False,False,False,False,False,True,False,False,False,False,False,False,False,False,False,False,False,True,False,False,False,False,False,False,True,False,False,0.07204968944099378,0.05066344993968637,0,0,14831566.75,10467457.0,4364109.75,1000.0,1000.0,141.69216792579132,1000.0,100.0,64.48029235186635,0.0,-24.829826018736444,2.598799269120334,75.17702204049067,500.0,18.29943649200078,500.0,500.0,227.7911252758029,1000.0,1000.0,106.23639283802274,14.84335505731579,0,0,0,0,0,0,0,0,0,0,0,0,0,0,0,0,0,0,0,0,0,0
287,1522,15,152,10.0,100,1,5.0,0.0,0.0,0.0,0.0,0.0,0.0,26370594.25,3553550.0000000005,22817044.25,6424418.0,11117106.0,0.0,0.0,0.0,22312039.75,0.0,0.0,0.0,1893641.75,47022725.75,116876509.75,112512400.0,108644786.25,6271515.25,3907904.0,3418415.0,101482381.0,2281529.25,2248246.0,-489489.0,1758757.0,0.0,0.0,0.0,0.0,15636871.25,12543781.25,28180652.5,11191680.5,11315053.75,7527019.5,47022725.75,0.0,0.0,0.0,0.0,0.0,0.0,0.0,0.0,0.0,0.0,0.0,218235.5,1,8.032854209445585,84.0,3.0,0,28.0,False,False,False,False,False,False,False,True,False,False,False,False,False,False,False,False,False,False,False,True,False,False,False,False,False,False,True,False,False,False,False,0.02608695652173913,0.024125452352231604,0,0,5363608.25,10996986.0,-5633377.75,1000.0,1000.0,48.7734389222647,-1000.0,55.48796732084185,33.25385970420909,366.9472913616398,-224.29393934534025,48.523440285679314,13.47542632642797,500.0,11.247499399855966,500.0,500.0,39.701521981436365,1000.0,1000.0,-99.8132768505264,3.8787811387900355,0,0,0,0,0,0,0,0,0,0,0,0,0,0,0,0,0,0,0,0,0,0
288,2661,26,266,0.0,52,33,4.95,100.0,0.0,0.0,100.0,0.0,0.0,18746227.5,17072055.0,1674172.5,5106101.0,14822808.0,100.0,0.0,0.0,22260738.5,100.0,0.0,0.0,127627.5,24062538.5,18319301.0,22726203.5,18847328.5,4131627.5,1981479.5,1517015.5,13630116.5,2104602.5,1578577.0,-66566.5,1114113.0,100.0,0.0,0.0,1.0,13530016.5,0.0,13530016.5,6002997.0,9265756.5,1266765.5,24062538.5,51.0,0.0,0.0,36.0828,0.0,0.0,46.1725,33.0,0.0,0.0,1.0,36148.0,0,18.362765229295004,60.0,1.0,0,60.0,False,False,False,False,False,False,True,False,False,False,False,False,False,False,False,False,False,False,True,False,False,False,False,False,False,False,False,False,False,False,True,0.02608695652173913,0.018094089264173704,0,0,11855844.0,12994982.0,-1139138.0,1000.0,1000.0,91.2340163303035,-1000.0,100.0,56.228550034319944,0.0,-184.14988381099923,6.957588867857812,91.06928313976772,500.0,8.234380201975364,500.0,500.0,158.55175705944993,1000.0,1000.0,-99.80267806069675,-19.3912832823133,0,0,0,0,0,0,0,0,0,0,0,0,0,0,0,0,0,0,0,0,0,0
289,140,1,14,2.0,49,4,6.0,0.0,0.0,0.0,0.0,0.0,0.0,17696941.193991903,7239049.1334043145,10494936.916722622,5711624.613972619,14751896.664327338,0.0,0.0,0.0,24672445.857143342,0.0,0.0,0.0,936626.1695394691,36100427.35440215,23689402.432255726,17889398.211046387,35463800.705205336,9473299.257317152,2502156.240714975,1764434.9040538718,21066695.29673669,7026995.2010281375,1530573.3567460796,-489449.7146318286,713223.8350885716,0.0,0.0,0.0,0.0,11248784.191388477,3574801.479138362,14823585.67052684,9532926.419230485,15913281.269093791,5395102.20245469,36094790.188847594,0.0,0.0,0.0,0.0,0.0,0.0,0.0,0.0,0.0,0.0,0.0,0.0,1,12.61054072553046,84.0,3.0,0,28.0,False,True,False,False,False,False,False,False,False,False,False,False,False,True,False,False,False,False,False,False,False,False,False,False,True,False,False,False,False,False,False,0.3242236024844721,0.3823884197828709,1,1,4328648.753804218,8759164.588049551,-4458476.032915221,,,49.4185114378368,,75.88436726043955,31.1596981414038,202.6031944236134,,29.071503264192945,40.90565173975922,,6.34045264762552,,,162.9042174191688,,,-100.0,32.421460760082695,0,0,0,1,1,0,1,0,0,0,1,0,0,1,0,1,1,0,1,1,0,0
290,5235,52,523,0.0,10,23,7.0,0.0,0.0,0.0,0.0,0.0,0.0,606606.0,62562.5,544043.5,4354850.5,1540789.25,0.0,0.0,0.0,6829572.75,0.0,0.0,0.0,108358.25,7481974.5,9619.499999996275,6925.5,10571310.75,711210.5,475975.5,287537.25,7578320.75,209959.75,440440.0,-39789.75,252001.75,0.0,0.0,0.0,0.0,1783031.25,0.0,1783031.25,2095093.0,5030275.25,668668.0,7481974.5,0.0,0.0,0.0,0.0,0.0,0.0,0.0,0.0,0.0,0.0,0.0,21121.5,0,7.008898015058179,60.0,1.0,0,60.0,False,False,False,False,False,False,False,False,False,False,False,True,False,True,False,False,False,False,False,False,False,False,False,False,False,False,False,False,False,True,False,0.07080745341614907,0.3823884197828709,0,0,1238987.75,1799297.5,-560309.75,1000.0,1000.0,68.85952712100139,-1000.0,100.0,23.831025486654625,0.0,-188.385057879412,7.271389390594689,10.313531353135314,500.0,14.133333333333335,500.0,500.0,99.52514612158636,1000.0,1000.0,119.56962420092707,38.89971843182838,0,0,0,0,0,0,0,0,0,0,0,0,0,0,0,0,0,0,0,0,0,0
291,6033,60,603,1.0,15,23,6.5,0.0,0.0,0.0,0.0,0.0,0.0,1217216.0,1189688.5,27527.5,0.0,6485729.25,0.0,0.0,0.0,6527521.0,0.0,0.0,0.0,325074.75,6880123.25,7831.25,7412.25,7495488.0,653152.5,375625.25,468968.5,5048543.5,265765.5,346095.75,-28028.0,439439.0,0.0,0.0,0.0,0.0,3276773.500000001,63813.75,3340587.25,3159156.0,3262259.0,277277.0,6880123.25,0.0,0.0,0.0,0.0,0.0,0.0,0.0,0.0,0.0,0.0,0.0,14976.0,0,11.529089664613279,48.0,3.0,0,16.0,False,False,False,False,False,False,False,True,False,False,False,False,False,False,False,False,False,False,False,True,False,False,False,False,False,False,True,False,False,False,False,0.02608695652173913,0.024125452352231604,0,0,3313059.75,3265262.0,47797.75,1000.0,1000.0,101.46382587369712,1000.0,98.0897445501536,47.626668606554404,13.60725720384205,-187.15277777777777,0.4001018441057724,97.73848684210526,500.0,13.41072246830609,500.0,500.0,225.27213244770493,0.0,1000.0,91.23383878691142,5.652804479071807,0,0,0,0,0,0,0,0,0,0,0,0,0,0,0,0,0,0,0,0,0,0
292,6042,60,604,3.0,2,23,5.0,0.0,0.0,0.0,0.0,0.0,0.0,17696941.193991903,7239049.1334043145,10494936.916722622,5711624.613972619,14751896.664327338,0.0,0.0,0.0,24672445.857143342,0.0,0.0,0.0,936626.1695394691,36100427.35440215,23689402.432255726,17889398.211046387,35463800.705205336,9473299.257317152,2502156.240714975,1764434.9040538718,21066695.29673669,7026995.2010281375,1530573.3567460796,-489449.7146318286,713223.8350885716,0.0,0.0,0.0,0.0,11248784.191388477,3574801.479138362,14823585.67052684,9532926.419230485,15913281.269093791,5395102.20245469,36094790.188847594,0.0,0.0,0.0,0.0,0.0,0.0,0.0,0.0,0.0,0.0,0.0,0.0,0,18.518822724161534,48.0,1.0,0,48.0,False,False,False,False,False,False,False,False,False,False,True,False,False,False,False,False,False,False,False,False,False,False,True,False,True,False,False,False,False,False,False,0.04720496894409938,0.04945717732207479,1,1,4328648.753804218,8759164.588049551,-4458476.032915221,,,49.4185114378368,,75.88436726043955,31.1596981414038,202.6031944236134,,29.071503264192945,40.90565173975922,,6.34045264762552,,,162.9042174191688,,,-100.0,32.421460760082695,0,0,0,1,1,0,1,0,0,0,1,0,0,1,0,1,1,0,1,1,0,0
293,7210,72,721,1.0,25,35,5.9,0.0,0.0,0.0,0.0,0.0,0.0,17696941.193991903,7239049.1334043145,10494936.916722622,5711624.613972619,14751896.664327338,0.0,0.0,0.0,24672445.857143342,0.0,0.0,0.0,936626.1695394691,36100427.35440215,23689402.432255726,17889398.211046387,35463800.705205336,9473299.257317152,2502156.240714975,1764434.9040538718,21066695.29673669,7026995.2010281375,1530573.3567460796,-489449.7146318286,713223.8350885716,0.0,0.0,0.0,0.0,11248784.191388477,3574801.479138362,14823585.67052684,9532926.419230485,15913281.269093791,5395102.20245469,36094790.188847594,0.0,0.0,0.0,0.0,0.0,0.0,0.0,0.0,0.0,0.0,0.0,0.0,0,20.698151950718685,72.0,3.0,0,24.0,False,True,False,False,False,False,False,False,False,False,False,False,False,True,False,False,False,False,False,False,False,False,False,False,True,False,False,False,False,False,False,0.3242236024844721,0.3823884197828709,1,1,4328648.753804218,8759164.588049551,-4458476.032915221,,,49.4185114378368,,75.88436726043955,31.1596981414038,202.6031944236134,,29.071503264192945,40.90565173975922,,6.34045264762552,,,162.9042174191688,,,-100.0,32.421460760082695,0,0,0,1,1,0,1,0,0,0,1,0,0,1,0,1,1,0,1,1,0,0
294,2215,22,221,68.0,75,35,4.95,0.0,0.0,0.0,0.0,0.0,0.0,9623363.75,3523520.0,6099843.75,2397895.5,6290033.75,0.0,0.0,0.0,13893629.75,0.0,0.0,0.0,33283.24999999988,20026756.75,12449.75,9867.75,14166402.25,3991237.25,1641139.5,1308056.75,7940682.75,2247995.75,783282.5,-264264.0,450199.75,0.0,0.0,0.0,0.0,6503246.75,3323570.25,9826817.0,1379628.25,7816558.75,2383381.0,20026756.75,0.0,0.0,0.0,0.0,0.0,0.0,0.0,0.0,0.0,0.0,0.0,30182.0,0,4.772073921971253,84.0,3.0,0,28.0,False,True,False,False,False,False,False,False,False,False,False,False,False,True,False,False,False,False,False,False,False,False,False,False,True,False,False,False,False,False,False,0.3242236024844721,0.020506634499396863,0,0,3726973.25,6077071.0,-2350097.75,1000.0,1000.0,61.32844671388569,-1000.0,66.17856779056739,32.47279043322879,254.08456093361394,-500.0,30.458470266285133,36.61422441815109,500.0,6.922692115288413,500.0,500.0,62.5470360215562,1000.0,1000.0,142.43057089499789,26.166045957791795,0,0,0,0,0,0,0,0,0,0,0,0,0,0,0,0,0,0,0,0,0,0
295,2225,22,222,2.0,75,24,6.5,0.0,0.0,0.0,0.0,0.0,0.0,9623363.75,3523520.0,6099843.75,2397895.5,6290033.75,0.0,0.0,0.0,13893629.75,0.0,0.0,0.0,33283.24999999988,20026756.75,12449.75,9867.75,14166402.25,3991237.25,1641139.5,1308056.75,7940682.75,2247995.75,783282.5,-264264.0,450199.75,0.0,0.0,0.0,0.0,6503246.75,3323570.25,9826817.0,1379628.25,7816558.75,2383381.0,20026756.75,0.0,0.0,0.0,0.0,0.0,0.0,0.0,0.0,0.0,0.0,0.0,30182.0,0,6.220396988364135,33.0,1.0,0,33.0,False,True,False,False,False,False,False,False,False,False,False,False,False,True,False,False,False,False,False,False,False,False,False,False,True,False,False,False,False,False,False,0.3242236024844721,0.020506634499396863,0,0,3726973.25,6077071.0,-2350097.75,1000.0,1000.0,61.32844671388569,-1000.0,66.17856779056739,32.47279043322879,254.08456093361394,-500.0,30.458470266285133,36.61422441815109,500.0,6.922692115288413,500.0,500.0,62.5470360215562,1000.0,1000.0,142.43057089499789,26.166045957791795,0,0,0,0,0,0,0,0,0,0,0,0,0,0,0,0,0,0,0,0,0,0
296,5030,50,503,8.0,7,29,7.25,0.0,0.0,0.0,0.0,0.0,0.0,17696941.193991903,7239049.1334043145,10494936.916722622,5711624.613972619,14751896.664327338,0.0,0.0,0.0,24672445.857143342,0.0,0.0,0.0,936626.1695394691,36100427.35440215,23689402.432255726,17889398.211046387,35463800.705205336,9473299.257317152,2502156.240714975,1764434.9040538718,21066695.29673669,7026995.2010281375,1530573.3567460796,-489449.7146318286,713223.8350885716,0.0,0.0,0.0,0.0,11248784.191388477,3574801.479138362,14823585.67052684,9532926.419230485,15913281.269093791,5395102.20245469,36094790.188847594,0.0,0.0,0.0,0.0,0.0,0.0,0.0,0.0,0.0,0.0,0.0,0.0,0,7.991786447638604,84.0,1.0,0,84.0,False,False,False,False,False,False,False,True,False,False,False,False,False,False,False,False,False,False,False,True,False,False,False,False,False,False,True,False,False,False,False,0.02608695652173913,0.024125452352231604,1,1,4328648.753804218,8759164.588049551,-4458476.032915221,,,49.4185114378368,,75.88436726043955,31.1596981414038,202.6031944236134,,29.071503264192945,40.90565173975922,,6.34045264762552,,,162.9042174191688,,,-100.0,32.421460760082695,0,0,0,1,1,0,1,0,0,0,1,0,0,1,0,1,1,0,1,1,0,0
297,1543,15,154,0.0,545,7,6.5,0.0,0.0,0.0,0.0,0.0,0.0,44157446.666666664,5264926.333333333,38892520.33333333,3431261.1666666665,3875371.5,0.0,0.0,0.0,10032689.333333334,0.0,0.0,0.0,15015.000000000116,48940224.666666664,4533702.666666664,2434994.0,14581066.5,2782613.166666667,-784596.2874749999,-535534.9999999998,9489813.666666666,4179341.8333333335,-1401829.2788499997,-1248580.6666666667,-2752831.5815,0.0,0.0,0.0,0.0,1507172.333333334,28683154.499999996,30190326.833333332,5552380.166666667,13431251.166666666,5318646.666666667,48940224.666666664,0.0,0.0,0.0,0.0,0.0,0.0,0.0,0.0,0.0,0.0,0.0,20070.333333333332,1,4.476386036960986,84.0,3.0,0,28.0,False,True,False,False,False,False,False,False,False,False,False,False,False,True,False,False,False,False,False,False,False,False,False,False,False,True,False,False,False,False,False,0.3242236024844721,0.3823884197828709,0,0,-8702193.499999996,-3398561.833333332,-5303631.666666667,-1000.0,-1000.0,256.05517647636344,-1000.0,4.992235896132318,3.0796187463354117,-500.0,-500.0,79.46943561912812,11.923076923076922,-500.0,-182.64876023909667,-500.0,500.0,210.63183432368766,1000.0,-1000.0,-99.55730812519099,86.18948000145645,0,0,0,0,0,0,0,0,0,0,0,0,0,0,0,0,0,0,0,0,0,0
298,2222,22,222,0.0,45,25,0.0,0.0,0.0,0.0,0.0,0.0,0.0,4564810.25,971470.5,3593339.75,883883.0,5452697.25,0.0,0.0,0.0,7499742.25,0.0,0.0,0.0,16266.25,11109348.25,7526.75,5897.75,10255495.250000004,1423422.0,533282.7500000002,350600.25,7965958.0,864113.2499999991,347597.25,-97347.25,164914.75,0.0,0.0,0.0,0.0,2948695.75,0.0,2948695.75,6125619.5,7955197.25,205455.25,11109348.25,0.0,0.0,0.0,0.0,0.0,0.0,0.0,0.0,0.0,0.0,0.0,20265.5,0,8.928131416837783,48.0,1.0,0,48.0,False,True,False,False,False,False,False,False,False,False,False,False,False,True,False,False,False,False,False,False,False,False,False,False,False,False,False,False,True,False,False,0.3242236024844721,0.3823884197828709,0,0,-644644.0,-455455.0,-189189.0,-1000.0,-1000.0,141.53846153846155,-1000.0,100.0,26.542472912396097,0.0,-480.35947793047296,32.345189556912125,21.281727975439942,500.0,5.592803191037936,500.0,500.0,276.8308620256346,1000.0,-1000.0,169.24635466834957,27.620702810393794,0,0,0,0,0,0,0,0,0,0,0,0,0,0,0,0,0,0,0,0,0,0
299,7023,70,702,5.0,0,4,5.62,0.0,0.0,0.0,0.0,0.0,0.0,17696941.193991903,7239049.1334043145,10494936.916722622,5711624.613972619,14751896.664327338,0.0,0.0,0.0,24672445.857143342,0.0,0.0,0.0,936626.1695394691,36100427.35440215,23689402.432255726,17889398.211046387,35463800.705205336,9473299.257317152,2502156.240714975,1764434.9040538718,21066695.29673669,7026995.2010281375,1530573.3567460796,-489449.7146318286,713223.8350885716,0.0,0.0,0.0,0.0,11248784.191388477,3574801.479138362,14823585.67052684,9532926.419230485,15913281.269093791,5395102.20245469,36094790.188847594,0.0,0.0,0.0,0.0,0.0,0.0,0.0,0.0,0.0,0.0,0.0,0.0,0,1.0433401779603013,144.0,1.0,0,144.0,False,False,False,False,False,False,False,False,False,True,False,False,False,False,False,False,False,False,False,False,False,True,False,False,False,False,False,False,True,False,False,0.07204968944099378,0.05066344993968637,1,1,4328648.753804218,8759164.588049551,-4458476.032915221,,,49.4185114378368,,75.88436726043955,31.1596981414038,202.6031944236134,,29.071503264192945,40.90565173975922,,6.34045264762552,,,162.9042174191688,,,-100.0,32.421460760082695,0,0,0,1,1,0,1,0,0,0,1,0,0,1,0,1,1,0,1,1,0,0
300,8511,85,851,20.0,0,24,5.0,0.0,0.0,0.0,0.0,0.0,0.0,17696941.193991903,7239049.1334043145,10494936.916722622,5711624.613972619,14751896.664327338,0.0,0.0,0.0,24672445.857143342,0.0,0.0,0.0,936626.1695394691,36100427.35440215,23689402.432255726,17889398.211046387,35463800.705205336,9473299.257317152,2502156.240714975,1764434.9040538718,21066695.29673669,7026995.2010281375,1530573.3567460796,-489449.7146318286,713223.8350885716,0.0,0.0,0.0,0.0,11248784.191388477,3574801.479138362,14823585.67052684,9532926.419230485,15913281.269093791,5395102.20245469,36094790.188847594,0.0,0.0,0.0,0.0,0.0,0.0,0.0,0.0,0.0,0.0,0.0,0.0,0,1.0433401779603013,120.0,1.0,0,120.0,False,False,False,False,False,False,False,False,False,True,False,False,False,False,False,False,False,False,False,False,False,True,False,False,False,False,False,False,True,False,False,0.07204968944099378,0.05066344993968637,1,1,4328648.753804218,8759164.588049551,-4458476.032915221,,,49.4185114378368,,75.88436726043955,31.1596981414038,202.6031944236134,,29.071503264192945,40.90565173975922,,6.34045264762552,,,162.9042174191688,,,-100.0,32.421460760082695,0,0,0,1,1,0,1,0,0,0,1,0,0,1,0,1,1,0,1,1,0,0
301,5213,52,521,0.0,13,23,1.0,0.0,0.0,0.0,0.0,0.0,0.0,2061059.0,1322070.75,738988.25,6750493.75,6036780.75,0.0,0.0,0.0,13570807.25,0.0,0.0,0.0,86836.75,14396632.25,6356721.25,12641.5,14679164.5,2051299.25,1259758.5,686936.25,11522511.0,728477.75,1124873.75,-407407.0,552051.5,0.0,0.0,0.0,0.0,2853350.5,704954.25,3558304.75,4926421.5,7502745.25,3335582.25,14396632.25,0.0,0.0,0.0,0.0,0.0,0.0,0.0,0.0,0.0,0.0,0.0,29329.0,0,11.154004106776181,60.0,1.0,0,60.0,False,True,False,False,False,False,False,False,False,False,False,False,False,True,False,False,False,False,False,False,False,False,False,False,True,False,False,False,False,False,False,0.3242236024844721,0.3823884197828709,0,0,2819316.5,6068062.0,-3248745.5,1000.0,1000.0,46.46156384031673,-1000.0,80.18848020254589,19.81956926072068,102.62295081967213,-500.0,5.133063324584123,64.14521612433221,500.0,19.34748289773724,500.0,500.0,153.9171227521501,1000.0,1000.0,-99.53861434461987,500.0,0,0,0,0,0,0,0,0,0,0,0,0,0,0,0,0,0,0,0,0,0,0
302,7132,71,713,2.0,7,24,6.5,0.0,0.0,0.0,0.0,0.0,0.0,4674169.5,1816815.0,2857354.5,1527025.4999999995,8029521.5,0.0,0.0,0.0,11320058.75,0.0,0.0,0.0,263763.5,14441176.75,16029.0,16582.0,18566798.25,3735731.999999999,3333079.75,2764511.75,6118612.5,240740.5,2432930.5,-231231.0,1864362.5,0.0,0.0,0.0,0.0,7073566.5,0.0,7073566.5,2631378.75,4857853.0,2509757.25,14441176.75,0.0,0.0,0.0,0.0,0.0,0.0,0.0,0.0,0.0,0.0,0.0,36683.5,0,10.940451745379876,60.0,1.0,0,60.0,False,True,False,False,False,False,False,False,False,False,False,False,False,True,False,False,False,False,False,False,False,False,False,False,True,False,False,False,False,False,False,0.3242236024844721,0.3823884197828709,0,0,4216212.0,6462205.75,-2245993.75,1000.0,1000.0,65.24416218100143,-1000.0,100.0,48.98192593619491,0.0,-500.0,19.786161124300346,38.869257950530034,500.0,26.35675369702116,500.0,500.0,154.82208588957056,1000.0,1000.0,128.85707155780148,-3.3349415028343987,0,0,0,0,0,0,0,0,0,0,0,0,0,0,0,0,0,0,0,0,0,0
303,5512,55,551,0.0,24,7,6.0,0.0,0.0,0.0,0.0,0.0,0.0,0.0,0.0,0.0,3742238.5,692191.5,0.0,0.0,0.0,4434430.0,0.0,0.0,0.0,39039.0,4473469.0,0.0,0.0,0.0,-8508.5,-34534.5,-36036.0,0.0,26026.0,-34534.5,0.0,-36036.0,0.0,0.0,0.0,0.0,111111.0,2502500.0,2613611.0,106106.0,1859858.0,0.0,4473469.0,0.0,0.0,0.0,0.0,0.0,0.0,0.0,0.0,0.0,0.0,0.0,0.0,1,10.381930184804927,120.0,6.0,0,20.0,False,False,False,False,False,False,False,False,False,False,False,True,False,False,False,False,False,False,False,False,False,False,False,True,False,False,False,False,False,True,False,0.0012422360248447205,0.0012062726176115801,0,0,2613611.0,2574572.0,39039.0,,,101.5163297045101,,4.25124473381846,2.4837771313492953,-500.0,,0.0,,,-32.432432432432435,,,,,,,,0,0,0,1,1,0,1,0,0,0,1,0,1,1,0,1,1,1,1,1,1,1
304,5050,50,505,150.0,24,5,5.25,0.0,0.0,0.0,0.0,0.0,0.0,5228723.5,1425924.5,3802799.0,199949.75,9944935.0,0.0,0.0,0.0,13609846.25,0.0,0.0,0.0,2046544.5,19459189.75,34263690.0,45541.0,64387573.25,2124372.25,786035.25,1150399.25,60900089.25,1204703.500000001,478728.25,-26526.5,551300.75,0.0,0.0,0.0,0.0,4372618.25,2575823.25,6948441.5,10977466.5,12510498.0,250.25,19459189.75,0.0,0.0,0.0,0.0,0.0,0.0,0.0,0.0,0.0,0.0,0.0,128646.5,0,6.666666666666667,60.0,3.0,0,20.0,False,False,False,False,False,False,False,False,False,False,True,False,False,False,False,False,False,False,False,False,False,False,True,False,False,False,False,False,False,False,False,0.04720496894409938,0.04945717732207479,0,0,3145642.5,1099348.25,2046294.25,1000.0,1000.0,286.1370361939449,1000.0,62.929482100410574,22.470710785889736,223.90689580160975,-20.619682618648778,19.54243238724778,27.27098688618742,428.539252913993,12.608023808161162,500.0,500.0,64.89133248684033,559.5325951347296,1000.0,-99.62453985545632,500.0,0,0,0,0,0,0,0,0,0,0,0,0,0,0,0,0,0,0,0,0,0,0
305,5050,50,505,160.70999999999992,24,9,4.9,0.0,0.0,0.0,0.0,0.0,0.0,5228723.5,1425924.5,3802799.0,199949.75,9944935.0,0.0,0.0,0.0,13609846.25,0.0,0.0,0.0,2046544.5,19459189.75,34263690.0,45541.0,64387573.25,2124372.25,786035.25,1150399.25,60900089.25,1204703.500000001,478728.25,-26526.5,551300.75,0.0,0.0,0.0,0.0,4372618.25,2575823.25,6948441.5,10977466.5,12510498.0,250.25,19459189.75,0.0,0.0,0.0,0.0,0.0,0.0,0.0,0.0,0.0,0.0,0.0,128646.5,0,6.685831622176591,60.0,3.0,0,20.0,False,False,False,False,False,False,False,False,False,False,True,False,False,False,False,False,False,False,False,False,False,False,True,False,False,False,False,False,False,False,False,0.04720496894409938,0.04945717732207479,0,0,3145642.5,1099348.25,2046294.25,1000.0,1000.0,286.1370361939449,1000.0,62.929482100410574,22.470710785889736,223.90689580160975,-20.619682618648778,19.54243238724778,27.27098688618742,428.539252913993,12.608023808161162,500.0,500.0,64.89133248684033,559.5325951347296,1000.0,-99.62453985545632,500.0,0,0,0,0,0,0,0,0,0,0,0,0,0,0,0,0,0,0,0,0,0,0
306,5533,55,553,20.0,0,36,8.75,0.0,0.0,0.0,0.0,0.0,0.0,17696941.193991903,7239049.1334043145,10494936.916722622,5711624.613972619,14751896.664327338,0.0,0.0,0.0,24672445.857143342,0.0,0.0,0.0,936626.1695394691,36100427.35440215,23689402.432255726,17889398.211046387,35463800.705205336,9473299.257317152,2502156.240714975,1764434.9040538718,21066695.29673669,7026995.2010281375,1530573.3567460796,-489449.7146318286,713223.8350885716,0.0,0.0,0.0,0.0,11248784.191388477,3574801.479138362,14823585.67052684,9532926.419230485,15913281.269093791,5395102.20245469,36094790.188847594,0.0,0.0,0.0,0.0,0.0,0.0,0.0,0.0,0.0,0.0,0.0,0.0,1,5.429158110882957,83.0,1.0,0,83.0,False,False,False,False,False,False,False,False,False,True,False,False,False,False,False,False,False,False,False,False,False,True,False,False,False,False,False,False,True,False,False,0.07204968944099378,0.05066344993968637,1,1,4328648.753804218,8759164.588049551,-4458476.032915221,,,49.4185114378368,,75.88436726043955,31.1596981414038,202.6031944236134,,29.071503264192945,40.90565173975922,,6.34045264762552,,,162.9042174191688,,,-100.0,32.421460760082695,0,0,0,1,1,0,1,0,0,0,1,0,0,1,0,1,1,0,1,1,0,0
307,5161,51,516,7.0,2,7,6.5,0.0,0.0,0.0,0.0,0.0,0.0,114614.5,31531.5,83083.0,75575.5,1568066.5,0.0,0.0,0.0,1722721.0,0.0,0.0,0.0,230230.0,2036034.0,1078577.5,517016.5,2159157.0,637136.5,449449.00000000023,322822.49999999977,1047546.5,187187.0,436436.0,-18018.0,309809.5,0.0,0.0,0.0,0.0,726726.0,0.0,726726.0,568568.0,1243242.0,66066.0,2036034.0,0.0,0.0,0.0,0.0,0.0,0.0,0.0,0.0,0.0,0.0,0.0,4314.0,0,5.3114305270362765,36.0,12.0,0,3.0,False,False,False,False,False,False,False,False,True,False,False,False,False,False,False,False,False,False,False,False,True,False,False,False,False,False,False,True,False,False,False,0.08074534161490683,0.07117008443908324,0,0,643643.0,479479.0,164164.0,1000.0,1000.0,134.23799582463465,1000.0,100.0,35.693215339233035,0.0,-417.663421418637,4.08062930186824,27.510917030567683,500.0,42.63085399449036,500.0,500.0,195.39417104634498,1000.0,1000.0,-99.60002874156007,108.61568247821877,0,0,0,0,0,0,0,0,0,0,0,0,0,0,0,0,0,0,0,0,0,0
308,4529,45,452,2.0,50,23,7.5,0.0,0.0,0.0,0.0,0.0,0.0,1170419.2499999981,66066.0,1104353.25,2309056.75,945694.75,0.0,0.0,0.0,3562308.75,0.0,0.0,0.0,162662.5,4829324.5,5077.25,1319.5,8963704.75,1069068.0,580079.5,516516.0,7382124.75,488488.0,531030.4999999999,-16516.5,467467.0,0.0,0.0,0.0,0.0,2398396.0,164164.0,2562560.0,1804803.0,2066814.75,266599.666666667,4829324.5,0.0,0.0,0.0,0.0,0.0,0.0,0.0,0.0,0.0,0.0,0.0,16848.5,0,5.155373032169747,48.0,1.0,0,48.0,False,False,False,False,False,False,False,False,True,False,False,False,False,False,False,False,False,False,False,False,True,False,False,False,False,False,False,True,False,False,False,0.08074534161490683,0.07117008443908324,0,0,1458206.75,1495494.0,-103937.16666666698,1000.0,1000.0,97.50669344042838,-1000.0,93.59375,49.6631775313504,31.782945736434108,-98.02949817491171,22.867654679241372,5.644644002565756,500.0,19.490818030050082,500.0,500.0,88.01383097732126,1000.0,1000.0,231.8430252597371,284.785903751421,0,0,0,0,0,0,0,0,0,0,0,0,0,0,0,0,0,0,0,0,0,0
309,6070,60,607,7.0,70,20,6.0,0.0,0.0,0.0,0.0,0.0,0.0,1073822.75,793793.0,280029.75,167917.75,4503248.75,0.0,0.0,0.0,5194439.25,0.0,0.0,0.0,512512.0,5986981.0,14315.75,13709.5,15721956.25,2476974.5,204204.0,274023.75,10901140.25,2156654.5,189439.25,-52552.5,173423.25,0.0,0.0,0.0,0.0,2299046.75,0.0,2299046.75,2112610.5,3072319.25,615615.0,5986981.0,0.0,0.0,0.0,0.0,0.0,0.0,0.0,0.0,0.0,0.0,0.0,31412.5,0,15.698836413415469,60.0,1.0,0,60.0,False,True,False,False,False,False,False,False,False,False,False,False,False,True,False,False,False,False,False,False,False,False,False,False,True,False,False,False,False,False,False,0.3242236024844721,0.3823884197828709,0,0,2019017.0,2122120.0,-103103.0,1000.0,1000.0,95.14150943396227,-1000.0,100.0,38.40076910215683,0.0,-167.29805013927577,4.677311486373516,73.92216266604521,500.0,7.543267660825078,500.0,500.0,69.76699341153785,1000.0,1000.0,119.42615650594625,4.4221160509136,0,0,0,0,0,0,0,0,0,0,0,0,0,0,0,0,0,0,0,0,0,0
310,114,1,11,0.0,1000,9,4.75,33.333333333333336,0.0,0.0,33.333333333333336,0.0,0.0,154375971.75,69710535.81992495,78354776.5,49261066.40454999,35090722.333333336,33.333333333333336,0.0,0.0,171368197.0,33.333333333333336,0.0,0.0,3477807.6666666665,297217291.0957248,73114084.83333333,177809.6666666679,226419693.5,53386600.36709999,19341853.956424993,13392497.851075,133575942.5,41449131.57384991,6261255.0,-1827325.5,1279778.5,10.0,0.0,0.0,0.3333333333333333,49580197.33333333,29095145.729649995,122786624.33333331,66367301.0,75215140.0,44842130.66666666,297217291.0957248,33.333333333333336,0.0,0.0,14.946333333333333,0.0,0.0,12.9688,33.333333333333336,0.0,0.0,0.3333333333333333,430125.0,0,15.75085557837098,72.0,3.0,0,24.0,False,False,False,False,False,False,False,False,False,False,True,False,False,False,False,False,False,False,False,False,False,False,True,False,False,False,False,False,False,False,False,0.03229813664596273,0.04945717732207479,0,0,44431847.83333331,96153057.0,-41364322.99999999,1000.0,1000.0,46.20950099728323,-1000.0,40.379151721555736,16.681464645125583,217.24958296196078,-424.8359197907585,26.36279208761251,45.15633814620827,297.536413833188,2.5812291375040384,500.0,500.0,178.86625325514734,1000.0,1000.0,-99.41170705893333,500.0,0,0,0,0,0,0,0,0,0,0,0,0,0,0,0,0,0,0,0,0,0,0
311,1411,14,141,2.0,0,24,0.0,0.0,0.0,0.0,0.0,0.0,0.0,10574313.75,9687928.25,886385.5,472472.0,4511256.75,0.0,0.0,0.0,6095089.0,0.0,0.0,0.0,609859.25,7591333.75,6781.250000003725,5808.75,7250993.749999996,2943190.25,1135884.75,1116615.5,3028275.25,1753752.0,463212.75,-6756.75,450450.0,0.0,0.0,0.0,0.0,4197943.750000001,672421.75,4870365.5,821070.25,2720968.25,0.0,7591333.75,0.0,0.0,0.0,0.0,0.0,0.0,0.0,0.0,0.0,0.0,0.0,14487.5,0,14.067077344284737,48.0,1.0,0,48.0,False,False,False,False,False,False,False,False,False,True,False,False,False,True,False,False,False,False,False,False,False,False,False,False,False,False,False,False,True,False,False,0.07204968944099378,0.3823884197828709,0,0,3983980.0,3374120.75,609859.25,1000.0,1000.0,118.07461247496849,1000.0,86.19360805672595,55.29915938684689,60.21963245181533,-46.63848144952546,11.676281522993243,91.61756005206485,500.0,10.730253353204171,500.0,500.0,97.60846211056938,1000.0,1000.0,113.64055299527433,16.741984075811928,0,0,0,0,0,0,0,0,0,0,0,0,0,0,0,0,0,0,0,0,0,0
312,2524,25,252,4.0,59,25,1.0,0.0,0.0,0.0,0.0,0.0,0.0,23450927.5,9326817.5,14124110.0,12838826.0,8173665.5,0.0,0.0,0.0,23413390.0,0.0,0.0,0.0,433433.0,37970933.0,17555037.5,13951437.5,21344823.5,4804299.5,2449447.0,2002000.0,14177663.5,2235733.5,1098597.5,-362862.5,651150.5,0.0,0.0,0.0,0.0,13242729.5,2303301.0,15546030.5,8546037.5,19942422.5,2482480.0,37970933.0,0.0,0.0,0.0,0.0,0.0,0.0,0.0,0.0,0.0,0.0,0.0,37266.0,0,15.989048596851472,60.0,1.0,0,60.0,False,False,False,False,False,False,False,False,False,False,True,False,False,False,False,False,False,False,False,False,False,False,True,False,False,False,False,False,False,False,False,0.009937888198757764,0.008443908323281062,0,0,1421920.5,3470967.5,-2049047.0,1000.0,1000.0,40.96611391492429,-1000.0,85.18399278838415,34.87596551815042,115.05000000000001,-500.0,37.19716341971371,39.77163589798314,500.0,4.917041460372652,500.0,500.0,217.00144738235605,1000.0,1000.0,-99.78771905215241,25.829596412556054,0,0,0,0,0,0,0,0,0,0,0,0,0,0,0,0,0,0,0,0,0,0
313,5222,52,522,8.0,10,26,6.25,0.0,0.0,0.0,0.0,0.0,0.0,17696941.193991903,7239049.1334043145,10494936.916722622,5711624.613972619,14751896.664327338,0.0,0.0,0.0,24672445.857143342,0.0,0.0,0.0,936626.1695394691,36100427.35440215,23689402.432255726,17889398.211046387,35463800.705205336,9473299.257317152,2502156.240714975,1764434.9040538718,21066695.29673669,7026995.2010281375,1530573.3567460796,-489449.7146318286,713223.8350885716,0.0,0.0,0.0,0.0,11248784.191388477,3574801.479138362,14823585.67052684,9532926.419230485,15913281.269093791,5395102.20245469,36094790.188847594,0.0,0.0,0.0,0.0,0.0,0.0,0.0,0.0,0.0,0.0,0.0,0.0,0,11.575633127994525,180.0,1.0,0,180.0,False,False,False,False,False,False,False,False,False,False,True,False,False,False,False,False,False,False,False,False,False,False,True,False,False,False,False,False,False,False,False,0.04720496894409938,0.04945717732207479,1,1,4328648.753804218,8759164.588049551,-4458476.032915221,,,49.4185114378368,,75.88436726043955,31.1596981414038,202.6031944236134,,29.071503264192945,40.90565173975922,,6.34045264762552,,,162.9042174191688,,,-100.0,32.421460760082695,0,0,0,1,1,0,1,0,0,0,1,0,0,1,0,1,1,0,1,1,0,0
314,7484,74,748,20.0,50,36,4.95,0.0,0.0,0.0,0.0,0.0,0.0,15363598.25,2986984.0,12376614.25,0.0,4438434.0,0.0,0.0,0.0,6386129.75,0.0,0.0,0.0,307056.75,19069800.75,11580.0,5409.75,15817051.25,3687934.249999999,3142389.25,2729977.25,10452692.25,520019.5,1151650.5,-201451.25,739238.5,0.0,0.0,0.0,0.0,2875622.75,6854097.25,9729720.0,6637631.0,9340080.75,0.0,19069800.75,0.0,0.0,0.0,0.0,0.0,0.0,0.0,0.0,0.0,0.0,0.0,31485.5,0,3.79192334017796,83.0,1.0,0,83.0,False,False,False,False,False,False,False,False,False,True,False,False,False,False,False,False,False,False,False,False,False,True,False,False,False,False,False,False,True,False,False,0.07204968944099378,0.05066344993968637,0,0,-2646894.25,-2953951.0,307056.75,-1000.0,-1000.0,89.60521856997627,1000.0,29.55504115226337,15.079458813957455,251.0679255660464,-500.0,64.90164429221946,19.441955923313735,500.0,25.70707510225394,500.0,500.0,228.60590390002156,0.0,-1000.0,171.89550949913644,114.05795092194649,0,0,0,0,0,0,0,0,0,0,0,0,0,0,0,0,0,0,0,0,0,0
315,2661,26,266,2.0,0,24,6.0,100.0,0.0,0.0,100.0,0.0,0.0,10023513.5,7461954.5,2561559.000000001,6125119.0,29867838.0,100.0,0.0,0.0,49675125.5,0.0,0.0,0.0,1615614.0,53852298.5,49933383.5,30848818.0,53189636.5,4194690.5,3116613.5,3213710.5,48176628.5,1071070.0,536035.5,-1131630.5,633132.5,30.0,0.0,0.0,1.0,13037524.5,1762761.0000000002,14800285.5,18387369.0,23514991.5,15537021.5,53852298.5,100.0,0.0,0.0,35.8712,0.0,0.0,41.6403,66.0,0.0,0.0,1.0,106725.0,0,11.028062970568104,60.0,1.0,0,60.0,False,True,False,False,False,False,False,False,False,False,False,False,False,True,False,False,False,False,False,False,False,False,False,False,True,False,False,False,False,False,False,0.3242236024844721,0.3823884197828709,0,0,12238726.5,26160134.0,-13921407.5,1000.0,1000.0,46.783883064207544,-1000.0,88.08968245916607,24.209782800635704,54.851269272698964,-500.0,4.756638196232239,74.44449992510111,500.0,4.856232484932243,500.0,500.0,137.3996696344162,1000.0,1000.0,-99.78626523476024,61.86481926147057,0,0,0,0,0,0,0,0,0,0,0,0,0,0,0,0,0,0,0,0,0,0
316,2661,26,266,0.0,0,24,6.0,100.0,0.0,0.0,100.0,0.0,0.0,10023513.5,7461954.5,2561559.000000001,6125119.0,29867838.0,100.0,0.0,0.0,49675125.5,0.0,0.0,0.0,1615614.0,53852298.5,49933383.5,30848818.0,53189636.5,4194690.5,3116613.5,3213710.5,48176628.5,1071070.0,536035.5,-1131630.5,633132.5,30.0,0.0,0.0,1.0,13037524.5,1762761.0000000002,14800285.5,18387369.0,23514991.5,15537021.5,53852298.5,100.0,0.0,0.0,35.8712,0.0,0.0,41.6403,66.0,0.0,0.0,1.0,106725.0,0,11.104722792607802,60.0,1.0,0,60.0,False,True,False,False,False,False,False,False,False,False,False,False,False,True,False,False,False,False,False,False,False,False,False,False,False,False,False,False,False,False,True,0.3242236024844721,0.3823884197828709,0,0,12238726.5,26160134.0,-13921407.5,1000.0,1000.0,46.783883064207544,-1000.0,88.08968245916607,24.209782800635704,54.851269272698964,-500.0,4.756638196232239,74.44449992510111,500.0,4.856232484932243,500.0,500.0,137.3996696344162,1000.0,1000.0,-99.78626523476024,61.86481926147057,0,0,0,0,0,0,0,0,0,0,0,0,0,0,0,0,0,0,0,0,0,0
317,6062,60,606,0.0,400,24,6.5,0.0,0.0,0.0,0.0,0.0,0.0,154375971.75,21948927.0,78354776.5,1329828.5,53816512.75,0.0,0.0,0.0,93870276.5,0.0,0.0,0.0,5655149.5,233348115.0,79150337.75,132103.5,157500593.25,40524484.0,5766010.25,-535534.9999999998,88732393.75,33834801.0,167667.5,-1479728.25,-2752831.5815,0.0,0.0,0.0,0.0,102692089.5,29095145.729649995,122786624.33333331,45191146.0,65945379.5,26032506.5,233348115.0,0.0,0.0,0.0,0.0,0.0,0.0,0.0,0.0,0.0,0.0,0.0,314686.5,0,24.281998631074607,48.0,1.0,0,48.0,False,False,False,False,False,False,False,False,False,False,False,True,False,False,False,False,False,False,False,False,False,False,False,True,False,False,False,False,False,True,False,0.07080745341614907,0.054282267792521106,0,0,44431847.83333331,27924897.0,-20377357.0,1000.0,1000.0,159.11194885815806,-1000.0,83.63458972633538,44.008107586384405,-500.0,-470.2229838267609,33.57849130257598,14.217838923498144,-500.0,-2.6806656626652825,-170.18048120907625,500.0,183.3469364732426,1000.0,1000.0,-99.60241925815409,500.0,0,0,0,0,0,0,0,0,0,0,0,0,0,0,0,0,0,0,0,0,0,0
318,3613,36,361,0.0,120,1,5.0,0.0,0.0,0.0,0.0,0.0,0.0,49070771.75,30493713.25,18577058.5,17118601.5,13324811.5,0.0,0.0,0.0,46173377.25,0.0,0.0,0.0,840339.5,65590775.25,75877.75,68124.0,75475900.5,10762752.0,5536030.5,2801799.0,58731422.75,4704950.25,2099597.5,-1087836.75,636886.25,0.0,0.0,0.0,0.0,20936665.75,1841589.75,22778255.5,12573310.75,18068050.0,24744469.75,65590775.25,0.0,0.0,0.0,0.0,0.0,0.0,0.0,0.0,0.0,0.0,0.0,148363.0,1,25.481177275838466,84.0,3.0,0,28.0,False,False,False,False,True,False,False,False,False,False,False,False,False,True,False,False,False,False,False,False,False,False,False,False,False,True,False,False,False,False,False,0.02981366459627329,0.3823884197828709,0,0,4201197.0,28105327.25,-23904130.25,1000.0,1000.0,14.948045125501963,-1000.0,91.91514139438817,31.920137656857474,65.72883172561629,-500.0,28.322669505267058,62.14231438086155,429.2756617215883,3.0419659825729415,500.0,500.0,77.06933798057872,1000.0,1000.0,95.52899235942024,11.381818448711174,0,0,0,0,0,0,0,0,0,0,0,0,0,0,0,0,0,0,0,0,0,0
319,1931,19,193,0.0,0,4,5.25,0.0,0.0,0.0,0.0,0.0,0.0,7484977.5,4540285.75,2944691.749999999,1196945.75,5491235.75,0.0,0.0,0.0,11473211.75,0.0,0.0,0.0,244494.25,14662397.75,18470.25,14920.0,19243724.5,4673168.5,1209958.75,682431.75,13699936.25,3403149.75,895895.0,-304304.0,337587.25,0.0,0.0,0.0,0.0,4313058.749999999,732982.2499999995,5046041.0,4801046.25,7158901.75,2457455.0,14662397.75,0.0,0.0,0.0,0.0,0.0,0.0,0.0,0.0,0.0,0.0,0.0,38782.0,0,43.0042984257358,84.0,3.0,0,28.0,False,False,False,False,True,False,False,False,False,False,False,False,False,False,False,False,True,False,False,False,False,False,False,False,False,True,False,False,False,False,False,0.06459627329192547,0.06031363088057901,0,0,2101349.250000001,4314310.0,-2212960.75,1000.0,1000.0,48.7064965197216,-1000.0,85.47411227930965,29.415780580635243,107.40740740740733,-500.0,20.083289242375102,60.658642594450015,500.0,7.827096025529448,500.0,500.0,126.15946661795597,1000.0,1000.0,109.97008703184852,23.79524128686327,0,0,0,0,0,0,0,0,0,0,0,0,0,0,0,0,0,0,0,0,0,0
320,9002,90,900,51.0,27,28,7.0,0.0,0.0,0.0,0.0,0.0,0.0,17696941.193991903,7239049.1334043145,10494936.916722622,5711624.613972619,14751896.664327338,0.0,0.0,0.0,24672445.857143342,0.0,0.0,0.0,936626.1695394691,36100427.35440215,23689402.432255726,17889398.211046387,35463800.705205336,9473299.257317152,2502156.240714975,1764434.9040538718,21066695.29673669,7026995.2010281375,1530573.3567460796,-489449.7146318286,713223.8350885716,0.0,0.0,0.0,0.0,11248784.191388477,3574801.479138362,14823585.67052684,9532926.419230485,15913281.269093791,5395102.20245469,36094790.188847594,0.0,0.0,0.0,0.0,0.0,0.0,0.0,0.0,0.0,0.0,0.0,0.0,0,13.88911704312115,48.0,1.0,0,48.0,False,False,False,False,True,False,False,False,False,False,False,False,False,False,False,False,True,False,False,False,False,False,False,False,False,True,False,False,False,False,False,0.06459627329192547,0.06031363088057901,1,1,4328648.753804218,8759164.588049551,-4458476.032915221,,,49.4185114378368,,75.88436726043955,31.1596981414038,202.6031944236134,,29.071503264192945,40.90565173975922,,6.34045264762552,,,162.9042174191688,,,-100.0,32.421460760082695,0,0,0,1,1,0,1,0,0,0,1,0,0,1,0,1,1,0,1,1,0,0
321,2710,27,271,0.0,124,22,1.0,0.0,0.0,0.0,0.0,0.0,0.0,46222926.75,14913648.75,31309278.0,29779750.0,49587538.0,0.0,0.0,0.0,92585493.0,0.0,0.0,0.0,278278.0,124173049.0,183468285.00000003,177070643.75,177387210.0,14821056.25,8084576.5,4724720.0,133575942.5,6173167.0,5626871.250000001,-3071818.75,1973721.75,0.0,0.0,0.0,0.0,32336053.75,2593591.0,34929644.75,57035979.0,65486421.0,23756983.25,124173049.0,0.0,0.0,0.0,0.0,0.0,0.0,0.0,0.0,0.0,0.0,0.0,379517.0,0,22.590006844626966,48.0,1.0,0,48.0,False,False,False,False,True,False,False,False,False,False,False,False,False,False,False,False,True,False,False,False,False,False,False,False,False,True,False,False,False,False,False,0.06459627329192547,0.06031363088057901,0,0,3620366.75,27099072.0,-23478705.25,1000.0,1000.0,13.35974438534279,-1000.0,92.57481426289054,26.041120847407072,54.894067796610166,-500.0,25.21422986078082,32.26461368545859,500.0,6.103780520837364,500.0,500.0,153.71744384285367,1000.0,1000.0,-99.79314299471433,3.6130445535809095,0,0,0,0,0,0,0,0,0,0,0,0,0,0,0,0,0,0,0,0,0,0
322,4529,45,452,0.0,365,23,1.0,0.0,0.0,0.0,0.0,0.0,0.0,4043289.25,2431929.5,1611359.75,10553042.5,12080818.75,0.0,0.0,0.0,23195672.5,0.0,0.0,0.0,174924.75,24981957.0,21277.5,22128.5,25460685.25,4420666.25,870369.5,1490739.25,17964696.75,3431428.0,1473472.0,-716215.5,1231980.75,0.0,0.0,0.0,0.0,10252742.5,0.0,10252742.5,2540287.75,7499241.75,7229972.75,24981957.0,0.0,0.0,0.0,0.0,0.0,0.0,0.0,0.0,0.0,0.0,0.0,47524.0,0,26.143737166324435,48.0,1.0,0,48.0,False,False,False,False,True,False,False,False,False,False,False,False,False,True,False,False,False,False,False,False,False,False,False,False,False,True,False,False,False,False,False,0.0037267080745341614,0.3823884197828709,0,0,8641382.75,15696430.75,-7055048.0,1000.0,1000.0,55.053170288410946,-1000.0,100.0,41.0405898144809,0.0,-500.0,6.450094161958568,60.14730457386891,500.0,12.016109348303637,500.0,500.0,50.90559572067366,1000.0,1000.0,123.35330748443192,-3.8457193212373184,0,0,0,0,0,0,0,0,0,0,0,0,0,0,0,0,0,0,0,0,0,0
323,6025,60,602,5.0,100,23,7.0,0.0,0.0,0.0,0.0,0.0,0.0,5733227.5,5194939.75,538287.75,220720.5,2305553.25,0.0,0.0,0.0,2970217.25,0.0,0.0,0.0,276276.0,3784781.0,11145.5,10799.25,11369358.0,4116362.25,292292.0,87337.25,0.0,3709455.75,168918.75,-109109.0,-36036.0,0.0,0.0,0.0,0.0,945694.75,0.0,945694.75,1439187.75,2108356.25,730730.0,3784781.0,0.0,0.0,0.0,0.0,0.0,0.0,0.0,0.0,0.0,0.0,0.0,22576.0,0,21.82340862422998,48.0,1.0,0,48.0,False,True,False,False,False,False,False,False,False,False,False,False,False,True,False,False,False,False,False,False,False,False,False,False,True,False,False,False,False,False,False,0.3242236024844721,0.3823884197828709,0,0,407407.0,861861.0,-454454.0,1000.0,1000.0,47.27061556329849,-1000.0,100.0,24.9867759851891,0.0,-483.29642097802974,14.22242792911928,90.61108686163247,-159.62083628632175,-3.810531886742524,386.85883238837704,500.0,,1000.0,1000.0,102.55708581938899,3.206241174155613,0,0,0,0,0,0,0,0,0,0,0,0,0,0,0,0,0,1,0,0,0,0
324,4529,45,452,160.70999999999992,328,31,5.0,0.0,0.0,0.0,0.0,0.0,0.0,17328311.0,7743485.75,9584825.25,25174899.75,49376327.0,0.0,0.0,0.0,80636305.75,0.0,0.0,0.0,210710.5,90431841.5,36971538.5,65406.25,101344993.75,17945677.75,4464960.5,906155.25,82199367.25,13287274.0,3346843.5,-865614.75,-211961.75,0.0,0.0,0.0,0.0,16522756.25,10010000.0,26532756.25,16290023.75,54926872.0,8972213.25,90431841.5,0.0,0.0,0.0,0.0,0.0,0.0,0.0,0.0,0.0,0.0,0.0,197901.5,0,26.46132785763176,84.0,3.0,0,28.0,False,False,False,True,False,False,False,False,False,False,False,False,False,False,False,True,False,False,False,False,False,False,False,False,False,True,False,False,False,False,False,0.004968944099378882,0.0048250904704463205,0,0,16947931.0,25709433.75,-8761502.75,1000.0,1000.0,65.92105903538229,-1000.0,62.2730488092431,18.27094967429144,500.0,-437.3967605096475,10.598949541462119,44.68690428051528,-107.10467075792755,-1.282847406285498,457.88195137480005,500.0,71.34371888975824,1000.0,1000.0,-99.46471932727387,500.0,0,0,0,0,0,0,0,0,0,0,0,0,0,0,0,0,0,0,0,0,0,0
325,5154,51,515,2.0,16,22,5.0,0.0,0.0,0.0,0.0,0.0,0.0,766766.0,446195.75,320570.25,702952.25,2101099.0,0.0,0.0,0.0,3411157.75,0.0,0.0,0.0,171921.74999999988,3903649.75,5621.0,4489.0,6874617.75,818818.0,579328.75,449449.0,5036781.750000002,218718.5,433683.25,-119369.25,303803.5,0.0,0.0,0.0,0.0,2471218.75,235235.00000000047,2706453.75,256506.25,707456.75,489739.25,3903649.75,0.0,0.0,0.0,0.0,0.0,0.0,0.0,0.0,0.0,0.0,0.0,13735.5,1,6.573579739904175,48.0,1.0,0,48.0,False,False,False,False,False,False,False,False,False,True,False,False,False,False,False,False,False,False,False,False,False,True,False,False,False,False,False,False,True,False,False,0.0012422360248447205,0.0012062726176115801,0,0,2385883.5,2703701.0,-317817.5000000001,1000.0,1000.0,88.24509440947797,-1000.0,91.30836800739714,63.30534008590294,52.338530066815245,-500.0,8.212064875953587,58.191906005221924,500.0,12.29367088607595,500.0,500.0,18.333581755850346,1000.0,1000.0,144.36043408646148,25.217197594118957,0,0,0,0,0,0,0,0,0,0,0,0,0,0,0,0,0,0,0,0,0,0
326,6033,60,603,4.0,40,23,5.3,0.0,0.0,0.0,0.0,0.0,0.0,10830569.75,4526271.75,6304298.0,0.0,6954197.25,0.0,0.0,0.0,10514754.25,0.0,0.0,0.0,168668.5,16987720.75,35962.75,30144.0,39516977.5,4886131.25,2532530.0,2453200.75,18059041.0,2138386.25,983232.25,-151651.5,903903.0,0.0,0.0,0.0,0.0,7668160.5,0.0,7668160.5,5423918.5,8882373.5,437186.75,16987720.75,0.0,0.0,0.0,0.0,0.0,0.0,0.0,0.0,0.0,0.0,0.0,78955.0,0,9.514031485284052,48.0,1.0,0,48.0,False,False,True,False,False,False,False,False,False,False,False,False,False,False,True,False,False,False,False,False,False,False,False,False,False,False,True,False,False,False,False,0.011180124223602485,0.010856453558504222,0,0,1363862.5,1632380.75,-268518.25,1000.0,1000.0,83.55051356737697,-1000.0,100.0,45.13943107994638,0.0,-192.0733329111519,37.110911421121635,41.791631045079605,500.0,11.787742314470334,500.0,500.0,108.12371819743916,0.0,1000.0,119.54661420497598,19.303178078556265,0,0,0,0,0,0,0,0,0,0,0,0,0,0,0,0,0,0,0,0,0,0
327,4522,45,452,3.0,132,25,5.0,0.0,0.0,0.0,0.0,0.0,0.0,34290756.5,26682155.5,7608601.0,18017499.5,40510970.5,0.0,0.0,0.0,61597536.0,0.0,0.0,0.0,54804.74999999988,69260941.75,48799.0,37931.25,47791243.5,11189428.25,6079823.75,4465961.5,29393864.5,4832327.5,1790038.25,-889889.0,176176.0,0.0,0.0,0.0,0.0,19936416.5,3716963.25,23653379.75,11296034.75,31665133.5,13942428.5,69260941.75,0.0,0.0,0.0,0.0,0.0,0.0,0.0,0.0,0.0,0.0,0.0,92156.5,0,16.22450376454483,48.0,1.0,0,48.0,False,True,False,False,False,False,False,False,False,False,False,False,False,True,False,False,False,False,False,False,False,False,False,False,True,False,False,False,False,False,False,0.3242236024844721,0.3823884197828709,0,0,16044778.75,29932402.5,-13887623.75,1000.0,1000.0,53.6033776440097,-1000.0,84.28569917159513,28.784501042393064,83.22873473047181,-500.0,10.985413723456915,77.81151022433698,191.17045460710855,0.8836894032586047,500.0,500.0,138.34766469716834,1000.0,1000.0,88.84915674501526,28.65117811830615,0,0,0,0,0,0,0,0,0,0,0,0,0,0,0,0,0,0,0,0,0,0
328,6062,60,606,7.0,27,5,7.5,0.0,0.0,0.0,0.0,0.0,0.0,521270.75,436185.75,85085.0,0.0,4695440.75,0.0,0.0,0.0,6936429.5,0.0,0.0,0.0,34284.25,7055798.75,9972.749999996275,7783.75,10795534.75,1888386.499999999,644393.7499999998,388638.25,6036530.5,1180179.0,603853.2499999999,-131131.0,348097.75,0.0,0.0,0.0,0.0,1936184.25,307307.0,2243491.25,3503750.25,3691437.75,1120869.75,7055798.75,0.0,0.0,0.0,0.0,0.0,0.0,0.0,0.0,0.0,0.0,0.0,21569.5,0,7.411362080766598,48.0,1.0,0,48.0,False,False,False,False,False,False,False,False,False,False,True,False,False,False,False,False,False,False,False,False,False,False,True,False,False,False,False,False,False,False,False,0.04720496894409938,0.04945717732207479,0,0,2158406.25,3244991.75,-1086585.5,1000.0,1000.0,66.5149996144058,-1000.0,86.30228667038483,27.44103564461784,79.07276239536381,-500.0,1.2058875687178578,83.67738838214113,500.0,17.97854465555125,500.0,500.0,208.95282314899262,0.0,1000.0,116.28437492174233,28.122691504689573,0,0,0,0,0,0,0,0,0,0,0,0,0,0,0,0,0,0,0,0,0,0
329,6062,60,606,4.0,27,23,6.5,0.0,0.0,0.0,0.0,0.0,0.0,521270.75,436185.75,85085.0,0.0,4695440.75,0.0,0.0,0.0,6936429.5,0.0,0.0,0.0,34284.25,7055798.75,9972.749999996275,7783.75,10795534.75,1888386.499999999,644393.7499999998,388638.25,6036530.5,1180179.0,603853.2499999999,-131131.0,348097.75,0.0,0.0,0.0,0.0,1936184.25,307307.0,2243491.25,3503750.25,3691437.75,1120869.75,7055798.75,0.0,0.0,0.0,0.0,0.0,0.0,0.0,0.0,0.0,0.0,0.0,21569.5,0,7.493497604380561,48.0,1.0,0,48.0,False,False,False,False,False,False,False,False,False,False,True,False,False,False,False,False,False,False,False,False,False,False,True,False,False,False,False,False,False,False,False,0.04720496894409938,0.04945717732207479,0,0,2158406.25,3244991.75,-1086585.5,1000.0,1000.0,66.5149996144058,-1000.0,86.30228667038483,27.44103564461784,79.07276239536381,-500.0,1.2058875687178578,83.67738838214113,500.0,17.97854465555125,500.0,500.0,208.95282314899262,0.0,1000.0,116.28437492174233,28.122691504689573,0,0,0,0,0,0,0,0,0,0,0,0,0,0,0,0,0,0,0,0,0,0
330,6024,60,602,0.0,35,25,1.0,100.0,100.0,100.0,100.0,100.0,100.0,1735734.0,759258.5,976475.5,569569.0,7051044.0,100.0,100.0,100.0,7621113.5,100.0,100.0,100.0,2502.5,8600091.5,8722213.5,8698690.0,9731221.5,1681179.499999999,-33033.0,-179679.50000000023,5258253.0,1582080.5,-35535.5,-104104.0,-182182.0,100.0,100.0,100.0,1.0,2542540.0,631130.5,3173670.5,2068566.5,4151647.5,1274773.5,8600091.5,51.0,51.0,51.0,38.0667,38.0667,38.0667,38.9743,50.0,50.0,50.0,2.0,19443.0,0,21.470225872689937,60.0,1.0,0,60.0,False,False,False,False,False,False,False,False,False,False,True,False,False,False,False,False,False,False,False,False,False,False,True,False,False,False,False,False,False,False,False,0.04720496894409938,0.04945717732207479,0,0,2197195.0,3469466.0,-1272271.0,1000.0,1000.0,63.32948643969994,-1000.0,80.11354675918625,29.56410405633475,-351.25348189414996,-500.0,11.354245475178956,43.74279123414072,-500.0,-7.165354330708662,-500.0,500.0,141.62193032552827,1000.0,1000.0,-99.77708640129023,0.27042577675489066,0,0,0,0,0,0,0,0,0,0,0,0,0,0,0,0,0,0,0,0,0,0
331,5163,51,516,1.0,6,23,7.0,0.0,0.0,0.0,0.0,0.0,0.0,17696941.193991903,7239049.1334043145,10494936.916722622,5711624.613972619,14751896.664327338,0.0,0.0,0.0,24672445.857143342,0.0,0.0,0.0,936626.1695394691,36100427.35440215,23689402.432255726,17889398.211046387,35463800.705205336,9473299.257317152,2502156.240714975,1764434.9040538718,21066695.29673669,7026995.2010281375,1530573.3567460796,-489449.7146318286,713223.8350885716,0.0,0.0,0.0,0.0,11248784.191388477,3574801.479138362,14823585.67052684,9532926.419230485,15913281.269093791,5395102.20245469,36094790.188847594,0.0,0.0,0.0,0.0,0.0,0.0,0.0,0.0,0.0,0.0,0.0,0.0,1,5.549623545516769,60.0,1.0,0,60.0,False,False,False,False,False,False,False,False,False,False,False,True,False,False,False,False,False,False,False,False,False,False,False,True,False,False,False,False,False,True,False,0.07080745341614907,0.054282267792521106,1,1,4328648.753804218,8759164.588049551,-4458476.032915221,,,49.4185114378368,,75.88436726043955,31.1596981414038,202.6031944236134,,29.071503264192945,40.90565173975922,,6.34045264762552,,,162.9042174191688,,,-100.0,32.421460760082695,0,0,0,1,1,0,1,0,0,0,1,0,0,1,0,1,1,0,1,1,0,0
332,7210,72,721,15.0,56,23,0.1,0.0,0.0,0.0,0.0,0.0,0.0,3746242.5,2191689.5,1554553.0,294794.5,17421153.75,0.0,0.0,0.0,18650632.0,0.0,0.0,0.0,710209.5,20915394.5,17165.0,16149.25,18205187.0,8550041.5,2632129.5,1959207.25,6998491.5,5828072.25,2093341.25,-100100.0,1420419.0,0.0,0.0,0.0,0.0,10752491.75,544544.0000000005,11297035.75,4425421.0,8911402.5,706956.25,20915394.5,0.0,0.0,0.0,0.0,0.0,0.0,0.0,0.0,0.0,0.0,0.0,36680.0,0,9.83709787816564,48.0,1.0,0,48.0,False,True,False,False,False,False,False,False,False,False,False,False,False,True,False,False,False,False,False,False,False,False,False,False,True,False,False,False,False,False,False,0.024844720496894408,0.3823884197828709,0,0,9742482.75,9739229.5,3253.25,1000.0,1000.0,100.0334035664731,31.9293893129771,95.17976208936048,51.409461820096205,27.794098863200944,-272.90076335877865,7.432577951135466,58.50367401469606,500.0,13.210138012893616,500.0,500.0,227.64213688049773,1000.0,1000.0,113.69064957762889,6.289765778596529,0,0,0,0,0,0,0,0,0,0,0,0,0,0,0,0,0,0,0,0,0,0
333,4529,45,452,1.0,140,22,5.0,50.0,50.0,16.0,50.0,50.0,25.0,14156142.0,11789277.5,2366864.500000001,13678414.75,18015247.25,50.0,50.0,37.5,32857324.5,50.0,50.0,25.0,124874.75,35349063.75,39264.25,32856.75,42333291.0,5749493.75,1737485.75,1489488.0,30133103.0,3919916.0,989738.75,-72822.75,741741.0,50.0,50.0,17.5,1.0,10595585.0,150650.50000000047,10746235.5,5218213.0,23094321.25,1508506.9999999995,35349063.75,25.5,25.5,25.5,16.1742,16.1742,12.3011,18.4039,0.5,0.5,25.0,0.5,80857.5,0,10.877481177275838,48.0,1.0,0,48.0,False,False,False,False,False,False,False,False,True,False,False,False,False,False,False,False,False,False,False,False,True,False,False,False,True,False,False,False,False,False,False,0.08074534161490683,0.07117008443908324,0,0,8379370.999999999,9763003.25,-1383632.2499999995,1000.0,1000.0,85.82780098941377,-1000.0,98.59810907736016,29.97416020671835,10.114247311827988,-90.0630739263519,6.695692187887158,83.28029981615047,500.0,7.0004723665564486,500.0,500.0,62.34195927316214,1000.0,1000.0,105.93160444934004,19.501320124479747,0,0,0,0,0,0,0,0,0,0,0,0,0,0,0,0,0,0,0,0,0,0
334,1920,19,192,0.0,70,23,0.0,0.0,0.0,0.0,0.0,0.0,0.0,4170666.5,1236485.25,2934181.25,545545.0,2719717.0,0.0,0.0,0.0,5608352.75,0.0,0.0,0.0,159909.75,8702443.75,4324779.25,9208.5,9870110.25,3058305.249999999,922421.5,467717.25000000023,5870364.5,2065563.5,728728.0000000001,-150400.25,274023.75,0.0,0.0,0.0,0.0,2152400.25,1286535.25,3438935.5,3934680.75,4314560.25,948948.0,8702443.75,0.0,0.0,0.0,0.0,0.0,0.0,0.0,0.0,0.0,0.0,0.0,18088.0,0,12.19712525667351,180.0,1.0,0,180.0,False,False,False,False,True,False,False,False,False,False,False,False,False,True,False,False,False,False,False,False,False,False,False,False,False,True,False,False,False,False,False,0.06459627329192547,0.3823884197828709,0,0,504754.25,1293792.5,-789038.25,1000.0,1000.0,39.013539651837526,-1000.0,62.58914277397759,24.733285406182603,275.0668806848581,-500.0,33.716750539180445,29.647185887435494,500.0,12.731077781653296,500.0,500.0,241.29422798192513,1000.0,1000.0,-99.58175899960673,500.0,0,0,0,0,0,0,0,0,0,0,0,0,0,0,0,0,0,0,0,0,0,0
335,1920,19,192,25.0,70,5,5.5,0.0,0.0,0.0,0.0,0.0,0.0,4170666.5,1236485.25,2934181.25,545545.0,2719717.0,0.0,0.0,0.0,5608352.75,0.0,0.0,0.0,159909.75,8702443.75,4324779.25,9208.5,9870110.25,3058305.249999999,922421.5,467717.25000000023,5870364.5,2065563.5,728728.0000000001,-150400.25,274023.75,0.0,0.0,0.0,0.0,2152400.25,1286535.25,3438935.5,3934680.75,4314560.25,948948.0,8702443.75,0.0,0.0,0.0,0.0,0.0,0.0,0.0,0.0,0.0,0.0,0.0,18088.0,0,12.208076659822039,60.0,1.0,0,60.0,False,False,False,False,True,False,False,False,False,False,False,False,False,True,False,False,False,False,False,False,False,False,False,False,False,True,False,False,False,False,False,0.06459627329192547,0.3823884197828709,0,0,504754.25,1293792.5,-789038.25,1000.0,1000.0,39.013539651837526,-1000.0,62.58914277397759,24.733285406182603,275.0668806848581,-500.0,33.716750539180445,29.647185887435494,500.0,12.731077781653296,500.0,500.0,241.29422798192513,1000.0,1000.0,-99.58175899960673,500.0,0,0,0,0,0,0,0,0,0,0,0,0,0,0,0,0,0,0,0,0,0,0
336,6033,60,603,10.0,32,23,6.0,0.0,0.0,0.0,0.0,0.0,0.0,2314312.000000002,1344843.500000001,969468.5,2317315.0,3955451.5,0.0,0.0,0.0,6457951.5,0.0,0.0,0.0,7006.999999999884,7434427.0,7619612.0,5296791.5,10181171.0,1430929.499999999,547546.9999999998,600600.0,5295790.5,879378.5,408908.5,146146.00000000006,461961.5,0.0,0.0,0.0,0.0,2059557.5,3741237.5,5800795.0,507006.5,1005504.5,628127.5,7434427.0,0.0,0.0,0.0,0.0,0.0,0.0,0.0,0.0,0.0,0.0,0.0,19997.0,1,7.039014373716633,60.0,1.0,0,60.0,False,False,False,False,False,False,True,False,False,False,False,False,False,False,False,False,False,False,True,False,False,False,False,False,False,False,False,False,False,False,True,0.02608695652173913,0.018094089264173704,0,0,4831326.5,5452447.0,-621120.5000000001,1000.0,1000.0,88.60840829814578,-1000.0,35.504745470232955,27.70297562946008,500.0,500.0,13.040258516224586,58.1098615916955,500.0,22.430133657351153,500.0,500.0,34.46555146016445,1000.0,1000.0,-99.73755881533076,43.85334971180195,0,0,0,0,0,0,0,0,0,0,0,0,0,0,0,0,0,0,0,0,0,0
337,5122,51,512,0.0,86,23,1.0,0.0,0.0,0.0,0.0,0.0,0.0,63599035.5,26224698.5,37374337.0,49261066.40454999,28867338.5,0.0,0.0,0.0,104009155.25,0.0,0.0,0.0,3636132.5,145019624.75,135025891.0,104377281.5,131178047.0,15118353.25,11895633.75,8021263.25,103880026.25,2927424.4999999995,9132373.25,-3143640.5,5266511.25,0.0,0.0,0.0,0.0,34602067.5,11496234.75,46098302.25,35975189.25,46515218.75,46129956.66666666,145019624.75,0.0,0.0,0.0,0.0,0.0,0.0,0.0,0.0,0.0,0.0,0.0,262094.0,0,26.428473648186174,60.0,1.0,0,60.0,False,True,False,False,False,False,False,False,False,False,False,False,False,True,False,False,False,False,False,False,False,False,False,False,True,False,False,False,False,False,False,0.3242236024844721,0.3823884197828709,0,0,8723965.25,57493936.5,-42493824.16666666,1000.0,1000.0,15.173713579344145,-1000.0,75.06147908082667,23.860265505203632,143.32199794091036,-500.0,25.771916776387883,41.234427996946586,500.0,15.22022130614016,500.0,500.0,124.67332361691619,1000.0,1000.0,-99.80589352304293,29.363295402553668,0,0,0,0,0,0,0,0,0,0,0,0,0,0,0,0,0,0,0,0,0,0
338,2442,24,244,70.0,86,1,6.08,0.0,0.0,0.0,0.0,0.0,0.0,63599035.5,26224698.5,37374337.0,49261066.40454999,28867338.5,0.0,0.0,0.0,104009155.25,0.0,0.0,0.0,3636132.5,145019624.75,135025891.0,104377281.5,131178047.0,15118353.25,11895633.75,8021263.25,103880026.25,2927424.4999999995,9132373.25,-3143640.5,5266511.25,0.0,0.0,0.0,0.0,34602067.5,11496234.75,46098302.25,35975189.25,46515218.75,46129956.66666666,145019624.75,0.0,0.0,0.0,0.0,0.0,0.0,0.0,0.0,0.0,0.0,0.0,262094.0,0,26.6694045174538,120.0,3.0,0,40.0,False,True,False,False,False,False,False,False,False,False,False,False,False,True,False,False,False,False,False,False,False,False,False,False,True,False,False,False,False,False,False,0.3242236024844721,0.3823884197828709,0,0,8723965.25,57493936.5,-42493824.16666666,1000.0,1000.0,15.173713579344145,-1000.0,75.06147908082667,23.860265505203632,143.32199794091036,-500.0,25.771916776387883,41.234427996946586,500.0,15.22022130614016,500.0,500.0,124.67332361691619,1000.0,1000.0,-99.80589352304293,29.363295402553668,0,0,0,0,0,0,0,0,0,0,0,0,0,0,0,0,0,0,0,0,0,0
339,5122,51,512,5.0,86,23,1.0,0.0,0.0,0.0,0.0,0.0,0.0,63599035.5,26224698.5,37374337.0,49261066.40454999,28867338.5,0.0,0.0,0.0,104009155.25,0.0,0.0,0.0,3636132.5,145019624.75,135025891.0,104377281.5,131178047.0,15118353.25,11895633.75,8021263.25,103880026.25,2927424.4999999995,9132373.25,-3143640.5,5266511.25,0.0,0.0,0.0,0.0,34602067.5,11496234.75,46098302.25,35975189.25,46515218.75,46129956.66666666,145019624.75,0.0,0.0,0.0,0.0,0.0,0.0,0.0,0.0,0.0,0.0,0.0,262094.0,0,27.340177960301162,60.0,1.0,0,60.0,False,True,False,False,False,False,False,False,False,False,False,False,False,True,False,False,False,False,False,False,False,False,False,False,True,False,False,False,False,False,False,0.3242236024844721,0.3823884197828709,0,0,8723965.25,57493936.5,-42493824.16666666,1000.0,1000.0,15.173713579344145,-1000.0,75.06147908082667,23.860265505203632,143.32199794091036,-500.0,25.771916776387883,41.234427996946586,500.0,15.22022130614016,500.0,500.0,124.67332361691619,1000.0,1000.0,-99.80589352304293,29.363295402553668,0,0,0,0,0,0,0,0,0,0,0,0,0,0,0,0,0,0,0,0,0,0
340,6042,60,604,2.0,0,22,0.0,0.0,0.0,0.0,0.0,0.0,0.0,17696941.193991903,7239049.1334043145,10494936.916722622,5711624.613972619,14751896.664327338,0.0,0.0,0.0,24672445.857143342,0.0,0.0,0.0,936626.1695394691,36100427.35440215,23689402.432255726,17889398.211046387,35463800.705205336,9473299.257317152,2502156.240714975,1764434.9040538718,21066695.29673669,7026995.2010281375,1530573.3567460796,-489449.7146318286,713223.8350885716,0.0,0.0,0.0,0.0,11248784.191388477,3574801.479138362,14823585.67052684,9532926.419230485,15913281.269093791,5395102.20245469,36094790.188847594,0.0,0.0,0.0,0.0,0.0,0.0,0.0,0.0,0.0,0.0,0.0,0.0,0,4.010951403148528,48.0,1.0,0,48.0,False,False,False,False,False,False,False,False,False,True,False,False,False,False,False,False,False,False,False,False,False,True,False,False,False,False,False,False,True,False,False,0.011180124223602485,0.010856453558504222,1,1,4328648.753804218,8759164.588049551,-4458476.032915221,,,49.4185114378368,,75.88436726043955,31.1596981414038,202.6031944236134,,29.071503264192945,40.90565173975922,,6.34045264762552,,,162.9042174191688,,,-100.0,32.421460760082695,0,0,0,1,1,0,1,0,0,0,1,0,0,1,0,1,1,0,1,1,0,0
341,6042,60,604,2.0,0,24,0.0,0.0,0.0,0.0,0.0,0.0,0.0,17696941.193991903,7239049.1334043145,10494936.916722622,5711624.613972619,14751896.664327338,0.0,0.0,0.0,24672445.857143342,0.0,0.0,0.0,936626.1695394691,36100427.35440215,23689402.432255726,17889398.211046387,35463800.705205336,9473299.257317152,2502156.240714975,1764434.9040538718,21066695.29673669,7026995.2010281375,1530573.3567460796,-489449.7146318286,713223.8350885716,0.0,0.0,0.0,0.0,11248784.191388477,3574801.479138362,14823585.67052684,9532926.419230485,15913281.269093791,5395102.20245469,36094790.188847594,0.0,0.0,0.0,0.0,0.0,0.0,0.0,0.0,0.0,0.0,0.0,0.0,0,4.4106776180698155,60.0,1.0,0,60.0,False,False,False,False,False,False,False,False,False,True,False,False,False,False,False,False,False,False,False,False,False,True,False,False,False,False,False,False,True,False,False,0.011180124223602485,0.010856453558504222,1,1,4328648.753804218,8759164.588049551,-4458476.032915221,,,49.4185114378368,,75.88436726043955,31.1596981414038,202.6031944236134,,29.071503264192945,40.90565173975922,,6.34045264762552,,,162.9042174191688,,,-100.0,32.421460760082695,0,0,0,1,1,0,1,0,0,0,1,0,0,1,0,1,1,0,1,1,0,0
342,1562,15,156,120.0,85,4,6.0,0.0,0.0,0.0,0.0,0.0,0.0,2259757.5,257257.0,2002500.5,2135383.25,3577323.75,0.0,0.0,0.0,6013757.75,0.0,0.0,0.0,0.0,8016258.25,18192.5,18092.0,17777760.0,860359.5,525775.25,309058.75,16648131.5,334584.25,442191.75,-156156.0,225475.25,0.0,0.0,0.0,0.0,1189688.5,0.0,1189688.5,2407655.25,3264511.25,3562058.5,8016258.25,0.0,0.0,0.0,0.0,0.0,0.0,0.0,0.0,0.0,0.0,0.0,35520.0,0,3.9671457905544147,83.0,3.0,0,27.666666666666668,False,False,False,False,False,False,False,False,False,False,False,True,False,True,False,False,False,False,False,False,False,False,False,False,False,False,False,False,False,True,False,0.07080745341614907,0.3823884197828709,0,0,-812812.0,2749246.5,-3562058.5,-1000.0,1000.0,-29.56490078281449,-1000.0,100.0,14.840945275184966,0.0,-439.6283783783784,24.980488870851932,11.384274640088593,500.0,18.95246108540177,500.0,500.0,52.06325346481075,1000.0,1000.0,95.2452933901333,0.5554941410568207,0,0,0,0,0,0,0,0,0,0,0,0,0,0,0,0,0,0,0,0,0,0
343,2661,26,266,0.0,230,24,6.5,50.0,0.0,0.0,50.0,0.0,0.0,73887313.50000001,44704910.25,29182403.25,11464703.25,57503696.25,50.0,0.0,0.0,78692864.25,50.0,0.0,0.0,384384.0,108259651.5,63831.75,69082.5,75137562.5,16761494.75,6526520.0,3741487.75,47950402.5,9783774.0,3659405.75,-2179927.75,874373.5,50.0,0.0,0.0,0.5,25788763.0,9062303.25,34851066.25,26225949.75,45036241.25,28372344.0,108259651.5,25.5,0.0,0.0,19.96695,0.0,0.0,23.086249999999996,33.0,0.0,0.0,0.5,148797.0,0,26.431211498973305,60.0,1.0,0,60.0,False,False,False,False,False,False,True,False,False,False,False,False,False,True,False,False,False,False,False,False,False,False,False,False,False,False,False,False,False,False,True,0.02608695652173913,0.3823884197828709,0,0,5668663.0,33656623.0,-27987960.0,1000.0,1000.0,16.842637480296226,-1000.0,73.99705597242668,23.82121376032695,242.21122332954317,-500.0,26.95593681086254,60.50417606535389,500.0,3.390521290222412,500.0,500.0,196.89807421324565,1000.0,1000.0,133.1081319249433,-7.600694821409185,0,0,0,0,0,0,0,0,0,0,0,0,0,0,0,0,0,0,0,0,0,0
344,2661,26,266,0.0,230,24,6.0,50.0,0.0,0.0,50.0,0.0,0.0,73887313.50000001,44704910.25,29182403.25,11464703.25,57503696.25,50.0,0.0,0.0,78692864.25,50.0,0.0,0.0,384384.0,108259651.5,63831.75,69082.5,75137562.5,16761494.75,6526520.0,3741487.75,47950402.5,9783774.0,3659405.75,-2179927.75,874373.5,50.0,0.0,0.0,0.5,25788763.0,9062303.25,34851066.25,26225949.75,45036241.25,28372344.0,108259651.5,25.5,0.0,0.0,19.96695,0.0,0.0,23.086249999999996,33.0,0.0,0.0,0.5,148797.0,1,27.003422313483917,88.0,1.0,0,88.0,False,False,False,False,False,False,True,False,False,False,False,False,False,True,False,False,False,False,False,False,False,False,False,False,False,False,False,False,False,False,True,0.02608695652173913,0.3823884197828709,0,0,5668663.0,33656623.0,-27987960.0,1000.0,1000.0,16.842637480296226,-1000.0,73.99705597242668,23.82121376032695,242.21122332954317,-500.0,26.95593681086254,60.50417606535389,500.0,3.390521290222412,500.0,500.0,196.89807421324565,1000.0,1000.0,133.1081319249433,-7.600694821409185,0,0,0,0,0,0,0,0,0,0,0,0,0,0,0,0,0,0,0,0,0,0
345,2666,26,266,0.0,230,23,6.0,50.0,0.0,0.0,50.0,0.0,0.0,73887313.50000001,44704910.25,29182403.25,11464703.25,57503696.25,50.0,0.0,0.0,78692864.25,50.0,0.0,0.0,384384.0,108259651.5,63831.75,69082.5,75137562.5,16761494.75,6526520.0,3741487.75,47950402.5,9783774.0,3659405.75,-2179927.75,874373.5,50.0,0.0,0.0,0.5,25788763.0,9062303.25,34851066.25,26225949.75,45036241.25,28372344.0,108259651.5,25.5,0.0,0.0,19.96695,0.0,0.0,23.086249999999996,33.0,0.0,0.0,0.5,148797.0,1,27.38398357289528,48.0,1.0,0,48.0,False,False,False,False,False,False,True,False,False,False,False,False,False,True,False,False,False,False,False,False,False,False,False,False,False,False,False,False,False,False,True,0.02608695652173913,0.3823884197828709,0,0,5668663.0,33656623.0,-27987960.0,1000.0,1000.0,16.842637480296226,-1000.0,73.99705597242668,23.82121376032695,242.21122332954317,-500.0,26.95593681086254,60.50417606535389,500.0,3.390521290222412,500.0,500.0,196.89807421324565,1000.0,1000.0,133.1081319249433,-7.600694821409185,0,0,0,0,0,0,0,0,0,0,0,0,0,0,0,0,0,0,0,0,0,0
346,2661,26,266,0.0,230,24,6.0,50.0,0.0,0.0,50.0,0.0,0.0,73887313.50000001,44704910.25,29182403.25,11464703.25,57503696.25,50.0,0.0,0.0,78692864.25,50.0,0.0,0.0,384384.0,108259651.5,63831.75,69082.5,75137562.5,16761494.75,6526520.0,3741487.75,47950402.5,9783774.0,3659405.75,-2179927.75,874373.5,50.0,0.0,0.0,0.5,25788763.0,9062303.25,34851066.25,26225949.75,45036241.25,28372344.0,108259651.5,25.5,0.0,0.0,19.96695,0.0,0.0,23.086249999999996,33.0,0.0,0.0,0.5,148797.0,1,27.479808350444902,60.0,1.0,0,60.0,False,False,False,False,False,False,True,False,False,False,False,False,False,True,False,False,False,False,False,False,False,False,False,False,False,False,False,False,False,False,True,0.02608695652173913,0.3823884197828709,0,0,5668663.0,33656623.0,-27987960.0,1000.0,1000.0,16.842637480296226,-1000.0,73.99705597242668,23.82121376032695,242.21122332954317,-500.0,26.95593681086254,60.50417606535389,500.0,3.390521290222412,500.0,500.0,196.89807421324565,1000.0,1000.0,133.1081319249433,-7.600694821409185,0,0,0,0,0,0,0,0,0,0,0,0,0,0,0,0,0,0,0,0,0,0
347,2661,26,266,0.0,230,22,6.0,50.0,0.0,0.0,50.0,0.0,0.0,73887313.50000001,44704910.25,29182403.25,11464703.25,57503696.25,50.0,0.0,0.0,78692864.25,50.0,0.0,0.0,384384.0,108259651.5,63831.75,69082.5,75137562.5,16761494.75,6526520.0,3741487.75,47950402.5,9783774.0,3659405.75,-2179927.75,874373.5,50.0,0.0,0.0,0.5,25788763.0,9062303.25,34851066.25,26225949.75,45036241.25,28372344.0,108259651.5,25.5,0.0,0.0,19.96695,0.0,0.0,23.086249999999996,33.0,0.0,0.0,0.5,148797.0,1,27.526351813826146,60.0,1.0,0,60.0,False,False,False,False,False,False,True,False,False,False,False,False,False,True,False,False,False,False,False,False,False,False,False,False,False,False,False,False,False,False,True,0.02608695652173913,0.3823884197828709,0,0,5668663.0,33656623.0,-27987960.0,1000.0,1000.0,16.842637480296226,-1000.0,73.99705597242668,23.82121376032695,242.21122332954317,-500.0,26.95593681086254,60.50417606535389,500.0,3.390521290222412,500.0,500.0,196.89807421324565,1000.0,1000.0,133.1081319249433,-7.600694821409185,0,0,0,0,0,0,0,0,0,0,0,0,0,0,0,0,0,0,0,0,0,0
348,2666,26,266,0.0,230,20,6.0,50.0,0.0,0.0,50.0,0.0,0.0,73887313.50000001,44704910.25,29182403.25,11464703.25,57503696.25,50.0,0.0,0.0,78692864.25,50.0,0.0,0.0,384384.0,108259651.5,63831.75,69082.5,75137562.5,16761494.75,6526520.0,3741487.75,47950402.5,9783774.0,3659405.75,-2179927.75,874373.5,50.0,0.0,0.0,0.5,25788763.0,9062303.25,34851066.25,26225949.75,45036241.25,28372344.0,108259651.5,25.5,0.0,0.0,19.96695,0.0,0.0,23.086249999999996,33.0,0.0,0.0,0.5,148797.0,0,27.79192334017796,60.0,1.0,0,60.0,False,False,False,False,False,False,True,False,False,False,False,False,False,True,False,False,False,False,False,False,False,False,False,False,False,False,False,False,False,False,True,0.02608695652173913,0.3823884197828709,0,0,5668663.0,33656623.0,-27987960.0,1000.0,1000.0,16.842637480296226,-1000.0,73.99705597242668,23.82121376032695,242.21122332954317,-500.0,26.95593681086254,60.50417606535389,500.0,3.390521290222412,500.0,500.0,196.89807421324565,1000.0,1000.0,133.1081319249433,-7.600694821409185,0,0,0,0,0,0,0,0,0,0,0,0,0,0,0,0,0,0,0,0,0,0
349,4521,45,452,3.0,290,22,8.0,0.0,0.0,0.0,0.0,0.0,0.0,15814799.0,5505500.0,10309299.0,6202196.0,23901377.5,0.0,0.0,0.0,36331044.75,0.0,0.0,0.0,367367.0,47007710.75,51926.75,34424.25,81078497.5,10164904.75,4515010.5,3007504.5,62718906.25,5561556.0,2970968.0,-698948.25,1463462.0,0.0,0.0,0.0,0.0,8958950.0,229729.5,9188679.5,22110338.25,29558779.25,8260252.0,47007710.75,0.0,0.0,0.0,0.0,0.0,0.0,0.0,0.0,0.0,0.0,0.0,158600.0,0,6.5571526351813825,60.0,1.0,0,60.0,False,False,False,False,False,False,False,False,True,False,False,False,False,False,False,False,False,False,False,False,True,False,False,False,False,False,False,True,False,False,False,0.08074534161490683,0.07117008443908324,0,0,-1120619.5,6772265.5,-7892885.0,-1000.0,1000.0,-16.547187938807184,-1000.0,97.49986382700583,19.058469040635,7.63854218671992,-440.69877049180326,21.931080742960877,34.81232989429711,500.0,16.335195530726256,500.0,500.0,126.91104239401497,1000.0,1000.0,205.43024549004127,50.84351874042281,0,0,0,0,0,0,0,0,0,0,0,0,0,0,0,0,0,0,0,0,0,0
350,1744,17,174,0.0,290,20,1.0,0.0,0.0,0.0,0.0,0.0,0.0,4383128.749999998,1492491.0,2890637.75,401901.5,1344593.25,0.0,0.0,0.0,3087084.0,0.0,0.0,0.0,32282.25,6010004.0,4935956.0,4114530.75,11557796.25,6806299.5,779278.5,491741.25,3477474.0,5963958.0,401901.5,-148898.75,114364.25,0.0,0.0,0.0,0.0,1896144.25,530530.0,2426674.25,1587836.25,2838085.25,745244.5,6010004.0,0.0,0.0,0.0,0.0,0.0,0.0,0.0,0.0,0.0,0.0,0.0,22895.5,0,7.12662559890486,120.0,1.0,0,120.0,False,True,False,False,False,False,False,False,False,False,False,False,False,True,False,False,False,False,False,False,False,False,False,False,False,True,False,False,False,False,False,0.3242236024844721,0.3823884197828709,0,0,-463963.5,248998.75,-712962.25,-1000.0,1000.0,-186.33165829145727,-1000.0,78.137568320099,31.549800133244503,107.8880407124682,-500.0,48.097101932045305,34.05081358835286,499.50536131554236,6.031410848620826,500.0,500.0,164.3782383419689,1000.0,1000.0,-99.53614862044961,19.96400804636106,0,0,0,0,0,0,0,0,0,0,0,0,0,0,0,0,0,0,0,0,0,0
351,6062,60,606,1.0,12,23,1.0,0.0,0.0,0.0,0.0,0.0,0.0,17696941.193991903,7239049.1334043145,10494936.916722622,5711624.613972619,14751896.664327338,0.0,0.0,0.0,24672445.857143342,0.0,0.0,0.0,936626.1695394691,36100427.35440215,23689402.432255726,17889398.211046387,35463800.705205336,9473299.257317152,2502156.240714975,1764434.9040538718,21066695.29673669,7026995.2010281375,1530573.3567460796,-489449.7146318286,713223.8350885716,0.0,0.0,0.0,0.0,11248784.191388477,3574801.479138362,14823585.67052684,9532926.419230485,15913281.269093791,5395102.20245469,36094790.188847594,0.0,0.0,0.0,0.0,0.0,0.0,0.0,0.0,0.0,0.0,0.0,0.0,0,6.4750171115674195,48.0,1.0,0,48.0,False,False,False,False,False,False,False,False,False,False,True,False,False,False,False,False,False,False,False,False,False,False,True,False,False,False,False,False,False,False,False,0.03229813664596273,0.007237635705669481,1,1,4328648.753804218,8759164.588049551,-4458476.032915221,,,49.4185114378368,,75.88436726043955,31.1596981414038,202.6031944236134,,29.071503264192945,40.90565173975922,,6.34045264762552,,,162.9042174191688,,,-100.0,32.421460760082695,0,0,0,1,1,0,1,0,0,0,1,0,0,1,0,1,1,0,1,1,0,0
352,1744,17,174,8.0,617,23,1.0,0.0,0.0,0.0,0.0,0.0,0.0,4020266.25,1434683.250000001,2585583.0,0.0,2250748.5,0.0,0.0,0.0,3767764.0,0.0,0.0,0.0,253002.75,6606349.75,9140174.25,14663.0,20469949.5,11923661.75,1264763.5,897646.75,7283025.75,10627867.25,869368.5,-90340.25,502251.75,0.0,0.0,0.0,0.0,2782029.25,8007.999999999534,2790037.25,3436933.5,3815812.0,667.3333333330229,6606349.75,0.0,0.0,0.0,0.0,0.0,0.0,0.0,0.0,0.0,0.0,0.0,40899.0,0,7.271731690622861,60.0,1.0,0,60.0,False,True,False,False,False,False,False,False,False,False,False,False,False,True,False,False,False,False,False,False,False,False,False,False,True,False,False,False,False,False,False,0.3242236024844721,0.3823884197828709,0,0,204454.25,-48048.0,252335.41666666698,1000.0,-422.92672192474146,-425.5208333333333,1000.0,99.71297874248812,42.11144361528846,0.8921103986617825,-220.88620748673563,39.137846130535245,35.686274509803944,500.0,18.05343168120896,500.0,500.0,169.8876404494382,0.0,-422.92672192474146,-99.55253588300026,500.0,0,0,0,0,0,0,0,0,0,0,0,0,0,0,0,0,0,0,0,0,0,0
353,4529,45,452,4.0,20,25,0.0,0.0,0.0,0.0,0.0,0.0,0.0,5545540.0,1674422.75,3871117.25,1281029.75,6453447.000000001,0.0,0.0,0.0,7734476.75,0.0,0.0,0.0,2615863.25,14221457.25,25394.25,12241.25,39279490.25,6034528.5,3362859.5,3341838.5,31258977.75,2666664.0,2675673.0,-20770.75,2654652.0,0.0,0.0,0.0,0.0,11962700.75,0.0,11962700.75,1148147.0,2041789.75,216966.75,14221457.25,0.0,0.0,0.0,0.0,0.0,0.0,0.0,0.0,0.0,0.0,0.0,78480.5,0,3.8548939082819986,48.0,1.0,0,48.0,False,False,False,False,False,False,False,True,False,False,False,False,False,False,False,False,False,False,False,True,False,False,False,False,False,False,True,False,False,False,False,0.02608695652173913,0.024125452352231604,0,0,8091583.5,5692687.0,2398896.5,1000.0,1000.0,142.13996834886584,1000.0,100.0,84.11726407292052,0.0,-26.46612852874281,27.22025726301712,30.19404332129964,500.0,22.191075873899127,500.0,500.0,13.22285467252684,1000.0,1000.0,209.04830818000138,107.4481772694782,0,0,0,0,0,0,0,0,0,0,0,0,0,0,0,0,0,0,0,0,0,0
354,4529,45,452,4.0,20,25,0.0,0.0,0.0,0.0,0.0,0.0,0.0,5545540.0,1674422.75,3871117.25,1281029.75,6453447.000000001,0.0,0.0,0.0,7734476.75,0.0,0.0,0.0,2615863.25,14221457.25,25394.25,12241.25,39279490.25,6034528.5,3362859.5,3341838.5,31258977.75,2666664.0,2675673.0,-20770.75,2654652.0,0.0,0.0,0.0,0.0,11962700.75,0.0,11962700.75,1148147.0,2041789.75,216966.75,14221457.25,0.0,0.0,0.0,0.0,0.0,0.0,0.0,0.0,0.0,0.0,0.0,78480.5,0,3.8548939082819986,48.0,1.0,0,48.0,False,False,False,False,False,False,False,True,False,False,False,False,False,False,False,False,False,False,False,True,False,False,False,False,False,False,True,False,False,False,False,0.02608695652173913,0.024125452352231604,0,0,8091583.5,5692687.0,2398896.5,1000.0,1000.0,142.13996834886584,1000.0,100.0,84.11726407292052,0.0,-26.46612852874281,27.22025726301712,30.19404332129964,500.0,22.191075873899127,500.0,500.0,13.22285467252684,1000.0,1000.0,209.04830818000138,107.4481772694782,0,0,0,0,0,0,0,0,0,0,0,0,0,0,0,0,0,0,0,0,0,0
355,7110,71,711,3.0,15,24,7.5,0.0,0.0,0.0,0.0,0.0,0.0,13799285.5,3034031.0,10765254.5,0.0,1243242.0,0.0,0.0,0.0,5641636.0,0.0,0.0,0.0,55555.5,16462446.0,3779.0,3396.5,11879367.5,5024019.0,4377873.5,4137133.0,49049.0,316816.5,1031030.0,-858357.5,541541.0,0.0,0.0,0.0,0.0,8308800.5,5597091.5,13905892.0,2023021.0,2556554.0,0.0,16462446.0,0.0,0.0,0.0,0.0,0.0,0.0,0.0,0.0,0.0,0.0,0.0,23735.0,0,3.8302532511978096,48.0,1.0,0,48.0,False,True,False,False,False,False,False,False,False,False,False,False,False,True,False,False,False,False,False,False,False,False,False,False,True,False,False,False,False,False,False,0.3242236024844721,0.3823884197828709,0,0,3140637.5,3085082.0,55555.5,1000.0,1000.0,101.80077871512006,842.6366125974299,59.75021595162684,50.47123920710202,135.28913622066295,-500.0,65.39280068101667,21.986870262232056,500.0,6.517679657851937,500.0,500.0,500.0,0.0,1000.0,500.0,11.261592816134256,0,0,0,0,0,0,0,0,0,0,0,0,0,0,0,0,0,0,0,0,0,0
356,5162,51,516,5.0,56,24,1.0,0.0,0.0,0.0,0.0,0.0,0.0,17696941.193991903,7239049.1334043145,10494936.916722622,5711624.613972619,14751896.664327338,0.0,0.0,0.0,24672445.857143342,0.0,0.0,0.0,936626.1695394691,36100427.35440215,23689402.432255726,17889398.211046387,35463800.705205336,9473299.257317152,2502156.240714975,1764434.9040538718,21066695.29673669,7026995.2010281375,1530573.3567460796,-489449.7146318286,713223.8350885716,0.0,0.0,0.0,0.0,11248784.191388477,3574801.479138362,14823585.67052684,9532926.419230485,15913281.269093791,5395102.20245469,36094790.188847594,0.0,0.0,0.0,0.0,0.0,0.0,0.0,0.0,0.0,0.0,0.0,0.0,0,14.105407255304586,48.0,1.0,0,48.0,False,True,False,False,False,False,False,False,False,False,False,False,False,True,False,False,False,False,False,False,False,False,False,False,True,False,False,False,False,False,False,0.3242236024844721,0.3823884197828709,1,1,4328648.753804218,8759164.588049551,-4458476.032915221,,,49.4185114378368,,75.88436726043955,31.1596981414038,202.6031944236134,,29.071503264192945,40.90565173975922,,6.34045264762552,,,162.9042174191688,,,-100.0,32.421460760082695,0,0,0,1,1,0,1,0,0,0,1,0,0,1,0,1,1,0,1,1,0,0
357,2663,26,266,2.0,56,24,7.0,0.0,0.0,0.0,0.0,0.0,0.0,17696941.193991903,7239049.1334043145,10494936.916722622,5711624.613972619,14751896.664327338,0.0,0.0,0.0,24672445.857143342,0.0,0.0,0.0,936626.1695394691,36100427.35440215,23689402.432255726,17889398.211046387,35463800.705205336,9473299.257317152,2502156.240714975,1764434.9040538718,21066695.29673669,7026995.2010281375,1530573.3567460796,-489449.7146318286,713223.8350885716,0.0,0.0,0.0,0.0,11248784.191388477,3574801.479138362,14823585.67052684,9532926.419230485,15913281.269093791,5395102.20245469,36094790.188847594,0.0,0.0,0.0,0.0,0.0,0.0,0.0,0.0,0.0,0.0,0.0,0.0,0,14.50239561943874,48.0,1.0,0,48.0,False,True,False,False,False,False,False,False,False,False,False,False,False,True,False,False,False,False,False,False,False,False,False,False,True,False,False,False,False,False,False,0.3242236024844721,0.3823884197828709,1,1,4328648.753804218,8759164.588049551,-4458476.032915221,,,49.4185114378368,,75.88436726043955,31.1596981414038,202.6031944236134,,29.071503264192945,40.90565173975922,,6.34045264762552,,,162.9042174191688,,,-100.0,32.421460760082695,0,0,0,1,1,0,1,0,0,0,1,0,0,1,0,1,1,0,1,1,0,0
358,2663,26,266,5.0,56,23,5.7,0.0,0.0,0.0,0.0,0.0,0.0,17696941.193991903,7239049.1334043145,10494936.916722622,5711624.613972619,14751896.664327338,0.0,0.0,0.0,24672445.857143342,0.0,0.0,0.0,936626.1695394691,36100427.35440215,23689402.432255726,17889398.211046387,35463800.705205336,9473299.257317152,2502156.240714975,1764434.9040538718,21066695.29673669,7026995.2010281375,1530573.3567460796,-489449.7146318286,713223.8350885716,0.0,0.0,0.0,0.0,11248784.191388477,3574801.479138362,14823585.67052684,9532926.419230485,15913281.269093791,5395102.20245469,36094790.188847594,0.0,0.0,0.0,0.0,0.0,0.0,0.0,0.0,0.0,0.0,0.0,0.0,0,14.707734428473648,60.0,1.0,0,60.0,False,True,False,False,False,False,False,False,False,False,False,False,False,True,False,False,False,False,False,False,False,False,False,False,True,False,False,False,False,False,False,0.3242236024844721,0.3823884197828709,1,1,4328648.753804218,8759164.588049551,-4458476.032915221,,,49.4185114378368,,75.88436726043955,31.1596981414038,202.6031944236134,,29.071503264192945,40.90565173975922,,6.34045264762552,,,162.9042174191688,,,-100.0,32.421460760082695,0,0,0,1,1,0,1,0,0,0,1,0,0,1,0,1,1,0,1,1,0,0
359,2663,26,266,3.0,56,23,6.0,0.0,0.0,0.0,0.0,0.0,0.0,17696941.193991903,7239049.1334043145,10494936.916722622,5711624.613972619,14751896.664327338,0.0,0.0,0.0,24672445.857143342,0.0,0.0,0.0,936626.1695394691,36100427.35440215,23689402.432255726,17889398.211046387,35463800.705205336,9473299.257317152,2502156.240714975,1764434.9040538718,21066695.29673669,7026995.2010281375,1530573.3567460796,-489449.7146318286,713223.8350885716,0.0,0.0,0.0,0.0,11248784.191388477,3574801.479138362,14823585.67052684,9532926.419230485,15913281.269093791,5395102.20245469,36094790.188847594,0.0,0.0,0.0,0.0,0.0,0.0,0.0,0.0,0.0,0.0,0.0,0.0,0,15.323750855578371,60.0,1.0,0,60.0,False,True,False,False,False,False,False,False,False,False,False,False,False,True,False,False,False,False,False,False,False,False,False,False,True,False,False,False,False,False,False,0.3242236024844721,0.3823884197828709,1,1,4328648.753804218,8759164.588049551,-4458476.032915221,,,49.4185114378368,,75.88436726043955,31.1596981414038,202.6031944236134,,29.071503264192945,40.90565173975922,,6.34045264762552,,,162.9042174191688,,,-100.0,32.421460760082695,0,0,0,1,1,0,1,0,0,0,1,0,0,1,0,1,1,0,1,1,0,0
360,1522,15,152,0.0,0,22,6.0,0.0,0.0,0.0,0.0,0.0,0.0,12582319.75,6471965.5,6110354.25,1912660.75,8245987.75,0.0,0.0,0.0,16005489.5,0.0,0.0,0.0,812812.0,22928655.75,20426.999999996275,17952.25,22724952.25,5618613.0,3719215.5,2277275.0,15038023.0,1839587.75,2833080.25,-192942.75,1382381.0,0.0,0.0,0.0,0.0,15290525.25,1623121.5,16913646.75,2329327.0,5709954.25,305054.75,22928655.75,0.0,0.0,0.0,0.0,0.0,0.0,0.0,0.0,0.0,0.0,0.0,45694.0,0,13.645448323066393,60.0,1.0,0,60.0,False,True,False,False,False,False,False,False,False,False,False,False,False,True,False,False,False,False,False,False,False,False,False,False,True,False,False,False,False,False,False,0.024844720496894408,0.3823884197828709,0,0,10803292.5,10295535.25,507757.25,1000.0,1000.0,104.93181983908997,1000.0,90.40347995916375,66.68740381781866,71.27472527472527,-422.24963890226286,26.649422088340263,51.43698164243521,500.0,9.040768563525965,500.0,500.0,55.76249750382747,1000.0,1000.0,123.69413031775753,13.785180130603544,0,0,0,0,0,0,0,0,0,0,0,0,0,0,0,0,0,0,0,0,0,0
361,6033,60,603,2.0,5,23,5.0,0.0,0.0,0.0,0.0,0.0,0.0,17696941.193991903,7239049.1334043145,10494936.916722622,5711624.613972619,14751896.664327338,0.0,0.0,0.0,24672445.857143342,0.0,0.0,0.0,936626.1695394691,36100427.35440215,23689402.432255726,17889398.211046387,35463800.705205336,9473299.257317152,2502156.240714975,1764434.9040538718,21066695.29673669,7026995.2010281375,1530573.3567460796,-489449.7146318286,713223.8350885716,0.0,0.0,0.0,0.0,11248784.191388477,3574801.479138362,14823585.67052684,9532926.419230485,15913281.269093791,5395102.20245469,36094790.188847594,0.0,0.0,0.0,0.0,0.0,0.0,0.0,0.0,0.0,0.0,0.0,0.0,0,11.08829568788501,60.0,1.0,0,60.0,False,True,False,False,False,False,False,False,False,False,False,False,False,True,False,False,False,False,False,False,False,False,False,False,True,False,False,False,False,False,False,0.0012422360248447205,0.0012062726176115801,1,1,4328648.753804218,8759164.588049551,-4458476.032915221,,,49.4185114378368,,75.88436726043955,31.1596981414038,202.6031944236134,,29.071503264192945,40.90565173975922,,6.34045264762552,,,162.9042174191688,,,-100.0,32.421460760082695,0,0,0,1,1,0,1,0,0,0,1,0,0,1,0,1,1,0,1,1,0,0
362,1552,15,155,2.0,185,35,4.95,0.0,0.0,0.0,0.0,0.0,0.0,13614100.5,6512255.75,7101844.75,4069065.0,8215957.75,0.0,0.0,0.0,17056539.5,0.0,0.0,0.0,815564.75,24973949.0,24244.5,20218.0,29817788.0,6795538.75,4386131.75,3799796.0,21249228.0,2368866.5,4406402.0,-968217.25,2780277.5,0.0,0.0,0.0,0.0,9375616.25,1040289.25,10415905.5,3739235.5,6200694.5,8357349.0,24973949.0,0.0,0.0,0.0,0.0,0.0,0.0,0.0,0.0,0.0,0.0,0.0,59333.5,0,19.49349760438056,60.0,1.0,0,60.0,False,True,False,False,False,False,False,False,False,False,False,False,False,True,False,False,False,False,False,False,False,False,False,False,True,False,False,False,False,False,False,0.3242236024844721,0.3823884197828709,0,0,3314060.75,10855845.0,-7541784.25,1000.0,1000.0,30.527893038266484,-1000.0,90.01249339291721,37.541584833059446,27.37750263435195,-500.0,28.437011503467076,47.83463843241058,500.0,29.65434405445082,500.0,500.0,63.34934991520633,1000.0,1000.0,144.72973251665326,19.91542190127609,0,0,0,0,0,0,0,0,0,0,0,0,0,0,0,0,0,0,0,0,0,0
363,4521,45,452,2.0,11,23,5.5,0.0,0.0,0.0,0.0,0.0,0.0,6843837.0,4854850.0,1988987.0,6654147.5,8490982.5,0.0,0.0,0.0,15746981.25,0.0,0.0,0.0,41791.75,17777760.0,3063571.0,7010.5,13670907.25,2226724.5,669168.5,373873.49999999977,9520761.25,1427175.749999999,356356.0,-196696.5,61061.0,0.0,0.0,0.0,0.0,5593337.75,1553552.0,7146889.75,1563562.0,4996741.75,5634128.5,17777760.0,0.0,0.0,0.0,0.0,0.0,0.0,0.0,0.0,0.0,0.0,0.0,21392.5,0,23.95071868583162,60.0,1.0,0,60.0,False,False,False,False,True,False,False,False,False,False,False,False,False,False,False,False,True,False,False,False,False,False,False,False,False,True,False,False,False,False,False,0.06459627329192547,0.06031363088057901,0,0,5157902.75,10750239.5,-5592336.75,1000.0,1000.0,47.979421760789606,-1000.0,78.26254420672993,31.462556306306304,415.5287817938423,-500.0,11.188063063063062,70.93754570718151,285.43181021386,1.091673750615185,500.0,500.0,59.12156656590879,1000.0,1000.0,-99.30171358848872,500.0,0,0,0,0,0,0,0,0,0,0,0,0,0,0,0,0,0,0,0,0,0,0
364,4521,45,452,0.0,11,22,7.0,0.0,0.0,0.0,0.0,0.0,0.0,6843837.0,4854850.0,1988987.0,6654147.5,8490982.5,0.0,0.0,0.0,15746981.25,0.0,0.0,0.0,41791.75,17777760.0,3063571.0,7010.5,13670907.25,2226724.5,669168.5,373873.49999999977,9520761.25,1427175.749999999,356356.0,-196696.5,61061.0,0.0,0.0,0.0,0.0,5593337.75,1553552.0,7146889.75,1563562.0,4996741.75,5634128.5,17777760.0,0.0,0.0,0.0,0.0,0.0,0.0,0.0,0.0,0.0,0.0,0.0,21392.5,0,24.301163586584533,48.0,1.0,0,48.0,False,False,False,False,True,False,False,False,False,False,False,False,False,False,False,False,True,False,False,False,False,False,False,False,False,True,False,False,False,False,False,0.06459627329192547,0.06031363088057901,0,0,5157902.75,10750239.5,-5592336.75,1000.0,1000.0,47.979421760789606,-1000.0,78.26254420672993,31.462556306306304,415.5287817938423,-500.0,11.188063063063062,70.93754570718151,285.43181021386,1.091673750615185,500.0,500.0,59.12156656590879,1000.0,1000.0,-99.30171358848872,500.0,0,0,0,0,0,0,0,0,0,0,0,0,0,0,0,0,0,0,0,0,0,0
365,4529,45,452,0.0,11,20,0.0,0.0,0.0,0.0,0.0,0.0,0.0,6843837.0,4854850.0,1988987.0,6654147.5,8490982.5,0.0,0.0,0.0,15746981.25,0.0,0.0,0.0,41791.75,17777760.0,3063571.0,7010.5,13670907.25,2226724.5,669168.5,373873.49999999977,9520761.25,1427175.749999999,356356.0,-196696.5,61061.0,0.0,0.0,0.0,0.0,5593337.75,1553552.0,7146889.75,1563562.0,4996741.75,5634128.5,17777760.0,0.0,0.0,0.0,0.0,0.0,0.0,0.0,0.0,0.0,0.0,0.0,21392.5,0,24.320328542094455,48.0,1.0,0,48.0,False,False,False,False,True,False,False,False,False,False,False,False,False,False,False,False,True,False,False,False,False,False,False,False,False,True,False,False,False,False,False,0.06459627329192547,0.06031363088057901,0,0,5157902.75,10750239.5,-5592336.75,1000.0,1000.0,47.979421760789606,-1000.0,78.26254420672993,31.462556306306304,415.5287817938423,-500.0,11.188063063063062,70.93754570718151,285.43181021386,1.091673750615185,500.0,500.0,59.12156656590879,1000.0,1000.0,-99.30171358848872,500.0,0,0,0,0,0,0,0,0,0,0,0,0,0,0,0,0,0,0,0,0,0,0
366,4521,45,452,2.0,308,29,4.95,0.0,0.0,0.0,0.0,0.0,0.0,16168652.5,10117607.5,6051045.0,7853345.5,3981978.0,0.0,0.0,0.0,15194179.0,0.0,0.0,0.0,150650.5,21395874.5,22922900.0,31565534.0,16506490.0,4293289.0,3211208.0,2812810.0,10663152.5,889889.0,1598597.0,-398398.0,1200199.0,0.0,0.0,0.0,0.0,12322310.0,6792285.5,19114595.5,533032.5,906405.4999999981,1374873.4999999995,21395874.5,0.0,0.0,0.0,0.0,0.0,0.0,0.0,0.0,0.0,0.0,0.0,32980.0,1,35.34839151266256,84.0,3.0,0,28.0,False,False,False,False,False,False,False,True,False,False,False,False,False,False,False,False,False,False,False,True,False,False,False,False,False,False,True,False,False,False,False,0.02608695652173913,0.024125452352231604,0,0,13063550.5,14287773.500000002,-1224222.9999999995,1000.0,1000.0,91.43167408133954,-1000.0,64.46544997512504,57.5919904559171,241.47686832740214,-500.0,28.281363306744016,62.57545271629779,500.0,9.74004874086109,500.0,500.0,17.995775639521238,1000.0,1000.0,-99.85612640634474,-27.379970825141122,0,0,0,0,0,0,0,0,0,0,0,0,0,0,0,0,0,0,0,0,0,0
367,6062,60,606,2.0,22,23,5.0,0.0,0.0,0.0,0.0,0.0,0.0,182000.0,96000.0,86000.0,0.0,3769000.0,0.0,0.0,0.0,6960000.0,0.0,0.0,0.0,418000.0,7464000.0,16427000.0,13902000.0,21820000.0,2906000.0,-72000.0,391000.00000000023,11190000.0,2850000.0,-195000.0,26000.0,268000.0,0.0,0.0,0.0,0.0,4431000.0,75000.0,4506000.0,1956000.0,2241000.0,717000.0,7464000.0,0.0,0.0,0.0,0.0,0.0,0.0,0.0,0.0,0.0,0.0,0.0,0.0,0,13.297741273100616,48.0,1.0,0,48.0,False,True,False,False,False,False,False,False,False,False,False,False,False,True,False,False,False,False,False,False,False,False,False,False,True,False,False,False,False,False,False,0.3242236024844721,0.3823884197828709,1,0,4420000.0,4719000.0,-299000.0,,,93.66391184573003,,98.33555259653795,59.36495176848875,19.18158567774935,,1.152197213290461,52.74725274725275,,6.0482960956894605,,,62.92761394101877,,,-100.0,18.1628542655733,0,0,0,1,1,0,1,0,0,0,1,0,0,1,0,1,1,0,1,1,0,0
368,6340,63,634,2.0,42,4,6.5,0.0,0.0,0.0,0.0,0.0,0.0,4270766.5,1214463.25,3056303.249999999,13513.5,6661905.25,0.0,0.0,0.0,6835578.75,0.0,0.0,0.0,944443.5,10836325.5,3989.75,2941.5,7707199.5,4284530.25,2044292.25,1375123.75,428428.0,2184182.0,1714212.5,9759.75,1045044.0,0.0,0.0,0.0,0.0,2518766.25,930679.75,3449446.0,5042787.75,7386879.5,0.0,10836325.5,0.0,0.0,0.0,0.0,0.0,0.0,0.0,0.0,0.0,0.0,0.0,15399.0,0,17.270362765229294,60.0,3.0,0,20.0,False,True,False,False,False,False,False,False,False,False,False,False,False,True,False,False,False,False,False,False,False,False,False,False,True,False,False,False,False,False,False,0.3242236024844721,0.3823884197828709,0,0,393142.75000000093,-551300.75,944443.5,1000.0,-1000.0,-71.3118474807083,1000.0,73.0194428322693,23.24373008175142,67.67970882620564,63.379115526982275,28.204239988915052,28.4366576819407,500.0,41.4903129657228,500.0,500.0,500.0,315.9205143191116,-1000.0,285.96403283413747,35.63657997620262,0,0,0,0,0,0,0,0,0,0,0,0,0,0,0,0,0,0,0,0,0,0
369,4521,45,452,10.0,90,23,6.25,0.0,0.0,0.0,0.0,0.0,0.0,3747493.750000002,1860608.75,1886885.0,1100599.5,6179923.75,0.0,0.0,0.0,8668159.5,0.0,0.0,0.0,24774.75,10579819.25,13527263.75,11722711.0,11475714.25,1792790.999999999,742241.5,161161.00000000023,8049291.25,991990.9999999991,263263.0,-288788.5,-317817.5,0.0,0.0,0.0,0.0,4261507.25,166916.75,4428424.0,2813560.75,5081076.0,1070319.25,10579819.25,0.0,0.0,0.0,0.0,0.0,0.0,0.0,0.0,0.0,0.0,0.0,22023.0,0,13.382614647501711,48.0,1.0,0,48.0,False,False,False,False,False,False,False,False,True,False,False,False,False,False,False,False,False,False,False,False,True,False,False,False,False,False,False,True,False,False,False,0.08074534161490683,0.07117008443908324,0,0,2541539.0,3587083.5,-1045544.5,1000.0,1000.0,70.8525184875122,-1000.0,96.23078661844484,40.27958464413274,103.57142857142843,-500.0,17.834756486978737,49.64941569282135,-500.0,-7.457865993305537,500.0,500.0,125.83491372609981,1000.0,1000.0,-99.83719545647212,15.393646998548375,0,0,0,0,0,0,0,0,0,0,0,0,0,0,0,0,0,0,0,0,0,0
370,5166,51,516,20.0,0,1,5.5,0.0,0.0,0.0,0.0,0.0,0.0,1639137.5000000019,686185.5,952952.0,4746992.25,3577323.75,0.0,0.0,0.0,9181422.25,0.0,0.0,0.0,355355.0,10489729.25,6137.75,6149.5,7700693.0,1218217.0,915664.75,715214.5,6251995.75,284033.75,825074.25,-13513.5,624624.0,0.0,0.0,0.0,0.0,3019766.75,0.0,3019766.75,829328.5,6876369.5,593593.0,10489729.25,0.0,0.0,0.0,0.0,0.0,0.0,0.0,0.0,0.0,0.0,0.0,15005.5,0,11.794661190965092,84.0,1.0,0,84.0,False,True,False,False,False,False,False,False,False,False,False,False,False,True,False,False,False,False,False,False,False,False,False,False,True,False,False,False,False,False,False,0.3242236024844721,0.3823884197828709,0,0,2066814.75,2305052.75,-238238.0,1000.0,1000.0,89.66453153837803,-1000.0,100.0,28.787842641410403,0.0,-90.05697910766052,9.084619605410694,41.86259541984728,500.0,20.68451147758349,500.0,500.0,47.754072769483244,1000.0,1000.0,144.4788399657855,-0.19107244491422065,0,0,0,0,0,0,0,0,0,0,0,0,0,0,0,0,0,0,0,0,0,0
371,5541,55,554,0.0,0,1,5.0,0.0,0.0,0.0,0.0,0.0,0.0,6884878.0,356356.0,6528522.0,76076.0,13013.0,0.0,0.0,0.0,1482981.5,0.0,0.0,0.0,243743.5,8255247.0,0.0,0.0,2728225.5,835334.5,496996.50000000023,480980.5,1439438.0,330330.0,140640.5,0.0,124624.5,0.0,0.0,0.0,0.0,625124.5,0.0,625124.5,2812810.0,7630122.5,0.0,8255247.0,0.0,0.0,0.0,0.0,0.0,0.0,0.0,0.0,0.0,0.0,0.0,5451.0,1,3.0965092402464065,60.0,1.0,0,60.0,False,False,False,False,False,False,False,False,False,False,False,True,False,False,False,False,False,False,False,False,False,False,False,True,False,False,False,False,False,True,False,0.07080745341614907,0.054282267792521106,0,0,-5903397.5,-6147141.0,243743.5,-1000.0,-1000.0,96.03484774466699,1000.0,100.0,7.57245058809264,0.0,0.0,79.08330301927974,5.17592323349811,500.0,19.935948759007204,500.0,500.0,500.0,1000.0,-1000.0,,,0,0,0,0,0,0,0,0,0,0,0,0,0,0,0,0,0,0,0,0,1,1
372,4529,45,452,0.0,120,22,0.0,0.0,0.0,0.0,0.0,0.0,0.0,5596591.0,3483730.25,2112860.75,2330828.5,3326823.5,0.0,0.0,0.0,6447941.5,0.0,0.0,0.0,292292.0,8853094.25,5328523.25,14639.5,11785023.25,6959953.0,1063812.75,974473.5,2949947.0,5878873.0,459459.0,-61311.25,370119.75,0.0,0.0,0.0,0.0,3322319.000000001,1425173.75,4747492.75,1054553.5,3839335.5,266266.0,8853094.25,0.0,0.0,0.0,0.0,0.0,0.0,0.0,0.0,0.0,0.0,0.0,23546.5,0,8.602327173169062,60.0,1.0,0,60.0,False,False,False,False,False,False,False,False,False,True,False,False,False,False,False,False,False,False,False,False,False,True,False,False,False,False,False,False,True,False,False,0.07204968944099378,0.05066344993968637,0,0,2634632.0,2608606.0,26026.0,1000.0,1000.0,100.99769762087489,397.9088187204043,69.98049654736178,37.5272069423637,146.25064201335388,-260.38370883146115,23.86578850665687,62.24736183151494,500.0,11.140403736065077,500.0,500.0,128.6935866983373,1000.0,1000.0,-99.55810458366678,500.0,0,0,0,0,0,0,0,0,0,0,0,0,0,0,0,0,0,0,0,0,0,0
373,4529,45,452,0.0,120,22,0.0,0.0,0.0,0.0,0.0,0.0,0.0,5596591.0,3483730.25,2112860.75,2330828.5,3326823.5,0.0,0.0,0.0,6447941.5,0.0,0.0,0.0,292292.0,8853094.25,5328523.25,14639.5,11785023.25,6959953.0,1063812.75,974473.5,2949947.0,5878873.0,459459.0,-61311.25,370119.75,0.0,0.0,0.0,0.0,3322319.000000001,1425173.75,4747492.75,1054553.5,3839335.5,266266.0,8853094.25,0.0,0.0,0.0,0.0,0.0,0.0,0.0,0.0,0.0,0.0,0.0,23546.5,1,9.442847364818617,60.0,1.0,0,60.0,False,False,False,False,False,False,False,False,False,True,False,False,False,False,False,False,False,False,False,False,False,True,False,False,False,False,False,False,True,False,False,0.07204968944099378,0.05066344993968637,0,0,2634632.0,2608606.0,26026.0,1000.0,1000.0,100.99769762087489,397.9088187204043,69.98049654736178,37.5272069423637,146.25064201335388,-260.38370883146115,23.86578850665687,62.24736183151494,500.0,11.140403736065077,500.0,500.0,128.6935866983373,1000.0,1000.0,-99.55810458366678,500.0,0,0,0,0,0,0,0,0,0,0,0,0,0,0,0,0,0,0,0,0,0,0
374,4529,45,452,1.0,120,23,0.0,0.0,0.0,0.0,0.0,0.0,0.0,5596591.0,3483730.25,2112860.75,2330828.5,3326823.5,0.0,0.0,0.0,6447941.5,0.0,0.0,0.0,292292.0,8853094.25,5328523.25,14639.5,11785023.25,6959953.0,1063812.75,974473.5,2949947.0,5878873.0,459459.0,-61311.25,370119.75,0.0,0.0,0.0,0.0,3322319.000000001,1425173.75,4747492.75,1054553.5,3839335.5,266266.0,8853094.25,0.0,0.0,0.0,0.0,0.0,0.0,0.0,0.0,0.0,0.0,0.0,23546.5,0,9.612594113620808,48.0,1.0,0,48.0,False,False,False,False,False,False,False,False,False,True,False,False,False,False,False,False,False,False,False,False,False,True,False,False,False,False,False,False,True,False,False,0.07204968944099378,0.05066344993968637,0,0,2634632.0,2608606.0,26026.0,1000.0,1000.0,100.99769762087489,397.9088187204043,69.98049654736178,37.5272069423637,146.25064201335388,-260.38370883146115,23.86578850665687,62.24736183151494,500.0,11.140403736065077,500.0,500.0,128.6935866983373,1000.0,1000.0,-99.55810458366678,500.0,0,0,0,0,0,0,0,0,0,0,0,0,0,0,0,0,0,0,0,0,0,0
375,2663,26,266,35.0,30,23,1.0,100.0,0.0,0.0,100.0,0.0,0.0,20744473.75,17534016.5,3210457.25,2294292.0,8373865.5,100.0,0.0,0.0,11512250.75,100.0,0.0,0.0,465214.75,15187922.75,14092.75,13406.5,18542524.0,1481730.250000001,98598.5,559809.25,15303538.25,1052301.25,106606.5,-18518.5,-219469.25,30.0,0.0,0.0,1.0,1653902.25,7211204.0,8865106.25,4234480.25,6322816.5,0.0,15187922.75,51.0,0.0,0.0,31.8846,0.0,0.0,42.4728,17.0,0.0,0.0,1.0,40493.5,1,17.256673511293634,48.0,1.0,0,48.0,False,False,False,False,False,False,False,False,False,False,True,False,False,False,False,False,False,False,False,False,False,False,True,False,False,False,False,False,False,False,False,0.04720496894409938,0.04945717732207479,0,0,5654649.0,5189434.25,465214.75,1000.0,1000.0,108.96465255340695,1000.0,18.656316160903316,10.889588242078727,500.0,-45.73203106671441,21.13822477797367,84.52379516255503,-500.0,-13.269783628385534,500.0,500.0,99.61179337072589,1000.0,1000.0,187.33568678930658,5.118785663670607,0,0,0,0,0,0,0,0,0,0,0,0,0,0,0,0,0,0,0,0,0,0
376,6033,60,603,4.0,1,23,6.0,0.0,0.0,0.0,0.0,0.0,0.0,17696941.193991903,7239049.1334043145,10494936.916722622,5711624.613972619,14751896.664327338,0.0,0.0,0.0,24672445.857143342,0.0,0.0,0.0,936626.1695394691,36100427.35440215,23689402.432255726,17889398.211046387,35463800.705205336,9473299.257317152,2502156.240714975,1764434.9040538718,21066695.29673669,7026995.2010281375,1530573.3567460796,-489449.7146318286,713223.8350885716,0.0,0.0,0.0,0.0,11248784.191388477,3574801.479138362,14823585.67052684,9532926.419230485,15913281.269093791,5395102.20245469,36094790.188847594,0.0,0.0,0.0,0.0,0.0,0.0,0.0,0.0,0.0,0.0,0.0,0.0,0,11.50444900752909,48.0,1.0,0,48.0,False,False,False,False,False,False,False,False,False,False,False,True,False,False,False,False,False,False,False,False,False,False,False,True,False,False,False,False,False,True,False,0.07080745341614907,0.054282267792521106,1,1,4328648.753804218,8759164.588049551,-4458476.032915221,,,49.4185114378368,,75.88436726043955,31.1596981414038,202.6031944236134,,29.071503264192945,40.90565173975922,,6.34045264762552,,,162.9042174191688,,,-100.0,32.421460760082695,0,0,0,1,1,0,1,0,0,0,1,0,0,1,0,1,1,0,1,1,0,0
377,6422,64,642,0.0,0,24,6.0,0.0,0.0,0.0,0.0,0.0,0.0,115245713.0,50122194.666666664,65123518.33333333,0.0,132187510.45499992,0.0,0.0,0.0,244788293.75,0.0,0.0,0.0,12435658.535299975,297217291.0957248,219313604.9354249,225825600.0,233912812.3582249,53386600.36709999,19341853.956424993,13392497.851075,46121728.333333336,41449131.57384991,9132373.25,-3649348.9782749997,7468240.6798999915,0.0,0.0,0.0,0.0,118228991.70284997,0.0,122786624.33333331,79054976.0,174765387.57177484,46129956.66666666,297217291.0957248,0.0,0.0,0.0,0.0,0.0,0.0,0.0,0.0,0.0,0.0,0.0,453932.0542499997,0,17.305954825462013,60.0,1.0,0,60.0,False,True,False,False,False,False,False,False,False,False,False,False,False,True,False,False,False,False,False,False,False,False,False,False,True,False,False,False,False,False,False,0.3242236024844721,0.3823884197828709,0,0,57663105.999999985,70022906.17822516,-33694298.131366685,1000.0,1000.0,82.34891858563181,-1000.0,96.28816847500377,39.77863847254161,0.0,-500.0,21.911079968883435,43.4915914543968,500.0,6.3167591741543765,500.0,500.0,500.0,0.0,1000.0,-99.79302147972824,-2.8836389960106854,0,0,0,0,0,0,0,0,0,0,0,0,0,0,0,0,0,0,0,0,0,0
378,6422,64,642,0.0,0,24,6.5,0.0,0.0,0.0,0.0,0.0,0.0,115245713.0,50122194.666666664,65123518.33333333,0.0,132187510.45499992,0.0,0.0,0.0,244788293.75,0.0,0.0,0.0,12435658.535299975,297217291.0957248,219313604.9354249,225825600.0,233912812.3582249,53386600.36709999,19341853.956424993,13392497.851075,46121728.333333336,41449131.57384991,9132373.25,-3649348.9782749997,7468240.6798999915,0.0,0.0,0.0,0.0,118228991.70284997,0.0,122786624.33333331,79054976.0,174765387.57177484,46129956.66666666,297217291.0957248,0.0,0.0,0.0,0.0,0.0,0.0,0.0,0.0,0.0,0.0,0.0,453932.0542499997,0,17.305954825462013,48.0,1.0,0,48.0,False,True,False,False,False,False,False,False,False,False,False,False,False,True,False,False,False,False,False,False,False,False,False,False,True,False,False,False,False,False,False,0.3242236024844721,0.3823884197828709,0,0,57663105.999999985,70022906.17822516,-33694298.131366685,1000.0,1000.0,82.34891858563181,-1000.0,96.28816847500377,39.77863847254161,0.0,-500.0,21.911079968883435,43.4915914543968,500.0,6.3167591741543765,500.0,500.0,500.0,0.0,1000.0,-99.79302147972824,-2.8836389960106854,0,0,0,0,0,0,0,0,0,0,0,0,0,0,0,0,0,0,0,0,0,0
379,6422,64,642,0.0,0,24,6.5,0.0,0.0,0.0,0.0,0.0,0.0,115245713.0,50122194.666666664,65123518.33333333,0.0,132187510.45499992,0.0,0.0,0.0,244788293.75,0.0,0.0,0.0,12435658.535299975,297217291.0957248,219313604.9354249,225825600.0,233912812.3582249,53386600.36709999,19341853.956424993,13392497.851075,46121728.333333336,41449131.57384991,9132373.25,-3649348.9782749997,7468240.6798999915,0.0,0.0,0.0,0.0,118228991.70284997,0.0,122786624.33333331,79054976.0,174765387.57177484,46129956.66666666,297217291.0957248,0.0,0.0,0.0,0.0,0.0,0.0,0.0,0.0,0.0,0.0,0.0,453932.0542499997,0,17.305954825462013,60.0,1.0,0,60.0,False,True,False,False,False,False,False,False,False,False,False,False,False,True,False,False,False,False,False,False,False,False,False,False,True,False,False,False,False,False,False,0.3242236024844721,0.3823884197828709,0,0,57663105.999999985,70022906.17822516,-33694298.131366685,1000.0,1000.0,82.34891858563181,-1000.0,96.28816847500377,39.77863847254161,0.0,-500.0,21.911079968883435,43.4915914543968,500.0,6.3167591741543765,500.0,500.0,500.0,0.0,1000.0,-99.79302147972824,-2.8836389960106854,0,0,0,0,0,0,0,0,0,0,0,0,0,0,0,0,0,0,0,0,0,0
380,6422,64,642,0.0,0,24,6.5,0.0,0.0,0.0,0.0,0.0,0.0,115245713.0,50122194.666666664,65123518.33333333,0.0,132187510.45499992,0.0,0.0,0.0,244788293.75,0.0,0.0,0.0,12435658.535299975,297217291.0957248,219313604.9354249,225825600.0,233912812.3582249,53386600.36709999,19341853.956424993,13392497.851075,46121728.333333336,41449131.57384991,9132373.25,-3649348.9782749997,7468240.6798999915,0.0,0.0,0.0,0.0,118228991.70284997,0.0,122786624.33333331,79054976.0,174765387.57177484,46129956.66666666,297217291.0957248,0.0,0.0,0.0,0.0,0.0,0.0,0.0,0.0,0.0,0.0,0.0,453932.0542499997,0,17.357973990417523,60.0,1.0,0,60.0,False,True,False,False,False,False,False,False,False,False,False,False,False,True,False,False,False,False,False,False,False,False,False,False,True,False,False,False,False,False,False,0.3242236024844721,0.3823884197828709,0,0,57663105.999999985,70022906.17822516,-33694298.131366685,1000.0,1000.0,82.34891858563181,-1000.0,96.28816847500377,39.77863847254161,0.0,-500.0,21.911079968883435,43.4915914543968,500.0,6.3167591741543765,500.0,500.0,500.0,0.0,1000.0,-99.79302147972824,-2.8836389960106854,0,0,0,0,0,0,0,0,0,0,0,0,0,0,0,0,0,0,0,0,0,0
381,6422,64,642,10.0,0,24,1.0,0.0,0.0,0.0,0.0,0.0,0.0,115245713.0,50122194.666666664,65123518.33333333,0.0,132187510.45499992,0.0,0.0,0.0,244788293.75,0.0,0.0,0.0,12435658.535299975,297217291.0957248,219313604.9354249,225825600.0,233912812.3582249,53386600.36709999,19341853.956424993,13392497.851075,46121728.333333336,41449131.57384991,9132373.25,-3649348.9782749997,7468240.6798999915,0.0,0.0,0.0,0.0,118228991.70284997,0.0,122786624.33333331,79054976.0,174765387.57177484,46129956.66666666,297217291.0957248,0.0,0.0,0.0,0.0,0.0,0.0,0.0,0.0,0.0,0.0,0.0,453932.0542499997,0,18.401095140314855,60.0,1.0,0,60.0,False,True,False,False,False,False,False,False,False,False,False,False,False,True,False,False,False,False,False,False,False,False,False,False,True,False,False,False,False,False,False,0.3242236024844721,0.3823884197828709,0,0,57663105.999999985,70022906.17822516,-33694298.131366685,1000.0,1000.0,82.34891858563181,-1000.0,96.28816847500377,39.77863847254161,0.0,-500.0,21.911079968883435,43.4915914543968,500.0,6.3167591741543765,500.0,500.0,500.0,0.0,1000.0,-99.79302147972824,-2.8836389960106854,0,0,0,0,0,0,0,0,0,0,0,0,0,0,0,0,0,0,0,0,0,0
382,5020,50,502,3.0,0,24,5.0,0.0,0.0,0.0,0.0,0.0,0.0,17696941.193991903,7239049.1334043145,10494936.916722622,5711624.613972619,14751896.664327338,0.0,0.0,0.0,24672445.857143342,0.0,0.0,0.0,936626.1695394691,36100427.35440215,23689402.432255726,17889398.211046387,35463800.705205336,9473299.257317152,2502156.240714975,1764434.9040538718,21066695.29673669,7026995.2010281375,1530573.3567460796,-489449.7146318286,713223.8350885716,0.0,0.0,0.0,0.0,11248784.191388477,3574801.479138362,14823585.67052684,9532926.419230485,15913281.269093791,5395102.20245469,36094790.188847594,0.0,0.0,0.0,0.0,0.0,0.0,0.0,0.0,0.0,0.0,0.0,0.0,1,9.215605749486652,120.0,1.0,0,120.0,False,False,False,False,False,False,False,False,False,True,False,False,False,False,False,False,False,False,False,False,False,True,False,False,False,False,False,False,True,False,False,0.07204968944099378,0.05066344993968637,1,1,4328648.753804218,8759164.588049551,-4458476.032915221,,,49.4185114378368,,75.88436726043955,31.1596981414038,202.6031944236134,,29.071503264192945,40.90565173975922,,6.34045264762552,,,162.9042174191688,,,-100.0,32.421460760082695,0,0,0,1,1,0,1,0,0,0,1,0,0,1,0,1,1,0,1,1,0,0
383,4521,45,452,4.0,210,24,6.5,0.0,0.0,0.0,0.0,0.0,0.0,7454196.75,5502497.0,1951699.75,0.0,71169348.25,0.0,0.0,0.0,75260935.75,0.0,0.0,0.0,2752.75,77215388.25,45332.0,39667.75,61725914.25,7701443.75,2019017.0,1452951.5,48440642.25,5251996.75,1551800.25,-669919.25,985734.75,0.0,0.0,0.0,0.0,22731959.25,0.0,22731959.25,22963190.25,36741204.5,17742224.5,77215388.25,0.0,0.0,0.0,0.0,0.0,0.0,0.0,0.0,0.0,0.0,0.0,126301.0,0,11.92060232717317,48.0,1.0,0,48.0,False,True,False,False,False,False,False,False,False,False,False,False,False,True,False,False,False,False,False,False,False,False,False,False,True,False,False,False,False,False,False,0.3242236024844721,0.3823884197828709,0,0,20780259.5,38519731.25,-17739471.75,1000.0,1000.0,53.94705213578042,-1000.0,100.0,29.43967486947137,0.0,-500.0,2.527604657870771,73.81743713700608,500.0,4.336338716602266,500.0,500.0,170.65728499914758,0.0,1000.0,178.61334156886969,14.279231869717842,0,0,0,0,0,0,0,0,0,0,0,0,0,0,0,0,0,0,0,0,0,0
384,4532,45,453,2.0,30,4,5.5,0.0,0.0,0.0,0.0,0.0,0.0,4026022.000000002,1971970.0,2054052.0,25775.75,8130372.25,0.0,0.0,0.0,8473465.0,0.0,0.0,0.0,638137.5,11165654.5,12660.5,12441.0,16028512.5,2087335.25,738487.75,504754.25,13015002.0,1310559.25,564564.0,-48048.0,330830.5,0.0,0.0,0.0,0.0,3602598.999999999,575575.0,4178174.0,2886133.25,6180674.5,806806.0,11165654.5,0.0,0.0,0.0,0.0,0.0,0.0,0.0,0.0,0.0,0.0,0.0,32025.0,0,15.838466803559205,84.0,1.0,0,84.0,False,True,False,False,False,False,False,False,False,False,False,False,False,True,False,False,False,False,False,False,False,False,False,False,True,False,False,False,False,False,False,0.024844720496894408,0.020506634499396863,0,0,2124122.0,2292790.5,-168668.5,1000.0,1000.0,92.64352761405806,-1000.0,86.22424532822231,32.265005154870224,114.03073872087259,-150.0327868852459,18.396162983549242,48.980606663351544,500.0,9.183106418449572,500.0,500.0,79.83156437471158,289.7508196721311,1000.0,152.95209509892976,1.7643276263965917,0,0,0,0,0,0,0,0,0,0,0,0,0,0,0,0,0,0,0,0,0,0
385,5137,51,513,12.0,5,1,5.0,0.0,0.0,0.0,0.0,0.0,0.0,3296293.0,365365.0,2930928.0,0.0,4316312.0,0.0,0.0,0.0,4316312.0,0.0,0.0,0.0,590590.0,7837830.0,6138632.5,5198193.0,6629122.5,879378.5,789288.5,746746.0,5191686.5,90089.99999999907,626626.0,-42542.5,584083.5,0.0,0.0,0.0,0.0,3946943.0,225225.0,4172168.0,312312.0,2714712.0,950950.0,7837830.0,0.0,0.0,0.0,0.0,0.0,0.0,0.0,0.0,0.0,0.0,0.0,13245.0,0,7.0335386721423685,84.0,3.0,0,28.0,False,False,False,False,False,False,False,True,False,False,False,False,False,False,False,False,False,False,False,True,False,False,False,False,False,False,True,False,False,False,False,0.02608695652173913,0.024125452352231604,0,0,1241240.0,1601600.0,-360360.0,1000.0,1000.0,77.5,-1000.0,94.60172744721689,50.35759897828863,30.160857908847184,-321.196677991695,37.39463601532567,11.084117825690859,500.0,14.798376870403246,500.0,500.0,21.656222886339535,0.0,1000.0,-99.78423533254353,18.091661852493743,0,0,0,0,0,0,0,0,0,0,0,0,0,0,0,0,0,0,0,0,0,0
386,6070,60,607,0.0,12,22,6.0,0.0,0.0,0.0,0.0,0.0,0.0,5139384.25,2395643.25,2743741.000000001,3736482.75,1929928.0,0.0,0.0,0.0,5910905.0,0.0,0.0,0.0,310310.0,8964956.0,11039.249999996275,10741.5,11326315.0,1530278.75,1395644.25,914413.5,6670664.0,113613.5,1055304.25,-337837.5,574073.5,0.0,0.0,0.0,0.0,2844341.5,2616614.0,5460955.5,439439.0,2422670.25,1081330.25,8964956.000000004,0.0,0.0,0.0,0.0,0.0,0.0,0.0,0.0,0.0,0.0,0.0,21237.0,0,6.751540041067762,60.0,1.0,0,60.0,False,False,False,False,False,False,False,False,False,False,False,True,False,False,False,False,False,False,False,False,False,False,False,True,False,False,False,False,False,True,False,0.011180124223602485,0.010856453558504222,0,0,2717214.499999999,3488234.75,-771020.25,1000.0,1000.0,77.89654925030487,-1000.0,52.08505178260471,31.72733363108531,286.15216201423095,-500.0,30.605180884323367,46.61342942007109,500.0,20.183001935597396,500.0,500.0,23.71548619447779,1000.0,1000.0,92.37719953807701,2.7719592235374453,0,0,0,0,0,0,0,0,0,0,0,0,0,0,0,0,0,0,0,0,0,0
387,1730,17,173,0.0,0,4,6.0,0.0,0.0,0.0,0.0,0.0,0.0,17696941.193991903,7239049.1334043145,10494936.916722622,5711624.613972619,14751896.664327338,0.0,0.0,0.0,24672445.857143342,0.0,0.0,0.0,936626.1695394691,36100427.35440215,23689402.432255726,17889398.211046387,35463800.705205336,9473299.257317152,2502156.240714975,1764434.9040538718,21066695.29673669,7026995.2010281375,1530573.3567460796,-489449.7146318286,713223.8350885716,0.0,0.0,0.0,0.0,11248784.191388477,3574801.479138362,14823585.67052684,9532926.419230485,15913281.269093791,5395102.20245469,36094790.188847594,0.0,0.0,0.0,0.0,0.0,0.0,0.0,0.0,0.0,0.0,0.0,0.0,0,7.920602327173169,72.0,1.0,0,72.0,False,False,False,False,False,False,False,False,False,False,False,True,False,True,False,False,False,False,False,False,False,False,False,False,False,False,False,False,False,True,False,0.07080745341614907,0.3823884197828709,1,1,4328648.753804218,8759164.588049551,-4458476.032915221,,,49.4185114378368,,75.88436726043955,31.1596981414038,202.6031944236134,,29.071503264192945,40.90565173975922,,6.34045264762552,,,162.9042174191688,,,-100.0,32.421460760082695,0,0,0,1,1,0,1,0,0,0,1,0,0,1,0,1,1,0,1,1,0,0
388,6033,60,603,5.0,40,25,6.8,0.0,0.0,0.0,0.0,0.0,0.0,6589332.749999998,2849346.5,3739986.25,479729.25,6422666.249999999,0.0,0.0,0.0,7863105.25,0.0,0.0,0.0,367367.0,11970458.500000004,14428.999999996275,7372.5,22417645.25,2850597.75,1636384.75,1539538.0,15055040.0,1164413.25,839338.5,185185.00000000006,742491.75,0.0,0.0,0.0,0.0,3425922.5,39539.500000000466,3465462.0,6452946.5,8219211.0,285785.5,11970458.5,0.0,0.0,0.0,0.0,0.0,0.0,0.0,0.0,0.0,0.0,0.0,44790.5,0,6.028747433264887,48.0,1.0,0,48.0,False,True,False,False,False,False,False,False,False,False,False,False,False,True,False,False,False,False,False,False,False,False,False,False,True,False,False,False,False,False,False,0.3242236024844721,0.3823884197828709,0,0,-274524.25,-356105.75,81581.5,-1000.0,-1000.0,77.09065354884048,655.7046695169735,98.85904101675332,28.619810176861638,2.5682704811443737,413.4470479231088,31.243466990007096,43.241806235995604,500.0,21.672753834915998,500.0,500.0,154.30452127659575,1000.0,-1000.0,210.41998752520317,95.71380128852186,0,0,0,0,0,0,0,0,0,0,0,0,0,0,0,0,0,0,0,0,0,0
389,6062,60,606,0.0,10,23,7.0,0.0,0.0,0.0,0.0,0.0,0.0,17696941.193991903,7239049.1334043145,10494936.916722622,5711624.613972619,14751896.664327338,0.0,0.0,0.0,24672445.857143342,0.0,0.0,0.0,936626.1695394691,36100427.35440215,23689402.432255726,17889398.211046387,35463800.705205336,9473299.257317152,2502156.240714975,1764434.9040538718,21066695.29673669,7026995.2010281375,1530573.3567460796,-489449.7146318286,713223.8350885716,0.0,0.0,0.0,0.0,11248784.191388477,3574801.479138362,14823585.67052684,9532926.419230485,15913281.269093791,5395102.20245469,36094790.188847594,0.0,0.0,0.0,0.0,0.0,0.0,0.0,0.0,0.0,0.0,0.0,0.0,0,13.125256673511293,48.0,1.0,0,48.0,False,True,False,False,False,False,False,False,False,False,False,False,False,False,False,False,False,False,False,False,False,False,False,False,False,False,False,False,False,True,False,0.3242236024844721,0.06031363088057901,1,1,4328648.753804218,8759164.588049551,-4458476.032915221,,,49.4185114378368,,75.88436726043955,31.1596981414038,202.6031944236134,,29.071503264192945,40.90565173975922,,6.34045264762552,,,162.9042174191688,,,-100.0,32.421460760082695,0,0,0,1,1,0,1,0,0,0,1,0,0,1,0,1,1,0,1,1,0,0
390,6062,60,606,5.0,10,23,5.0,0.0,0.0,0.0,0.0,0.0,0.0,17696941.193991903,7239049.1334043145,10494936.916722622,5711624.613972619,14751896.664327338,0.0,0.0,0.0,24672445.857143342,0.0,0.0,0.0,936626.1695394691,36100427.35440215,23689402.432255726,17889398.211046387,35463800.705205336,9473299.257317152,2502156.240714975,1764434.9040538718,21066695.29673669,7026995.2010281375,1530573.3567460796,-489449.7146318286,713223.8350885716,0.0,0.0,0.0,0.0,11248784.191388477,3574801.479138362,14823585.67052684,9532926.419230485,15913281.269093791,5395102.20245469,36094790.188847594,0.0,0.0,0.0,0.0,0.0,0.0,0.0,0.0,0.0,0.0,0.0,0.0,0,13.82340862422998,48.0,1.0,0,48.0,False,True,False,False,False,False,False,False,False,False,False,False,False,False,False,False,False,False,False,False,False,False,False,False,True,False,False,False,False,False,False,0.3242236024844721,0.06031363088057901,1,1,4328648.753804218,8759164.588049551,-4458476.032915221,,,49.4185114378368,,75.88436726043955,31.1596981414038,202.6031944236134,,29.071503264192945,40.90565173975922,,6.34045264762552,,,162.9042174191688,,,-100.0,32.421460760082695,0,0,0,1,1,0,1,0,0,0,1,0,0,1,0,1,1,0,1,1,0,0
391,4529,45,452,2.0,270,1,7.0,0.0,0.0,0.0,0.0,0.0,0.0,16842826.0,5308553.25,11534272.75,2433180.75,13890126.25,0.0,0.0,0.0,18414646.25,0.0,0.0,0.0,3271268.0,33220187.0,34640.0,21279.75,52754702.0,8588079.5,3040037.0,1831079.25,41708667.0,5497992.5,2139887.75,-504504.0,930930.0,0.0,0.0,0.0,0.0,8556548.0,4075571.5,12632119.5,5582326.75,10363853.5,10224214.0,33220187.0,0.0,0.0,0.0,0.0,0.0,0.0,0.0,0.0,0.0,0.0,0.0,103335.0,0,15.299110198494182,120.0,1.0,0,120.0,False,False,False,False,False,False,False,False,False,True,False,False,False,True,False,False,False,False,False,False,False,False,False,False,False,False,False,False,True,False,False,0.07204968944099378,0.3823884197828709,0,0,1097846.75,8050792.75,-6952946.0,1000.0,1000.0,13.636504926797427,-1000.0,67.73643963706961,25.757073552897218,222.57755910892442,-488.2218028741472,34.720673757796725,31.51818614049685,500.0,10.879737950397754,500.0,500.0,48.1827345381237,1000.0,1000.0,198.31120092378754,62.783867291674014,0,0,0,0,0,0,0,0,0,0,0,0,0,0,0,0,0,0,0,0,0,0
392,4529,45,452,2.0,270,24,5.0,0.0,0.0,0.0,0.0,0.0,0.0,16842826.0,5308553.25,11534272.75,2433180.75,13890126.25,0.0,0.0,0.0,18414646.25,0.0,0.0,0.0,3271268.0,33220187.0,34640.0,21279.75,52754702.0,8588079.5,3040037.0,1831079.25,41708667.0,5497992.5,2139887.75,-504504.0,930930.0,0.0,0.0,0.0,0.0,8556548.0,4075571.5,12632119.5,5582326.75,10363853.5,10224214.0,33220187.0,0.0,0.0,0.0,0.0,0.0,0.0,0.0,0.0,0.0,0.0,0.0,103335.0,0,15.4798083504449,60.0,1.0,0,60.0,False,False,False,False,False,False,False,False,False,True,False,False,False,True,False,False,False,False,False,False,False,False,False,False,False,False,False,False,True,False,False,0.07204968944099378,0.3823884197828709,0,0,1097846.75,8050792.75,-6952946.0,1000.0,1000.0,13.636504926797427,-1000.0,67.73643963706961,25.757073552897218,222.57755910892442,-488.2218028741472,34.720673757796725,31.51818614049685,500.0,10.879737950397754,500.0,500.0,48.1827345381237,1000.0,1000.0,198.31120092378754,62.783867291674014,0,0,0,0,0,0,0,0,0,0,0,0,0,0,0,0,0,0,0,0,0,0
393,6062,60,606,2.0,4,32,8.75,0.0,0.0,0.0,0.0,0.0,0.0,17696941.193991903,7239049.1334043145,10494936.916722622,5711624.613972619,14751896.664327338,0.0,0.0,0.0,24672445.857143342,0.0,0.0,0.0,936626.1695394691,36100427.35440215,23689402.432255726,17889398.211046387,35463800.705205336,9473299.257317152,2502156.240714975,1764434.9040538718,21066695.29673669,7026995.2010281375,1530573.3567460796,-489449.7146318286,713223.8350885716,0.0,0.0,0.0,0.0,11248784.191388477,3574801.479138362,14823585.67052684,9532926.419230485,15913281.269093791,5395102.20245469,36094790.188847594,0.0,0.0,0.0,0.0,0.0,0.0,0.0,0.0,0.0,0.0,0.0,0.0,0,3.7207392197125255,84.0,1.0,0,84.0,False,False,False,False,False,False,True,False,False,False,False,False,False,False,False,False,False,False,True,False,False,False,False,False,False,False,False,False,False,False,True,0.012422360248447204,0.012062726176115802,1,1,4328648.753804218,8759164.588049551,-4458476.032915221,,,49.4185114378368,,75.88436726043955,31.1596981414038,202.6031944236134,,29.071503264192945,40.90565173975922,,6.34045264762552,,,162.9042174191688,,,-100.0,32.421460760082695,0,0,0,1,1,0,1,0,0,0,1,0,0,1,0,1,1,0,1,1,0,0
394,4529,45,452,2.0,19,24,7.0,0.0,0.0,0.0,0.0,0.0,0.0,2329076.75,1193692.5,1135384.25,633132.5,9479970.5,0.0,0.0,0.0,11043532.500000002,0.0,0.0,0.0,36536.50000000012,12215453.25,10046.75,5873.0,13313550.25,1757005.25,530530.0,334083.75,11000489.5,1205954.75,224724.5,-111111.0,28278.25,0.0,0.0,0.0,0.0,2187685.5,7507.5,2195193.0,3824320.5,9970210.25,50050.0,12215453.25,0.0,0.0,0.0,0.0,0.0,0.0,0.0,0.0,0.0,0.0,0.0,25360.0,1,12.019164955509925,60.0,1.0,0,60.0,False,False,False,True,False,False,False,False,False,False,False,False,False,False,False,True,False,False,False,False,False,False,False,False,False,False,False,True,False,False,False,0.002484472049689441,0.0024125452352231603,0,0,1059808.75,1073322.2500000019,-13513.499999999884,1000.0,1000.0,98.74096525996718,-191.83201892744316,99.65800273597812,17.909163542498924,2.247191011235955,-438.13485804416405,9.294655112367607,51.25174599763619,111.50729495268139,1.292610386639213,500.0,500.0,125.15401064652623,1000.0,1000.0,152.41993679548114,71.06674612634089,0,0,0,0,0,0,0,0,0,0,0,0,0,0,0,0,0,0,0,0,0,0
395,4547,45,454,40.0,10,22,5.0,0.0,0.0,0.0,0.0,0.0,0.0,43072279.25,6876119.25,36196160.0,16013247.25,31363081.75,0.0,0.0,0.0,54997943.0,0.0,0.0,0.0,7090833.75,98284936.75,42976183.25,38796007.25,71562991.5,14030516.5,10824313.5,6008252.25,52845542.75,2995993.0,8061553.5,-2575072.5,2810307.5,0.0,0.0,0.0,0.0,21835313.5,28298019.75,50133333.25,19066297.25,33709926.25,14441677.25,98284936.75,0.0,0.0,0.0,0.0,0.0,0.0,0.0,0.0,0.0,0.0,0.0,142923.5,0,22.086242299794662,96.0,1.0,0,96.0,False,True,False,False,False,False,False,False,False,False,False,False,False,True,False,False,False,False,False,False,False,False,False,False,True,False,False,False,False,False,False,0.3242236024844721,0.3823884197828709,0,0,13937173.25,21288016.75,-7350843.5,1000.0,1000.0,65.4695710440006,-1000.0,43.55448178782327,22.216337744145722,470.98588029488945,-500.0,36.82777971569484,15.964140671752356,500.0,12.870470121713618,500.0,500.0,129.88544828598623,1000.0,1000.0,-99.66743556734997,10.774758271033162,0,0,0,0,0,0,0,0,0,0,0,0,0,0,0,0,0,0,0,0,0,0
396,6033,60,603,1.0,7,25,5.95,0.0,0.0,0.0,0.0,0.0,0.0,10724463.75,2279777.5,8444686.25,3680927.25,9436427.0,0.0,0.0,0.0,18394376.0,0.0,0.0,0.0,978477.5,27817539.75,9379620.25,4073738.25,11255744.5,977726.75,515014.5,265515.25,9374615.25,316065.75000000093,512512.0,-213963.75,263012.75,0.0,0.0,0.0,0.0,17157140.0,0.0,17157140.0,4586582.0,8481723.25,2178676.5,27817539.75,0.0,0.0,0.0,0.0,0.0,0.0,0.0,0.0,0.0,0.0,0.0,20435.5,0,25.026694045174537,60.0,1.0,0,60.0,False,True,False,False,False,False,False,False,False,False,False,False,False,True,False,False,False,False,False,False,False,False,False,False,False,False,True,False,False,False,False,0.3242236024844721,0.3823884197828709,0,0,8712453.75,9912652.75,-1200199.0,1000.0,1000.0,87.89225215217995,-1000.0,100.0,61.67741703325866,0.0,-500.0,30.357415953723944,21.257729553144326,500.0,1.5329638273045507,500.0,500.0,176.1319772563466,1000.0,1000.0,-99.78212870611685,130.24602157490114,0,0,0,0,0,0,0,0,0,0,0,0,0,0,0,0,0,0,0,0,0,0
397,3512,35,351,1.0,8,26,5.25,0.0,0.0,0.0,0.0,0.0,0.0,17696941.193991903,7239049.1334043145,10494936.916722622,5711624.613972619,14751896.664327338,0.0,0.0,0.0,24672445.857143342,0.0,0.0,0.0,936626.1695394691,36100427.35440215,23689402.432255726,17889398.211046387,35463800.705205336,9473299.257317152,2502156.240714975,1764434.9040538718,21066695.29673669,7026995.2010281375,1530573.3567460796,-489449.7146318286,713223.8350885716,0.0,0.0,0.0,0.0,11248784.191388477,3574801.479138362,14823585.67052684,9532926.419230485,15913281.269093791,5395102.20245469,36094790.188847594,0.0,0.0,0.0,0.0,0.0,0.0,0.0,0.0,0.0,0.0,0.0,0.0,0,17.853524982888434,60.0,3.0,0,20.0,False,False,False,False,False,True,False,False,False,False,False,False,False,False,False,False,False,True,False,False,False,False,False,False,False,False,True,False,False,False,False,0.0037267080745341614,0.0036188178528347406,1,1,4328648.753804218,8759164.588049551,-4458476.032915221,,,49.4185114378368,,75.88436726043955,31.1596981414038,202.6031944236134,,29.071503264192945,40.90565173975922,,6.34045264762552,,,162.9042174191688,,,-100.0,32.421460760082695,0,0,0,1,1,0,1,0,0,0,1,0,0,1,0,1,1,0,1,1,0,0
398,2521,25,252,2.0,40,1,6.0,0.0,0.0,0.0,0.0,0.0,0.0,4386382.0,2276774.5,2109607.5,3915661.75,7345338.0,0.0,0.0,0.0,11661399.75,0.0,0.0,0.0,798547.75,14569555.0,20004.0,20312.0,20988217.25,4042788.75,2033781.75,1210209.0,15598082.5,1846845.0,1059058.0,-44294.25,423172.75,0.0,0.0,0.0,0.0,6606349.75,0.0,6606349.750000001,7333075.75,7914156.25,49049.0,14569555.0,0.0,0.0,0.0,0.0,0.0,0.0,0.0,0.0,0.0,0.0,0.0,42308.0,0,43.0042984257358,84.0,1.0,0,84.0,False,True,False,False,False,False,False,False,False,False,False,False,False,True,False,False,False,False,False,False,False,False,False,False,True,False,False,False,False,False,False,0.3242236024844721,0.3823884197828709,0,0,4496742.250000001,3747243.5,749498.75,1000.0,1000.0,120.00133564845734,1000.0,99.99999999999999,45.34352456200618,0.0,-104.69473858371938,14.479560288560634,51.905522592423544,500.0,6.405545664608509,500.0,500.0,169.24562810845498,1000.0,1000.0,111.49770045990802,-1.5163450177235132,0,0,0,0,0,0,0,0,0,0,0,0,0,0,0,0,0,0,0,0,0,0
399,5156,51,515,4.0,35,25,8.0,0.0,0.0,0.0,0.0,0.0,0.0,546295.75,213713.5,332582.25,140890.75,3287284.0,0.0,0.0,0.0,3678174.5,0.0,0.0,0.0,154654.5,4165411.25,5682.0,3731.0,6356600.25,1456705.25,388137.75,333583.25,4658403.750000002,1029528.5,338838.5,-6506.5,284284.0,0.0,0.0,0.0,0.0,1175674.5,67817.75,1243492.25,1144893.75,2921919.0,0.0,4165411.25,0.0,0.0,0.0,0.0,0.0,0.0,0.0,0.0,0.0,0.0,0.0,12801.5,0,11.121149897330595,120.0,1.0,0,120.0,False,False,False,False,False,False,False,False,False,True,False,False,False,True,False,False,False,False,False,False,False,False,False,False,False,False,False,True,False,False,False,0.07204968944099378,0.3823884197828709,0,0,910910.0,756255.5,154654.5,1000.0,1000.0,120.45003309066844,1000.0,94.5461863554035,28.224692099729648,20.330082520630157,-50.826075069327814,7.984379693601682,39.12047640861201,500.0,24.18050234142188,500.0,500.0,88.4770346494762,1000.0,1000.0,125.29919042590637,52.29161082819619,0,0,0,0,0,0,0,0,0,0,0,0,0,0,0,0,0,0,0,0,0,0
400,2912,29,291,23.0,24,2,6.5,0.0,0.0,0.0,0.0,0.0,0.0,4135881.749999998,778527.75,3357354.0,1079578.5,4113609.5,0.0,0.0,0.0,9943433.5,0.0,0.0,0.0,177677.5,13478465.0,11674.25,14645.75,13957443.5,1967966.000000001,816065.25,286536.25,10992231.25,1138637.5,675424.75,-369118.75,145895.75,0.0,0.0,0.0,0.0,3577573.999999999,250500.25,3828074.25,4912908.0,8328820.5,1321570.2499999995,13478465.0,0.0,0.0,0.0,0.0,0.0,0.0,0.0,0.0,0.0,0.0,0.0,26625.5,0,11.33744010951403,120.0,1.0,0,120.0,False,True,False,False,False,False,False,False,False,False,False,False,False,True,False,False,False,False,False,False,False,False,False,False,True,False,False,False,False,False,False,0.3242236024844721,0.3823884197828709,0,0,470720.25,1614613.0,-1143892.7499999995,1000.0,1000.0,29.1537507749535,-1000.0,93.45623324834933,26.542888971407347,87.4235807860262,-500.0,24.909023393984402,18.823742966055555,500.0,4.078063794068272,500.0,500.0,160.8997154240182,1000.0,1000.0,128.07032571685548,-20.28916238499223,0,0,0,0,0,0,0,0,0,0,0,0,0,0,0,0,0,0,0,0,0,0
401,4529,45,452,0.0,40,26,8.57,0.0,0.0,0.0,0.0,0.0,0.0,8327819.5,1867866.0,6459953.5,943192.25,5252997.75,0.0,0.0,0.0,15055040.0,0.0,0.0,0.0,163913.75,21678907.25,4534428.0,9576835.75,12104592.5,3877874.0,2753751.0,2722970.25,7334327.0,1086585.499999999,2298296.0,-27777.75,2267515.25,0.0,0.0,0.0,0.0,14078564.5,600600.0,14679164.5,950699.75,6392135.75,607607.0,21678907.25,0.0,0.0,0.0,0.0,0.0,0.0,0.0,0.0,0.0,0.0,0.0,24185.0,0,11.132101300479125,24.0,3.0,0,8.0,False,False,False,True,False,False,False,False,False,False,False,False,False,False,False,True,False,False,False,False,False,False,False,False,False,False,False,False,False,False,False,0.016149068322981366,0.015681544028950542,0,0,8219211.0,8662904.25,-443693.25,1000.0,1000.0,94.8782390155126,-1000.0,95.90848648095741,64.94130141176743,22.056796250344636,-114.85528219971057,29.7983354303986,22.429232525993147,500.0,16.10615379146077,500.0,500.0,46.6643919748874,1000.0,1000.0,-99.46663614462507,-52.65212729580331,0,0,0,0,0,0,0,0,0,0,0,0,0,0,0,0,0,0,0,0,0,0
402,4531,45,453,0.0,25,22,0.0,0.0,0.0,0.0,0.0,0.0,0.0,17696941.193991903,7239049.1334043145,10494936.916722622,5711624.613972619,14751896.664327338,0.0,0.0,0.0,24672445.857143342,0.0,0.0,0.0,936626.1695394691,36100427.35440215,23689402.432255726,17889398.211046387,35463800.705205336,9473299.257317152,2502156.240714975,1764434.9040538718,21066695.29673669,7026995.2010281375,1530573.3567460796,-489449.7146318286,713223.8350885716,0.0,0.0,0.0,0.0,11248784.191388477,3574801.479138362,14823585.67052684,9532926.419230485,15913281.269093791,5395102.20245469,36094790.188847594,0.0,0.0,0.0,0.0,0.0,0.0,0.0,0.0,0.0,0.0,0.0,0.0,0,23.093771389459274,60.0,1.0,0,60.0,False,False,False,False,False,False,False,False,False,True,False,False,False,False,False,False,False,False,False,False,False,True,False,False,False,False,False,False,True,False,False,0.02111801242236025,0.016887816646562123,1,1,4328648.753804218,8759164.588049551,-4458476.032915221,,,49.4185114378368,,75.88436726043955,31.1596981414038,202.6031944236134,,29.071503264192945,40.90565173975922,,6.34045264762552,,,162.9042174191688,,,-100.0,32.421460760082695,0,0,0,1,1,0,1,0,0,0,1,0,0,1,0,1,1,0,1,1,0,0
403,4521,45,452,20.0,22,25,1.0,50.0,50.0,0.0,50.0,50.0,0.0,2632630.0,1643642.0,988988.0,2119867.75,12740227.5,50.0,50.0,0.0,16759492.75,50.0,50.0,0.0,35285.24999999988,17783766.0,12437925.5,8984976.0,15285770.5,3537784.25,1328827.5,510009.5,9479720.25,2178926.75,1153152.0,-729729.0,334334.0,50.0,50.0,0.0,1.0,3285031.75,683432.7499999995,3968464.5,2277024.75,6434678.25,7380623.25,17783766.0,25.5,25.5,0.0,16.1742,18.0414,0.0,18.11215,0.5,16.5,0.0,1.0,27879.0,0,8.58590006844627,60.0,1.0,0,60.0,False,False,False,False,False,False,False,False,False,False,True,False,False,False,False,False,False,False,False,False,False,False,True,False,False,False,False,False,False,False,False,0.04720496894409938,0.04945717732207479,0,0,2979476.5,10324814.5,-7345338.0,1000.0,1000.0,28.857433709825976,-1000.0,82.77840837432211,18.4720815039964,134.00392541707546,-500.0,5.56118428458854,62.433460076045634,500.0,10.17749676239811,500.0,500.0,86.47184604419101,1000.0,1000.0,-99.77585490442115,38.43025846702317,0,0,0,0,0,0,0,0,0,0,0,0,0,0,0,0,0,0,0,0,0,0
404,4521,45,452,20.0,22,25,1.0,50.0,50.0,0.0,50.0,50.0,0.0,2632630.0,1643642.0,988988.0,2119867.75,12740227.5,50.0,50.0,0.0,16759492.75,50.0,50.0,0.0,35285.24999999988,17783766.0,12437925.5,8984976.0,15285770.5,3537784.25,1328827.5,510009.5,9479720.25,2178926.75,1153152.0,-729729.0,334334.0,50.0,50.0,0.0,1.0,3285031.75,683432.7499999995,3968464.5,2277024.75,6434678.25,7380623.25,17783766.0,25.5,25.5,0.0,16.1742,18.0414,0.0,18.11215,0.5,16.5,0.0,1.0,27879.0,1,8.648870636550308,60.0,1.0,0,60.0,False,False,False,False,False,False,False,False,False,False,True,False,False,False,False,False,False,False,False,False,False,False,True,False,False,False,False,False,False,False,False,0.04720496894409938,0.04945717732207479,0,0,2979476.5,10324814.5,-7345338.0,1000.0,1000.0,28.857433709825976,-1000.0,82.77840837432211,18.4720815039964,134.00392541707546,-500.0,5.56118428458854,62.433460076045634,500.0,10.17749676239811,500.0,500.0,86.47184604419101,1000.0,1000.0,-99.77585490442115,38.43025846702317,0,0,0,0,0,0,0,0,0,0,0,0,0,0,0,0,0,0,0,0,0,0
405,8021,80,802,0.0,0,28,6.5,0.0,0.0,0.0,0.0,0.0,0.0,17696941.193991903,7239049.1334043145,10494936.916722622,5711624.613972619,14751896.664327338,0.0,0.0,0.0,24672445.857143342,0.0,0.0,0.0,936626.1695394691,36100427.35440215,23689402.432255726,17889398.211046387,35463800.705205336,9473299.257317152,2502156.240714975,1764434.9040538718,21066695.29673669,7026995.2010281375,1530573.3567460796,-489449.7146318286,713223.8350885716,0.0,0.0,0.0,0.0,11248784.191388477,3574801.479138362,14823585.67052684,9532926.419230485,15913281.269093791,5395102.20245469,36094790.188847594,0.0,0.0,0.0,0.0,0.0,0.0,0.0,0.0,0.0,0.0,0.0,0.0,0,19.238877481177276,180.0,3.0,0,60.0,False,False,False,False,True,False,False,False,False,False,False,False,False,False,False,False,True,False,False,False,False,False,False,False,False,True,False,False,False,False,False,0.0037267080745341614,0.0024125452352231603,1,1,4328648.753804218,8759164.588049551,-4458476.032915221,,,49.4185114378368,,75.88436726043955,31.1596981414038,202.6031944236134,,29.071503264192945,40.90565173975922,,6.34045264762552,,,162.9042174191688,,,-100.0,32.421460760082695,0,0,0,1,1,0,1,0,0,0,1,0,0,1,0,1,1,0,1,1,0,0
406,8021,80,802,4.0,0,34,6.25,0.0,0.0,0.0,0.0,0.0,0.0,17696941.193991903,7239049.1334043145,10494936.916722622,5711624.613972619,14751896.664327338,0.0,0.0,0.0,24672445.857143342,0.0,0.0,0.0,936626.1695394691,36100427.35440215,23689402.432255726,17889398.211046387,35463800.705205336,9473299.257317152,2502156.240714975,1764434.9040538718,21066695.29673669,7026995.2010281375,1530573.3567460796,-489449.7146318286,713223.8350885716,0.0,0.0,0.0,0.0,11248784.191388477,3574801.479138362,14823585.67052684,9532926.419230485,15913281.269093791,5395102.20245469,36094790.188847594,0.0,0.0,0.0,0.0,0.0,0.0,0.0,0.0,0.0,0.0,0.0,0.0,0,11.08829568788501,84.0,1.0,0,84.0,False,False,False,False,False,False,False,False,False,False,False,False,False,False,False,False,False,False,False,False,False,False,False,False,False,False,False,False,False,True,False,0.07080745341614907,0.06031363088057901,1,1,4328648.753804218,8759164.588049551,-4458476.032915221,,,49.4185114378368,,75.88436726043955,31.1596981414038,202.6031944236134,,29.071503264192945,40.90565173975922,,6.34045264762552,,,162.9042174191688,,,-100.0,32.421460760082695,0,0,0,1,1,0,1,0,0,0,1,0,0,1,0,1,1,0,1,1,0,0
407,9263,92,926,0.0,25,31,7.0,0.0,0.0,0.0,0.0,0.0,0.0,26440414.0,1921920.0,24518494.0,0.0,0.0,0.0,0.0,0.0,1723221.5,0.0,0.0,0.0,149149.0,26390864.5,0.0,0.0,1072571.5,238238.0,204204.0,-535534.9999999998,446946.5,0.0,-1104102.9999999998,-47047.0,-2315313.0,0.0,0.0,0.0,0.0,15767752.0,8266758.5,24034510.5,772772.0,2353851.5,2502.5,26390864.5,0.0,0.0,0.0,0.0,0.0,0.0,0.0,0.0,0.0,0.0,0.0,2143.0,0,5.557837097878165,84.0,12.0,0,7.0,False,False,False,False,True,False,False,False,False,False,False,False,False,False,False,False,True,False,False,False,False,False,False,False,False,True,False,False,False,False,False,0.02981366459627329,0.025331724969843185,0,0,-483983.5,-630630.0,146646.5,-1000.0,-1000.0,76.74603174603175,1000.0,65.60463130713646,59.74700828765954,-500.0,-500.0,92.90523241480021,7.2688725675778,-500.0,-14.68384966988319,-500.0,0.0,500.0,0.0,-1000.0,,,0,0,0,0,0,0,0,0,0,0,0,0,0,0,0,0,0,0,0,0,1,1
408,1743,17,174,0.0,107,24,7.0,0.0,0.0,0.0,0.0,0.0,0.0,1992490.5,1367866.5,624624.0,630880.25,573823.25,0.0,0.0,0.0,2496994.5,0.0,0.0,0.0,92092.0,3213710.5,9419.5,6589.25,10218208.0,2473971.5,483483.0,352852.50000000023,6818812.0,1953701.749999999,361110.75,-74324.25,230230.0,0.0,0.0,0.0,0.0,1303302.0,0.0,1303302.0,594343.75,1538286.75,372121.75,3213710.5,0.0,0.0,0.0,0.0,0.0,0.0,0.0,0.0,0.0,0.0,0.0,20170.0,1,9.519507186858316,180.0,1.0,0,180.0,False,False,False,False,False,False,False,False,False,False,False,True,False,False,False,False,False,False,False,False,False,False,False,True,False,False,False,False,False,True,False,0.07080745341614907,0.054282267792521106,0,0,678678.0,958707.75,-280029.75,1000.0,1000.0,70.79091620986688,-1000.0,100.0,40.554430774022734,0.0,-368.48909271194844,19.43622488708924,68.65109269027883,500.0,17.665130568356375,500.0,500.0,31.37844979448033,1000.0,1000.0,114.13026169117258,42.95253632811018,0,0,0,0,0,0,0,0,0,0,0,0,0,0,0,0,0,0,0,0,0,0
409,1553,15,155,8.0,200,22,1.0,0.0,0.0,0.0,0.0,0.0,0.0,22838065.25,10647136.5,12190928.75,7180923.75,2940437.5,0.0,0.0,0.0,11074313.249999998,0.0,0.0,0.0,16266.25,23281508.25,18102.5,13195.75,25293017.75,3264761.5,1589588.0,1563061.5,17681664.0,1526775.249999999,-987986.9999999998,-10010.0,-1014513.4999999999,0.0,0.0,0.0,0.0,9739980.25,0.0,9739980.25,4302548.25,10768007.25,2773520.75,23281508.25,0.0,0.0,0.0,0.0,0.0,0.0,0.0,0.0,0.0,0.0,0.0,43680.0,0,9.32785763175907,60.0,1.0,0,60.0,False,True,False,False,False,False,False,False,False,False,False,False,False,True,False,False,False,False,False,False,False,False,False,False,True,False,False,False,False,False,False,0.024844720496894408,0.020506634499396863,0,0,-2450948.5,306305.99999999814,-2757254.5,-1000.0,1000.0,-500.0,-1000.0,100.0,41.83569271118851,0.0,-22.916666666666664,52.363139961089075,46.620133463363324,-500.0,-10.415970812671821,500.0,500.0,87.60020380434783,1000.0,1000.0,141.29263913824056,37.18432070931929,0,0,0,0,0,0,0,0,0,0,0,0,0,0,0,0,0,0,0,0,0,0
410,1571,15,157,8.0,23,1,6.0,0.0,0.0,0.0,0.0,0.0,0.0,2665162.5,1594593.0,1070569.5,459959.5,1016015.0,0.0,0.0,0.0,1644142.5,0.0,0.0,0.0,7006.999999999884,2721719.0,2170.5,2306.0,2737735.0,676175.5,385385.0,348347.99999999977,1814813.0,251250.99999999907,143143.0,-22022.0,106106.0,0.0,0.0,0.0,0.0,-32088.65659999998,638638.0,598097.5,283283.0,1826324.5,297297.0,2721719.0,0.0,0.0,0.0,0.0,0.0,0.0,0.0,0.0,0.0,0.0,0.0,5447.0,0,8.394250513347023,84.0,1.0,0,84.0,False,True,False,False,False,False,False,False,False,False,False,False,False,True,False,False,False,False,False,False,False,False,False,False,True,False,False,False,False,False,False,0.3242236024844721,0.3823884197828709,0,0,-472472.0,-182182.0,-290290.0000000001,-1000.0,-1000.0,259.34065934065933,-1000.0,-5.365121338912131,-1.1789849209268106,183.33333333333346,-404.2959427207637,39.33431408606105,59.83098591549296,500.0,-330.66513604062834,500.0,500.0,56.19415333701048,1000.0,-1000.0,150.95600092144667,-5.875975715524718,0,0,0,0,0,0,0,0,0,0,0,0,0,0,0,0,0,0,0,0,0,0
411,6031,60,603,0.0,27,24,1.0,0.0,0.0,0.0,0.0,0.0,0.0,17696941.193991903,7239049.1334043145,10494936.916722622,5711624.613972619,14751896.664327338,0.0,0.0,0.0,24672445.857143342,0.0,0.0,0.0,936626.1695394691,36100427.35440215,23689402.432255726,17889398.211046387,35463800.705205336,9473299.257317152,2502156.240714975,1764434.9040538718,21066695.29673669,7026995.2010281375,1530573.3567460796,-489449.7146318286,713223.8350885716,0.0,0.0,0.0,0.0,11248784.191388477,3574801.479138362,14823585.67052684,9532926.419230485,15913281.269093791,5395102.20245469,36094790.188847594,0.0,0.0,0.0,0.0,0.0,0.0,0.0,0.0,0.0,0.0,0.0,0.0,0,11.980835044490075,60.0,1.0,0,60.0,False,False,False,False,False,False,False,False,True,False,False,False,False,False,False,False,False,False,False,False,True,False,False,False,False,False,False,True,False,False,False,0.009937888198757764,0.0036188178528347406,1,1,4328648.753804218,8759164.588049551,-4458476.032915221,,,49.4185114378368,,75.88436726043955,31.1596981414038,202.6031944236134,,29.071503264192945,40.90565173975922,,6.34045264762552,,,162.9042174191688,,,-100.0,32.421460760082695,0,0,0,1,1,0,1,0,0,0,1,0,0,1,0,1,1,0,1,1,0,0
412,3611,36,361,11.0,2,2,8.0,0.0,0.0,0.0,0.0,0.0,0.0,17696941.193991903,7239049.1334043145,10494936.916722622,5711624.613972619,14751896.664327338,0.0,0.0,0.0,24672445.857143342,0.0,0.0,0.0,936626.1695394691,36100427.35440215,23689402.432255726,17889398.211046387,35463800.705205336,9473299.257317152,2502156.240714975,1764434.9040538718,21066695.29673669,7026995.2010281375,1530573.3567460796,-489449.7146318286,713223.8350885716,0.0,0.0,0.0,0.0,11248784.191388477,3574801.479138362,14823585.67052684,9532926.419230485,15913281.269093791,5395102.20245469,36094790.188847594,0.0,0.0,0.0,0.0,0.0,0.0,0.0,0.0,0.0,0.0,0.0,0.0,0,27.685147159479808,144.0,3.0,0,48.0,False,True,False,False,False,False,False,False,False,False,False,False,False,True,False,False,False,False,False,False,False,False,False,False,True,False,False,False,False,False,False,0.3242236024844721,0.3823884197828709,1,1,4328648.753804218,8759164.588049551,-4458476.032915221,,,49.4185114378368,,75.88436726043955,31.1596981414038,202.6031944236134,,29.071503264192945,40.90565173975922,,6.34045264762552,,,162.9042174191688,,,-100.0,32.421460760082695,0,0,0,1,1,0,1,0,0,0,1,0,0,1,0,1,1,0,1,1,0,0
413,2852,28,285,5.0,60,23,1.0,0.0,0.0,0.0,0.0,0.0,0.0,25122500.0,16231500.0,8891000.0,2176000.0,8922500.0,0.0,0.0,0.0,20257000.0,0.0,0.0,0.0,1480000.0,30628000.0,12831000.0,0.0,24353000.0,13095000.0,2149000.0,1739000.0,5449500.0,10569000.0,1239500.0,-285500.0,784000.0,0.0,0.0,0.0,0.0,10089000.0,0.0,10089000.0,6520000.0,20539000.0,0.0,30628000.0,0.0,0.0,0.0,0.0,0.0,0.0,0.0,0.0,0.0,0.0,0.0,0.0,0,13.127994524298426,60.0,1.0,0,60.0,False,True,False,False,False,False,False,False,False,False,False,False,False,True,False,False,False,False,False,False,False,False,False,False,False,False,True,False,False,False,False,0.3242236024844721,0.3823884197828709,1,0,1198000.0,-282000.0,1480000.0,,,-424.822695035461,,100.0,32.94044665012407,0.0,,29.02899307822907,64.60941387202706,,7.770839528199029,,,430.7184145334435,,,-100.0,,0,0,0,1,1,0,1,0,0,0,1,0,0,1,0,1,1,0,1,1,0,1
414,9001,90,900,2.0,0,24,0.0,0.0,0.0,0.0,0.0,0.0,0.0,17696941.193991903,7239049.1334043145,10494936.916722622,5711624.613972619,14751896.664327338,0.0,0.0,0.0,24672445.857143342,0.0,0.0,0.0,936626.1695394691,36100427.35440215,23689402.432255726,17889398.211046387,35463800.705205336,9473299.257317152,2502156.240714975,1764434.9040538718,21066695.29673669,7026995.2010281375,1530573.3567460796,-489449.7146318286,713223.8350885716,0.0,0.0,0.0,0.0,11248784.191388477,3574801.479138362,14823585.67052684,9532926.419230485,15913281.269093791,5395102.20245469,36094790.188847594,0.0,0.0,0.0,0.0,0.0,0.0,0.0,0.0,0.0,0.0,0.0,0.0,0,23.23066392881588,48.0,1.0,0,48.0,False,False,False,False,False,False,False,False,False,True,False,False,False,False,False,False,False,False,False,False,False,True,False,False,False,False,False,False,True,False,False,0.02111801242236025,0.016887816646562123,1,1,4328648.753804218,8759164.588049551,-4458476.032915221,,,49.4185114378368,,75.88436726043955,31.1596981414038,202.6031944236134,,29.071503264192945,40.90565173975922,,6.34045264762552,,,162.9042174191688,,,-100.0,32.421460760082695,0,0,0,1,1,0,1,0,0,0,1,0,0,1,0,1,1,0,1,1,0,0
415,9001,90,900,2.0,0,22,0.0,0.0,0.0,0.0,0.0,0.0,0.0,17696941.193991903,7239049.1334043145,10494936.916722622,5711624.613972619,14751896.664327338,0.0,0.0,0.0,24672445.857143342,0.0,0.0,0.0,936626.1695394691,36100427.35440215,23689402.432255726,17889398.211046387,35463800.705205336,9473299.257317152,2502156.240714975,1764434.9040538718,21066695.29673669,7026995.2010281375,1530573.3567460796,-489449.7146318286,713223.8350885716,0.0,0.0,0.0,0.0,11248784.191388477,3574801.479138362,14823585.67052684,9532926.419230485,15913281.269093791,5395102.20245469,36094790.188847594,0.0,0.0,0.0,0.0,0.0,0.0,0.0,0.0,0.0,0.0,0.0,0.0,0,23.318275154004105,48.0,1.0,0,48.0,False,False,False,False,False,False,False,False,False,True,False,False,False,False,False,False,False,False,False,False,False,True,False,False,False,False,False,False,True,False,False,0.02111801242236025,0.016887816646562123,1,1,4328648.753804218,8759164.588049551,-4458476.032915221,,,49.4185114378368,,75.88436726043955,31.1596981414038,202.6031944236134,,29.071503264192945,40.90565173975922,,6.34045264762552,,,162.9042174191688,,,-100.0,32.421460760082695,0,0,0,1,1,0,1,0,0,0,1,0,0,1,0,1,1,0,1,1,0,0
416,4529,45,452,2.0,0,24,0.0,0.0,0.0,0.0,0.0,0.0,0.0,17696941.193991903,7239049.1334043145,10494936.916722622,5711624.613972619,14751896.664327338,0.0,0.0,0.0,24672445.857143342,0.0,0.0,0.0,936626.1695394691,36100427.35440215,23689402.432255726,17889398.211046387,35463800.705205336,9473299.257317152,2502156.240714975,1764434.9040538718,21066695.29673669,7026995.2010281375,1530573.3567460796,-489449.7146318286,713223.8350885716,0.0,0.0,0.0,0.0,11248784.191388477,3574801.479138362,14823585.67052684,9532926.419230485,15913281.269093791,5395102.20245469,36094790.188847594,0.0,0.0,0.0,0.0,0.0,0.0,0.0,0.0,0.0,0.0,0.0,0.0,0,24.10403832991102,48.0,1.0,0,48.0,False,False,False,False,False,False,False,False,False,True,False,False,False,False,False,False,False,False,False,False,False,True,False,False,False,False,False,False,True,False,False,0.02111801242236025,0.016887816646562123,1,1,4328648.753804218,8759164.588049551,-4458476.032915221,,,49.4185114378368,,75.88436726043955,31.1596981414038,202.6031944236134,,29.071503264192945,40.90565173975922,,6.34045264762552,,,162.9042174191688,,,-100.0,32.421460760082695,0,0,0,1,1,0,1,0,0,0,1,0,0,1,0,1,1,0,1,1,0,0
417,5522,55,552,13.0,50,26,6.25,0.0,0.0,0.0,0.0,0.0,0.0,84916331.5,50571020.5,34345311.0,257257.0,4776772.0,0.0,0.0,0.0,13377864.5,0.0,0.0,0.0,1171170.0,48894345.5,0.0,0.0,37653115.5,16217201.0,11554042.5,7931423.5,17413896.5,4373869.5,5078573.5,-3024021.0,1183182.0,0.0,0.0,0.0,0.0,14734219.5,21626605.0,36360824.5,3653650.0,10692682.0,1840838.9999999995,48894345.5,0.0,0.0,0.0,0.0,0.0,0.0,0.0,0.0,0.0,0.0,0.0,69190.0,0,18.406570841889117,84.0,4.0,0,21.0,False,False,False,False,False,False,False,False,False,False,True,False,False,False,False,False,False,False,False,False,False,False,True,False,False,False,False,False,False,False,False,0.04720496894409938,0.04945717732207479,0,0,2015513.5,2685182.5,-669668.9999999995,1000.0,1000.0,75.0605778191985,-1000.0,40.522237057633276,30.134812828203213,272.6699059758945,-500.0,70.24393239909512,59.5539392796308,500.0,8.030164068072965,500.0,500.0,75.53243468513782,1000.0,1000.0,,,0,0,0,0,0,0,0,0,0,0,0,0,0,0,0,0,0,0,0,0,1,1
418,5522,55,552,35.0,50,26,6.25,0.0,0.0,0.0,0.0,0.0,0.0,84916331.5,50571020.5,34345311.0,257257.0,4776772.0,0.0,0.0,0.0,13377864.5,0.0,0.0,0.0,1171170.0,48894345.5,0.0,0.0,37653115.5,16217201.0,11554042.5,7931423.5,17413896.5,4373869.5,5078573.5,-3024021.0,1183182.0,0.0,0.0,0.0,0.0,14734219.5,21626605.0,36360824.5,3653650.0,10692682.0,1840838.9999999995,48894345.5,0.0,0.0,0.0,0.0,0.0,0.0,0.0,0.0,0.0,0.0,0.0,69190.0,0,19.07460643394935,84.0,4.0,0,21.0,False,False,False,False,False,False,False,False,False,False,True,False,False,False,False,False,False,False,False,False,False,False,True,False,False,False,False,False,False,False,False,0.04720496894409938,0.04945717732207479,0,0,2015513.5,2685182.5,-669668.9999999995,1000.0,1000.0,75.0605778191985,-1000.0,40.522237057633276,30.134812828203213,272.6699059758945,-500.0,70.24393239909512,59.5539392796308,500.0,8.030164068072965,500.0,500.0,75.53243468513782,1000.0,1000.0,,,0,0,0,0,0,0,0,0,0,0,0,0,0,0,0,0,0,0,0,0,1,1
419,5522,55,552,0.0,50,22,1.0,0.0,0.0,0.0,0.0,0.0,0.0,84916331.5,50571020.5,34345311.0,257257.0,4776772.0,0.0,0.0,0.0,13377864.5,0.0,0.0,0.0,1171170.0,48894345.5,0.0,0.0,37653115.5,16217201.0,11554042.5,7931423.5,17413896.5,4373869.5,5078573.5,-3024021.0,1183182.0,0.0,0.0,0.0,0.0,14734219.5,21626605.0,36360824.5,3653650.0,10692682.0,1840838.9999999995,48894345.5,0.0,0.0,0.0,0.0,0.0,0.0,0.0,0.0,0.0,0.0,0.0,69190.0,0,19.72347707049966,60.0,1.0,0,60.0,False,False,False,False,False,False,False,False,False,False,True,False,False,False,False,False,False,False,False,False,False,False,True,False,False,False,False,False,False,False,False,0.04720496894409938,0.04945717732207479,0,0,2015513.5,2685182.5,-669668.9999999995,1000.0,1000.0,75.0605778191985,-1000.0,40.522237057633276,30.134812828203213,272.6699059758945,-500.0,70.24393239909512,59.5539392796308,500.0,8.030164068072965,500.0,500.0,75.53243468513782,1000.0,1000.0,,,0,0,0,0,0,0,0,0,0,0,0,0,0,0,0,0,0,0,0,0,1,1
420,3430,34,343,0.0,400,1,6.0,0.0,0.0,0.0,0.0,0.0,0.0,17696941.193991903,7239049.1334043145,10494936.916722622,5711624.613972619,14751896.664327338,0.0,0.0,0.0,24672445.857143342,0.0,0.0,0.0,936626.1695394691,36100427.35440215,23689402.432255726,17889398.211046387,35463800.705205336,9473299.257317152,2502156.240714975,1764434.9040538718,21066695.29673669,7026995.2010281375,1530573.3567460796,-489449.7146318286,713223.8350885716,0.0,0.0,0.0,0.0,11248784.191388477,3574801.479138362,14823585.67052684,9532926.419230485,15913281.269093791,5395102.20245469,36094790.188847594,0.0,0.0,0.0,0.0,0.0,0.0,0.0,0.0,0.0,0.0,0.0,0.0,1,38.182067077344286,60.0,1.0,0,60.0,False,False,False,False,False,False,False,False,False,False,False,True,False,False,False,False,False,False,False,False,False,False,False,True,False,False,False,False,False,True,False,0.07080745341614907,0.054282267792521106,1,1,4328648.753804218,8759164.588049551,-4458476.032915221,,,49.4185114378368,,75.88436726043955,31.1596981414038,202.6031944236134,,29.071503264192945,40.90565173975922,,6.34045264762552,,,162.9042174191688,,,-100.0,32.421460760082695,0,0,0,1,1,0,1,0,0,0,1,0,0,1,0,1,1,0,1,1,0,0
421,6033,60,603,3.0,80,20,5.0,0.0,0.0,0.0,0.0,0.0,0.0,5805049.25,2604602.0,3200447.25,319569.25,14170156.0,0.0,0.0,0.0,20971450.5,0.0,0.0,0.0,94094.0,24265991.75,34699.75,27115.5,45733688.0,10303793.5,2108106.0,1390138.75,23146623.5,7892634.75,1309808.5,-319819.5,648898.25,0.0,0.0,0.0,0.0,7615858.25,0.0,7615858.25,8420912.5,11054293.25,5595840.25,24265991.75,0.0,0.0,0.0,0.0,0.0,0.0,0.0,0.0,0.0,0.0,0.0,90289.0,0,24.84873374401095,60.0,1.0,0,60.0,False,True,False,False,False,False,False,False,False,False,False,False,False,True,False,False,False,False,False,False,False,False,False,False,True,False,False,False,False,False,False,0.3242236024844721,0.3823884197828709,0,0,4415411.0,9917157.25,-5501746.25,1000.0,1000.0,44.52295036463197,-1000.0,100.0,31.38490414264647,0.0,-354.2175680315431,13.189023069704126,44.86787084536793,500.0,8.520356192291263,500.0,500.0,130.9706575561658,1000.0,1000.0,160.20072190721834,27.970164665965964,0,0,0,0,0,0,0,0,0,0,0,0,0,0,0,0,0,0,0,0,0,0
422,7423,74,742,0.0,30,23,1.0,0.0,0.0,0.0,0.0,0.0,0.0,2270518.25,1149898.75,1120619.5,1189688.5,3488985.5,0.0,0.0,0.0,4894389.5,0.0,0.0,0.0,160410.25000000012,6175419.25,4232.5,4286.5,5736480.75,2808305.5,594844.25,525525.0,1850598.75,2193441.25,295044.75,-39539.5,225725.5,0.0,0.0,0.0,0.0,2561559.0,96346.25,2657905.25,316065.75,3319816.5,197697.5,6175419.25,0.0,0.0,0.0,0.0,0.0,0.0,0.0,0.0,0.0,0.0,0.0,10332.5,1,3.893223819301848,48.0,1.0,0,48.0,False,False,False,False,False,False,False,False,True,False,False,False,False,False,False,False,False,False,False,False,True,False,False,False,False,False,False,True,False,False,False,0.08074534161490683,0.07117008443908324,0,0,1537285.75,1574573.0,-37287.24999999988,1000.0,1000.0,97.63191354100445,-1000.0,96.37510592222954,41.47992057381367,18.333333333333332,-382.6711831599323,18.146452161932164,50.64477019728866,500.0,8.812035951543571,500.0,500.0,61.48478701825558,1000.0,1000.0,144.12285883047844,-1.2597690423422372,0,0,0,0,0,0,0,0,0,0,0,0,0,0,0,0,0,0,0,0,0,0
423,8031,80,803,0.0,7,34,6.25,0.0,0.0,0.0,0.0,0.0,0.0,1562060.5,377877.5,1184183.0,0.0,205205.0,0.0,0.0,0.0,275275.0,0.0,0.0,0.0,87587.5,1547045.5,1495994.5,1453452.0,1506004.5,1260759.5,686686.0,585084.5,93093.0,572572.0,583082.5000000001,0.0,481481.0,0.0,0.0,0.0,0.0,1499998.5,0.0,1499998.5,6506.5,47046.99999999814,0.0,1547045.5,0.0,0.0,0.0,0.0,0.0,0.0,0.0,0.0,0.0,0.0,0.0,3009.0,0,5.49760438056126,180.0,1.0,0,180.0,False,False,False,False,False,False,False,False,False,False,False,True,False,False,False,False,False,False,False,False,False,False,False,True,False,False,False,False,False,True,False,0.07080745341614907,0.054282267792521106,0,0,315815.5,228228.00000000186,87587.5,1000.0,1000.0,138.377192982455,1000.0,100.0,96.95891297314785,0.0,0.0,76.5448075056616,24.19096443447613,500.0,32.098765432098766,500.0,500.0,25.161290322580644,0.0,1000.0,-99.79886289688899,2.9269972451790633,0,0,0,0,0,0,0,0,0,0,0,0,0,0,0,0,0,0,0,0,0,0
424,7121,71,712,0.0,0,24,5.0,0.0,0.0,0.0,0.0,0.0,0.0,17696941.193991903,7239049.1334043145,10494936.916722622,5711624.613972619,14751896.664327338,0.0,0.0,0.0,24672445.857143342,0.0,0.0,0.0,936626.1695394691,36100427.35440215,23689402.432255726,17889398.211046387,35463800.705205336,9473299.257317152,2502156.240714975,1764434.9040538718,21066695.29673669,7026995.2010281375,1530573.3567460796,-489449.7146318286,713223.8350885716,0.0,0.0,0.0,0.0,11248784.191388477,3574801.479138362,14823585.67052684,9532926.419230485,15913281.269093791,5395102.20245469,36094790.188847594,0.0,0.0,0.0,0.0,0.0,0.0,0.0,0.0,0.0,0.0,0.0,0.0,0,12.772073921971252,60.0,1.0,0,60.0,False,True,False,False,False,False,False,False,False,False,False,False,False,True,False,False,False,False,False,False,False,False,False,False,True,False,False,False,False,False,False,0.3242236024844721,0.3823884197828709,1,1,4328648.753804218,8759164.588049551,-4458476.032915221,,,49.4185114378368,,75.88436726043955,31.1596981414038,202.6031944236134,,29.071503264192945,40.90565173975922,,6.34045264762552,,,162.9042174191688,,,-100.0,32.421460760082695,0,0,0,1,1,0,1,0,0,0,1,0,0,1,0,1,1,0,1,1,0,0
425,5138,51,513,10.0,16,24,1.0,0.0,0.0,0.0,0.0,0.0,0.0,256756.5,3003.0000000009313,253753.5,385885.5,552051.5,0.0,0.0,0.0,1289288.0,0.0,0.0,0.0,3002.9999999998836,1546044.5,1325060.75,2097.75,2603601.0,75825.75,8758.75,-19269.25,2167415.25,65065.0,-21771.75,-13513.5,-49799.75,0.0,0.0,0.0,0.0,157157.0,0.0,157157.0,731981.25,1348597.25,40290.25,1546044.5,0.0,0.0,0.0,0.0,0.0,0.0,0.0,0.0,0.0,0.0,0.0,5202.0,0,4.049281314168378,120.0,1.0,0,120.0,False,True,False,False,False,False,False,False,False,False,False,False,False,True,False,False,False,False,False,False,False,False,False,False,True,False,False,False,False,False,False,0.3242236024844721,0.3823884197828709,0,0,-96596.5,-59309.25,-37287.25000000012,-1000.0,-1000.0,162.8691983122363,-1000.0,100.0,10.16510197474911,-0.0,-259.7750865051903,16.41307866623503,1.1695906432752166,-500.0,-31.687898089171973,-370.420030757401,500.0,121.57949428472463,1000.0,-1000.0,-99.60741422610246,500.0,0,0,0,0,0,0,0,0,0,0,0,0,0,0,0,0,0,0,0,0,0,0
426,127,1,12,3.0,20,9,7.0,0.0,0.0,0.0,0.0,0.0,0.0,15137122.0,2398646.25,12738475.75,2768515.75,35535.5,0.0,0.0,0.0,2834331.5,0.0,0.0,0.0,1001.0,15573808.25,3158.0,2560.75,4350596.25,2659907.249999999,1033032.0,953952.9999999999,1016265.25,1621870.25,226976.75,-87087.0,147897.75,0.0,0.0,0.0,0.0,1388387.0,4254250.0,5642637.0,594594.0,8068810.75,1862360.4999999995,15573808.25,0.0,0.0,0.0,0.0,0.0,0.0,0.0,0.0,0.0,0.0,0.0,7107.0,0,7.425051334702259,60.0,1.0,0,60.0,False,False,False,False,False,False,False,False,True,False,False,False,False,False,False,False,False,False,False,False,True,False,False,False,False,False,False,True,False,False,False,0.08074534161490683,0.07117008443908324,0,0,-7095838.75,-5234479.25,-1861359.4999999995,-1000.0,-1000.0,135.55959267581392,-1000.0,24.6052864999113,8.914884386097407,445.96012591815327,-500.0,81.79422492889624,15.846118238328263,500.0,10.652487382840663,500.0,500.0,210.62792415661167,1000.0,-1000.0,125.04749841671945,23.323245143024504,0,0,0,0,0,0,0,0,0,0,0,0,0,0,0,0,0,0,0,0,0,0
427,6031,60,603,7.0,0,23,5.3,0.0,0.0,0.0,0.0,0.0,0.0,17696941.193991903,7239049.1334043145,10494936.916722622,5711624.613972619,14751896.664327338,0.0,0.0,0.0,24672445.857143342,0.0,0.0,0.0,936626.1695394691,36100427.35440215,23689402.432255726,17889398.211046387,35463800.705205336,9473299.257317152,2502156.240714975,1764434.9040538718,21066695.29673669,7026995.2010281375,1530573.3567460796,-489449.7146318286,713223.8350885716,0.0,0.0,0.0,0.0,11248784.191388477,3574801.479138362,14823585.67052684,9532926.419230485,15913281.269093791,5395102.20245469,36094790.188847594,0.0,0.0,0.0,0.0,0.0,0.0,0.0,0.0,0.0,0.0,0.0,0.0,0,27.329226557152634,48.0,1.0,0,48.0,False,True,False,False,False,False,False,False,False,False,False,False,False,True,False,False,False,False,False,False,False,False,False,False,True,False,False,False,False,False,False,0.3242236024844721,0.3823884197828709,1,1,4328648.753804218,8759164.588049551,-4458476.032915221,,,49.4185114378368,,75.88436726043955,31.1596981414038,202.6031944236134,,29.071503264192945,40.90565173975922,,6.34045264762552,,,162.9042174191688,,,-100.0,32.421460760082695,0,0,0,1,1,0,1,0,0,0,1,0,0,1,0,1,1,0,1,1,0,0
428,1320,13,132,3.0,411,24,1.0,0.0,0.0,0.0,0.0,0.0,0.0,5151396.25,626626.0,4524770.25,0.0,5317312.0,0.0,0.0,0.0,8481973.5,0.0,0.0,0.0,445194.75,13451938.5,17764.0,11725.0,25240465.25,12454191.75,572071.5000000002,384133.75,8525767.25,11862600.75,790539.75,-216966.75,212962.75,0.0,0.0,0.0,0.0,3923419.499999999,0.0,3923419.5,4854349.5,7150393.25,2378125.75,13451938.5,0.0,0.0,0.0,0.0,0.0,0.0,0.0,0.0,0.0,0.0,0.0,52082.0,0,10.688569472963723,48.0,1.0,0,48.0,False,False,False,False,False,False,False,False,False,False,True,False,False,False,False,False,False,False,False,False,False,False,True,False,False,False,False,False,False,False,False,0.04720496894409938,0.04945717732207479,0,0,-601350.75,1331580.25,-1932931.0,-1000.0,1000.0,-45.160684081939486,-1000.0,99.99999999999997,29.16620158499832,0.0,-416.5868246227103,33.636566581091635,12.164197230993441,408.89894781306396,5.427988263809161,500.0,500.0,204.97461034958465,0.0,1000.0,193.18847106507545,51.50533049040512,0,0,0,0,0,0,0,0,0,0,0,0,0,0,0,0,0,0,0,0,0,0
429,1320,13,132,3.0,411,24,1.0,0.0,0.0,0.0,0.0,0.0,0.0,5151396.25,626626.0,4524770.25,0.0,5317312.0,0.0,0.0,0.0,8481973.5,0.0,0.0,0.0,445194.75,13451938.5,17764.0,11725.0,25240465.25,12454191.75,572071.5000000002,384133.75,8525767.25,11862600.75,790539.75,-216966.75,212962.75,0.0,0.0,0.0,0.0,3923419.499999999,0.0,3923419.5,4854349.5,7150393.25,2378125.75,13451938.5,0.0,0.0,0.0,0.0,0.0,0.0,0.0,0.0,0.0,0.0,0.0,52082.0,0,10.704996577686517,180.0,1.0,0,180.0,False,False,False,False,False,False,False,False,False,False,True,False,False,False,False,False,False,False,False,False,False,False,True,False,False,False,False,False,False,False,False,0.04720496894409938,0.04945717732207479,0,0,-601350.75,1331580.25,-1932931.0,-1000.0,1000.0,-45.160684081939486,-1000.0,99.99999999999997,29.16620158499832,0.0,-416.5868246227103,33.636566581091635,12.164197230993441,408.89894781306396,5.427988263809161,500.0,500.0,204.97461034958465,0.0,1000.0,193.18847106507545,51.50533049040512,0,0,0,0,0,0,0,0,0,0,0,0,0,0,0,0,0,0,0,0,0,0
430,1320,13,132,15.0,411,23,1.0,0.0,0.0,0.0,0.0,0.0,0.0,5151396.25,626626.0,4524770.25,0.0,5317312.0,0.0,0.0,0.0,8481973.5,0.0,0.0,0.0,445194.75,13451938.5,17764.0,11725.0,25240465.25,12454191.75,572071.5000000002,384133.75,8525767.25,11862600.75,790539.75,-216966.75,212962.75,0.0,0.0,0.0,0.0,3923419.499999999,0.0,3923419.5,4854349.5,7150393.25,2378125.75,13451938.5,0.0,0.0,0.0,0.0,0.0,0.0,0.0,0.0,0.0,0.0,0.0,52082.0,0,11.06091718001369,48.0,1.0,0,48.0,False,False,False,False,False,False,False,False,False,False,True,False,False,False,False,False,False,False,False,False,False,False,True,False,False,False,False,False,False,False,False,0.04720496894409938,0.04945717732207479,0,0,-601350.75,1331580.25,-1932931.0,-1000.0,1000.0,-45.160684081939486,-1000.0,99.99999999999997,29.16620158499832,0.0,-416.5868246227103,33.636566581091635,12.164197230993441,408.89894781306396,5.427988263809161,500.0,500.0,204.97461034958465,0.0,1000.0,193.18847106507545,51.50533049040512,0,0,0,0,0,0,0,0,0,0,0,0,0,0,0,0,0,0,0,0,0,0
431,4529,45,452,0.0,15,25,8.0,0.0,0.0,0.0,0.0,0.0,0.0,1037786.75,318067.75,719719.0,4856101.25,615364.75,0.0,0.0,0.0,6275269.0,0.0,0.0,0.0,371621.25,7366609.25,12020008.000000002,3859857.5,20817546.75,762011.25,606355.7499999998,478978.5,19388369.0,148898.75,419419.0,-60810.74999999994,292041.75,0.0,0.0,0.0,0.0,2913410.5,400900.5,3314311.0,1045294.25,3977723.75,99432.66666666698,7366609.25,0.0,0.0,0.0,0.0,0.0,0.0,0.0,0.0,0.0,0.0,0.0,41593.5,1,3.2087611225188226,48.0,1.0,0,48.0,False,False,False,False,False,False,False,False,True,False,False,False,False,False,False,False,False,False,False,False,True,False,False,False,False,False,False,True,False,False,False,0.08074534161490683,0.07117008443908324,0,0,2594592.0,2297545.25,272188.583333333,1000.0,1000.0,112.92887485023417,1000.0,87.90395650860768,39.54886707205218,83.69905956112854,-146.20253164556948,9.770017325135035,30.64866168314444,500.0,10.024050850369353,500.0,500.0,19.408849192007846,1000.0,1000.0,-99.65396445659603,211.41066736272003,0,0,0,0,0,0,0,0,0,0,0,0,0,0,0,0,0,0,0,0,0,0
432,5132,51,513,0.0,36,23,1.0,50.0,0.0,0.0,50.0,0.0,0.0,9996736.75,5789283.5,4207453.25,9864104.25,29407127.75,50.0,0.0,0.0,40837296.5,50.0,0.0,0.0,282782.5,45327532.25,32643826.75,64451.25,71045224.25,4360356.0,2773270.5,782031.25,60912852.0,1421920.5,2308806.5,-1311560.25,317567.25,15.0,0.0,0.0,0.5,10280770.5,5816811.0,16097581.5,11320559.25,12876864.0,16353086.75,45327532.25,25.5,0.0,0.0,20.78535,0.0,0.0,19.7789,50.0,0.0,0.0,0.5,141948.5,0,26.269678302532512,48.0,1.0,0,48.0,False,False,False,False,False,False,False,False,False,False,True,False,False,False,False,False,False,False,False,False,False,False,True,False,False,False,False,False,False,False,False,0.03229813664596273,0.007237635705669481,0,0,11890128.25,27960432.5,-16070304.25,1000.0,1000.0,42.52483665980489,-1000.0,63.86531107172838,22.681072605711954,500.0,-500.0,9.282334689641084,57.91173304628633,223.72004635483998,3.0889440630933254,500.0,500.0,66.90544271346874,1000.0,1000.0,-99.56515974341151,500.0,0,0,0,0,0,0,0,0,0,0,0,0,0,0,0,0,0,0,0,0,0,0
433,1822,18,182,0.0,1000,24,1.0,0.0,0.0,0.0,0.0,0.0,0.0,111000389.5,32784001.25,78216388.25,7542785.25,20407637.25,0.0,0.0,0.0,37148361.25,0.0,0.0,0.0,289789.5,115654539.0,112166554.5,91267926.75,127738110.5,53386600.36709999,12842079.25,11966204.25,9006998.0,41449131.57384991,9039780.75,-2740487.75,6844087.25,0.0,0.0,0.0,0.0,52067765.75,21656885.25,73724651.0,9901892.0,26001725.75,15928162.25,115654539.0,0.0,0.0,0.0,0.0,0.0,0.0,0.0,0.0,0.0,0.0,0.0,254762.0,0,26.830937713894592,60.0,1.0,0,60.0,False,False,False,False,False,False,False,False,True,False,False,False,False,False,False,False,False,False,False,False,True,False,False,False,False,False,False,True,False,False,False,0.08074534161490683,0.07117008443908324,0,0,-4491737.25,11146635.5,-15638372.75,-1000.0,1000.0,-40.296798527232724,-1000.0,70.62463510339303,45.02007979989441,180.98375054896795,-500.0,67.62932862496646,29.53503262256571,500.0,13.144576402339675,500.0,500.0,395.7679484329851,1000.0,1000.0,-99.77287168966218,22.898107247735854,0,0,0,0,0,0,0,0,0,0,0,0,0,0,0,0,0,0,0,0,0,0
434,6022,60,602,6.0,300,24,0.0,0.0,0.0,0.0,0.0,0.0,0.0,14615601.0,7945187.25,6670413.75,449699.25,8033275.25,0.0,0.0,0.0,12879366.5,0.0,0.0,0.0,610860.25,20160640.5,28291.75,17014.0,41196405.25,10283523.25,4327323.0,2913911.0,22130608.5,5806801.0,2164912.75,-448448.0,751500.75,0.0,0.0,0.0,0.0,4938683.75,3870616.75,8809300.5,9574565.0,11256245.0,95095.0,20160640.5,0.0,0.0,0.0,0.0,0.0,0.0,0.0,0.0,0.0,0.0,0.0,82310.5,0,3.164955509924709,48.0,1.0,0,48.0,False,False,False,False,False,False,False,False,False,True,False,False,False,False,False,False,False,False,False,False,False,True,False,False,False,False,False,False,True,False,False,0.07204968944099378,0.05066344993968637,0,0,2138886.75,1623121.5,515765.25,1000.0,1000.0,131.77613320999075,1000.0,56.06215555934322,24.49666095677863,132.83236001374098,-500.0,33.08631861175244,54.36100267104993,500.0,15.216620217887003,500.0,500.0,155.75005088540607,1000.0,1000.0,190.93463642227857,66.285118138004,0,0,0,0,0,0,0,0,0,0,0,0,0,0,0,0,0,0,0,0,0,0
435,6022,60,602,10.0,300,23,0.0,0.0,0.0,0.0,0.0,0.0,0.0,14615601.0,7945187.25,6670413.75,449699.25,8033275.25,0.0,0.0,0.0,12879366.5,0.0,0.0,0.0,610860.25,20160640.5,28291.75,17014.0,41196405.25,10283523.25,4327323.0,2913911.0,22130608.5,5806801.0,2164912.75,-448448.0,751500.75,0.0,0.0,0.0,0.0,4938683.75,3870616.75,8809300.5,9574565.0,11256245.0,95095.0,20160640.5,0.0,0.0,0.0,0.0,0.0,0.0,0.0,0.0,0.0,0.0,0.0,82310.5,0,4.008213552361396,48.0,1.0,0,48.0,False,False,False,False,False,False,False,False,False,True,False,False,False,False,False,False,False,False,False,False,False,True,False,False,False,False,False,False,True,False,False,0.07204968944099378,0.05066344993968637,0,0,2138886.75,1623121.5,515765.25,1000.0,1000.0,131.77613320999075,1000.0,56.06215555934322,24.49666095677863,132.83236001374098,-500.0,33.08631861175244,54.36100267104993,500.0,15.216620217887003,500.0,500.0,155.75005088540607,1000.0,1000.0,190.93463642227857,66.285118138004,0,0,0,0,0,0,0,0,0,0,0,0,0,0,0,0,0,0,0,0,0,0
436,6022,60,602,6.0,300,24,0.0,0.0,0.0,0.0,0.0,0.0,0.0,14615601.0,7945187.25,6670413.75,449699.25,8033275.25,0.0,0.0,0.0,12879366.5,0.0,0.0,0.0,610860.25,20160640.5,28291.75,17014.0,41196405.25,10283523.25,4327323.0,2913911.0,22130608.5,5806801.0,2164912.75,-448448.0,751500.75,0.0,0.0,0.0,0.0,4938683.75,3870616.75,8809300.5,9574565.0,11256245.0,95095.0,20160640.5,0.0,0.0,0.0,0.0,0.0,0.0,0.0,0.0,0.0,0.0,0.0,82310.5,0,4.312114989733059,60.0,1.0,0,60.0,False,False,False,False,False,False,False,False,False,True,False,False,False,False,False,False,False,False,False,False,False,True,False,False,False,False,False,False,True,False,False,0.07204968944099378,0.05066344993968637,0,0,2138886.75,1623121.5,515765.25,1000.0,1000.0,131.77613320999075,1000.0,56.06215555934322,24.49666095677863,132.83236001374098,-500.0,33.08631861175244,54.36100267104993,500.0,15.216620217887003,500.0,500.0,155.75005088540607,1000.0,1000.0,190.93463642227857,66.285118138004,0,0,0,0,0,0,0,0,0,0,0,0,0,0,0,0,0,0,0,0,0,0
437,6022,60,602,5.0,300,23,0.0,0.0,0.0,0.0,0.0,0.0,0.0,14615601.0,7945187.25,6670413.75,449699.25,8033275.25,0.0,0.0,0.0,12879366.5,0.0,0.0,0.0,610860.25,20160640.5,28291.75,17014.0,41196405.25,10283523.25,4327323.0,2913911.0,22130608.5,5806801.0,2164912.75,-448448.0,751500.75,0.0,0.0,0.0,0.0,4938683.75,3870616.75,8809300.5,9574565.0,11256245.0,95095.0,20160640.5,0.0,0.0,0.0,0.0,0.0,0.0,0.0,0.0,0.0,0.0,0.0,82310.5,0,4.312114989733059,48.0,1.0,0,48.0,False,False,False,False,False,False,False,False,False,True,False,False,False,False,False,False,False,False,False,False,False,True,False,False,False,False,False,False,True,False,False,0.07204968944099378,0.05066344993968637,0,0,2138886.75,1623121.5,515765.25,1000.0,1000.0,131.77613320999075,1000.0,56.06215555934322,24.49666095677863,132.83236001374098,-500.0,33.08631861175244,54.36100267104993,500.0,15.216620217887003,500.0,500.0,155.75005088540607,1000.0,1000.0,190.93463642227857,66.285118138004,0,0,0,0,0,0,0,0,0,0,0,0,0,0,0,0,0,0,0,0,0,0
438,6022,60,602,10.0,300,23,0.0,0.0,0.0,0.0,0.0,0.0,0.0,14615601.0,7945187.25,6670413.75,449699.25,8033275.25,0.0,0.0,0.0,12879366.5,0.0,0.0,0.0,610860.25,20160640.5,28291.75,17014.0,41196405.25,10283523.25,4327323.0,2913911.0,22130608.5,5806801.0,2164912.75,-448448.0,751500.75,0.0,0.0,0.0,0.0,4938683.75,3870616.75,8809300.5,9574565.0,11256245.0,95095.0,20160640.5,0.0,0.0,0.0,0.0,0.0,0.0,0.0,0.0,0.0,0.0,0.0,82310.5,0,4.791238877481177,48.0,1.0,0,48.0,False,False,False,False,False,False,False,False,False,True,False,False,False,False,False,False,False,False,False,False,False,True,False,False,False,False,False,False,True,False,False,0.07204968944099378,0.05066344993968637,0,0,2138886.75,1623121.5,515765.25,1000.0,1000.0,131.77613320999075,1000.0,56.06215555934322,24.49666095677863,132.83236001374098,-500.0,33.08631861175244,54.36100267104993,500.0,15.216620217887003,500.0,500.0,155.75005088540607,1000.0,1000.0,190.93463642227857,66.285118138004,0,0,0,0,0,0,0,0,0,0,0,0,0,0,0,0,0,0,0,0,0,0
439,5010,50,501,5.0,80,22,7.0,0.0,0.0,0.0,0.0,0.0,0.0,7272265.0,3655652.0,3616613.0,31118587.5,17655387.75,0.0,0.0,0.0,63389326.0,0.0,0.0,0.0,542542.0,67548481.0,116923556.75,97472625.25,126982355.5,5560054.5,3197444.25,2645893.25,117002385.5,4042288.25,2710958.25,-395144.75,1768016.25,0.0,0.0,0.0,0.0,11527516.0,3152649.5,14680165.5,39610070.5,47683886.25,5184429.25,67548481.0,0.0,0.0,0.0,0.0,0.0,0.0,0.0,0.0,0.0,0.0,0.0,253711.0,0,19.633127994524298,120.0,1.0,0,120.0,False,False,False,False,False,False,False,False,True,False,False,False,False,False,False,False,False,False,False,False,True,False,False,False,False,False,False,True,False,False,False,0.08074534161490683,0.07117008443908324,0,0,11063552.5,15705439.75,-4641887.25,1000.0,1000.0,70.44407973358403,-1000.0,78.52442807950632,17.065544375453833,119.15255840348055,-155.74600628273902,5.354099672500408,50.26841018582243,500.0,15.337356721083708,500.0,500.0,121.87465511119856,1000.0,1000.0,-99.7830112194222,19.955276109689063,0,0,0,0,0,0,0,0,0,0,0,0,0,0,0,0,0,0,0,0,0,0
440,1411,14,141,10.0,74,24,5.7,0.0,0.0,0.0,0.0,0.0,0.0,20698678.0,7882124.25,12816553.75,1541790.25,22351078.75,0.0,0.0,0.0,32803020.25,0.0,0.0,0.0,45295.25000000012,45664869.25,30167.5,31053.0,31231700.5,6291285.0,3708204.5,3458455.0,14116352.25,2184432.25,1327326.0,11011.0,1077576.5,0.0,0.0,0.0,0.0,16064798.75,4554800.25,20619599.0,8732974.25,17836318.5,7208951.75,45664869.25,0.0,0.0,0.0,0.0,0.0,0.0,0.0,0.0,0.0,0.0,0.0,59416.5,0,12.799452429842573,60.0,1.0,0,60.0,False,True,False,False,False,False,False,False,False,False,False,False,False,True,False,False,False,False,False,False,False,False,False,False,True,False,False,False,False,False,False,0.3242236024844721,0.3823884197828709,0,0,7803045.25,14966701.75,-7163656.5,1000.0,1000.0,52.136037587573355,-1000.0,77.91033545317734,35.179776081369155,131.70043415340086,18.531889290012032,28.06655085298421,38.080326917496855,500.0,6.707687514603941,500.0,500.0,222.71126947827472,1000.0,1000.0,96.95533272561532,-2.8515763372298975,0,0,0,0,0,0,0,0,0,0,0,0,0,0,0,0,0,0,0,0,0,0
441,1521,15,152,70.0,112,7,6.5,0.0,0.0,0.0,0.0,0.0,0.0,18267249.0,3396142.7499999995,14871106.25,1133132.0,10668658.0,0.0,0.0,0.0,11810298.5,0.0,0.0,0.0,651901.25,27333306.0,16640.0,5447.5,31163882.75,5236481.25,4486732.25,3279526.25,24605581.0,749749.0,2518766.25,-308808.5,2232980.75,0.0,0.0,0.0,0.0,14282017.75,2173671.5,16455689.25,1502000.5,6705949.25,4171667.5,27333306.0,0.0,0.0,0.0,0.0,0.0,0.0,0.0,0.0,0.0,0.0,0.0,61052.5,1,1.0433401779603013,84.0,3.0,0,28.0,False,False,True,False,False,False,False,False,False,False,False,False,False,False,True,False,False,False,False,False,False,False,False,False,False,False,True,False,False,False,False,0.011180124223602485,0.010856453558504222,0,0,1584583.0,5104349.25,-3519766.25,1000.0,1000.0,31.043780948178657,-1000.0,86.79075991909606,52.251336702556216,66.2800457840519,-500.0,54.406540687028496,18.591429667379032,500.0,15.634910900457324,500.0,500.0,21.975509539888535,1000.0,1000.0,266.9020432692308,205.4612207434603,0,0,0,0,0,0,0,0,0,0,0,0,0,0,0,0,0,0,0,0,0,0
442,6025,60,602,1.0,0,23,1.0,0.0,0.0,0.0,0.0,0.0,0.0,7543536.0,0.0,7543536.0,1417916.5,14437423.0,0.0,0.0,0.0,22978956.0,0.0,0.0,0.0,45045.0,30567537.0,32860.0,33050.0,31516485.0,6770263.5,1667666.0,1971469.5,16002987.0,4829324.5,-148148.0,-417917.5,155655.5,0.0,0.0,0.0,0.0,8117109.0,1237736.5,9354845.5,13922408.5,18925406.5,2287285.0,30567537.0,0.0,0.0,0.0,0.0,0.0,0.0,0.0,0.0,0.0,0.0,0.0,62970.0,0,14.751540041067761,48.0,1.0,0,48.0,False,True,False,False,False,False,False,False,False,False,False,False,False,True,False,False,False,False,False,False,False,False,False,False,True,False,False,False,False,False,False,0.3242236024844721,0.3823884197828709,0,0,1811309.5,4053549.5,-2242240.0,1000.0,1000.0,44.684528954191876,-1000.0,86.76903322454658,26.554671382257588,62.782432089362786,-500.0,24.67825916101778,0.0,247.18993171351434,1.9176223948698976,500.0,500.0,313.19572152373803,1000.0,1000.0,91.63116250760804,-0.5748865355521936,0,0,0,0,0,0,0,0,0,0,0,0,0,0,0,0,0,0,0,0,0,0
443,8511,85,851,1.0,200,39,6.0,0.0,0.0,0.0,0.0,0.0,0.0,154375971.75,5950945.0,78354776.5,0.0,4989985.0,0.0,0.0,0.0,7425918.5,0.0,0.0,0.0,874874.0,164239075.0,1561560.0,6690684.0,5356351.0,376376.0,-784596.2874749999,-474473.99999999977,3324321.0,1438937.500000001,-1401829.2788499997,-276276.0,-2752831.5815,0.0,0.0,0.0,0.0,102508906.5,19176657.5,121685564.0,2069567.5,40051011.0,2502500.0,164239075.0,0.0,0.0,0.0,0.0,0.0,0.0,0.0,0.0,0.0,0.0,0.0,8238.0,1,4.596851471594798,84.0,3.0,0,28.0,False,True,False,False,False,False,False,False,False,False,False,False,False,True,False,False,False,False,False,False,False,False,False,False,True,False,False,False,False,False,False,0.3242236024844721,0.3823884197828709,0,0,43330787.5,-32625092.5,-1627626.0,1000.0,-1000.0,-132.8142977678914,-1000.0,84.24081142443487,62.41444461374371,-500.0,-500.0,47.70775559957337,3.854838892698339,-500.0,-2.68545600132804,-500.0,500.0,224.11924119241192,0.0,-1000.0,-99.47245062629678,-76.66068222621185,0,0,0,0,0,0,0,0,0,0,0,0,0,0,0,0,0,0,0,0,0,0
444,5534,55,553,10.0,1,33,6.25,0.0,0.0,0.0,0.0,0.0,0.0,17696941.193991903,7239049.1334043145,10494936.916722622,5711624.613972619,14751896.664327338,0.0,0.0,0.0,24672445.857143342,0.0,0.0,0.0,936626.1695394691,36100427.35440215,23689402.432255726,17889398.211046387,35463800.705205336,9473299.257317152,2502156.240714975,1764434.9040538718,21066695.29673669,7026995.2010281375,1530573.3567460796,-489449.7146318286,713223.8350885716,0.0,0.0,0.0,0.0,11248784.191388477,3574801.479138362,14823585.67052684,9532926.419230485,15913281.269093791,5395102.20245469,36094790.188847594,0.0,0.0,0.0,0.0,0.0,0.0,0.0,0.0,0.0,0.0,0.0,0.0,1,6.861054072553046,180.0,1.0,0,180.0,False,False,False,False,False,False,True,False,False,False,False,False,False,False,False,False,False,False,True,False,False,False,False,False,False,False,False,False,False,False,True,0.02608695652173913,0.018094089264173704,1,1,4328648.753804218,8759164.588049551,-4458476.032915221,,,49.4185114378368,,75.88436726043955,31.1596981414038,202.6031944236134,,29.071503264192945,40.90565173975922,,6.34045264762552,,,162.9042174191688,,,-100.0,32.421460760082695,0,0,0,1,1,0,1,0,0,0,1,0,0,1,0,1,1,0,1,1,0,0
445,5511,55,551,0.0,2,4,6.5,0.0,0.0,0.0,0.0,0.0,0.0,17696941.193991903,7239049.1334043145,10494936.916722622,5711624.613972619,14751896.664327338,0.0,0.0,0.0,24672445.857143342,0.0,0.0,0.0,936626.1695394691,36100427.35440215,23689402.432255726,17889398.211046387,35463800.705205336,9473299.257317152,2502156.240714975,1764434.9040538718,21066695.29673669,7026995.2010281375,1530573.3567460796,-489449.7146318286,713223.8350885716,0.0,0.0,0.0,0.0,11248784.191388477,3574801.479138362,14823585.67052684,9532926.419230485,15913281.269093791,5395102.20245469,36094790.188847594,0.0,0.0,0.0,0.0,0.0,0.0,0.0,0.0,0.0,0.0,0.0,0.0,0,3.783709787816564,108.0,3.0,0,36.0,False,False,False,False,False,False,True,False,False,False,False,False,False,False,False,False,False,False,True,False,False,False,False,False,False,False,False,False,False,False,True,0.012422360248447204,0.012062726176115802,1,1,4328648.753804218,8759164.588049551,-4458476.032915221,,,49.4185114378368,,75.88436726043955,31.1596981414038,202.6031944236134,,29.071503264192945,40.90565173975922,,6.34045264762552,,,162.9042174191688,,,-100.0,32.421460760082695,0,0,0,1,1,0,1,0,0,0,1,0,0,1,0,1,1,0,1,1,0,0
446,6062,60,606,1.0,0,23,7.0,0.0,0.0,0.0,0.0,0.0,0.0,17696941.193991903,7239049.1334043145,10494936.916722622,5711624.613972619,14751896.664327338,0.0,0.0,0.0,24672445.857143342,0.0,0.0,0.0,936626.1695394691,36100427.35440215,23689402.432255726,17889398.211046387,35463800.705205336,9473299.257317152,2502156.240714975,1764434.9040538718,21066695.29673669,7026995.2010281375,1530573.3567460796,-489449.7146318286,713223.8350885716,0.0,0.0,0.0,0.0,11248784.191388477,3574801.479138362,14823585.67052684,9532926.419230485,15913281.269093791,5395102.20245469,36094790.188847594,0.0,0.0,0.0,0.0,0.0,0.0,0.0,0.0,0.0,0.0,0.0,0.0,1,11.824777549623546,60.0,1.0,0,60.0,False,False,False,False,False,False,False,True,False,False,False,False,False,False,False,False,False,False,False,True,False,False,False,False,False,False,True,False,False,False,False,0.02608695652173913,0.024125452352231604,1,1,4328648.753804218,8759164.588049551,-4458476.032915221,,,49.4185114378368,,75.88436726043955,31.1596981414038,202.6031944236134,,29.071503264192945,40.90565173975922,,6.34045264762552,,,162.9042174191688,,,-100.0,32.421460760082695,0,0,0,1,1,0,1,0,0,0,1,0,0,1,0,1,1,0,1,1,0,0
447,7470,74,747,6.0,5,30,8.0,0.0,0.0,0.0,0.0,0.0,0.0,2186684.500000002,1310309.0,876375.5,0.0,9486477.0,0.0,0.0,0.0,9712953.25,0.0,0.0,0.0,47297.25000000012,10636626.0,18660.75,11831.0,20065795.75,12074812.75,520770.24999999977,361110.74999999977,1700198.5,11554042.5,391891.5,-49049.0,232232.0,0.0,0.0,0.0,0.0,3319065.750000001,26776.75,3345842.5,752501.75,6726219.5,564564.0,10636626.0,0.0,0.0,0.0,0.0,0.0,0.0,0.0,0.0,0.0,0.0,0.0,40091.5,0,1.0433401779603013,60.0,3.0,0,20.0,False,False,False,False,False,False,False,True,False,False,False,False,False,False,False,False,False,False,False,True,False,False,False,False,False,False,False,True,False,False,False,0.02608695652173913,0.024125452352231604,0,0,2469467.0,2986733.75,-517266.7499999999,1000.0,1000.0,82.68118977796397,-1000.0,99.1997008227375,31.204121964991536,7.415107415107419,-122.34264120823617,8.23922454357237,59.9221789883268,500.0,6.996908693357459,500.0,500.0,159.33470709449514,0.0,1000.0,114.84399072920435,57.72758008621418,0,0,0,0,0,0,0,0,0,0,0,0,0,0,0,0,0,0,0,0,0,0
448,6330,63,633,2.0,0,24,7.0,0.0,0.0,0.0,0.0,0.0,0.0,17696941.193991903,7239049.1334043145,10494936.916722622,5711624.613972619,14751896.664327338,0.0,0.0,0.0,24672445.857143342,0.0,0.0,0.0,936626.1695394691,36100427.35440215,23689402.432255726,17889398.211046387,35463800.705205336,9473299.257317152,2502156.240714975,1764434.9040538718,21066695.29673669,7026995.2010281375,1530573.3567460796,-489449.7146318286,713223.8350885716,0.0,0.0,0.0,0.0,11248784.191388477,3574801.479138362,14823585.67052684,9532926.419230485,15913281.269093791,5395102.20245469,36094790.188847594,0.0,0.0,0.0,0.0,0.0,0.0,0.0,0.0,0.0,0.0,0.0,0.0,0,28.503764544832308,60.0,1.0,0,60.0,False,False,False,False,False,False,False,False,False,False,True,False,False,False,False,False,False,False,False,False,False,False,True,False,False,False,False,False,False,False,False,0.04720496894409938,0.04945717732207479,1,1,4328648.753804218,8759164.588049551,-4458476.032915221,,,49.4185114378368,,75.88436726043955,31.1596981414038,202.6031944236134,,29.071503264192945,40.90565173975922,,6.34045264762552,,,162.9042174191688,,,-100.0,32.421460760082695,0,0,0,1,1,0,1,0,0,0,1,0,0,1,0,1,1,0,1,1,0,0
449,6053,60,605,0.0,0,24,8.0,0.0,0.0,0.0,0.0,0.0,0.0,17696941.193991903,7239049.1334043145,10494936.916722622,5711624.613972619,14751896.664327338,0.0,0.0,0.0,24672445.857143342,0.0,0.0,0.0,936626.1695394691,36100427.35440215,23689402.432255726,17889398.211046387,35463800.705205336,9473299.257317152,2502156.240714975,1764434.9040538718,21066695.29673669,7026995.2010281375,1530573.3567460796,-489449.7146318286,713223.8350885716,0.0,0.0,0.0,0.0,11248784.191388477,3574801.479138362,14823585.67052684,9532926.419230485,15913281.269093791,5395102.20245469,36094790.188847594,0.0,0.0,0.0,0.0,0.0,0.0,0.0,0.0,0.0,0.0,0.0,0.0,0,11.107460643394935,48.0,1.0,0,48.0,False,False,False,False,False,False,False,False,True,False,False,False,False,False,False,False,False,False,False,False,True,False,False,False,False,False,False,True,False,False,False,0.08074534161490683,0.07117008443908324,1,1,4328648.753804218,8759164.588049551,-4458476.032915221,,,49.4185114378368,,75.88436726043955,31.1596981414038,202.6031944236134,,29.071503264192945,40.90565173975922,,6.34045264762552,,,162.9042174191688,,,-100.0,32.421460760082695,0,0,0,1,1,0,1,0,0,0,1,0,0,1,0,1,1,0,1,1,0,0
450,5164,51,516,15.0,0,26,5.5,0.0,0.0,0.0,0.0,0.0,0.0,6724217.5,568067.5,6156150.0,3272769.5,9423163.75,0.0,0.0,0.0,14345831.5,0.0,0.0,0.0,446195.75,20948177.25,31652.75,27290.5,33705171.5,2621118.5,1433181.75,875124.25,30812031.25,1149398.25,1375624.25,-243743.5,817566.75,0.0,0.0,0.0,0.0,2737234.5,3966712.75,6703947.249999999,8379621.25,13457193.75,787036.25,20948177.25,0.0,0.0,0.0,0.0,0.0,0.0,0.0,0.0,0.0,0.0,0.0,67343.0,0,13.587953456536619,84.0,1.0,0,84.0,False,False,False,False,False,False,False,False,False,False,True,False,False,True,False,False,False,False,False,False,False,False,False,False,False,False,False,False,False,False,False,0.04720496894409938,0.3823884197828709,0,0,547797.2499999991,888637.75,-340840.5,1000.0,1000.0,61.64460715291457,-1000.0,40.83019149650976,13.066695337418915,453.2742350586217,-361.9433348677665,29.38752105508368,8.448083364346855,500.0,29.868348875479978,500.0,500.0,97.90538071065991,1000.0,1000.0,112.75560575305464,15.984500100767665,0,0,0,0,0,0,0,0,0,0,0,0,0,0,0,0,0,0,0,0,0,0
451,6024,60,602,7.0,27,23,6.0,0.0,0.0,0.0,0.0,0.0,0.0,17696941.193991903,7239049.1334043145,10494936.916722622,5711624.613972619,14751896.664327338,0.0,0.0,0.0,24672445.857143342,0.0,0.0,0.0,936626.1695394691,36100427.35440215,23689402.432255726,17889398.211046387,35463800.705205336,9473299.257317152,2502156.240714975,1764434.9040538718,21066695.29673669,7026995.2010281375,1530573.3567460796,-489449.7146318286,713223.8350885716,0.0,0.0,0.0,0.0,11248784.191388477,3574801.479138362,14823585.67052684,9532926.419230485,15913281.269093791,5395102.20245469,36094790.188847594,0.0,0.0,0.0,0.0,0.0,0.0,0.0,0.0,0.0,0.0,0.0,0.0,0,21.16084873374401,48.0,1.0,0,48.0,False,True,False,False,False,False,False,False,False,False,False,False,False,True,False,False,False,False,False,False,False,False,False,False,True,False,False,False,False,False,False,0.3242236024844721,0.3823884197828709,1,1,4328648.753804218,8759164.588049551,-4458476.032915221,,,49.4185114378368,,75.88436726043955,31.1596981414038,202.6031944236134,,29.071503264192945,40.90565173975922,,6.34045264762552,,,162.9042174191688,,,-100.0,32.421460760082695,0,0,0,1,1,0,1,0,0,0,1,0,0,1,0,1,1,0,1,1,0,0
452,5030,50,503,15.0,0,22,9.0,0.0,0.0,0.0,0.0,0.0,0.0,6119113.0,1581830.25,4537282.75,22025253.25,8202694.5,0.0,0.0,0.0,35726440.75,0.0,0.0,0.0,402652.25,40666375.75,120345.5,82314.75,115340225.0,5796040.25,2251249.0,1119118.0,106571715.25,3330076.75,1602100.5,-449949.5,469969.5,0.0,0.0,0.0,0.0,8175167.0,0.0,8175167.0,22884361.5,24439415.0,8051793.75,40666375.75,0.0,0.0,0.0,0.0,0.0,0.0,0.0,0.0,0.0,0.0,0.0,229042.0,0,18.754277891854894,120.0,1.0,0,120.0,False,False,False,False,True,False,False,False,False,False,False,False,False,False,False,False,True,False,False,False,False,False,False,False,False,True,False,False,False,False,False,0.06459627329192547,0.06031363088057901,0,0,3637884.25,11287025.75,-7649141.5,1000.0,1000.0,32.23067201738243,-1000.0,100.0,20.103013482828008,0.0,-196.44846796657382,11.157332480015754,25.85064616391297,205.18922293727786,5.748744949185747,488.60820286235713,500.0,77.30353331251277,1000.0,1000.0,90.32036927014305,46.20162243097379,0,0,0,0,0,0,0,0,0,0,0,0,0,0,0,0,0,0,0,0,0,0
453,1711,17,171,1.0,490,4,5.5,0.0,0.0,0.0,0.0,0.0,0.0,154375971.75,69710535.81992495,78354776.5,49261066.40454999,127439812.5,0.0,0.0,0.0,244788293.75,0.0,0.0,0.0,931931.0,297217291.0957248,219313604.9354249,213715752.25,204778323.75,40466426.0,10641130.5,1634883.25,133575942.5,28418640.25,-1401829.2788499997,-3649348.9782749997,-2752831.5815,0.0,0.0,0.0,0.0,118228991.70284997,29095145.729649995,122786624.33333331,79054976.0,164499335.0,41352060.75,297217291.0957248,0.0,0.0,0.0,0.0,0.0,0.0,0.0,0.0,0.0,0.0,0.0,424811.5,0,27.709787816564,84.0,3.0,0,28.0,False,True,False,False,False,False,False,False,False,False,False,False,False,True,False,False,False,False,False,False,False,False,False,False,True,False,False,False,False,False,False,0.002484472049689441,0.0024125452352231603,0,0,44431847.83333331,80288958.75,-40420129.75,1000.0,1000.0,55.33992285500068,-1000.0,96.28816847500377,39.77863847254161,500.0,-500.0,26.36279208761251,45.15633814620827,-500.0,-2.3283896291857165,384.84910366127093,500.0,213.06075650561104,1000.0,1000.0,-99.80629952249197,2.619298122150888,0,0,0,0,0,0,0,0,0,0,0,0,0,0,0,0,0,0,0,0,0,0
454,6070,60,607,20.0,19,30,7.75,0.0,0.0,0.0,0.0,0.0,0.0,17696941.193991903,7239049.1334043145,10494936.916722622,5711624.613972619,14751896.664327338,0.0,0.0,0.0,24672445.857143342,0.0,0.0,0.0,936626.1695394691,36100427.35440215,23689402.432255726,17889398.211046387,35463800.705205336,9473299.257317152,2502156.240714975,1764434.9040538718,21066695.29673669,7026995.2010281375,1530573.3567460796,-489449.7146318286,713223.8350885716,0.0,0.0,0.0,0.0,11248784.191388477,3574801.479138362,14823585.67052684,9532926.419230485,15913281.269093791,5395102.20245469,36094790.188847594,0.0,0.0,0.0,0.0,0.0,0.0,0.0,0.0,0.0,0.0,0.0,0.0,0,10.442162902121835,48.0,1.0,0,48.0,False,False,False,False,False,False,False,False,True,False,False,False,False,False,False,False,False,False,False,False,True,False,False,False,False,False,False,True,False,False,False,0.08074534161490683,0.07117008443908324,1,1,4328648.753804218,8759164.588049551,-4458476.032915221,,,49.4185114378368,,75.88436726043955,31.1596981414038,202.6031944236134,,29.071503264192945,40.90565173975922,,6.34045264762552,,,162.9042174191688,,,-100.0,32.421460760082695,0,0,0,1,1,0,1,0,0,0,1,0,0,1,0,1,1,0,1,1,0,0
455,6042,60,604,7.0,19,23,8.0,0.0,0.0,0.0,0.0,0.0,0.0,17696941.193991903,7239049.1334043145,10494936.916722622,5711624.613972619,14751896.664327338,0.0,0.0,0.0,24672445.857143342,0.0,0.0,0.0,936626.1695394691,36100427.35440215,23689402.432255726,17889398.211046387,35463800.705205336,9473299.257317152,2502156.240714975,1764434.9040538718,21066695.29673669,7026995.2010281375,1530573.3567460796,-489449.7146318286,713223.8350885716,0.0,0.0,0.0,0.0,11248784.191388477,3574801.479138362,14823585.67052684,9532926.419230485,15913281.269093791,5395102.20245469,36094790.188847594,0.0,0.0,0.0,0.0,0.0,0.0,0.0,0.0,0.0,0.0,0.0,0.0,0,10.505133470225873,48.0,1.0,0,48.0,False,False,False,False,False,False,False,False,True,False,False,False,False,False,False,False,False,False,False,False,True,False,False,False,False,False,False,True,False,False,False,0.08074534161490683,0.07117008443908324,1,1,4328648.753804218,8759164.588049551,-4458476.032915221,,,49.4185114378368,,75.88436726043955,31.1596981414038,202.6031944236134,,29.071503264192945,40.90565173975922,,6.34045264762552,,,162.9042174191688,,,-100.0,32.421460760082695,0,0,0,1,1,0,1,0,0,0,1,0,0,1,0,1,1,0,1,1,0,0
456,8021,80,802,73.0,140,1,6.5,50.0,0.0,0.0,50.0,0.0,0.0,2006004.0000000019,1345594.25,660409.75,0.0,29529.5,50.0,0.0,0.0,801300.5,50.0,0.0,0.0,207707.5,1669417.75,898376.5,896.5,2007255.25,1584583.0,492492.0,439689.25,176176.0,1083582.5,346095.75,-2502.5,293293.0,15.0,0.0,0.0,1.0,1564563.0,0.0,1564563.0,1751.75,104854.75000000186,0.0,1669417.75,50.0,0.0,0.0,22.4195,0.0,0.0,16.46215,50.0,0.0,0.0,1.0,4010.5,0,4.569472963723477,120.0,1.0,0,120.0,False,False,False,False,False,False,False,False,False,False,True,False,False,False,False,False,False,False,False,False,False,False,True,False,False,False,False,False,False,False,False,0.04720496894409938,0.04945717732207479,0,0,904153.25,696445.7499999981,207707.5,1000.0,1000.0,129.8239310097021,1000.0,100.0,93.7190825963124,0.0,-62.398703403565634,39.55928646379853,67.0783433133732,500.0,18.746001279590534,500.0,500.0,3.5795454545454546,0.0,1000.0,-99.55358360331108,500.0,0,0,0,0,0,0,0,0,0,0,0,0,0,0,0,0,0,0,0,0,0,0
457,8022,80,802,3.0,55,29,8.75,0.0,0.0,0.0,0.0,0.0,0.0,17696941.193991903,7239049.1334043145,10494936.916722622,5711624.613972619,14751896.664327338,0.0,0.0,0.0,24672445.857143342,0.0,0.0,0.0,936626.1695394691,36100427.35440215,23689402.432255726,17889398.211046387,35463800.705205336,9473299.257317152,2502156.240714975,1764434.9040538718,21066695.29673669,7026995.2010281375,1530573.3567460796,-489449.7146318286,713223.8350885716,0.0,0.0,0.0,0.0,11248784.191388477,3574801.479138362,14823585.67052684,9532926.419230485,15913281.269093791,5395102.20245469,36094790.188847594,0.0,0.0,0.0,0.0,0.0,0.0,0.0,0.0,0.0,0.0,0.0,0.0,1,8.167008898015059,84.0,1.0,0,84.0,False,False,False,False,False,False,False,True,False,False,False,False,False,False,False,False,False,False,False,True,False,False,False,False,False,False,True,False,False,False,False,0.02608695652173913,0.024125452352231604,1,1,4328648.753804218,8759164.588049551,-4458476.032915221,,,49.4185114378368,,75.88436726043955,31.1596981414038,202.6031944236134,,29.071503264192945,40.90565173975922,,6.34045264762552,,,162.9042174191688,,,-100.0,32.421460760082695,0,0,0,1,1,0,1,0,0,0,1,0,0,1,0,1,1,0,1,1,0,0
458,1573,15,157,8.0,256,23,6.25,0.0,0.0,0.0,0.0,0.0,0.0,31423392.0,13133620.5,18289771.5,1507756.25,16006240.25,0.0,0.0,0.0,19483964.5,0.0,0.0,0.0,716465.75,38490201.75,41947.25,36964.25,49883083.25,7955948.0,4780275.5,3500246.75,28263235.0,3010757.75,2686934.25,-656656.0,1406905.5,0.0,0.0,0.0,0.0,10561300.75,3250247.0,13811547.75,12984221.25,17868600.75,6810053.25,38490201.75,0.0,0.0,0.0,0.0,0.0,0.0,0.0,0.0,0.0,0.0,0.0,99445.0,0,14.453114305270363,48.0,1.0,0,48.0,False,True,False,False,False,False,False,False,False,False,False,False,False,True,False,False,False,False,False,False,False,False,False,False,True,False,False,False,False,False,False,0.3242236024844721,0.3823884197828709,0,0,-4478223.75,1615363.75,-6093587.5,-1000.0,1000.0,-277.22695584817967,-1000.0,76.46717761953941,27.438933208501563,92.85765353542575,-500.0,47.51799332930231,41.79568042813456,500.0,13.32132786768713,500.0,500.0,165.38516026208606,1000.0,1000.0,137.07156011419104,13.480592734872207,0,0,0,0,0,0,0,0,0,0,0,0,0,0,0,0,0,0,0,0,0,0
459,1571,15,157,5.0,256,24,1.0,0.0,0.0,0.0,0.0,0.0,0.0,31423392.0,13133620.5,18289771.5,1507756.25,16006240.25,0.0,0.0,0.0,19483964.5,0.0,0.0,0.0,716465.75,38490201.75,41947.25,36964.25,49883083.25,7955948.0,4780275.5,3500246.75,28263235.0,3010757.75,2686934.25,-656656.0,1406905.5,0.0,0.0,0.0,0.0,10561300.75,3250247.0,13811547.75,12984221.25,17868600.75,6810053.25,38490201.75,0.0,0.0,0.0,0.0,0.0,0.0,0.0,0.0,0.0,0.0,0.0,99445.0,0,15.017111567419576,48.0,1.0,0,48.0,False,True,False,False,False,False,False,False,False,False,False,False,False,True,False,False,False,False,False,False,False,False,False,False,True,False,False,False,False,False,False,0.3242236024844721,0.3823884197828709,0,0,-4478223.75,1615363.75,-6093587.5,-1000.0,1000.0,-277.22695584817967,-1000.0,76.46717761953941,27.438933208501563,92.85765353542575,-500.0,47.51799332930231,41.79568042813456,500.0,13.32132786768713,500.0,500.0,165.38516026208606,1000.0,1000.0,137.07156011419104,13.480592734872207,0,0,0,0,0,0,0,0,0,0,0,0,0,0,0,0,0,0,0,0,0,0
460,1585,15,158,5.0,256,24,1.0,0.0,0.0,0.0,0.0,0.0,0.0,31423392.0,13133620.5,18289771.5,1507756.25,16006240.25,0.0,0.0,0.0,19483964.5,0.0,0.0,0.0,716465.75,38490201.75,41947.25,36964.25,49883083.25,7955948.0,4780275.5,3500246.75,28263235.0,3010757.75,2686934.25,-656656.0,1406905.5,0.0,0.0,0.0,0.0,10561300.75,3250247.0,13811547.75,12984221.25,17868600.75,6810053.25,38490201.75,0.0,0.0,0.0,0.0,0.0,0.0,0.0,0.0,0.0,0.0,0.0,99445.0,0,15.025325119780971,48.0,1.0,0,48.0,False,True,False,False,False,False,False,False,False,False,False,False,False,True,False,False,False,False,False,False,False,False,False,False,True,False,False,False,False,False,False,0.3242236024844721,0.3823884197828709,0,0,-4478223.75,1615363.75,-6093587.5,-1000.0,1000.0,-277.22695584817967,-1000.0,76.46717761953941,27.438933208501563,92.85765353542575,-500.0,47.51799332930231,41.79568042813456,500.0,13.32132786768713,500.0,500.0,165.38516026208606,1000.0,1000.0,137.07156011419104,13.480592734872207,0,0,0,0,0,0,0,0,0,0,0,0,0,0,0,0,0,0,0,0,0,0
461,1571,15,157,2.0,256,22,6.5,0.0,0.0,0.0,0.0,0.0,0.0,31423392.0,13133620.5,18289771.5,1507756.25,16006240.25,0.0,0.0,0.0,19483964.5,0.0,0.0,0.0,716465.75,38490201.75,41947.25,36964.25,49883083.25,7955948.0,4780275.5,3500246.75,28263235.0,3010757.75,2686934.25,-656656.0,1406905.5,0.0,0.0,0.0,0.0,10561300.75,3250247.0,13811547.75,12984221.25,17868600.75,6810053.25,38490201.75,0.0,0.0,0.0,0.0,0.0,0.0,0.0,0.0,0.0,0.0,0.0,99445.0,0,15.162217659137577,48.0,1.0,0,48.0,False,True,False,False,False,False,False,False,False,False,False,False,False,True,False,False,False,False,False,False,False,False,False,False,True,False,False,False,False,False,False,0.3242236024844721,0.3823884197828709,0,0,-4478223.75,1615363.75,-6093587.5,-1000.0,1000.0,-277.22695584817967,-1000.0,76.46717761953941,27.438933208501563,92.85765353542575,-500.0,47.51799332930231,41.79568042813456,500.0,13.32132786768713,500.0,500.0,165.38516026208606,1000.0,1000.0,137.07156011419104,13.480592734872207,0,0,0,0,0,0,0,0,0,0,0,0,0,0,0,0,0,0,0,0,0,0
462,1573,15,157,1.0,256,24,5.5,0.0,0.0,0.0,0.0,0.0,0.0,31423392.0,13133620.5,18289771.5,1507756.25,16006240.25,0.0,0.0,0.0,19483964.5,0.0,0.0,0.0,716465.75,38490201.75,41947.25,36964.25,49883083.25,7955948.0,4780275.5,3500246.75,28263235.0,3010757.75,2686934.25,-656656.0,1406905.5,0.0,0.0,0.0,0.0,10561300.75,3250247.0,13811547.75,12984221.25,17868600.75,6810053.25,38490201.75,0.0,0.0,0.0,0.0,0.0,0.0,0.0,0.0,0.0,0.0,0.0,99445.0,0,15.62217659137577,48.0,1.0,0,48.0,False,True,False,False,False,False,False,False,False,False,False,False,False,True,False,False,False,False,False,False,False,False,False,False,True,False,False,False,False,False,False,0.3242236024844721,0.3823884197828709,0,0,-4478223.75,1615363.75,-6093587.5,-1000.0,1000.0,-277.22695584817967,-1000.0,76.46717761953941,27.438933208501563,92.85765353542575,-500.0,47.51799332930231,41.79568042813456,500.0,13.32132786768713,500.0,500.0,165.38516026208606,1000.0,1000.0,137.07156011419104,13.480592734872207,0,0,0,0,0,0,0,0,0,0,0,0,0,0,0,0,0,0,0,0,0,0
463,1320,13,132,1.0,0,22,5.0,0.0,0.0,0.0,0.0,0.0,0.0,12045533.5,5311306.0,6734227.5,514514.0,4230726.5,0.0,0.0,0.0,9203694.499999998,0.0,0.0,0.0,152152.0,16090074.0,16505489.0,19718.5,18063545.5,5282277.0,4069565.5,3562058.5,4529024.5,968467.5,3713710.0,235985.75000000006,3206203.0,0.0,0.0,0.0,0.0,7660653.0,5005.0,7665658.0,4149145.0,8097589.5,326826.5,16090074.0,0.0,0.0,0.0,0.0,0.0,0.0,0.0,0.0,0.0,0.0,0.0,38174.0,0,3.7946611909650922,36.0,1.0,0,36.0,False,True,False,False,False,False,False,False,False,False,False,False,False,True,False,False,False,False,False,False,False,False,False,False,True,False,False,False,False,False,False,0.3242236024844721,0.3823884197828709,0,0,931430.5,1106104.9999999981,-174674.5,1000.0,1000.0,84.20814479638024,-1000.0,99.93470880125359,47.61104889884285,0.1405086412814388,500.0,41.85330347144457,44.093572111189594,500.0,41.85286815627858,500.0,500.0,329.8043982760526,1000.0,1000.0,-99.7687193636008,500.0,0,0,0,0,0,0,0,0,0,0,0,0,0,0,0,0,0,0,0,0,0,0
464,7023,70,702,0.0,0,3,6.0,0.0,0.0,0.0,0.0,0.0,0.0,17696941.193991903,7239049.1334043145,10494936.916722622,5711624.613972619,14751896.664327338,0.0,0.0,0.0,24672445.857143342,0.0,0.0,0.0,936626.1695394691,36100427.35440215,23689402.432255726,17889398.211046387,35463800.705205336,9473299.257317152,2502156.240714975,1764434.9040538718,21066695.29673669,7026995.2010281375,1530573.3567460796,-489449.7146318286,713223.8350885716,0.0,0.0,0.0,0.0,11248784.191388477,3574801.479138362,14823585.67052684,9532926.419230485,15913281.269093791,5395102.20245469,36094790.188847594,0.0,0.0,0.0,0.0,0.0,0.0,0.0,0.0,0.0,0.0,0.0,0.0,0,23.014373716632445,120.0,1.0,0,120.0,False,True,False,False,False,False,False,False,False,False,False,False,False,True,False,False,False,False,False,False,False,False,False,False,True,False,False,False,False,False,False,0.3242236024844721,0.3823884197828709,1,1,4328648.753804218,8759164.588049551,-4458476.032915221,,,49.4185114378368,,75.88436726043955,31.1596981414038,202.6031944236134,,29.071503264192945,40.90565173975922,,6.34045264762552,,,162.9042174191688,,,-100.0,32.421460760082695,0,0,0,1,1,0,1,0,0,0,1,0,0,1,0,1,1,0,1,1,0,0
465,5138,51,513,0.0,18,23,6.0,0.0,0.0,0.0,0.0,0.0,0.0,17696941.193991903,7239049.1334043145,10494936.916722622,5711624.613972619,14751896.664327338,0.0,0.0,0.0,24672445.857143342,0.0,0.0,0.0,936626.1695394691,36100427.35440215,23689402.432255726,17889398.211046387,35463800.705205336,9473299.257317152,2502156.240714975,1764434.9040538718,21066695.29673669,7026995.2010281375,1530573.3567460796,-489449.7146318286,713223.8350885716,0.0,0.0,0.0,0.0,11248784.191388477,3574801.479138362,14823585.67052684,9532926.419230485,15913281.269093791,5395102.20245469,36094790.188847594,0.0,0.0,0.0,0.0,0.0,0.0,0.0,0.0,0.0,0.0,0.0,0.0,0,6.056125941136208,48.0,1.0,0,48.0,False,False,False,False,False,False,False,False,False,False,True,False,False,False,False,False,False,False,False,False,False,False,True,False,False,False,False,False,False,False,False,0.03229813664596273,0.04945717732207479,1,1,4328648.753804218,8759164.588049551,-4458476.032915221,,,49.4185114378368,,75.88436726043955,31.1596981414038,202.6031944236134,,29.071503264192945,40.90565173975922,,6.34045264762552,,,162.9042174191688,,,-100.0,32.421460760082695,0,0,0,1,1,0,1,0,0,0,1,0,0,1,0,1,1,0,1,1,0,0
466,5138,51,513,4.0,18,23,5.0,0.0,0.0,0.0,0.0,0.0,0.0,17696941.193991903,7239049.1334043145,10494936.916722622,5711624.613972619,14751896.664327338,0.0,0.0,0.0,24672445.857143342,0.0,0.0,0.0,936626.1695394691,36100427.35440215,23689402.432255726,17889398.211046387,35463800.705205336,9473299.257317152,2502156.240714975,1764434.9040538718,21066695.29673669,7026995.2010281375,1530573.3567460796,-489449.7146318286,713223.8350885716,0.0,0.0,0.0,0.0,11248784.191388477,3574801.479138362,14823585.67052684,9532926.419230485,15913281.269093791,5395102.20245469,36094790.188847594,0.0,0.0,0.0,0.0,0.0,0.0,0.0,0.0,0.0,0.0,0.0,0.0,0,6.297056810403833,48.0,1.0,0,48.0,False,False,False,False,False,False,False,False,False,False,True,False,False,False,False,False,False,False,False,False,False,False,True,False,False,False,False,False,False,False,False,0.03229813664596273,0.04945717732207479,1,1,4328648.753804218,8759164.588049551,-4458476.032915221,,,49.4185114378368,,75.88436726043955,31.1596981414038,202.6031944236134,,29.071503264192945,40.90565173975922,,6.34045264762552,,,162.9042174191688,,,-100.0,32.421460760082695,0,0,0,1,1,0,1,0,0,0,1,0,0,1,0,1,1,0,1,1,0,0
467,7033,70,703,3.0,0,3,5.9,0.0,0.0,0.0,0.0,0.0,0.0,17696941.193991903,7239049.1334043145,10494936.916722622,5711624.613972619,14751896.664327338,0.0,0.0,0.0,24672445.857143342,0.0,0.0,0.0,936626.1695394691,36100427.35440215,23689402.432255726,17889398.211046387,35463800.705205336,9473299.257317152,2502156.240714975,1764434.9040538718,21066695.29673669,7026995.2010281375,1530573.3567460796,-489449.7146318286,713223.8350885716,0.0,0.0,0.0,0.0,11248784.191388477,3574801.479138362,14823585.67052684,9532926.419230485,15913281.269093791,5395102.20245469,36094790.188847594,0.0,0.0,0.0,0.0,0.0,0.0,0.0,0.0,0.0,0.0,0.0,0.0,0,3.685147159479808,120.0,1.0,0,120.0,False,False,False,False,False,False,False,False,True,False,False,False,False,False,False,False,False,False,False,False,True,False,False,False,False,False,False,True,False,False,False,0.08074534161490683,0.07117008443908324,1,1,4328648.753804218,8759164.588049551,-4458476.032915221,,,49.4185114378368,,75.88436726043955,31.1596981414038,202.6031944236134,,29.071503264192945,40.90565173975922,,6.34045264762552,,,162.9042174191688,,,-100.0,32.421460760082695,0,0,0,1,1,0,1,0,0,0,1,0,0,1,0,1,1,0,1,1,0,0
468,5167,51,516,5.0,87,4,6.5,0.0,0.0,0.0,0.0,0.0,0.0,24469945.5,4801546.75,19668398.75,21740719.0,8930421.5,0.0,0.0,0.0,32254472.25,0.0,0.0,0.0,988988.0,52911859.0,54543.0,50715.5,54191637.5,9540030.5,4944189.25,1871369.5,41892100.25,4501747.25,4419415.0,-799799.0,1273272.0,0.0,0.0,0.0,0.0,24438163.75,0.0,24438163.75,20934413.5,22803280.5,5670414.75,52911859.0,0.0,0.0,0.0,0.0,0.0,0.0,0.0,0.0,0.0,0.0,0.0,108275.0,0,29.229295003422312,60.0,1.0,0,60.0,False,True,False,False,False,False,False,False,False,False,False,False,False,True,False,False,False,False,False,False,False,False,False,False,False,True,False,False,False,False,False,0.3242236024844721,0.3823884197828709,0,0,4769765.0,9451191.75,-4681426.75,1000.0,1000.0,50.46733921148092,-1000.0,100.0,46.18655290489794,0.0,-500.0,37.17200476740006,19.62222085864474,500.0,5.210178690287235,500.0,500.0,179.900000597368,1000.0,1000.0,98.5130997561557,7.547002395717286,0,0,0,0,0,0,0,0,0,0,0,0,0,0,0,0,0,0,0,0,0,0
469,124,1,12,20.0,0,7,7.0,0.0,0.0,0.0,0.0,0.0,0.0,17696941.193991903,7239049.1334043145,10494936.916722622,5711624.613972619,14751896.664327338,0.0,0.0,0.0,24672445.857143342,0.0,0.0,0.0,936626.1695394691,36100427.35440215,23689402.432255726,17889398.211046387,35463800.705205336,9473299.257317152,2502156.240714975,1764434.9040538718,21066695.29673669,7026995.2010281375,1530573.3567460796,-489449.7146318286,713223.8350885716,0.0,0.0,0.0,0.0,11248784.191388477,3574801.479138362,14823585.67052684,9532926.419230485,15913281.269093791,5395102.20245469,36094790.188847594,0.0,0.0,0.0,0.0,0.0,0.0,0.0,0.0,0.0,0.0,0.0,0.0,0,3.975359342915811,144.0,12.0,0,12.0,False,True,False,False,False,False,False,False,False,False,False,False,False,True,False,False,False,False,False,False,False,False,False,False,True,False,False,False,False,False,False,0.3242236024844721,0.3823884197828709,1,1,4328648.753804218,8759164.588049551,-4458476.032915221,,,49.4185114378368,,75.88436726043955,31.1596981414038,202.6031944236134,,29.071503264192945,40.90565173975922,,6.34045264762552,,,162.9042174191688,,,-100.0,32.421460760082695,0,0,0,1,1,0,1,0,0,0,1,0,0,1,0,1,1,0,1,1,0,0
470,3550,35,355,5.0,0,23,1.0,0.0,0.0,0.0,0.0,0.0,0.0,2365112.75,625625.0,1739487.75,6044538.5,11469958.5,0.0,0.0,0.0,22457685.25,0.0,0.0,0.0,1027026.0,25224199.0,40516.5,31972.0,48950151.25,4798794.0,2121619.5,1596344.75,40423132.75,2193941.75,1384883.5,-124374.25,855855.0,0.0,0.0,0.0,0.0,2838085.25,425925.5,3264010.75,18184166.0,20666646.0,1724723.0,25224199.0,0.0,0.0,0.0,0.0,0.0,0.0,0.0,0.0,0.0,0.0,0.0,98002.5,0,4.265571526351814,60.0,1.0,0,60.0,False,True,False,False,False,False,False,False,False,False,False,False,False,True,False,False,False,False,False,False,False,False,False,False,True,False,False,False,False,False,False,0.3242236024844721,0.3823884197828709,0,0,1524523.0,1791039.25,-697697.0,1000.0,1000.0,85.11946346234456,-1000.0,86.95085486467838,11.251438549148777,26.681298009092338,-126.90926251881329,6.896106988372555,26.452227277536768,500.0,30.156070893219294,500.0,500.0,161.94439457441607,1000.0,1000.0,141.88293658139278,26.724946828474916,0,0,0,0,0,0,0,0,0,0,0,0,0,0,0,0,0,0,0,0,0,0
471,5147,51,514,30.0,40,1,4.5,0.0,0.0,0.0,0.0,0.0,0.0,5363107.75,1234233.0,4128874.75,4065311.25,3235982.75,0.0,0.0,0.0,8178920.750000002,0.0,0.0,0.0,587587.0,12895382.5,18066.75,17526.75,18390872.5,3631628.0,1888887.0,1369868.5,13713449.75,1669417.75,1595343.75,-93593.5,1076325.25,0.0,0.0,0.0,0.0,6108352.25,1225724.5,7334076.75,4184680.5,5135630.5,425675.25,12895382.5,0.0,0.0,0.0,0.0,0.0,0.0,0.0,0.0,0.0,0.0,0.0,36745.0,0,18.92950034223135,84.0,1.0,0,84.0,False,True,False,False,False,False,False,False,False,False,False,False,False,True,False,False,False,False,False,False,False,False,False,False,True,False,False,False,False,False,False,0.3242236024844721,0.3823884197828709,0,0,3205202.0,3043290.250000002,161911.75,1000.0,1000.0,105.3202861606775,1000.0,83.28726925307947,47.36852319037454,89.47753014249177,-254.7108450129269,32.01824180089268,23.013391815594233,500.0,17.620549797205946,500.0,500.0,109.85455938976988,1000.0,1000.0,103.38467073491357,3.0810047498823225,0,0,0,0,0,0,0,0,0,0,0,0,0,0,0,0,0,0,0,0,0,0
472,5121,51,512,25.0,14,1,6.0,0.0,0.0,0.0,0.0,0.0,0.0,12389877.5,3745992.25,8643885.25,8983224.25,9539780.25,0.0,0.0,0.0,22261989.75,0.0,0.0,0.0,451200.75,31357075.75,23973.5,27928.75,22122350.25,3190687.499999999,2066314.25,1703201.5,17322305.0,1009258.25,1315564.25,39539.50000000006,952451.5,0.0,0.0,0.0,0.0,13027514.5,0.0,13027514.5,16766750.0,18119851.75,279612.666666667,31357075.75,0.0,0.0,0.0,0.0,0.0,0.0,0.0,0.0,0.0,0.0,0.0,44310.5,0,32.85968514715948,84.0,1.0,0,84.0,False,True,False,False,False,False,False,False,False,False,False,False,False,True,False,False,False,False,False,False,False,False,False,False,True,False,False,False,False,False,False,0.3242236024844721,0.3823884197828709,0,0,4383629.25,4142138.0,171588.08333333302,1000.0,1000.0,105.83011116481391,1000.0,100.0,41.54569323958724,0.0,89.23280035206116,27.56598006432408,30.234296101797614,500.0,7.311076107418649,500.0,500.0,348.4542039872869,1000.0,1000.0,84.83116774772145,-14.161929910934074,0,0,0,0,0,0,0,0,0,0,0,0,0,0,0,0,0,0,0,0,0,0
473,4526,45,452,0.0,120,23,9.0,0.0,0.0,0.0,0.0,0.0,0.0,3475472.0,867366.5,2608105.499999999,6068312.25,8507749.25,0.0,0.0,0.0,15944178.25,0.0,0.0,0.0,420920.5,18973204.25,5012295.0,8546.5,25288763.5,2613610.999999999,990739.75,588838.25,19746476.75,1606104.5,749749.0,-298047.75,328828.5,0.0,0.0,0.0,0.0,3657653.999999999,30030.0,3687684.0,7009002.0,8851342.5,6434177.75,18973204.25,0.0,0.0,0.0,0.0,0.0,0.0,0.0,0.0,0.0,0.0,0.0,41855.0,0,7.397672826830938,48.0,1.0,0,48.0,False,False,False,False,False,False,False,False,True,False,False,False,False,False,False,False,False,False,False,False,True,False,False,False,False,False,False,True,False,False,False,0.08074534161490683,0.07117008443908324,0,0,1079578.500000001,7092835.75,-6013257.25,1000.0,1000.0,15.220689411847735,-1000.0,99.18566775244298,19.277998338103586,5.099872503187421,-500.0,13.746257435667458,24.956797235023043,500.0,8.990147783251235,500.0,500.0,127.78181910350159,1000.0,1000.0,-99.16495337963947,500.0,0,0,0,0,0,0,0,0,0,0,0,0,0,0,0,0,0,0,0,0,0,0
474,4529,45,452,0.0,120,23,8.0,0.0,0.0,0.0,0.0,0.0,0.0,3475472.0,867366.5,2608105.499999999,6068312.25,8507749.25,0.0,0.0,0.0,15944178.25,0.0,0.0,0.0,420920.5,18973204.25,5012295.0,8546.5,25288763.5,2613610.999999999,990739.75,588838.25,19746476.75,1606104.5,749749.0,-298047.75,328828.5,0.0,0.0,0.0,0.0,3657653.999999999,30030.0,3687684.0,7009002.0,8851342.5,6434177.75,18973204.25,0.0,0.0,0.0,0.0,0.0,0.0,0.0,0.0,0.0,0.0,0.0,41855.0,0,7.742642026009582,48.0,1.0,0,48.0,False,False,False,False,False,False,False,False,True,False,False,False,False,False,False,False,False,False,False,False,True,False,False,False,False,False,False,True,False,False,False,0.08074534161490683,0.07117008443908324,0,0,1079578.500000001,7092835.75,-6013257.25,1000.0,1000.0,15.220689411847735,-1000.0,99.18566775244298,19.277998338103586,5.099872503187421,-500.0,13.746257435667458,24.956797235023043,500.0,8.990147783251235,500.0,500.0,127.78181910350159,1000.0,1000.0,-99.16495337963947,500.0,0,0,0,0,0,0,0,0,0,0,0,0,0,0,0,0,0,0,0,0,0,0
475,4529,45,452,0.0,120,23,1.0,0.0,0.0,0.0,0.0,0.0,0.0,3475472.0,867366.5,2608105.499999999,6068312.25,8507749.25,0.0,0.0,0.0,15944178.25,0.0,0.0,0.0,420920.5,18973204.25,5012295.0,8546.5,25288763.5,2613610.999999999,990739.75,588838.25,19746476.75,1606104.5,749749.0,-298047.75,328828.5,0.0,0.0,0.0,0.0,3657653.999999999,30030.0,3687684.0,7009002.0,8851342.5,6434177.75,18973204.25,0.0,0.0,0.0,0.0,0.0,0.0,0.0,0.0,0.0,0.0,0.0,41855.0,0,8.435318275154003,48.0,1.0,0,48.0,False,False,False,False,False,False,False,False,True,False,False,False,False,False,False,False,False,False,False,False,True,False,False,False,False,False,False,True,False,False,False,0.08074534161490683,0.07117008443908324,0,0,1079578.500000001,7092835.75,-6013257.25,1000.0,1000.0,15.220689411847735,-1000.0,99.18566775244298,19.277998338103586,5.099872503187421,-500.0,13.746257435667458,24.956797235023043,500.0,8.990147783251235,500.0,500.0,127.78181910350159,1000.0,1000.0,-99.16495337963947,500.0,0,0,0,0,0,0,0,0,0,0,0,0,0,0,0,0,0,0,0,0,0,0
476,4521,45,452,0.0,23,22,1.0,0.0,0.0,0.0,0.0,0.0,0.0,1714212.5,344594.24999999907,1369618.25,0.0,18685917.25,0.0,0.0,0.0,19133364.25,0.0,0.0,0.0,733232.5,21236215.0,76691114.5,23265912.5,117612745.25,2886383.5,2380628.25,2377875.5,108845486.75,505755.25,2037785.75,-2752.75,2035033.0,0.0,0.0,0.0,0.0,10200940.75,0.0,10200940.75,7101844.75,11035274.25,0.0,21236215.0,0.0,0.0,0.0,0.0,0.0,0.0,0.0,0.0,0.0,0.0,0.0,234990.5,0,3.0663928815879533,36.0,1.0,0,36.0,False,False,False,False,False,False,False,True,False,False,False,False,False,False,False,False,False,False,False,True,False,False,False,False,True,False,False,False,False,False,False,0.02608695652173913,0.024125452352231604,0,0,8831322.5,8098090.0,733232.5,1000.0,1000.0,109.05438813349815,1000.0,100.0,48.03558802733915,0.0,-1.1714303344177743,6.449446146594391,20.102189781021842,500.0,19.949463974682924,500.0,500.0,23.488930835251193,0.0,1000.0,-99.69358836218242,229.62865522682594,0,0,0,0,0,0,0,0,0,0,0,0,0,0,0,0,0,0,0,0,0,0
477,4529,45,452,5.0,60,24,1.0,0.0,0.0,0.0,0.0,0.0,0.0,17696941.193991903,7239049.1334043145,10494936.916722622,5711624.613972619,14751896.664327338,0.0,0.0,0.0,24672445.857143342,0.0,0.0,0.0,936626.1695394691,36100427.35440215,23689402.432255726,17889398.211046387,35463800.705205336,9473299.257317152,2502156.240714975,1764434.9040538718,21066695.29673669,7026995.2010281375,1530573.3567460796,-489449.7146318286,713223.8350885716,0.0,0.0,0.0,0.0,11248784.191388477,3574801.479138362,14823585.67052684,9532926.419230485,15913281.269093791,5395102.20245469,36094790.188847594,0.0,0.0,0.0,0.0,0.0,0.0,0.0,0.0,0.0,0.0,0.0,0.0,0,4.435318275154004,48.0,1.0,0,48.0,False,False,False,False,False,False,False,False,True,False,False,False,False,False,False,False,False,False,False,False,True,False,False,False,False,False,False,True,False,False,False,0.0037267080745341614,0.0048250904704463205,1,1,4328648.753804218,8759164.588049551,-4458476.032915221,,,49.4185114378368,,75.88436726043955,31.1596981414038,202.6031944236134,,29.071503264192945,40.90565173975922,,6.34045264762552,,,162.9042174191688,,,-100.0,32.421460760082695,0,0,0,1,1,0,1,0,0,0,1,0,0,1,0,1,1,0,1,1,0,0
478,5164,51,516,5.0,35,20,1.0,0.0,0.0,0.0,0.0,0.0,0.0,2103601.499999998,1498997.5,604604.0,4151897.75,4235481.25,0.0,0.0,0.0,8797789.0,0.0,0.0,0.0,2013011.0,11415404.0,15808.25,15098.0,18257739.5,3741738.0,1759507.75,1359858.5,13047784.75,1939938.0,1327326.0,-86336.25,927676.75,0.0,0.0,0.0,0.0,6663657.0,532532.0,7196189.0,1827826.0,3698444.75,520770.25,11415404.0,0.0,0.0,0.0,0.0,0.0,0.0,0.0,0.0,0.0,0.0,0.0,36473.0,0,15.468856947296372,84.0,1.0,0,84.0,False,True,False,False,False,False,False,False,False,False,False,False,False,True,False,False,False,False,False,False,False,False,False,False,True,False,False,False,False,False,False,0.3242236024844721,0.3823884197828709,0,0,6591585.0,5099344.25,1492240.75,1000.0,1000.0,129.26338518918388,1000.0,92.59980525803311,58.37425464749211,39.16083916083916,-236.7127738326982,5.296387232549982,71.25862479181542,500.0,13.921436082319364,500.0,500.0,50.431346976351676,1000.0,1000.0,130.72130058671897,4.704265465624586,0,0,0,0,0,0,0,0,0,0,0,0,0,0,0,0,0,0,0,0,0,0
479,8512,85,851,49.0,0,24,9.0,0.0,0.0,0.0,0.0,0.0,0.0,17696941.193991903,7239049.1334043145,10494936.916722622,5711624.613972619,14751896.664327338,0.0,0.0,0.0,24672445.857143342,0.0,0.0,0.0,936626.1695394691,36100427.35440215,23689402.432255726,17889398.211046387,35463800.705205336,9473299.257317152,2502156.240714975,1764434.9040538718,21066695.29673669,7026995.2010281375,1530573.3567460796,-489449.7146318286,713223.8350885716,0.0,0.0,0.0,0.0,11248784.191388477,3574801.479138362,14823585.67052684,9532926.419230485,15913281.269093791,5395102.20245469,36094790.188847594,0.0,0.0,0.0,0.0,0.0,0.0,0.0,0.0,0.0,0.0,0.0,0.0,0,1.0433401779603013,60.0,1.0,0,60.0,False,False,False,False,False,False,False,False,False,False,False,False,False,False,False,False,True,False,False,False,False,False,False,False,False,True,False,False,False,False,False,0.07080745341614907,0.06031363088057901,1,1,4328648.753804218,8759164.588049551,-4458476.032915221,,,49.4185114378368,,75.88436726043955,31.1596981414038,202.6031944236134,,29.071503264192945,40.90565173975922,,6.34045264762552,,,162.9042174191688,,,-100.0,32.421460760082695,0,0,0,1,1,0,1,0,0,0,1,0,0,1,0,1,1,0,1,1,0,0
480,8050,80,805,2.0,34,36,6.25,0.0,0.0,0.0,0.0,0.0,0.0,17696941.193991903,7239049.1334043145,10494936.916722622,5711624.613972619,14751896.664327338,0.0,0.0,0.0,24672445.857143342,0.0,0.0,0.0,936626.1695394691,36100427.35440215,23689402.432255726,17889398.211046387,35463800.705205336,9473299.257317152,2502156.240714975,1764434.9040538718,21066695.29673669,7026995.2010281375,1530573.3567460796,-489449.7146318286,713223.8350885716,0.0,0.0,0.0,0.0,11248784.191388477,3574801.479138362,14823585.67052684,9532926.419230485,15913281.269093791,5395102.20245469,36094790.188847594,0.0,0.0,0.0,0.0,0.0,0.0,0.0,0.0,0.0,0.0,0.0,0.0,0,16.971937029431896,120.0,1.0,0,120.0,False,False,False,False,False,False,False,False,False,True,False,False,False,False,False,False,False,False,False,False,False,True,False,False,False,False,False,False,True,False,False,0.02111801242236025,0.016887816646562123,1,1,4328648.753804218,8759164.588049551,-4458476.032915221,,,49.4185114378368,,75.88436726043955,31.1596981414038,202.6031944236134,,29.071503264192945,40.90565173975922,,6.34045264762552,,,162.9042174191688,,,-100.0,32.421460760082695,0,0,0,1,1,0,1,0,0,0,1,0,0,1,0,1,1,0,1,1,0,0
481,1572,15,157,2.0,0,35,6.5,0.0,0.0,0.0,0.0,0.0,0.0,17696941.193991903,7239049.1334043145,10494936.916722622,5711624.613972619,14751896.664327338,0.0,0.0,0.0,24672445.857143342,0.0,0.0,0.0,936626.1695394691,36100427.35440215,23689402.432255726,17889398.211046387,35463800.705205336,9473299.257317152,2502156.240714975,1764434.9040538718,21066695.29673669,7026995.2010281375,1530573.3567460796,-489449.7146318286,713223.8350885716,0.0,0.0,0.0,0.0,11248784.191388477,3574801.479138362,14823585.67052684,9532926.419230485,15913281.269093791,5395102.20245469,36094790.188847594,0.0,0.0,0.0,0.0,0.0,0.0,0.0,0.0,0.0,0.0,0.0,0.0,1,15.854893908282,180.0,1.0,0,180.0,False,True,False,False,False,False,False,False,False,False,False,False,False,True,False,False,False,False,False,False,False,False,False,False,False,False,False,False,False,False,True,0.3242236024844721,0.3823884197828709,1,1,4328648.753804218,8759164.588049551,-4458476.032915221,,,49.4185114378368,,75.88436726043955,31.1596981414038,202.6031944236134,,29.071503264192945,40.90565173975922,,6.34045264762552,,,162.9042174191688,,,-100.0,32.421460760082695,0,0,0,1,1,0,1,0,0,0,1,0,0,1,0,1,1,0,1,1,0,0
482,8021,80,802,40.0,0,29,5.25,0.0,0.0,0.0,0.0,0.0,0.0,17696941.193991903,7239049.1334043145,10494936.916722622,5711624.613972619,14751896.664327338,0.0,0.0,0.0,24672445.857143342,0.0,0.0,0.0,936626.1695394691,36100427.35440215,23689402.432255726,17889398.211046387,35463800.705205336,9473299.257317152,2502156.240714975,1764434.9040538718,21066695.29673669,7026995.2010281375,1530573.3567460796,-489449.7146318286,713223.8350885716,0.0,0.0,0.0,0.0,11248784.191388477,3574801.479138362,14823585.67052684,9532926.419230485,15913281.269093791,5395102.20245469,36094790.188847594,0.0,0.0,0.0,0.0,0.0,0.0,0.0,0.0,0.0,0.0,0.0,0.0,1,4.427104722792608,84.0,1.0,0,84.0,False,False,True,False,False,False,False,False,False,False,False,False,False,False,True,False,False,False,False,False,False,False,False,False,False,False,True,False,False,False,False,0.011180124223602485,0.010856453558504222,1,1,4328648.753804218,8759164.588049551,-4458476.032915221,,,49.4185114378368,,75.88436726043955,31.1596981414038,202.6031944236134,,29.071503264192945,40.90565173975922,,6.34045264762552,,,162.9042174191688,,,-100.0,32.421460760082695,0,0,0,1,1,0,1,0,0,0,1,0,0,1,0,1,1,0,1,1,0,0
483,4521,45,452,160.70999999999992,0,30,6.5,0.0,0.0,0.0,0.0,0.0,0.0,5370114.75,77077.0,5312307.0,1792290.5,2200698.5,0.0,0.0,0.0,4386882.5,0.0,0.0,0.0,87837.75,9787027.25,72891.5,495.25,10510.5,2002.0,-54804.75,-56806.75,2502.5,55055.0,-76326.25000000023,0.0,-78328.25,0.0,0.0,0.0,0.0,7633876.25,0.0,7633876.25,5505.5,2153151.0,0.0,9787027.25,0.0,0.0,0.0,0.0,0.0,0.0,0.0,0.0,0.0,0.0,0.0,155.5,0,13.927446954140999,120.0,3.0,0,40.0,False,False,False,False,False,False,False,False,True,False,False,False,False,False,False,False,False,False,False,False,True,False,False,False,False,False,False,True,False,False,False,0.08074534161490683,0.07117008443908324,0,0,2321569.25,2233731.5,87837.75,1000.0,1000.0,103.93233251176339,1000.0,100.0,77.99994886087602,-0.0,0.0,54.279066199596,1.4352952141292699,-500.0,-1.0260613014259958,-500.0,500.0,500.0,1000.0,1000.0,-99.78666922755053,500.0,0,0,0,0,0,0,0,0,0,0,0,0,0,0,0,0,0,0,0,0,0,0
484,2722,27,272,5.0,80,24,5.0,0.0,0.0,0.0,0.0,0.0,0.0,14285771.5,11935173.25,2350598.25,11891629.75,25222197.0,0.0,0.0,0.0,42216424.25,0.0,0.0,0.0,413663.24999999994,44980685.75,34365.75,41846.75,35937651.75,6119363.25,2943941.0,1016265.25,27185908.75,3124871.75,2429677.25,-1247746.5,502001.5,0.0,0.0,0.0,0.0,5586330.75,0.0,5586330.75,10467707.25,15379614.25,24014740.75,44980685.75,0.0,0.0,0.0,0.0,0.0,0.0,0.0,0.0,0.0,0.0,0.0,65767.0,0,35.356605065023956,48.0,1.0,0,48.0,False,True,False,False,False,False,False,False,False,False,False,False,False,True,False,False,False,False,False,False,False,False,False,False,False,True,False,False,False,False,False,0.3242236024844721,0.3823884197828709,0,0,3235732.5,26836810.0,-23601077.5,1000.0,1000.0,12.057068258112645,-1000.0,100.0,12.419398808298515,0.0,-500.0,5.225794606744073,83.545878148758,500.0,8.98624736818528,500.0,500.0,138.61499516730336,1000.0,1000.0,91.37367873536878,-17.877135022433045,0,0,0,0,0,0,0,0,0,0,0,0,0,0,0,0,0,0,0,0,0,0
485,5131,51,513,20.0,150,4,6.0,0.0,0.0,0.0,0.0,0.0,0.0,3738484.75,663996.666666667,3240487.25,71404.66666666698,5218213.0,0.0,0.0,0.0,6335829.5,0.0,0.0,0.0,1685183.5,11261500.25,36007721.75,41832290.5,36683647.0,6798291.5,1708707.0,1052801.75,24543769.25,4978974.0,1639888.25,-112862.75,983983.0,0.0,0.0,0.0,0.0,4964459.5,708958.25,5673417.75,4295791.5,5560054.5,27777.75,11261250.0,0.0,0.0,0.0,0.0,0.0,0.0,0.0,0.0,0.0,0.0,0.0,73294.0,0,14.036960985626283,60.0,3.0,0,20.0,False,False,False,False,False,False,False,False,False,True,False,False,False,False,False,False,False,False,False,False,False,True,False,False,False,False,False,False,True,False,False,0.07204968944099378,0.007237635705669481,0,0,2432930.5,775775.0,1657405.75,1000.0,1000.0,313.61290322580646,1000.0,87.5038595562613,44.083464811893066,67.34014737342524,-153.98634267470734,28.77491611297527,17.761117433116905,500.0,19.820546426051013,500.0,500.0,63.009268228024915,350.72011351543256,1000.0,-99.79644921578522,-13.923619004319162,0,0,0,0,0,0,0,0,0,0,0,0,0,0,0,0,0,0,0,0,0,0
486,7440,74,744,3.0,32,23,6.25,0.0,0.0,0.0,0.0,0.0,0.0,2178926.75,921670.75,1257256.0,0.0,9340581.25,0.0,0.0,0.0,11206695.5,0.0,0.0,0.0,486736.25,12950687.75,19545.25,16197.25,19767998.25,6768011.25,1157406.25,851600.75,10391381.0,5461706.25,897646.75,-40290.25,591841.25,0.0,0.0,0.0,0.0,2756754.0,0.0,2756754.0,7868610.75,10193933.75,0.0,12950687.75,0.0,0.0,0.0,0.0,0.0,0.0,0.0,0.0,0.0,0.0,0.0,39496.5,0,8.402464065708418,60.0,1.0,0,60.0,False,True,False,False,False,False,False,False,False,False,False,False,False,True,False,False,False,False,False,False,False,False,False,False,True,False,False,False,False,False,False,0.3242236024844721,0.3823884197828709,0,0,1499498.0,1012761.75,486736.25,1000.0,1000.0,148.06029157400545,1000.0,100.0,21.286545187532607,0.0,-102.00967174306584,9.708024965701146,42.29929941426438,500.0,21.468772694262892,500.0,500.0,272.6009055004335,0.0,1000.0,102.07723104078997,20.670175492753398,0,0,0,0,0,0,0,0,0,0,0,0,0,0,0,0,0,0,0,0,0,0
487,5010,50,501,2.0,8,26,7.0,50.0,50.0,0.0,50.0,50.0,0.0,2052800.75,659909.2500000009,1392891.5,3024271.25,3585331.75,50.0,50.0,0.0,7550543.0,50.0,50.0,0.0,119119.0,9062553.5,7159.499999996275,8508.25,6282025.75,970970.0,814814.0,611110.5,5177422.250000002,142142.0,749248.5,-66066.0,545545.0,50.0,50.0,0.0,0.5,4978974.0,843092.25,5822066.25,1598597.0,2932179.25,308308.0,9062553.5,25.5,25.5,0.0,21.95085,16.1742,0.0,19.48715,50.0,0.5,0.0,1.0,12551.5,0,14.715947980835045,84.0,1.0,0,84.0,False,False,False,True,False,False,False,False,False,False,False,False,False,False,False,True,False,False,False,False,False,False,False,False,False,False,False,False,False,False,False,0.016149068322981366,0.015681544028950542,0,0,4429174.75,4618363.75,-189189.0,1000.0,1000.0,95.90354917366567,-1000.0,85.5190199871051,54.94007842270945,137.96068796068798,-500.0,15.369746506875796,32.146775569913494,500.0,10.956976276638521,500.0,500.0,111.15471989946343,1000.0,1000.0,75.31252182424095,-15.852261040798346,0,0,0,0,0,0,0,0,0,0,0,0,0,0,0,0,0,0,0,0,0,0
488,1534,15,153,30.0,20,33,5.95,0.0,0.0,0.0,0.0,0.0,0.0,6830323.5,1205954.749999999,5624368.75,857857.0,891891.0,0.0,0.0,0.0,5757251.5,0.0,0.0,0.0,1231480.25,12613100.5,9616301.75,5450.5,18040522.5,2303551.25,856856.0,627877.25,12010498.5,1031780.7499999991,248248.0,-277777.5,19269.25,0.0,0.0,0.0,0.0,192442.25,2836083.25,3028525.5,3836082.25,6491985.5,3092589.5,12613100.5,0.0,0.0,0.0,0.0,0.0,0.0,0.0,0.0,0.0,0.0,0.0,36045.0,0,18.236824093086927,60.0,12.0,0,5.0,False,False,False,False,False,False,True,False,False,False,False,False,False,False,False,False,False,False,True,False,False,False,False,False,False,False,False,False,False,False,True,0.0037267080745341614,0.0024125452352231603,0,0,-2595843.25,-734734.0,-1861109.25,-1000.0,-1000.0,353.30381471389643,-1000.0,6.354321599735581,1.5257331058291337,451.6939019529693,-500.0,44.59148446490219,17.655895068513214,53.45887085587459,10.013003901170352,500.0,500.0,114.98187273409177,1000.0,-1000.0,-99.62516775224945,500.0,0,0,0,0,0,0,0,0,0,0,0,0,0,0,0,0,0,0,0,0,0,0
489,6041,60,604,0.0,0,22,1.0,0.0,0.0,0.0,0.0,0.0,0.0,17696941.193991903,7239049.1334043145,10494936.916722622,5711624.613972619,14751896.664327338,0.0,0.0,0.0,24672445.857143342,0.0,0.0,0.0,936626.1695394691,36100427.35440215,23689402.432255726,17889398.211046387,35463800.705205336,9473299.257317152,2502156.240714975,1764434.9040538718,21066695.29673669,7026995.2010281375,1530573.3567460796,-489449.7146318286,713223.8350885716,0.0,0.0,0.0,0.0,11248784.191388477,3574801.479138362,14823585.67052684,9532926.419230485,15913281.269093791,5395102.20245469,36094790.188847594,0.0,0.0,0.0,0.0,0.0,0.0,0.0,0.0,0.0,0.0,0.0,0.0,0,3.813826146475017,60.0,1.0,0,60.0,False,False,False,False,False,False,False,False,False,True,False,False,False,False,False,False,False,False,False,False,False,True,False,False,False,False,False,False,True,False,False,0.07204968944099378,0.05066344993968637,1,1,4328648.753804218,8759164.588049551,-4458476.032915221,,,49.4185114378368,,75.88436726043955,31.1596981414038,202.6031944236134,,29.071503264192945,40.90565173975922,,6.34045264762552,,,162.9042174191688,,,-100.0,32.421460760082695,0,0,0,1,1,0,1,0,0,0,1,0,0,1,0,1,1,0,1,1,0,0
490,122,1,12,0.0,0,28,7.0,0.0,0.0,0.0,0.0,0.0,0.0,17696941.193991903,7239049.1334043145,10494936.916722622,5711624.613972619,14751896.664327338,0.0,0.0,0.0,24672445.857143342,0.0,0.0,0.0,936626.1695394691,36100427.35440215,23689402.432255726,17889398.211046387,35463800.705205336,9473299.257317152,2502156.240714975,1764434.9040538718,21066695.29673669,7026995.2010281375,1530573.3567460796,-489449.7146318286,713223.8350885716,0.0,0.0,0.0,0.0,11248784.191388477,3574801.479138362,14823585.67052684,9532926.419230485,15913281.269093791,5395102.20245469,36094790.188847594,0.0,0.0,0.0,0.0,0.0,0.0,0.0,0.0,0.0,0.0,0.0,0.0,0,11.08829568788501,84.0,12.0,0,7.0,False,False,False,False,False,False,False,False,False,False,False,False,False,False,False,False,True,False,False,False,False,False,False,False,False,True,False,False,False,False,False,0.07080745341614907,0.06031363088057901,1,1,4328648.753804218,8759164.588049551,-4458476.032915221,,,49.4185114378368,,75.88436726043955,31.1596981414038,202.6031944236134,,29.071503264192945,40.90565173975922,,6.34045264762552,,,162.9042174191688,,,-100.0,32.421460760082695,0,0,0,1,1,0,1,0,0,0,1,0,0,1,0,1,1,0,1,1,0,0
491,1522,15,152,125.0,0,29,4.9,0.0,0.0,0.0,0.0,0.0,0.0,85057222.25,5984728.75,78354776.5,34380095.75,15160145.0,0.0,0.0,0.0,49597548.0,0.0,0.0,0.0,0.0,128670041.5,1560058.5,0.0,45742697.0,12517755.25,12337575.25,11071560.5,31266485.25,180180.0,5578823.25,-1263011.75,4312808.5,0.0,0.0,0.0,0.0,11717706.0,29095145.729649995,64716902.25,6166660.5,42329537.25,21623602.0,128670041.5,0.0,0.0,0.0,0.0,0.0,0.0,0.0,0.0,0.0,0.0,0.0,91394.0,0,17.864476386036962,84.0,3.0,0,28.0,False,False,True,False,False,False,False,False,False,False,False,False,False,False,True,False,False,False,False,False,False,False,False,False,False,False,True,False,False,False,False,0.011180124223602485,0.010856453558504222,0,0,-13637874.25,7268010.75,-21623602.0,-1000.0,1000.0,-187.64246117825294,-1000.0,18.106098395647482,9.106786524196465,262.79173319470186,-500.0,60.89589743390267,7.036120615848115,500.0,36.8059114983769,500.0,500.0,71.00247316733498,1000.0,1000.0,-94.1416299452873,,0,0,0,0,0,0,0,0,0,0,0,0,0,0,0,0,0,0,0,0,0,1
492,5050,50,505,23.0,0,29,8.2,0.0,0.0,0.0,0.0,0.0,0.0,17696941.193991903,7239049.1334043145,10494936.916722622,5711624.613972619,14751896.664327338,0.0,0.0,0.0,24672445.857143342,0.0,0.0,0.0,936626.1695394691,36100427.35440215,23689402.432255726,17889398.211046387,35463800.705205336,9473299.257317152,2502156.240714975,1764434.9040538718,21066695.29673669,7026995.2010281375,1530573.3567460796,-489449.7146318286,713223.8350885716,0.0,0.0,0.0,0.0,11248784.191388477,3574801.479138362,14823585.67052684,9532926.419230485,15913281.269093791,5395102.20245469,36094790.188847594,0.0,0.0,0.0,0.0,0.0,0.0,0.0,0.0,0.0,0.0,0.0,0.0,0,14.8145106091718,120.0,3.0,0,40.0,False,False,True,False,False,False,False,False,False,False,False,False,False,False,True,False,False,False,False,False,False,False,False,False,False,False,True,False,False,False,False,0.011180124223602485,0.010856453558504222,1,1,4328648.753804218,8759164.588049551,-4458476.032915221,,,49.4185114378368,,75.88436726043955,31.1596981414038,202.6031944236134,,29.071503264192945,40.90565173975922,,6.34045264762552,,,162.9042174191688,,,-100.0,32.421460760082695,0,0,0,1,1,0,1,0,0,0,1,0,0,1,0,1,1,0,1,1,0,0
493,2521,25,252,0.0,9,35,7.95,0.0,0.0,0.0,0.0,0.0,0.0,4885380.5,696195.5,4189185.000000001,2091089.0,3155652.5,0.0,0.0,0.0,6151145.0,0.0,0.0,0.0,63063.0,10403393.0,4535030.500000004,4010006.0,5243238.0,1464963.5,526025.4999999998,336336.0,3584581.0,879378.5,466966.5,-145145.0,277277.0,0.0,0.0,0.0,0.0,2604101.5,2007505.5,4611607.0,3500997.5,4342338.0,1449448.0,10403393.0,0.0,0.0,0.0,0.0,0.0,0.0,0.0,0.0,0.0,0.0,0.0,9452.0,1,27.21971252566735,84.0,1.0,0,84.0,False,True,False,False,False,False,False,False,False,False,False,False,False,True,False,False,False,False,False,False,False,False,False,False,True,False,False,False,False,False,False,0.3242236024844721,0.3823884197828709,0,0,422421.99999999907,1808807.0,-1386385.0,1000.0,1000.0,23.353624792473664,-1000.0,56.46841762535273,25.031271047820645,500.0,-500.0,40.26748773212741,14.250589078987808,500.0,10.647703248126081,500.0,500.0,351.6056967327562,1000.0,1000.0,-99.79157802797577,13.092860708936687,0,0,0,0,0,0,0,0,0,0,0,0,0,0,0,0,0,0,0,0,0,0
494,2521,25,252,0.0,9,22,7.0,0.0,0.0,0.0,0.0,0.0,0.0,4885380.5,696195.5,4189185.000000001,2091089.0,3155652.5,0.0,0.0,0.0,6151145.0,0.0,0.0,0.0,63063.0,10403393.0,4535030.500000004,4010006.0,5243238.0,1464963.5,526025.4999999998,336336.0,3584581.0,879378.5,466966.5,-145145.0,277277.0,0.0,0.0,0.0,0.0,2604101.5,2007505.5,4611607.0,3500997.5,4342338.0,1449448.0,10403393.0,0.0,0.0,0.0,0.0,0.0,0.0,0.0,0.0,0.0,0.0,0.0,9452.0,1,27.50444900752909,60.0,1.0,0,60.0,False,True,False,False,False,False,False,False,False,False,False,False,False,True,False,False,False,False,False,False,False,False,False,False,True,False,False,False,False,False,False,0.3242236024844721,0.3823884197828709,0,0,422421.99999999907,1808807.0,-1386385.0,1000.0,1000.0,23.353624792473664,-1000.0,56.46841762535273,25.031271047820645,500.0,-500.0,40.26748773212741,14.250589078987808,500.0,10.647703248126081,500.0,500.0,351.6056967327562,1000.0,1000.0,-99.79157802797577,13.092860708936687,0,0,0,0,0,0,0,0,0,0,0,0,0,0,0,0,0,0,0,0,0,0
495,2452,24,245,10.0,7,1,4.66,0.0,0.0,0.0,0.0,0.0,0.0,76686610.0,21886865.0,54799745.0,23207934.75,38583294.75,0.0,0.0,0.0,70172852.75,0.0,0.0,0.0,12435658.535299975,140147257.25,136759873.25,135313428.25,163389225.99999997,29337808.5,19341853.956424993,13392497.851075,122419046.75,6899392.5,9132373.25,-3047794.75,7468240.6798999915,0.0,0.0,0.0,0.0,39020231.25,29095145.729649995,73846522.75,29436156.75,43410867.5,22889867.0,140147257.25,0.0,0.0,0.0,0.0,0.0,0.0,0.0,0.0,0.0,0.0,0.0,327923.5,0,3.0663928815879533,84.0,3.0,0,28.0,False,True,False,False,False,False,False,False,False,False,False,False,False,True,False,False,False,False,False,False,False,False,False,False,True,False,False,False,False,False,False,0.3242236024844721,0.006031363088057901,0,0,19046777.75,26761985.25,-10454208.464700025,1000.0,1000.0,71.17101953413565,-1000.0,52.839632520137854,27.84230816618425,217.24958296196078,-500.0,39.10154652705485,28.54066048818692,500.0,19.13940650953982,500.0,500.0,86.56346141659529,1000.0,1000.0,-99.76021950576062,1.068958948647434,0,0,0,0,0,0,0,0,0,0,0,0,0,0,0,0,0,0,0,0,0,0
496,5511,55,551,160.70999999999992,0,3,5.25,0.0,0.0,0.0,0.0,0.0,0.0,17696941.193991903,7239049.1334043145,10494936.916722622,5711624.613972619,14751896.664327338,0.0,0.0,0.0,24672445.857143342,0.0,0.0,0.0,936626.1695394691,36100427.35440215,23689402.432255726,17889398.211046387,35463800.705205336,9473299.257317152,2502156.240714975,1764434.9040538718,21066695.29673669,7026995.2010281375,1530573.3567460796,-489449.7146318286,713223.8350885716,0.0,0.0,0.0,0.0,11248784.191388477,3574801.479138362,14823585.67052684,9532926.419230485,15913281.269093791,5395102.20245469,36094790.188847594,0.0,0.0,0.0,0.0,0.0,0.0,0.0,0.0,0.0,0.0,0.0,0.0,0,10.907597535934292,144.0,3.0,0,48.0,False,False,False,False,False,False,False,False,True,False,False,False,False,False,False,False,False,False,False,False,True,False,False,False,False,False,False,True,False,False,False,0.08074534161490683,0.07117008443908324,1,1,4328648.753804218,8759164.588049551,-4458476.032915221,,,49.4185114378368,,75.88436726043955,31.1596981414038,202.6031944236134,,29.071503264192945,40.90565173975922,,6.34045264762552,,,162.9042174191688,,,-100.0,32.421460760082695,0,0,0,1,1,0,1,0,0,0,1,0,0,1,0,1,1,0,1,1,0,0
497,1725,17,172,4.0,20,22,1.0,0.0,0.0,0.0,0.0,0.0,0.0,17696941.193991903,7239049.1334043145,10494936.916722622,5711624.613972619,14751896.664327338,0.0,0.0,0.0,24672445.857143342,0.0,0.0,0.0,936626.1695394691,36100427.35440215,23689402.432255726,17889398.211046387,35463800.705205336,9473299.257317152,2502156.240714975,1764434.9040538718,21066695.29673669,7026995.2010281375,1530573.3567460796,-489449.7146318286,713223.8350885716,0.0,0.0,0.0,0.0,11248784.191388477,3574801.479138362,14823585.67052684,9532926.419230485,15913281.269093791,5395102.20245469,36094790.188847594,0.0,0.0,0.0,0.0,0.0,0.0,0.0,0.0,0.0,0.0,0.0,0.0,0,31.603011635865844,48.0,1.0,0,48.0,False,True,False,False,False,False,False,False,False,False,False,False,False,True,False,False,False,False,False,False,False,False,False,False,True,False,False,False,False,False,False,0.3242236024844721,0.3823884197828709,1,1,4328648.753804218,8759164.588049551,-4458476.032915221,,,49.4185114378368,,75.88436726043955,31.1596981414038,202.6031944236134,,29.071503264192945,40.90565173975922,,6.34045264762552,,,162.9042174191688,,,-100.0,32.421460760082695,0,0,0,1,1,0,1,0,0,0,1,0,0,1,0,1,1,0,1,1,0,0
498,151,1,15,10.0,321,7,6.0,0.0,0.0,0.0,0.0,0.0,0.0,22723200.5,2498746.25,20224454.25,704704.0,4491737.25,0.0,0.0,0.0,19795025.25,0.0,0.0,0.0,90090.0,40109569.5,18266.75,5219.0,34051017.0,1636134.5,-784596.2874749999,-21521.5,28775747.0,2404902.5,-906655.7499999998,-455204.75,-1539287.75,0.0,0.0,0.0,0.0,1745744.0,13221708.5,14967452.5,14959444.5,21195174.0,3946943.0,40109569.5,0.0,0.0,0.0,0.0,0.0,0.0,0.0,0.0,0.0,0.0,0.0,68034.0,0,1.4483230663928817,84.0,12.0,0,7.0,False,False,False,False,False,False,False,False,False,False,True,False,False,False,False,False,False,False,False,False,False,False,True,False,False,False,False,False,False,False,False,0.007453416149068323,0.007237635705669481,0,0,-5257001.75,-1400148.75,-3856853.0,-1000.0,-1000.0,375.46023235031276,-1000.0,11.663601404447418,4.352437639601193,-500.0,-500.0,50.42301501141766,10.996453822603026,-500.0,-88.1737385321101,-31.633447981891404,500.0,187.1506591992208,1000.0,-1000.0,272.44720598902376,250.00479018969153,0,0,0,0,0,0,0,0,0,0,0,0,0,0,0,0,0,0,0,0,0,0
499,151,1,15,160.70999999999992,321,7,6.0,0.0,0.0,0.0,0.0,0.0,0.0,22723200.5,2498746.25,20224454.25,704704.0,4491737.25,0.0,0.0,0.0,19795025.25,0.0,0.0,0.0,90090.0,40109569.5,18266.75,5219.0,34051017.0,1636134.5,-784596.2874749999,-21521.5,28775747.0,2404902.5,-906655.7499999998,-455204.75,-1539287.75,0.0,0.0,0.0,0.0,1745744.0,13221708.5,14967452.5,14959444.5,21195174.0,3946943.0,40109569.5,0.0,0.0,0.0,0.0,0.0,0.0,0.0,0.0,0.0,0.0,0.0,68034.0,1,1.9082819986310746,84.0,12.0,0,7.0,False,False,False,False,False,False,False,False,False,False,True,False,False,False,False,False,False,False,False,False,False,False,True,False,False,False,False,False,False,False,False,0.007453416149068323,0.007237635705669481,0,0,-5257001.75,-1400148.75,-3856853.0,-1000.0,-1000.0,375.46023235031276,-1000.0,11.663601404447418,4.352437639601193,-500.0,-500.0,50.42301501141766,10.996453822603026,-500.0,-88.1737385321101,-31.633447981891404,500.0,187.1506591992208,1000.0,-1000.0,272.44720598902376,250.00479018969153,0,0,0,0,0,0,0,0,0,0,0,0,0,0,0,0,0,0,0,0,0,0
500,151,1,15,11.0,0,35,6.5,0.0,0.0,0.0,0.0,0.0,0.0,17696941.193991903,7239049.1334043145,10494936.916722622,5711624.613972619,14751896.664327338,0.0,0.0,0.0,24672445.857143342,0.0,0.0,0.0,936626.1695394691,36100427.35440215,23689402.432255726,17889398.211046387,35463800.705205336,9473299.257317152,2502156.240714975,1764434.9040538718,21066695.29673669,7026995.2010281375,1530573.3567460796,-489449.7146318286,713223.8350885716,0.0,0.0,0.0,0.0,11248784.191388477,3574801.479138362,14823585.67052684,9532926.419230485,15913281.269093791,5395102.20245469,36094790.188847594,0.0,0.0,0.0,0.0,0.0,0.0,0.0,0.0,0.0,0.0,0.0,0.0,0,3.3648186173853527,120.0,3.0,0,40.0,False,True,False,False,False,False,False,False,False,False,False,False,False,True,False,False,False,False,False,False,False,False,False,False,True,False,False,False,False,False,False,0.024844720496894408,0.020506634499396863,1,1,4328648.753804218,8759164.588049551,-4458476.032915221,,,49.4185114378368,,75.88436726043955,31.1596981414038,202.6031944236134,,29.071503264192945,40.90565173975922,,6.34045264762552,,,162.9042174191688,,,-100.0,32.421460760082695,0,0,0,1,1,0,1,0,0,0,1,0,0,1,0,1,1,0,1,1,0,0
501,5030,50,503,20.0,12,22,1.0,50.0,0.0,0.0,50.0,0.0,0.0,1824322.5,655905.25,1168417.25,3243490.25,3660406.75,50.0,0.0,0.0,7779772.0,50.0,0.0,0.0,152652.5,9100841.75,5451946.5,2501283.75,6550544.0,643392.75,338087.75,241241.0,5629623.999999998,292041.75,205205.0,-49799.75,108358.25,15.0,0.0,0.0,2.0,1591590.0,387386.99999999953,1978977.0,3998744.75,5484228.75,1637636.0,9100841.75,25.0,0.0,0.0,17.8345,0.0,0.0,19.57015,25.0,0.0,0.0,0.5,13088.0,1,11.030800821355236,60.0,1.0,0,60.0,False,False,False,False,False,False,False,False,False,False,True,False,False,False,False,False,False,False,False,False,False,False,True,False,False,False,False,False,False,False,False,0.03229813664596273,0.013268998793727383,0,0,810559.75,2295543.25,-1484983.5,1000.0,1000.0,35.310149351357246,-1000.0,80.42488619119878,17.488382324634973,160.58091286307035,-380.49931234718827,12.838562432974951,35.953360768175585,500.0,6.8081761006289305,500.0,500.0,255.70945945945954,1000.0,1000.0,-99.75993895024466,117.96593449263804,0,0,0,0,0,0,0,0,0,0,0,0,0,0,0,0,0,0,0,0,0,0
502,5030,50,503,25.0,12,23,1.0,50.0,0.0,0.0,50.0,0.0,0.0,1824322.5,655905.25,1168417.25,3243490.25,3660406.75,50.0,0.0,0.0,7779772.0,50.0,0.0,0.0,152652.5,9100841.75,5451946.5,2501283.75,6550544.0,643392.75,338087.75,241241.0,5629623.999999998,292041.75,205205.0,-49799.75,108358.25,15.0,0.0,0.0,2.0,1591590.0,387386.99999999953,1978977.0,3998744.75,5484228.75,1637636.0,9100841.75,25.0,0.0,0.0,17.8345,0.0,0.0,19.57015,25.0,0.0,0.0,0.5,13088.0,1,11.039014373716633,60.0,1.0,0,60.0,False,False,False,False,False,False,False,False,False,False,True,False,False,False,False,False,False,False,False,False,False,False,True,False,False,False,False,False,False,False,False,0.03229813664596273,0.013268998793727383,0,0,810559.75,2295543.25,-1484983.5,1000.0,1000.0,35.310149351357246,-1000.0,80.42488619119878,17.488382324634973,160.58091286307035,-380.49931234718827,12.838562432974951,35.953360768175585,500.0,6.8081761006289305,500.0,500.0,255.70945945945954,1000.0,1000.0,-99.75993895024466,117.96593449263804,0,0,0,0,0,0,0,0,0,0,0,0,0,0,0,0,0,0,0,0,0,0
503,5030,50,503,7.0,12,25,1.0,50.0,0.0,0.0,50.0,0.0,0.0,1824322.5,655905.25,1168417.25,3243490.25,3660406.75,50.0,0.0,0.0,7779772.0,50.0,0.0,0.0,152652.5,9100841.75,5451946.5,2501283.75,6550544.0,643392.75,338087.75,241241.0,5629623.999999998,292041.75,205205.0,-49799.75,108358.25,15.0,0.0,0.0,2.0,1591590.0,387386.99999999953,1978977.0,3998744.75,5484228.75,1637636.0,9100841.75,25.0,0.0,0.0,17.8345,0.0,0.0,19.57015,25.0,0.0,0.0,0.5,13088.0,1,11.071868583162217,60.0,1.0,0,60.0,False,False,False,False,False,False,False,False,False,False,True,False,False,False,False,False,False,False,False,False,False,False,True,False,False,False,False,False,False,False,False,0.03229813664596273,0.013268998793727383,0,0,810559.75,2295543.25,-1484983.5,1000.0,1000.0,35.310149351357246,-1000.0,80.42488619119878,17.488382324634973,160.58091286307035,-380.49931234718827,12.838562432974951,35.953360768175585,500.0,6.8081761006289305,500.0,500.0,255.70945945945954,1000.0,1000.0,-99.75993895024466,117.96593449263804,0,0,0,0,0,0,0,0,0,0,0,0,0,0,0,0,0,0,0,0,0,0
504,1534,15,153,11.0,0,9,6.5,0.0,0.0,0.0,0.0,0.0,0.0,17696941.193991903,7239049.1334043145,10494936.916722622,5711624.613972619,14751896.664327338,0.0,0.0,0.0,24672445.857143342,0.0,0.0,0.0,936626.1695394691,36100427.35440215,23689402.432255726,17889398.211046387,35463800.705205336,9473299.257317152,2502156.240714975,1764434.9040538718,21066695.29673669,7026995.2010281375,1530573.3567460796,-489449.7146318286,713223.8350885716,0.0,0.0,0.0,0.0,11248784.191388477,3574801.479138362,14823585.67052684,9532926.419230485,15913281.269093791,5395102.20245469,36094790.188847594,0.0,0.0,0.0,0.0,0.0,0.0,0.0,0.0,0.0,0.0,0.0,0.0,1,4.309377138945927,84.0,1.0,0,84.0,False,True,False,False,False,False,False,False,False,False,False,False,False,True,False,False,False,False,False,False,False,False,False,False,True,False,False,False,False,False,False,0.008695652173913044,0.008443908323281062,1,1,4328648.753804218,8759164.588049551,-4458476.032915221,,,49.4185114378368,,75.88436726043955,31.1596981414038,202.6031944236134,,29.071503264192945,40.90565173975922,,6.34045264762552,,,162.9042174191688,,,-100.0,32.421460760082695,0,0,0,1,1,0,1,0,0,0,1,0,0,1,0,1,1,0,1,1,0,0
505,2222,22,222,3.0,90,23,1.0,0.0,0.0,0.0,0.0,0.0,0.0,17696941.193991903,7239049.1334043145,10494936.916722622,5711624.613972619,14751896.664327338,0.0,0.0,0.0,24672445.857143342,0.0,0.0,0.0,936626.1695394691,36100427.35440215,23689402.432255726,17889398.211046387,35463800.705205336,9473299.257317152,2502156.240714975,1764434.9040538718,21066695.29673669,7026995.2010281375,1530573.3567460796,-489449.7146318286,713223.8350885716,0.0,0.0,0.0,0.0,11248784.191388477,3574801.479138362,14823585.67052684,9532926.419230485,15913281.269093791,5395102.20245469,36094790.188847594,0.0,0.0,0.0,0.0,0.0,0.0,0.0,0.0,0.0,0.0,0.0,0.0,0,24.971937029431896,60.0,1.0,0,60.0,False,True,False,False,False,False,False,False,False,False,False,False,False,True,False,False,False,False,False,False,False,False,False,False,True,False,False,False,False,False,False,0.3242236024844721,0.3823884197828709,1,1,4328648.753804218,8759164.588049551,-4458476.032915221,,,49.4185114378368,,75.88436726043955,31.1596981414038,202.6031944236134,,29.071503264192945,40.90565173975922,,6.34045264762552,,,162.9042174191688,,,-100.0,32.421460760082695,0,0,0,1,1,0,1,0,0,0,1,0,0,1,0,1,1,0,1,1,0,0
506,5531,55,553,10.0,0,33,7.75,65.0,0.0,0.0,100.0,0.0,0.0,619619.0,284784.5,334834.5,256756.5,242742.5,100.0,0.0,0.0,602101.5,100.0,0.0,0.0,67567.49999999988,1004503.5,442442.0,0.0,1042041.0,653152.5,536035.5,368368.0,354854.5,116116.0,536035.5,-2502.5,368368.0,70.0,0.0,0.0,2.0,738738.0,0.0,738738.0,96596.5,265765.50000000186,0.0,1004503.5,51.0,0.0,0.0,36.0677,0.0,0.0,40.7565,50.0,0.0,0.0,2.0,2082.0,1,10.940451745379876,84.0,1.0,0,84.0,False,False,False,False,False,False,True,False,False,False,False,False,False,False,False,False,False,False,True,False,False,False,False,False,False,False,False,False,False,False,True,0.0037267080745341614,0.0024125452352231603,0,0,403903.5,336335.99999999814,67567.49999999988,1000.0,1000.0,120.08928571428639,1000.0,100.0,73.54260089686099,0.0,-120.1969260326609,33.33333333333333,45.96122778675283,500.0,49.86449864498645,500.0,500.0,97.99717912552892,1000.0,1000.0,-99.52942984617192,,0,0,0,0,0,0,0,0,0,0,0,0,0,0,0,0,0,0,0,0,0,1
507,7134,71,713,0.0,3,22,5.0,0.0,0.0,0.0,0.0,0.0,0.0,1315314.0,487487.0,827827.0,1041040.0,3796793.0,0.0,0.0,0.0,5843337.5,0.0,0.0,0.0,10510.5,6681675.0,7681.0,4463.5,5966961.0,944443.5,241741.5,282282.0,4219215.0,687687.0,113113.0,-2002.0,153653.5,0.0,0.0,0.0,0.0,1811810.0,25025.000000000466,1836835.0,4129625.5,4844840.0,0.0,6681675.0,0.0,0.0,0.0,0.0,0.0,0.0,0.0,0.0,0.0,0.0,0.0,12308.0,0,13.1854893908282,60.0,1.0,0,60.0,False,True,False,False,False,False,False,False,False,False,False,False,False,True,False,False,False,False,False,False,False,False,False,False,True,False,False,False,False,False,False,0.3242236024844721,0.3823884197828709,0,0,1009008.0,998497.5,10510.5,1000.0,1000.0,101.05263157894737,307.4244393890153,98.63760217983652,27.116104868913858,8.86524822695052,-16.26584335391615,12.389513108614231,37.06240487062405,500.0,8.480662983425415,500.0,500.0,352.35587188612095,1000.0,1000.0,60.239552141648225,72.08468690489525,0,0,0,0,0,0,0,0,0,0,0,0,0,0,0,0,0,0,0,0,0,0
508,6022,60,602,4.0,0,24,1.0,0.0,0.0,0.0,0.0,0.0,0.0,17696941.193991903,7239049.1334043145,10494936.916722622,5711624.613972619,14751896.664327338,0.0,0.0,0.0,24672445.857143342,0.0,0.0,0.0,936626.1695394691,36100427.35440215,23689402.432255726,17889398.211046387,35463800.705205336,9473299.257317152,2502156.240714975,1764434.9040538718,21066695.29673669,7026995.2010281375,1530573.3567460796,-489449.7146318286,713223.8350885716,0.0,0.0,0.0,0.0,11248784.191388477,3574801.479138362,14823585.67052684,9532926.419230485,15913281.269093791,5395102.20245469,36094790.188847594,0.0,0.0,0.0,0.0,0.0,0.0,0.0,0.0,0.0,0.0,0.0,0.0,0,6.570841889117043,48.0,1.0,0,48.0,False,True,False,False,False,False,False,False,False,False,False,False,False,True,False,False,False,False,False,False,False,False,False,False,True,False,False,False,False,False,False,0.3242236024844721,0.3823884197828709,1,1,4328648.753804218,8759164.588049551,-4458476.032915221,,,49.4185114378368,,75.88436726043955,31.1596981414038,202.6031944236134,,29.071503264192945,40.90565173975922,,6.34045264762552,,,162.9042174191688,,,-100.0,32.421460760082695,0,0,0,1,1,0,1,0,0,0,1,0,0,1,0,1,1,0,1,1,0,0
509,6022,60,602,2.0,0,24,1.0,0.0,0.0,0.0,0.0,0.0,0.0,17696941.193991903,7239049.1334043145,10494936.916722622,5711624.613972619,14751896.664327338,0.0,0.0,0.0,24672445.857143342,0.0,0.0,0.0,936626.1695394691,36100427.35440215,23689402.432255726,17889398.211046387,35463800.705205336,9473299.257317152,2502156.240714975,1764434.9040538718,21066695.29673669,7026995.2010281375,1530573.3567460796,-489449.7146318286,713223.8350885716,0.0,0.0,0.0,0.0,11248784.191388477,3574801.479138362,14823585.67052684,9532926.419230485,15913281.269093791,5395102.20245469,36094790.188847594,0.0,0.0,0.0,0.0,0.0,0.0,0.0,0.0,0.0,0.0,0.0,0.0,0,6.5927446954141,48.0,1.0,0,48.0,False,True,False,False,False,False,False,False,False,False,False,False,False,True,False,False,False,False,False,False,False,False,False,False,True,False,False,False,False,False,False,0.3242236024844721,0.3823884197828709,1,1,4328648.753804218,8759164.588049551,-4458476.032915221,,,49.4185114378368,,75.88436726043955,31.1596981414038,202.6031944236134,,29.071503264192945,40.90565173975922,,6.34045264762552,,,162.9042174191688,,,-100.0,32.421460760082695,0,0,0,1,1,0,1,0,0,0,1,0,0,1,0,1,1,0,1,1,0,0
510,6022,60,602,2.0,0,24,1.0,0.0,0.0,0.0,0.0,0.0,0.0,17696941.193991903,7239049.1334043145,10494936.916722622,5711624.613972619,14751896.664327338,0.0,0.0,0.0,24672445.857143342,0.0,0.0,0.0,936626.1695394691,36100427.35440215,23689402.432255726,17889398.211046387,35463800.705205336,9473299.257317152,2502156.240714975,1764434.9040538718,21066695.29673669,7026995.2010281375,1530573.3567460796,-489449.7146318286,713223.8350885716,0.0,0.0,0.0,0.0,11248784.191388477,3574801.479138362,14823585.67052684,9532926.419230485,15913281.269093791,5395102.20245469,36094790.188847594,0.0,0.0,0.0,0.0,0.0,0.0,0.0,0.0,0.0,0.0,0.0,0.0,0,6.5927446954141,48.0,1.0,0,48.0,False,True,False,False,False,False,False,False,False,False,False,False,False,True,False,False,False,False,False,False,False,False,False,False,True,False,False,False,False,False,False,0.3242236024844721,0.3823884197828709,1,1,4328648.753804218,8759164.588049551,-4458476.032915221,,,49.4185114378368,,75.88436726043955,31.1596981414038,202.6031944236134,,29.071503264192945,40.90565173975922,,6.34045264762552,,,162.9042174191688,,,-100.0,32.421460760082695,0,0,0,1,1,0,1,0,0,0,1,0,0,1,0,1,1,0,1,1,0,0
511,2125,21,212,35.0,400,9,6.0,0.0,0.0,0.0,0.0,0.0,0.0,32857574.75,10142132.0,22715442.75,38302013.75,22453431.0,0.0,0.0,0.0,63083770.75,0.0,0.0,0.0,350099.75,86149313.25,43248.25,42205.75,43897603.75,10866856.0,2371118.75,1240739.5,29742713.0,8336578.25,1636384.75,-1451700.25,506005.5,0.0,0.0,0.0,0.0,48009211.25,4551046.5,52560257.75,16000734.75,18700932.25,14888123.25,86149313.25,0.0,0.0,0.0,0.0,0.0,0.0,0.0,0.0,0.0,0.0,0.0,87973.0,0,17.95482546201232,120.0,1.0,0,120.0,False,True,False,False,False,False,False,False,False,False,False,False,False,True,False,False,False,False,False,False,False,False,False,False,True,False,False,False,False,False,False,0.3242236024844721,0.3823884197828709,0,0,29844815.0,44382838.5,-14538023.5,1000.0,1000.0,67.24404298747139,-1000.0,91.34127819226686,55.727909415458974,366.80112948769664,-500.0,26.367526208921927,30.866952528199,500.0,1.0539758659334357,500.0,500.0,193.66977417292094,1000.0,1000.0,103.4140109715422,2.4700425889837287,0,0,0,0,0,0,0,0,0,0,0,0,0,0,0,0,0,0,0,0,0,0
512,2125,21,212,15.0,300,9,6.0,0.0,0.0,0.0,0.0,0.0,0.0,24425901.5,17103086.0,7322815.5,24003479.5,21561039.5,0.0,0.0,0.0,48022474.5,0.0,0.0,0.0,83082.99999999988,55428373.0,20175.0,28200.0,27348821.5,4583078.5,2963460.5,1449948.5,21962440.5,1559558.0,1858356.5,-1433932.5,344844.5,0.0,0.0,0.0,0.0,17600583.0,3549546.0,21150129.0,12705693.0,21161640.5,13116603.5,55428373.0,0.0,0.0,0.0,0.0,0.0,0.0,0.0,0.0,0.0,0.0,0.0,54497.0,1,14.666666666666666,120.0,1.0,0,120.0,False,True,False,False,False,False,False,False,False,False,False,False,False,True,False,False,False,False,False,False,False,False,False,False,True,False,False,False,False,False,False,0.3242236024844721,0.3823884197828709,0,0,13827313.5,26860834.0,-13033520.5,1000.0,1000.0,51.47760304091824,-1000.0,83.21737895783046,31.753742798836974,244.80497065930274,-500.0,13.211312372455891,70.02028563817798,500.0,1.9592788488881308,500.0,500.0,208.2669036712928,1000.0,1000.0,170.12143742255265,-28.45744680851064,0,0,0,0,0,0,0,0,0,0,0,0,0,0,0,0,0,0,0,0,0,0
513,2441,24,244,0.0,150,1,5.0,0.0,0.0,0.0,0.0,0.0,0.0,11373612.25,2093341.25,9280271.0,11200439.25,5132377.25,0.0,0.0,0.0,17437420.0,0.0,0.0,0.0,112862.75,26830553.75,3978.75,0.0,23455682.25,1418417.0,340089.75,181181.0,21725704.0,1043792.75,-989238.2499999998,-87587.5,-1148147.0,0.0,0.0,0.0,0.0,954453.5,8909901.0,9864354.5,5732727.0,16931664.75,34534.5,26830553.75,0.0,0.0,0.0,0.0,0.0,0.0,0.0,0.0,0.0,0.0,0.0,46864.5,0,4.388774811772758,60.0,3.0,0,20.0,False,False,False,False,True,False,False,False,False,False,False,False,False,False,False,False,True,False,False,False,False,False,False,False,False,True,False,False,False,False,False,0.06459627329192547,0.06031363088057901,0,0,584083.5,505755.25,78328.25,1000.0,1000.0,115.48738248391885,601.6957398457254,9.67578263737379,3.5573380590402466,500.0,-186.89519785765344,34.58844378118734,18.405245439943673,-500.0,-120.29365495542737,386.606066425546,500.0,94.99262808698857,1000.0,1000.0,500.0,,0,0,0,0,0,0,0,0,0,0,0,0,0,0,0,0,0,0,0,0,0,1
514,8021,80,802,23.0,23,34,7.25,0.0,0.0,0.0,0.0,0.0,0.0,17696941.193991903,7239049.1334043145,10494936.916722622,5711624.613972619,14751896.664327338,0.0,0.0,0.0,24672445.857143342,0.0,0.0,0.0,936626.1695394691,36100427.35440215,23689402.432255726,17889398.211046387,35463800.705205336,9473299.257317152,2502156.240714975,1764434.9040538718,21066695.29673669,7026995.2010281375,1530573.3567460796,-489449.7146318286,713223.8350885716,0.0,0.0,0.0,0.0,11248784.191388477,3574801.479138362,14823585.67052684,9532926.419230485,15913281.269093791,5395102.20245469,36094790.188847594,0.0,0.0,0.0,0.0,0.0,0.0,0.0,0.0,0.0,0.0,0.0,0.0,0,9.451060917180014,144.0,1.0,0,144.0,False,False,False,False,False,False,False,False,False,False,False,True,False,False,False,False,False,False,False,False,False,False,False,True,False,False,False,False,False,True,False,0.07080745341614907,0.054282267792521106,1,1,4328648.753804218,8759164.588049551,-4458476.032915221,,,49.4185114378368,,75.88436726043955,31.1596981414038,202.6031944236134,,29.071503264192945,40.90565173975922,,6.34045264762552,,,162.9042174191688,,,-100.0,32.421460760082695,0,0,0,1,1,0,1,0,0,0,1,0,0,1,0,1,1,0,1,1,0,0
515,6033,60,603,5.0,40,23,1.0,0.0,0.0,0.0,0.0,0.0,0.0,17696941.193991903,7239049.1334043145,10494936.916722622,5711624.613972619,14751896.664327338,0.0,0.0,0.0,24672445.857143342,0.0,0.0,0.0,936626.1695394691,36100427.35440215,23689402.432255726,17889398.211046387,35463800.705205336,9473299.257317152,2502156.240714975,1764434.9040538718,21066695.29673669,7026995.2010281375,1530573.3567460796,-489449.7146318286,713223.8350885716,0.0,0.0,0.0,0.0,11248784.191388477,3574801.479138362,14823585.67052684,9532926.419230485,15913281.269093791,5395102.20245469,36094790.188847594,0.0,0.0,0.0,0.0,0.0,0.0,0.0,0.0,0.0,0.0,0.0,0.0,0,14.825462012320328,48.0,1.0,0,48.0,False,False,False,True,False,False,False,False,False,False,False,False,False,False,False,True,False,False,False,False,False,False,False,False,False,False,False,True,False,False,False,0.002484472049689441,0.0024125452352231603,1,1,4328648.753804218,8759164.588049551,-4458476.032915221,,,49.4185114378368,,75.88436726043955,31.1596981414038,202.6031944236134,,29.071503264192945,40.90565173975922,,6.34045264762552,,,162.9042174191688,,,-100.0,32.421460760082695,0,0,0,1,1,0,1,0,0,0,1,0,0,1,0,1,1,0,1,1,0,0
516,5512,55,551,28.0,15,6,7.0,0.0,0.0,0.0,0.0,0.0,0.0,17696941.193991903,7239049.1334043145,10494936.916722622,5711624.613972619,14751896.664327338,0.0,0.0,0.0,24672445.857143342,0.0,0.0,0.0,936626.1695394691,36100427.35440215,23689402.432255726,17889398.211046387,35463800.705205336,9473299.257317152,2502156.240714975,1764434.9040538718,21066695.29673669,7026995.2010281375,1530573.3567460796,-489449.7146318286,713223.8350885716,0.0,0.0,0.0,0.0,11248784.191388477,3574801.479138362,14823585.67052684,9532926.419230485,15913281.269093791,5395102.20245469,36094790.188847594,0.0,0.0,0.0,0.0,0.0,0.0,0.0,0.0,0.0,0.0,0.0,0.0,1,4.982888432580425,84.0,3.0,0,28.0,False,False,True,False,False,False,False,False,False,False,False,False,False,False,True,False,False,False,False,False,False,False,False,False,False,False,True,False,False,False,False,0.011180124223602485,0.010856453558504222,1,1,4328648.753804218,8759164.588049551,-4458476.032915221,,,49.4185114378368,,75.88436726043955,31.1596981414038,202.6031944236134,,29.071503264192945,40.90565173975922,,6.34045264762552,,,162.9042174191688,,,-100.0,32.421460760082695,0,0,0,1,1,0,1,0,0,0,1,0,0,1,0,1,1,0,1,1,0,0
517,2524,25,252,62.0,14,7,6.5,0.0,0.0,0.0,0.0,0.0,0.0,17696941.193991903,7239049.1334043145,10494936.916722622,5711624.613972619,14751896.664327338,0.0,0.0,0.0,24672445.857143342,0.0,0.0,0.0,936626.1695394691,36100427.35440215,23689402.432255726,17889398.211046387,35463800.705205336,9473299.257317152,2502156.240714975,1764434.9040538718,21066695.29673669,7026995.2010281375,1530573.3567460796,-489449.7146318286,713223.8350885716,0.0,0.0,0.0,0.0,11248784.191388477,3574801.479138362,14823585.67052684,9532926.419230485,15913281.269093791,5395102.20245469,36094790.188847594,0.0,0.0,0.0,0.0,0.0,0.0,0.0,0.0,0.0,0.0,0.0,0.0,1,6.496919917864476,120.0,3.0,0,40.0,False,False,False,False,False,False,False,False,False,False,True,False,False,False,False,False,False,False,False,False,False,False,True,False,False,False,False,False,False,False,False,0.04720496894409938,0.04945717732207479,1,1,4328648.753804218,8759164.588049551,-4458476.032915221,,,49.4185114378368,,75.88436726043955,31.1596981414038,202.6031944236134,,29.071503264192945,40.90565173975922,,6.34045264762552,,,162.9042174191688,,,-100.0,32.421460760082695,0,0,0,1,1,0,1,0,0,0,1,0,0,1,0,1,1,0,1,1,0,0
518,9002,90,900,6.0,14,22,1.0,0.0,0.0,0.0,0.0,0.0,0.0,17696941.193991903,7239049.1334043145,10494936.916722622,5711624.613972619,14751896.664327338,0.0,0.0,0.0,24672445.857143342,0.0,0.0,0.0,936626.1695394691,36100427.35440215,23689402.432255726,17889398.211046387,35463800.705205336,9473299.257317152,2502156.240714975,1764434.9040538718,21066695.29673669,7026995.2010281375,1530573.3567460796,-489449.7146318286,713223.8350885716,0.0,0.0,0.0,0.0,11248784.191388477,3574801.479138362,14823585.67052684,9532926.419230485,15913281.269093791,5395102.20245469,36094790.188847594,0.0,0.0,0.0,0.0,0.0,0.0,0.0,0.0,0.0,0.0,0.0,0.0,0,6.631074606433949,48.0,1.0,0,48.0,False,False,False,False,False,False,False,False,False,False,True,False,False,False,False,False,False,False,False,False,False,False,True,False,False,False,False,False,False,False,False,0.04720496894409938,0.04945717732207479,1,1,4328648.753804218,8759164.588049551,-4458476.032915221,,,49.4185114378368,,75.88436726043955,31.1596981414038,202.6031944236134,,29.071503264192945,40.90565173975922,,6.34045264762552,,,162.9042174191688,,,-100.0,32.421460760082695,0,0,0,1,1,0,1,0,0,0,1,0,0,1,0,1,1,0,1,1,0,0
519,1586,15,158,102.0,100,35,5.0,0.0,0.0,0.0,0.0,0.0,0.0,95619273.75,27519992.5,68099281.25,13178165.0,18388870.5,0.0,0.0,0.0,35498212.75,0.0,0.0,0.0,6269012.75,109866506.75,50256165.5,86871.5,98062965.0,16700433.75,11922660.75,8032024.0,71465394.0,4592337.75,5074319.25,-2725973.25,1183682.5,0.0,0.0,0.0,0.0,19723954.25,29095145.729649995,69487167.75,19619349.75,23444921.5,16934417.5,109866506.75,0.0,0.0,0.0,0.0,0.0,0.0,0.0,0.0,0.0,0.0,0.0,200316.5,0,5.297741273100616,72.0,1.0,0,72.0,False,True,False,False,False,False,False,False,False,False,False,False,False,True,False,False,False,False,False,False,False,False,False,False,True,False,False,False,False,False,False,0.3242236024844721,0.3823884197828709,0,0,1387886.5,12053291.25,-10665404.75,1000.0,1000.0,11.514585279767466,-1000.0,28.38503120599559,17.952654392554443,362.23927779162506,-500.0,61.98365931935849,28.78080058624164,500.0,6.001243386579038,500.0,500.0,98.83057399781495,1000.0,1000.0,-99.60140910471969,500.0,0,0,0,0,0,0,0,0,0,0,0,0,0,0,0,0,0,0,0,0,0,0
520,9999,99,999,0.0,0,22,7.0,0.0,0.0,0.0,0.0,0.0,0.0,759258.5,197697.49999999907,561561.0,158158.0,0.0,0.0,0.0,0.0,186686.5,0.0,0.0,0.0,13513.5,761761.0,2394892.5,2050548.5,3040537.5,306806.5,149649.5,136636.5,2511509.0,148648.5,149649.5,0.0,136636.5,0.0,0.0,0.0,0.0,756255.5,0.0,756255.5,0.0,5505.5,0.0,761761.0,0.0,0.0,0.0,0.0,0.0,0.0,0.0,0.0,0.0,0.0,0.0,6075.0,1,10.105407255304586,60.0,1.0,0,60.0,False,False,False,False,True,False,False,False,False,False,False,False,False,False,False,False,True,False,False,False,False,False,False,False,False,True,False,False,False,False,False,0.06459627329192547,0.06031363088057901,0,0,194694.5,181181.0,13513.5,1000.0,1000.0,107.45856353591161,800.8,100.0,99.2772667542707,0.0,0.0,73.71879106438897,26.038233355306406,500.0,18.067504963600264,500.0,0.0,0.0,1000.0,1000.0,-99.74633516953266,16.79277520136685,0,0,0,0,0,0,0,0,0,0,0,0,0,0,0,0,0,0,0,0,0,0
521,6031,60,603,4.0,0,24,5.5,0.0,0.0,0.0,0.0,0.0,0.0,759258.5,197697.49999999907,561561.0,158158.0,0.0,0.0,0.0,0.0,186686.5,0.0,0.0,0.0,13513.5,761761.0,2394892.5,2050548.5,3040537.5,306806.5,149649.5,136636.5,2511509.0,148648.5,149649.5,0.0,136636.5,0.0,0.0,0.0,0.0,756255.5,0.0,756255.5,0.0,5505.5,0.0,761761.0,0.0,0.0,0.0,0.0,0.0,0.0,0.0,0.0,0.0,0.0,0.0,6075.0,1,10.349075975359343,48.0,1.0,0,48.0,False,False,False,False,True,False,False,False,False,False,False,False,False,False,False,False,True,False,False,False,False,False,False,False,False,True,False,False,False,False,False,0.06459627329192547,0.06031363088057901,0,0,194694.5,181181.0,13513.5,1000.0,1000.0,107.45856353591161,800.8,100.0,99.2772667542707,0.0,0.0,73.71879106438897,26.038233355306406,500.0,18.067504963600264,500.0,0.0,0.0,1000.0,1000.0,-99.74633516953266,16.79277520136685,0,0,0,0,0,0,0,0,0,0,0,0,0,0,0,0,0,0,0,0,0,0
522,4529,45,452,0.0,0,24,5.0,0.0,0.0,0.0,0.0,0.0,0.0,759258.5,197697.49999999907,561561.0,158158.0,0.0,0.0,0.0,0.0,186686.5,0.0,0.0,0.0,13513.5,761761.0,2394892.5,2050548.5,3040537.5,306806.5,149649.5,136636.5,2511509.0,148648.5,149649.5,0.0,136636.5,0.0,0.0,0.0,0.0,756255.5,0.0,756255.5,0.0,5505.5,0.0,761761.0,0.0,0.0,0.0,0.0,0.0,0.0,0.0,0.0,0.0,0.0,0.0,6075.0,1,11.378507871321013,48.0,1.0,0,48.0,False,False,False,False,True,False,False,False,False,False,False,False,False,False,False,False,True,False,False,False,False,False,False,False,False,True,False,False,False,False,False,0.06459627329192547,0.06031363088057901,0,0,194694.5,181181.0,13513.5,1000.0,1000.0,107.45856353591161,800.8,100.0,99.2772667542707,0.0,0.0,73.71879106438897,26.038233355306406,500.0,18.067504963600264,500.0,0.0,0.0,1000.0,1000.0,-99.74633516953266,16.79277520136685,0,0,0,0,0,0,0,0,0,0,0,0,0,0,0,0,0,0,0,0,0,0
523,1755,17,175,1.0,72,22,5.0,0.0,0.0,0.0,0.0,0.0,0.0,17706939.25,13911647.75,3795291.5,12910397.5,5490985.5,0.0,0.0,0.0,21167646.5,0.0,0.0,0.0,414414.0,25377352.0,9607624.0,21024.0,18908389.5,5241986.75,1842590.75,1190689.5,11701690.0,3326323.0,1328076.75,-441441.0,648898.25,0.0,0.0,0.0,0.0,10982972.0,0.0,10982972.0,3728975.25,6142136.0,8252244.0,25377352.0,0.0,0.0,0.0,0.0,0.0,0.0,0.0,0.0,0.0,0.0,0.0,38174.0,0,18.754277891854894,48.0,1.0,0,48.0,False,True,False,False,False,False,False,False,False,False,False,False,False,True,False,False,False,False,False,False,False,False,False,False,True,False,False,False,False,False,False,0.008695652173913044,0.008443908323281062,0,0,7187680.5,15025510.5,-7837830.0,1000.0,1000.0,47.83651443989208,-1000.0,100.0,43.2786367939413,0.0,-500.0,14.955427579678132,78.56607826787456,500.0,5.9082209259934375,500.0,500.0,114.72112917023097,1000.0,1000.0,-99.60266971313615,500.0,0,0,0,0,0,0,0,0,0,0,0,0,0,0,0,0,0,0,0,0,0,0
524,2442,24,244,10.0,72,2,5.25,0.0,0.0,0.0,0.0,0.0,0.0,17706939.25,13911647.75,3795291.5,12910397.5,5490985.5,0.0,0.0,0.0,21167646.5,0.0,0.0,0.0,414414.0,25377352.0,9607624.0,21024.0,18908389.5,5241986.75,1842590.75,1190689.5,11701690.0,3326323.0,1328076.75,-441441.0,648898.25,0.0,0.0,0.0,0.0,10982972.0,0.0,10982972.0,3728975.25,6142136.0,8252244.0,25377352.0,0.0,0.0,0.0,0.0,0.0,0.0,0.0,0.0,0.0,0.0,0.0,38174.0,1,19.939767282683093,84.0,3.0,0,28.0,False,True,False,False,False,False,False,False,False,False,False,False,False,True,False,False,False,False,False,False,False,False,False,False,True,False,False,False,False,False,False,0.008695652173913044,0.008443908323281062,0,0,7187680.5,15025510.5,-7837830.0,1000.0,1000.0,47.83651443989208,-1000.0,100.0,43.2786367939413,0.0,-500.0,14.955427579678132,78.56607826787456,500.0,5.9082209259934375,500.0,500.0,114.72112917023097,1000.0,1000.0,-99.60266971313615,500.0,0,0,0,0,0,0,0,0,0,0,0,0,0,0,0,0,0,0,0,0,0,0
525,6710,67,671,22.0,24,4,5.75,0.0,0.0,0.0,0.0,0.0,0.0,17696941.193991903,7239049.1334043145,10494936.916722622,5711624.613972619,14751896.664327338,0.0,0.0,0.0,24672445.857143342,0.0,0.0,0.0,936626.1695394691,36100427.35440215,23689402.432255726,17889398.211046387,35463800.705205336,9473299.257317152,2502156.240714975,1764434.9040538718,21066695.29673669,7026995.2010281375,1530573.3567460796,-489449.7146318286,713223.8350885716,0.0,0.0,0.0,0.0,11248784.191388477,3574801.479138362,14823585.67052684,9532926.419230485,15913281.269093791,5395102.20245469,36094790.188847594,0.0,0.0,0.0,0.0,0.0,0.0,0.0,0.0,0.0,0.0,0.0,0.0,0,11.811088295687885,36.0,1.0,0,36.0,False,False,False,False,False,False,False,False,False,False,True,False,False,False,False,False,False,False,False,False,False,False,True,False,False,False,False,False,False,False,False,0.04720496894409938,0.04945717732207479,1,1,4328648.753804218,8759164.588049551,-4458476.032915221,,,49.4185114378368,,75.88436726043955,31.1596981414038,202.6031944236134,,29.071503264192945,40.90565173975922,,6.34045264762552,,,162.9042174191688,,,-100.0,32.421460760082695,0,0,0,1,1,0,1,0,0,0,1,0,0,1,0,1,1,0,1,1,0,0
526,6023,60,602,5.0,15,23,5.0,0.0,0.0,0.0,0.0,0.0,0.0,3200697.5,2374872.5,825825.0,0.0,4097593.5,0.0,0.0,0.0,4794289.5,0.0,0.0,0.0,29529.5,5649644.0,2352350.0,1557.5,8014506.5,2282280.0,1692190.5,367867.5,2452950.5,565565.0,461961.5,-195195.0,98098.0,0.0,0.0,0.0,0.0,856856.0,0.0,856856.0,3472969.5,4193689.5,599098.5,5649644.0,0.0,0.0,0.0,0.0,0.0,0.0,0.0,0.0,0.0,0.0,0.0,16013.0,0,7.520876112251882,60.0,1.0,0,60.0,False,True,False,False,False,False,False,False,False,False,False,False,False,True,False,False,False,False,False,False,False,False,False,False,True,False,False,False,False,False,False,0.012422360248447204,0.006031363088057901,0,0,31031.0,600600.0,-569569.0,697.6306750765003,1000.0,5.166666666666667,-1000.0,100.0,15.166548547129697,0.0,-500.0,14.617292700212614,74.1985926505082,500.0,11.448598130841122,500.0,500.0,500.0,0.0,1000.0,-99.31927646821264,500.0,0,0,0,0,0,0,0,0,0,0,0,0,0,0,0,0,0,0,0,0,0,0
527,6023,60,602,2.0,15,23,7.5,0.0,0.0,0.0,0.0,0.0,0.0,3200697.5,2374872.5,825825.0,0.0,4097593.5,0.0,0.0,0.0,4794289.5,0.0,0.0,0.0,29529.5,5649644.0,2352350.0,1557.5,8014506.5,2282280.0,1692190.5,367867.5,2452950.5,565565.0,461961.5,-195195.0,98098.0,0.0,0.0,0.0,0.0,856856.0,0.0,856856.0,3472969.5,4193689.5,599098.5,5649644.0,0.0,0.0,0.0,0.0,0.0,0.0,0.0,0.0,0.0,0.0,0.0,16013.0,0,7.915126625598905,60.0,1.0,0,60.0,False,True,False,False,False,False,False,False,False,False,False,False,False,True,False,False,False,False,False,False,False,False,False,False,True,False,False,False,False,False,False,0.012422360248447204,0.006031363088057901,0,0,31031.0,600600.0,-569569.0,697.6306750765003,1000.0,5.166666666666667,-1000.0,100.0,15.166548547129697,0.0,-500.0,14.617292700212614,74.1985926505082,500.0,11.448598130841122,500.0,500.0,500.0,0.0,1000.0,-99.31927646821264,500.0,0,0,0,0,0,0,0,0,0,0,0,0,0,0,0,0,0,0,0,0,0,0
528,6024,60,602,5.0,30,25,5.3,0.0,0.0,0.0,0.0,0.0,0.0,5394639.25,1192441.25,4202198.0,0.0,15788773.0,0.0,0.0,0.0,16985718.75,0.0,0.0,0.0,3295041.75,24482958.5,13961447.5,5657652.0,16282516.25,3878624.75,1348847.5,1043792.75,10113353.25,2447194.75,658157.5,-22272.25,353102.75,0.0,0.0,0.0,0.0,10622111.5,0.0,10622111.5,7440933.5,13860847.0,0.0,24482958.5,0.0,0.0,0.0,0.0,0.0,0.0,0.0,0.0,0.0,0.0,0.0,32532.5,1,3.1211498973305956,60.0,1.0,0,60.0,False,True,False,False,False,False,False,False,False,False,False,False,False,True,False,False,False,False,False,False,False,False,False,False,True,False,False,False,False,False,False,0.024844720496894408,0.020506634499396863,0,0,6419913.5,3124871.75,3295041.75,1000.0,1000.0,205.44566349002963,1000.0,100.0,43.385735020545,0.0,-68.46153846153847,17.163767197497805,22.104188894558614,500.0,3.324223719549545,500.0,500.0,264.8712048103333,0.0,1000.0,-99.76698333034594,146.77105449398442,0,0,0,0,0,0,0,0,0,0,0,0,0,0,0,0,0,0,0,0,0,0
529,9261,92,926,5.0,0,9,5.0,0.0,0.0,0.0,0.0,0.0,0.0,1294293.0,250250.0,1044043.0,0.0,261261.0,0.0,0.0,0.0,724724.0,0.0,0.0,0.0,15015.000000000116,1783782.0,1839337.5,0.0,2006004.0,1252251.000000001,739739.0,650149.5,484484.0,510009.5,626626.0,0.0,537036.5,0.0,0.0,0.0,0.0,690189.5,0.0,690189.5,244744.5,1093592.5,0.0,1783782.0,0.0,0.0,0.0,0.0,0.0,0.0,0.0,0.0,0.0,0.0,0.0,4008.0,0,3.5509924709103355,120.0,1.0,0,120.0,False,True,False,False,False,False,False,False,False,False,False,False,False,True,False,False,False,False,False,False,False,False,False,False,True,False,False,False,False,False,False,0.3242236024844721,0.3823884197828709,0,0,-353853.5,-368868.5,15015.000000000116,-1000.0,-1000.0,95.92944369063771,1000.0,100.0,38.69248035914703,0.0,0.0,58.52974186307519,19.334880123743233,500.0,77.81000725163162,500.0,500.0,181.8595041322314,0.0,-1000.0,-99.78209545556484,,0,0,0,0,0,0,0,0,0,0,0,0,0,0,0,0,0,0,0,0,0,1
530,6033,60,603,2.0,32,23,0.0,0.0,0.0,0.0,0.0,0.0,0.0,3202699.499999998,1463211.750000001,1739487.75,0.0,10606846.25,0.0,0.0,0.0,11125864.75,0.0,0.0,0.0,22772.75,12888125.25,6132675.75,6094.25,15213448.25,1696945.250000001,1113362.25,884383.5,11140879.75,511511.0,580830.25,-149399.25,351851.5,0.0,0.0,0.0,0.0,842591.75,1009758.7500000005,1852350.5,3376373.0,10989979.0,45795.75,12888125.25,0.0,0.0,0.0,0.0,0.0,0.0,0.0,0.0,0.0,0.0,0.0,30396.5,0,6.899383983572895,48.0,1.0,0,48.0,False,False,False,False,False,False,False,False,False,True,False,False,False,False,False,False,False,False,False,False,False,True,False,False,False,False,False,False,True,False,False,0.07204968944099378,0.05066344993968637,0,0,112862.75,135885.75,-23023.0,1000.0,1000.0,83.05709023941068,-272.67218265260806,45.48770602539854,6.537737131317839,114.17657045840413,-491.50148865823365,13.496825304363021,45.686826066572955,500.0,41.75824175824176,500.0,500.0,109.10218109121948,0.0,1000.0,-99.50435175053892,500.0,0,0,0,0,0,0,0,0,0,0,0,0,0,0,0,0,0,0,0,0,0,0
531,6062,60,606,5.0,65,23,6.5,0.0,0.0,0.0,0.0,0.0,0.0,1686434.75,1272020.75,414414.0,0.0,3620366.75,0.0,0.0,0.0,8412153.75,0.0,0.0,0.0,15265.25,8841833.0,20288268.0,8898890.0,26772245.5,3528024.5,1944692.75,1447696.25,19311792.5,1469217.75,1278026.75,-115865.75,762762.0,0.0,0.0,0.0,0.0,2269267.0,288538.25,2557805.25,5728222.5,5951195.25,332832.5,8841833.0,0.0,0.0,0.0,0.0,0.0,0.0,0.0,0.0,0.0,0.0,0.0,53519.0,0,10.26694045174538,48.0,1.0,0,48.0,False,False,False,False,False,False,False,False,False,False,True,False,False,False,False,False,False,False,False,False,False,False,True,False,True,False,False,False,False,False,False,0.03229813664596273,0.013268998793727383,0,0,2143391.25,2460958.5,-317567.25,1000.0,1000.0,87.09579011592434,-1000.0,88.71930339497113,25.665119438469375,19.93085566119274,-216.4946093910574,4.686969319596966,75.42662116040955,500.0,33.61270401411557,500.0,500.0,106.78242840482054,0.0,1000.0,-99.7362071518377,127.98650168728909,0,0,0,0,0,0,0,0,0,0,0,0,0,0,0,0,0,0,0,0,0,0
532,4531,45,453,5.0,400,22,0.1,0.0,0.0,0.0,0.0,0.0,0.0,6802295.5,1268517.25,5533778.25,3916162.25,36924888.0,0.0,0.0,0.0,46751204.5,0.0,0.0,0.0,284784.5,52569767.25,51905.75,36816.0,77140813.75,7372865.5,2733480.75,1155154.0,62868806.0,4520265.75,2382129.75,5505.5,811811.0,0.0,0.0,0.0,0.0,8089331.25,83583.5,8172914.75,32516984.5,44306762.5,120120.0,52569767.25,0.0,0.0,0.0,0.0,0.0,0.0,0.0,0.0,0.0,0.0,0.0,155131.0,0,9.60164271047228,60.0,1.0,0,60.0,False,True,False,False,False,False,False,False,False,False,False,False,False,True,False,False,False,False,False,False,False,False,False,False,True,False,False,False,False,False,False,0.3242236024844721,0.3823884197828709,0,0,2639136.5,2444442.0,164664.5,1000.0,1000.0,107.96478296478296,382.12362454957423,98.9773110015616,15.38780115105037,7.235701906412478,3.548936060490811,10.526541279293946,18.648370245015084,500.0,10.035576179427688,500.0,500.0,186.199089258988,1000.0,1000.0,198.87054902395207,40.98693502824859,0,0,0,0,0,0,0,0,0,0,0,0,0,0,0,0,0,0,0,0,0,0
533,6422,64,642,21.0,50,1,5.0,0.0,0.0,0.0,0.0,0.0,0.0,3662909.25,981981.0,2680928.25,1182431.25,15158143.0,0.0,0.0,0.0,17678661.0,0.0,0.0,0.0,845344.5,21204933.75,6671.5,2333.5,18124356.25,6011005.0,3403900.5,2438185.75,11376615.25,2567815.25,2879376.5,-115365.25,1913661.75,0.0,0.0,0.0,0.0,2291789.5,1821069.25,4112858.75,9096087.0,13931918.0,3160157.0,21204933.75,0.0,0.0,0.0,0.0,0.0,0.0,0.0,0.0,0.0,0.0,0.0,36212.5,0,4.405201916495551,60.0,3.0,0,20.0,False,True,False,False,False,False,False,False,False,False,False,False,False,True,False,False,False,False,False,False,False,False,False,False,True,False,False,False,False,False,False,0.3242236024844721,0.3823884197828709,0,0,1431930.5,3746743.0,-2314812.5,1000.0,1000.0,38.21800694629976,-1000.0,55.722543352601164,10.807812592199209,74.68952068151494,-318.5785295132896,12.642945654098071,26.808772289403564,500.0,83.50076435903036,500.0,500.0,287.83528738919074,1000.0,1000.0,442.7939743685828,185.9010070709235,0,0,0,0,0,0,0,0,0,0,0,0,0,0,0,0,0,0,0,0,0,0
534,5133,51,513,2.0,60,22,6.5,0.0,0.0,0.0,0.0,0.0,0.0,4929424.500000002,2254001.75,2675422.75,4203199.0,14171907.75,0.0,0.0,0.0,20102082.0,0.0,0.0,0.0,77577.50000000012,22855082.25,11316660.25,11698.25,22047525.5,2244742.5,1230479.25,1004253.25,18356087.75,986735.75,726475.75,-112362.25,500249.75,0.0,0.0,0.0,0.0,2924421.499999999,38788.75,2963210.25,9520260.75,19171652.5,720219.5,22855082.25,0.0,0.0,0.0,0.0,0.0,0.0,0.0,0.0,0.0,0.0,0.0,43649.5,0,9.905544147843942,60.0,1.0,0,60.0,False,True,False,False,False,False,False,False,False,False,False,False,False,True,False,False,False,False,False,False,False,False,False,False,True,False,False,False,False,False,False,0.3242236024844721,0.3823884197828709,0,0,287787.5,930429.5,-642641.9999999999,1000.0,1000.0,30.930607853684776,-1000.0,98.69098893674517,12.795497596601294,3.8624470470969348,-257.41932897284045,11.70602984813148,45.7254543608488,500.0,17.105938730104402,500.0,500.0,186.7115649411733,1000.0,1000.0,-99.61428991384626,500.0,0,0,0,0,0,0,0,0,0,0,0,0,0,0,0,0,0,0,0,0,0,0
535,5511,55,551,30.0,0,1,6.5,100.0,0.0,0.0,100.0,0.0,0.0,0.0,0.0,0.0,0.0,0.0,100.0,0.0,0.0,0.0,100.0,0.0,0.0,0.0,0.0,0.0,0.0,0.0,0.0,0.0,0.0,0.0,0.0,0.0,0.0,0.0,30.0,0.0,0.0,1.0,0.0,0.0,0.0,0.0,0.0,0.0,0.0,100.0,0.0,0.0,44.839,0.0,0.0,41.6403,100.0,0.0,0.0,1.0,0.0,0,27.37303216974675,84.0,3.0,0,28.0,False,False,False,False,False,False,False,False,True,False,False,False,False,False,False,False,False,False,False,False,True,False,False,False,False,False,False,False,False,False,False,0.002484472049689441,0.0024125452352231603,0,0,0.0,0.0,0.0,,,,,,,,,,,,,,,,,,,,0,0,0,1,1,1,1,1,1,1,1,1,1,1,1,1,1,1,1,1,1,1
536,1725,17,172,4.0,100,23,0.1,0.0,0.0,0.0,0.0,0.0,0.0,23348575.25,14005992.0,9342583.25,8452444.0,3954200.25,0.0,0.0,0.0,14454940.5,0.0,0.0,0.0,294794.5,24092318.25,5886949.5,11639.75,11991229.25,4335080.75,980229.25,1346595.25,6034528.5,3252249.0,-323323.0,-94594.5,43043.0,0.0,0.0,0.0,0.0,6416660.25,12426414.0,18843074.25,3502248.75,5065810.75,183433.25,24092318.25,0.0,0.0,0.0,0.0,0.0,0.0,0.0,0.0,0.0,0.0,0.0,23053.0,0,43.0042984257358,60.0,1.0,0,60.0,False,True,False,False,False,False,False,False,False,False,False,False,False,True,False,False,False,False,False,False,False,False,False,False,True,False,False,False,False,False,False,0.3242236024844721,0.3823884197828709,0,0,9500491.0,9389129.75,111361.25,1000.0,1000.0,101.18606572669849,1000.0,34.053149527869635,26.63363559876601,500.0,-410.33488049277753,38.778265972806494,59.986495321593544,186.71322604433263,0.6708006708006707,500.0,500.0,208.93257029111717,1000.0,1000.0,-99.60840499820833,500.0,0,0,0,0,0,0,0,0,0,0,0,0,0,0,0,0,0,0,0,0,0,0
537,1744,17,174,5.0,0,23,0.1,0.0,0.0,0.0,0.0,0.0,0.0,1315814.5000000019,510009.5,805805.0,187937.75,1948196.25,0.0,0.0,0.0,2485733.25,0.0,0.0,0.0,53553.5,3345091.75,2904994.0,4821.75,6597591.000000004,1042291.25,579829.25,508007.5,5013258.250000002,457206.74999999907,443443.0,-16266.25,371621.25,0.0,0.0,0.0,0.0,1146645.5,14014.0,1160659.5,1440689.25,2122370.25,62062.0,3345091.75,0.0,0.0,0.0,0.0,0.0,0.0,0.0,0.0,0.0,0.0,0.0,13182.0,0,3.707049965776865,60.0,1.0,0,60.0,False,True,False,False,False,False,False,False,False,False,False,False,False,True,False,False,False,False,False,False,False,False,False,False,True,False,False,False,False,False,False,0.3242236024844721,0.3823884197828709,0,0,354854.5,363363.0,-8508.5,1000.0,1000.0,97.65840220385675,-232.36686390532546,98.79258300991806,34.278446921523155,2.7586206896551726,-123.3974358974359,24.0891748335453,38.75998478508934,500.0,32.409428197293764,500.0,500.0,103.45529875705084,1000.0,1000.0,-99.54622969961385,500.0,0,0,0,0,0,0,0,0,0,0,0,0,0,0,0,0,0,0,0,0,0,0
538,5030,50,503,1.0,1,3,6.5,0.0,0.0,0.0,0.0,0.0,0.0,17696941.193991903,7239049.1334043145,10494936.916722622,5711624.613972619,14751896.664327338,0.0,0.0,0.0,24672445.857143342,0.0,0.0,0.0,936626.1695394691,36100427.35440215,23689402.432255726,17889398.211046387,35463800.705205336,9473299.257317152,2502156.240714975,1764434.9040538718,21066695.29673669,7026995.2010281375,1530573.3567460796,-489449.7146318286,713223.8350885716,0.0,0.0,0.0,0.0,11248784.191388477,3574801.479138362,14823585.67052684,9532926.419230485,15913281.269093791,5395102.20245469,36094790.188847594,0.0,0.0,0.0,0.0,0.0,0.0,0.0,0.0,0.0,0.0,0.0,0.0,0,26.855578370978783,120.0,1.0,0,120.0,False,False,False,False,False,False,False,False,False,True,False,False,False,False,False,False,False,False,False,False,False,True,False,False,False,False,False,False,True,False,False,0.07204968944099378,0.05066344993968637,1,1,4328648.753804218,8759164.588049551,-4458476.032915221,,,49.4185114378368,,75.88436726043955,31.1596981414038,202.6031944236134,,29.071503264192945,40.90565173975922,,6.34045264762552,,,162.9042174191688,,,-100.0,32.421460760082695,0,0,0,1,1,0,1,0,0,0,1,0,0,1,0,1,1,0,1,1,0,0
539,8511,85,851,1.0,10,24,5.0,0.0,0.0,0.0,0.0,0.0,0.0,7994987.0,6440934.5,1554052.5,715715.0,5749744.0,0.0,0.0,0.0,6476970.5,0.0,0.0,0.0,1025524.5,9056547.5,10936926.000000002,10512001.5,11042531.5,2895893.0,718718.0,-535534.9999999998,5167662.5,2177175.0,417417.0,-5505.5,-1005003.9999999999,0.0,0.0,0.0,0.0,3533029.500000001,0.0,3533029.5,2538536.0,5320815.5,202702.5,9056547.5,0.0,0.0,0.0,0.0,0.0,0.0,0.0,0.0,0.0,0.0,0.0,22063.0,0,12.687200547570157,180.0,1.0,0,180.0,False,False,False,False,False,False,False,False,False,True,False,False,False,False,False,False,False,False,False,False,False,True,False,False,False,False,False,False,True,False,False,0.07204968944099378,0.05066344993968637,0,0,1978977.0,1156155.0,822822.0,1000.0,1000.0,171.16883116883116,1000.0,100.00000000000003,39.01077645758498,-0.0,-24.953542129356844,17.159436308372477,80.56216351571304,-500.0,-28.44595551777871,-500.0,500.0,176.84455205811136,1000.0,1000.0,-99.79827055609593,4.042279674332256,0,0,0,0,0,0,0,0,0,0,0,0,0,0,0,0,0,0,0,0,0,0
540,5010,50,501,15.0,1,4,6.5,0.0,0.0,0.0,0.0,0.0,0.0,17696941.193991903,7239049.1334043145,10494936.916722622,5711624.613972619,14751896.664327338,0.0,0.0,0.0,24672445.857143342,0.0,0.0,0.0,936626.1695394691,36100427.35440215,23689402.432255726,17889398.211046387,35463800.705205336,9473299.257317152,2502156.240714975,1764434.9040538718,21066695.29673669,7026995.2010281375,1530573.3567460796,-489449.7146318286,713223.8350885716,0.0,0.0,0.0,0.0,11248784.191388477,3574801.479138362,14823585.67052684,9532926.419230485,15913281.269093791,5395102.20245469,36094790.188847594,0.0,0.0,0.0,0.0,0.0,0.0,0.0,0.0,0.0,0.0,0.0,0.0,0,3.3127994524298425,84.0,1.0,0,84.0,False,False,False,False,False,False,True,False,False,False,False,False,False,False,False,False,False,False,True,False,False,False,False,False,False,False,False,False,False,False,True,0.012422360248447204,0.012062726176115802,1,1,4328648.753804218,8759164.588049551,-4458476.032915221,,,49.4185114378368,,75.88436726043955,31.1596981414038,202.6031944236134,,29.071503264192945,40.90565173975922,,6.34045264762552,,,162.9042174191688,,,-100.0,32.421460760082695,0,0,0,1,1,0,1,0,0,0,1,0,0,1,0,1,1,0,1,1,0,0
541,7470,74,747,10.0,0,24,0.1,0.0,0.0,0.0,0.0,0.0,0.0,17696941.193991903,7239049.1334043145,10494936.916722622,5711624.613972619,14751896.664327338,0.0,0.0,0.0,24672445.857143342,0.0,0.0,0.0,936626.1695394691,36100427.35440215,23689402.432255726,17889398.211046387,35463800.705205336,9473299.257317152,2502156.240714975,1764434.9040538718,21066695.29673669,7026995.2010281375,1530573.3567460796,-489449.7146318286,713223.8350885716,0.0,0.0,0.0,0.0,11248784.191388477,3574801.479138362,14823585.67052684,9532926.419230485,15913281.269093791,5395102.20245469,36094790.188847594,0.0,0.0,0.0,0.0,0.0,0.0,0.0,0.0,0.0,0.0,0.0,0.0,0,3.4223134839151266,120.0,1.0,0,120.0,False,True,False,False,False,False,False,False,False,False,False,False,False,True,False,False,False,False,False,False,False,False,False,False,True,False,False,False,False,False,False,0.3242236024844721,0.3823884197828709,1,1,4328648.753804218,8759164.588049551,-4458476.032915221,,,49.4185114378368,,75.88436726043955,31.1596981414038,202.6031944236134,,29.071503264192945,40.90565173975922,,6.34045264762552,,,162.9042174191688,,,-100.0,32.421460760082695,0,0,0,1,1,0,1,0,0,0,1,0,0,1,0,1,1,0,1,1,0,0
542,2223,22,222,2.0,0,22,0.1,0.0,0.0,0.0,0.0,0.0,0.0,2912409.5,0.0,2912409.500000001,400400.0,1313312.0,0.0,0.0,0.0,1898396.5,0.0,0.0,0.0,2002.0,4812808.0,1851349.5000000037,754.0,2557555.0,435935.5,192692.5,179679.5,1623121.5,181681.5,-95095.0,0.0,-108108.0,0.0,0.0,0.0,0.0,48548.5,0.0,48548.5,1833331.5,4631627.0,132632.5,4812808.0,0.0,0.0,0.0,0.0,0.0,0.0,0.0,0.0,0.0,0.0,0.0,5453.0,0,3.728952772073922,60.0,1.0,0,60.0,False,True,False,False,False,False,False,False,False,False,False,False,False,True,False,False,False,False,False,False,False,False,False,False,True,False,False,False,False,False,False,0.3242236024844721,0.3823884197828709,0,0,-2863861.000000001,-2733230.5,-130630.5,-1000.0,-1000.0,104.77934444240984,-1000.0,100.0,1.0087354409317804,0.0,0.0,60.51372712146424,0.0,-500.0,-222.68041237113403,500.0,500.0,406.62349676225716,1000.0,-1000.0,-99.70545809961868,500.0,0,0,0,0,0,0,0,0,0,0,0,0,0,0,0,0,0,0,0,0,0,0
543,5050,50,505,1.0,12,22,1.0,0.0,0.0,0.0,0.0,0.0,0.0,955955.0,784784.0,171171.0,925925.0,6079073.0,0.0,0.0,0.0,7048041.0,0.0,0.0,0.0,1020519.5,8239731.5,23595572.0,8886377.5,58866307.5,1201700.5,1088587.5,1088587.5,57395338.0,113113.0,883382.5,0.0,883382.5,0.0,0.0,0.0,0.0,1869367.5,142642.5,2012010.0,6054048.0,6227721.5,0.0,8239731.5,0.0,0.0,0.0,0.0,0.0,0.0,0.0,0.0,0.0,0.0,0.0,117615.0,0,4.4517453798767965,48.0,1.0,0,48.0,False,False,True,False,False,False,False,False,False,False,False,False,False,False,True,False,False,False,False,False,False,False,False,False,False,False,True,False,False,False,False,0.011180124223602485,0.010856453558504222,0,0,1840839.0,820319.5,1020519.5,1000.0,1000.0,224.40512507626602,1000.0,92.91044776119402,22.68723804895827,13.10344827586207,0.0,2.077385652675697,82.09424083769633,500.0,47.25568942436412,500.0,500.0,37.97272315044125,1000.0,1000.0,-99.50153783091167,165.52520416784006,0,0,0,0,0,0,0,0,0,0,0,0,0,0,0,0,0,0,0,0,0,0
544,8031,80,803,77.0,77,4,6.0,0.0,0.0,0.0,0.0,0.0,0.0,17696941.193991903,7239049.1334043145,10494936.916722622,5711624.613972619,14751896.664327338,0.0,0.0,0.0,24672445.857143342,0.0,0.0,0.0,936626.1695394691,36100427.35440215,23689402.432255726,17889398.211046387,35463800.705205336,9473299.257317152,2502156.240714975,1764434.9040538718,21066695.29673669,7026995.2010281375,1530573.3567460796,-489449.7146318286,713223.8350885716,0.0,0.0,0.0,0.0,11248784.191388477,3574801.479138362,14823585.67052684,9532926.419230485,15913281.269093791,5395102.20245469,36094790.188847594,0.0,0.0,0.0,0.0,0.0,0.0,0.0,0.0,0.0,0.0,0.0,0.0,0,7.800136892539356,84.0,1.0,0,84.0,False,True,False,False,False,False,False,False,False,False,False,False,False,True,False,False,False,False,False,False,False,False,False,False,True,False,False,False,False,False,False,0.3242236024844721,0.3823884197828709,1,1,4328648.753804218,8759164.588049551,-4458476.032915221,,,49.4185114378368,,75.88436726043955,31.1596981414038,202.6031944236134,,29.071503264192945,40.90565173975922,,6.34045264762552,,,162.9042174191688,,,-100.0,32.421460760082695,0,0,0,1,1,0,1,0,0,0,1,0,0,1,0,1,1,0,1,1,0,0
545,2522,25,252,5.0,0,23,0.1,0.0,0.0,0.0,0.0,0.0,0.0,10146636.5,6726219.5,3420417.000000001,2840838.0,1647395.75,0.0,0.0,0.0,5015010.0,0.0,0.0,0.0,187687.5,8623114.5,5322567.25,2756991.25,4753248.5,1488236.749999999,463463.0,333833.5,2772019.25,962711.75,296796.5,-127877.75,167167.0,0.0,0.0,0.0,0.0,4971967.0,480730.25,5452697.25,1730478.75,2465713.25,704704.0,8623114.5,0.0,0.0,0.0,0.0,0.0,0.0,0.0,0.0,0.0,0.0,0.0,10104.0,0,43.0042984257358,60.0,1.0,0,60.0,False,True,False,False,False,False,False,False,False,False,False,False,False,True,False,False,False,False,False,False,False,False,False,False,True,False,False,False,False,False,False,0.3242236024844721,0.3823884197828709,0,0,2032280.249999999,2549296.75,-517016.5,1000.0,1000.0,79.71925002454104,-1000.0,91.18362476478957,57.65859887399153,144.0029985007496,-500.0,39.665679958210006,66.29013959453461,500.0,3.362190457016308,500.0,500.0,224.73593933375463,1000.0,1000.0,-99.81016679498038,93.05709620950012,0,0,0,0,0,0,0,0,0,0,0,0,0,0,0,0,0,0,0,0,0,0
546,5233,52,523,0.0,12,1,6.5,0.0,0.0,0.0,0.0,0.0,0.0,17696941.193991903,7239049.1334043145,10494936.916722622,5711624.613972619,14751896.664327338,0.0,0.0,0.0,24672445.857143342,0.0,0.0,0.0,936626.1695394691,36100427.35440215,23689402.432255726,17889398.211046387,35463800.705205336,9473299.257317152,2502156.240714975,1764434.9040538718,21066695.29673669,7026995.2010281375,1530573.3567460796,-489449.7146318286,713223.8350885716,0.0,0.0,0.0,0.0,11248784.191388477,3574801.479138362,14823585.67052684,9532926.419230485,15913281.269093791,5395102.20245469,36094790.188847594,0.0,0.0,0.0,0.0,0.0,0.0,0.0,0.0,0.0,0.0,0.0,0.0,0,16.501026694045173,72.0,3.0,0,24.0,False,True,False,False,False,False,False,False,False,False,False,False,False,True,False,False,False,False,False,False,False,False,False,False,True,False,False,False,False,False,False,0.3242236024844721,0.3823884197828709,1,1,4328648.753804218,8759164.588049551,-4458476.032915221,,,49.4185114378368,,75.88436726043955,31.1596981414038,202.6031944236134,,29.071503264192945,40.90565173975922,,6.34045264762552,,,162.9042174191688,,,-100.0,32.421460760082695,0,0,0,1,1,0,1,0,0,0,1,0,0,1,0,1,1,0,1,1,0,0
547,8511,85,851,0.0,0,24,6.5,0.0,0.0,0.0,0.0,0.0,0.0,17696941.193991903,7239049.1334043145,10494936.916722622,5711624.613972619,14751896.664327338,0.0,0.0,0.0,24672445.857143342,0.0,0.0,0.0,936626.1695394691,36100427.35440215,23689402.432255726,17889398.211046387,35463800.705205336,9473299.257317152,2502156.240714975,1764434.9040538718,21066695.29673669,7026995.2010281375,1530573.3567460796,-489449.7146318286,713223.8350885716,0.0,0.0,0.0,0.0,11248784.191388477,3574801.479138362,14823585.67052684,9532926.419230485,15913281.269093791,5395102.20245469,36094790.188847594,0.0,0.0,0.0,0.0,0.0,0.0,0.0,0.0,0.0,0.0,0.0,0.0,0,5.604380561259411,60.0,1.0,0,60.0,False,False,False,False,False,False,True,False,False,False,False,False,False,False,False,False,False,False,True,False,False,False,False,False,False,False,False,False,False,False,True,0.02608695652173913,0.018094089264173704,1,1,4328648.753804218,8759164.588049551,-4458476.032915221,,,49.4185114378368,,75.88436726043955,31.1596981414038,202.6031944236134,,29.071503264192945,40.90565173975922,,6.34045264762552,,,162.9042174191688,,,-100.0,32.421460760082695,0,0,0,1,1,0,1,0,0,0,1,0,0,1,0,1,1,0,1,1,0,0
548,114,1,11,30.0,41,7,5.5,0.0,0.0,0.0,0.0,0.0,0.0,23906132.25,7750743.0,16155389.25,2273271.0,489989.5,0.0,0.0,0.0,3289786.5,0.0,0.0,0.0,1205954.75,20651130.5,11481.0,8559.75,17309792.5,12122610.5,5113858.75,4533779.25,4403649.25,6989732.75,1767015.25,-361611.25,1187686.5,0.0,0.0,0.0,0.0,5099594.5,4267263.0,9366857.5,6695939.25,7449191.75,3835081.25,20651130.5,0.0,0.0,0.0,0.0,0.0,0.0,0.0,0.0,0.0,0.0,0.0,30403.5,1,26.439425051334702,48.0,12.0,0,4.0,False,False,False,False,False,False,False,False,False,False,True,False,False,False,False,False,False,False,False,False,False,False,True,False,False,False,False,False,False,False,False,0.04720496894409938,0.04945717732207479,0,0,-6788531.75,-4159405.25,-2629126.5,-1000.0,-1000.0,163.2091931893388,-1000.0,54.44296019235907,24.6940209883425,94.12154330187117,-500.0,78.2300477448438,32.421568319567875,500.0,23.289822357444304,500.0,500.0,500.0,1000.0,-1000.0,164.81578259733473,34.12774905809165,0,0,0,0,0,0,0,0,0,0,0,0,0,0,0,0,0,0,0,0,0,0
549,4531,45,453,0.0,0,23,7.0,0.0,0.0,0.0,0.0,0.0,0.0,17696941.193991903,7239049.1334043145,10494936.916722622,5711624.613972619,14751896.664327338,0.0,0.0,0.0,24672445.857143342,0.0,0.0,0.0,936626.1695394691,36100427.35440215,23689402.432255726,17889398.211046387,35463800.705205336,9473299.257317152,2502156.240714975,1764434.9040538718,21066695.29673669,7026995.2010281375,1530573.3567460796,-489449.7146318286,713223.8350885716,0.0,0.0,0.0,0.0,11248784.191388477,3574801.479138362,14823585.67052684,9532926.419230485,15913281.269093791,5395102.20245469,36094790.188847594,0.0,0.0,0.0,0.0,0.0,0.0,0.0,0.0,0.0,0.0,0.0,0.0,0,4.826830937713894,60.0,1.0,0,60.0,False,False,False,False,False,False,False,False,False,False,False,True,False,False,False,False,False,False,False,False,False,False,False,True,False,False,False,False,False,True,False,0.07080745341614907,0.054282267792521106,1,1,4328648.753804218,8759164.588049551,-4458476.032915221,,,49.4185114378368,,75.88436726043955,31.1596981414038,202.6031944236134,,29.071503264192945,40.90565173975922,,6.34045264762552,,,162.9042174191688,,,-100.0,32.421460760082695,0,0,0,1,1,0,1,0,0,0,1,0,0,1,0,1,1,0,1,1,0,0
550,6061,60,606,4.0,48,22,7.5,0.0,0.0,0.0,0.0,0.0,0.0,17696941.193991903,7239049.1334043145,10494936.916722622,5711624.613972619,14751896.664327338,0.0,0.0,0.0,24672445.857143342,0.0,0.0,0.0,936626.1695394691,36100427.35440215,23689402.432255726,17889398.211046387,35463800.705205336,9473299.257317152,2502156.240714975,1764434.9040538718,21066695.29673669,7026995.2010281375,1530573.3567460796,-489449.7146318286,713223.8350885716,0.0,0.0,0.0,0.0,11248784.191388477,3574801.479138362,14823585.67052684,9532926.419230485,15913281.269093791,5395102.20245469,36094790.188847594,0.0,0.0,0.0,0.0,0.0,0.0,0.0,0.0,0.0,0.0,0.0,0.0,0,3.132101300479124,48.0,1.0,0,48.0,False,False,False,False,False,False,True,False,False,False,False,False,False,False,False,False,False,False,True,False,False,False,False,False,False,False,False,False,False,False,True,0.02608695652173913,0.018094089264173704,1,1,4328648.753804218,8759164.588049551,-4458476.032915221,,,49.4185114378368,,75.88436726043955,31.1596981414038,202.6031944236134,,29.071503264192945,40.90565173975922,,6.34045264762552,,,162.9042174191688,,,-100.0,32.421460760082695,0,0,0,1,1,0,1,0,0,0,1,0,0,1,0,1,1,0,1,1,0,0
551,6061,60,606,0.0,48,23,5.0,0.0,0.0,0.0,0.0,0.0,0.0,17696941.193991903,7239049.1334043145,10494936.916722622,5711624.613972619,14751896.664327338,0.0,0.0,0.0,24672445.857143342,0.0,0.0,0.0,936626.1695394691,36100427.35440215,23689402.432255726,17889398.211046387,35463800.705205336,9473299.257317152,2502156.240714975,1764434.9040538718,21066695.29673669,7026995.2010281375,1530573.3567460796,-489449.7146318286,713223.8350885716,0.0,0.0,0.0,0.0,11248784.191388477,3574801.479138362,14823585.67052684,9532926.419230485,15913281.269093791,5395102.20245469,36094790.188847594,0.0,0.0,0.0,0.0,0.0,0.0,0.0,0.0,0.0,0.0,0.0,0.0,0,3.4715947980835042,180.0,1.0,0,180.0,False,False,False,False,False,False,True,False,False,False,False,False,False,False,False,False,False,False,True,False,False,False,False,False,False,False,False,False,False,False,True,0.02608695652173913,0.018094089264173704,1,1,4328648.753804218,8759164.588049551,-4458476.032915221,,,49.4185114378368,,75.88436726043955,31.1596981414038,202.6031944236134,,29.071503264192945,40.90565173975922,,6.34045264762552,,,162.9042174191688,,,-100.0,32.421460760082695,0,0,0,1,1,0,1,0,0,0,1,0,0,1,0,1,1,0,1,1,0,0
552,6062,60,606,4.0,0,23,6.5,0.0,0.0,0.0,0.0,0.0,0.0,17696941.193991903,7239049.1334043145,10494936.916722622,5711624.613972619,14751896.664327338,0.0,0.0,0.0,24672445.857143342,0.0,0.0,0.0,936626.1695394691,36100427.35440215,23689402.432255726,17889398.211046387,35463800.705205336,9473299.257317152,2502156.240714975,1764434.9040538718,21066695.29673669,7026995.2010281375,1530573.3567460796,-489449.7146318286,713223.8350885716,0.0,0.0,0.0,0.0,11248784.191388477,3574801.479138362,14823585.67052684,9532926.419230485,15913281.269093791,5395102.20245469,36094790.188847594,0.0,0.0,0.0,0.0,0.0,0.0,0.0,0.0,0.0,0.0,0.0,0.0,0,11.08829568788501,60.0,1.0,0,60.0,False,True,False,False,False,False,False,False,False,False,False,False,False,True,False,False,False,False,False,False,False,False,False,False,True,False,False,False,False,False,False,0.3242236024844721,0.3823884197828709,1,1,4328648.753804218,8759164.588049551,-4458476.032915221,,,49.4185114378368,,75.88436726043955,31.1596981414038,202.6031944236134,,29.071503264192945,40.90565173975922,,6.34045264762552,,,162.9042174191688,,,-100.0,32.421460760082695,0,0,0,1,1,0,1,0,0,0,1,0,0,1,0,1,1,0,1,1,0,0
553,7440,74,744,5.0,0,24,5.0,0.0,0.0,0.0,0.0,0.0,0.0,2543541.0,0.0,2543541.0,0.0,28272744.5,0.0,0.0,0.0,32907875.0,0.0,0.0,0.0,57557.5,35508973.5,21900.0,21665.0,23932909.0,11417906.5,3431428.0,2567064.5,8008500.5,2162660.5,2692189.5,-55555.5,1827826.0,0.0,0.0,0.0,0.0,20600079.5,0.0,20600079.5,2448946.5,12190678.5,2718215.5,35508973.5,0.0,0.0,0.0,0.0,0.0,0.0,0.0,0.0,0.0,0.0,0.0,47818.0,0,18.861054072553046,60.0,1.0,0,60.0,False,True,False,False,False,False,False,False,False,False,False,False,False,True,False,False,False,False,False,False,False,False,False,False,True,False,False,False,False,False,False,0.3242236024844721,0.3823884197828709,0,0,18056538.5,20717196.5,-2660658.0,1000.0,1000.0,87.1572488101853,-1000.0,100.0,58.01372855793762,0.0,-116.18114517545695,7.163093576895429,0.0,500.0,8.872907505041425,500.0,500.0,110.08561964877195,0.0,1000.0,118.34703196347031,1.0846988229863836,0,0,0,0,0,0,0,0,0,0,0,0,0,0,0,0,0,0,0,0,0,0
554,7440,74,744,2.0,0,24,6.5,0.0,0.0,0.0,0.0,0.0,0.0,2543541.0,0.0,2543541.0,0.0,28272744.5,0.0,0.0,0.0,32907875.0,0.0,0.0,0.0,57557.5,35508973.5,21900.0,21665.0,23932909.0,11417906.5,3431428.0,2567064.5,8008500.5,2162660.5,2692189.5,-55555.5,1827826.0,0.0,0.0,0.0,0.0,20600079.5,0.0,20600079.5,2448946.5,12190678.5,2718215.5,35508973.5,0.0,0.0,0.0,0.0,0.0,0.0,0.0,0.0,0.0,0.0,0.0,47818.0,0,19.145790554414784,60.0,1.0,0,60.0,False,True,False,False,False,False,False,False,False,False,False,False,False,True,False,False,False,False,False,False,False,False,False,False,True,False,False,False,False,False,False,0.3242236024844721,0.3823884197828709,0,0,18056538.5,20717196.5,-2660658.0,1000.0,1000.0,87.1572488101853,-1000.0,100.0,58.01372855793762,0.0,-116.18114517545695,7.163093576895429,0.0,500.0,8.872907505041425,500.0,500.0,110.08561964877195,0.0,1000.0,118.34703196347031,1.0846988229863836,0,0,0,0,0,0,0,0,0,0,0,0,0,0,0,0,0,0,0,0,0,0
555,8513,85,851,0.0,0,23,8.0,0.0,0.0,0.0,0.0,0.0,0.0,17696941.193991903,7239049.1334043145,10494936.916722622,5711624.613972619,14751896.664327338,0.0,0.0,0.0,24672445.857143342,0.0,0.0,0.0,936626.1695394691,36100427.35440215,23689402.432255726,17889398.211046387,35463800.705205336,9473299.257317152,2502156.240714975,1764434.9040538718,21066695.29673669,7026995.2010281375,1530573.3567460796,-489449.7146318286,713223.8350885716,0.0,0.0,0.0,0.0,11248784.191388477,3574801.479138362,14823585.67052684,9532926.419230485,15913281.269093791,5395102.20245469,36094790.188847594,0.0,0.0,0.0,0.0,0.0,0.0,0.0,0.0,0.0,0.0,0.0,0.0,0,11.08829568788501,60.0,1.0,0,60.0,False,False,False,False,False,False,False,False,False,False,False,True,False,False,False,False,False,False,False,False,False,False,False,True,False,False,False,False,False,True,False,0.07080745341614907,0.054282267792521106,1,1,4328648.753804218,8759164.588049551,-4458476.032915221,,,49.4185114378368,,75.88436726043955,31.1596981414038,202.6031944236134,,29.071503264192945,40.90565173975922,,6.34045264762552,,,162.9042174191688,,,-100.0,32.421460760082695,0,0,0,1,1,0,1,0,0,0,1,0,0,1,0,1,1,0,1,1,0,0
556,4521,45,452,0.0,60,23,0.7,0.0,0.0,0.0,0.0,0.0,0.0,5786530.749999998,1719217.499999999,4067313.25,3202949.75,13259246.0,0.0,0.0,0.0,17474707.25,0.0,0.0,0.0,113613.5,21655634.0,22807.5,17015.75,27723696.0,4726221.5,1558807.25,1111110.0,20426406.0,3143390.2500000005,1085334.25,-208958.75,637637.0,0.0,0.0,0.0,0.0,8298290.0,268518.25,8566808.25,2388636.25,7532775.25,5556050.5,21655634.0,0.0,0.0,0.0,0.0,0.0,0.0,0.0,0.0,0.0,0.0,0.0,54607.5,0,16.78028747433265,60.0,1.0,0,60.0,False,False,False,False,True,False,False,False,False,False,False,False,False,True,False,False,False,False,False,False,False,False,False,False,False,True,False,False,False,False,False,0.06459627329192547,0.3823884197828709,0,0,4499495.0,9941932.0,-5442437.0,1000.0,1000.0,45.257752718485705,-1000.0,96.86559752285805,38.319312193769065,24.166666666666668,-382.6557707274642,18.781778681704726,29.710677680231797,500.0,7.683956574185766,500.0,500.0,42.097912378712145,1000.0,1000.0,139.42781979611968,34.03758282767436,0,0,0,0,0,0,0,0,0,0,0,0,0,0,0,0,0,0,0,0,0,0
557,4521,45,452,0.0,60,23,7.0,0.0,0.0,0.0,0.0,0.0,0.0,5786530.749999998,1719217.499999999,4067313.25,3202949.75,13259246.0,0.0,0.0,0.0,17474707.25,0.0,0.0,0.0,113613.5,21655634.0,22807.5,17015.75,27723696.0,4726221.5,1558807.25,1111110.0,20426406.0,3143390.2500000005,1085334.25,-208958.75,637637.0,0.0,0.0,0.0,0.0,8298290.0,268518.25,8566808.25,2388636.25,7532775.25,5556050.5,21655634.0,0.0,0.0,0.0,0.0,0.0,0.0,0.0,0.0,0.0,0.0,0.0,54607.5,0,16.88432580424367,180.0,1.0,0,180.0,False,False,False,False,True,False,False,False,False,False,False,False,False,True,False,False,False,False,False,False,False,False,False,False,False,True,False,False,False,False,False,0.06459627329192547,0.3823884197828709,0,0,4499495.0,9941932.0,-5442437.0,1000.0,1000.0,45.257752718485705,-1000.0,96.86559752285805,38.319312193769065,24.166666666666668,-382.6557707274642,18.781778681704726,29.710677680231797,500.0,7.683956574185766,500.0,500.0,42.097912378712145,1000.0,1000.0,139.42781979611968,34.03758282767436,0,0,0,0,0,0,0,0,0,0,0,0,0,0,0,0,0,0,0,0,0,0
558,5532,55,553,0.0,0,1,5.5,0.0,0.0,0.0,0.0,0.0,0.0,8400892.5,2840337.5,5560555.0,511010.5,741240.5,0.0,0.0,0.0,2820818.0,0.0,0.0,0.0,2858856.0,11240229.0,15465950.5,14484470.0,15330815.5,4378374.0,2041039.0,1734232.5,5635630.0,2194692.5,1023022.0,0.0,716215.5,0.0,0.0,0.0,0.0,6619613.0,0.0,6619613.0,1834332.5,4620616.0,0.0,11240229.0,0.0,0.0,0.0,0.0,0.0,0.0,0.0,0.0,0.0,0.0,0.0,30631.0,0,4.183436002737851,72.0,1.0,0,72.0,False,True,False,False,False,False,False,False,False,False,False,False,False,True,False,False,False,False,False,False,False,False,False,False,True,False,False,False,False,False,False,0.3242236024844721,0.3823884197828709,0,0,1059058.0,-1799798.0,2858856.0,1000.0,-1000.0,-58.843159065628484,1000.0,100.0,58.89215424347671,0.0,0.0,49.47012200552142,33.80994935954721,500.0,10.819597761983971,500.0,500.0,117.17584369449378,1000.0,-1000.0,-99.80194557069092,6.776088458880443,0,0,0,0,0,0,0,0,0,0,0,0,0,0,0,0,0,0,0,0,0,0
559,6062,60,606,16.0,37,24,5.95,0.0,0.0,0.0,0.0,0.0,0.0,4943688.75,3699195.5,1244493.25,0.0,6468462.0,0.0,0.0,0.0,11182170.999999998,0.0,0.0,0.0,208458.25,12635122.5,17160.75,13975.25,20649128.5,3369866.5,1743992.25,1553552.0,13202939.75,1513261.75,1218217.0,-81831.75,1027776.75,0.0,0.0,0.0,0.0,5646140.5,0.0,5646140.5,5188183.0,6988982.0,0.0,12635122.5,0.0,0.0,0.0,0.0,0.0,0.0,0.0,0.0,0.0,0.0,0.0,41257.0,0,7.170431211498974,60.0,1.0,0,60.0,False,False,False,False,False,False,False,False,False,False,True,False,False,True,False,False,False,False,False,False,False,False,False,False,False,False,False,False,False,False,False,0.03229813664596273,0.0036188178528347406,0,0,4401647.25,4193188.999999998,208458.25,1000.0,1000.0,104.97135354499885,1000.0,100.0,44.68607645078233,0.0,-198.3463412269433,9.849475143592791,74.82662617058973,500.0,18.20317347752859,500.0,500.0,141.46439470043026,0.0,1000.0,140.41490028116488,22.79386773045205,0,0,0,0,0,0,0,0,0,0,0,0,0,0,0,0,0,0,0,0,0,0
560,6062,60,606,8.0,37,24,1.0,0.0,0.0,0.0,0.0,0.0,0.0,4943688.75,3699195.5,1244493.25,0.0,6468462.0,0.0,0.0,0.0,11182170.999999998,0.0,0.0,0.0,208458.25,12635122.5,17160.75,13975.25,20649128.5,3369866.5,1743992.25,1553552.0,13202939.75,1513261.75,1218217.0,-81831.75,1027776.75,0.0,0.0,0.0,0.0,5646140.5,0.0,5646140.5,5188183.0,6988982.0,0.0,12635122.5,0.0,0.0,0.0,0.0,0.0,0.0,0.0,0.0,0.0,0.0,0.0,41257.0,0,7.4195756331279945,60.0,1.0,0,60.0,False,False,False,False,False,False,False,False,False,False,True,False,False,True,False,False,False,False,False,False,False,False,False,False,False,False,False,False,False,False,False,0.03229813664596273,0.0036188178528347406,0,0,4401647.25,4193188.999999998,208458.25,1000.0,1000.0,104.97135354499885,1000.0,100.0,44.68607645078233,0.0,-198.3463412269433,9.849475143592791,74.82662617058973,500.0,18.20317347752859,500.0,500.0,141.46439470043026,0.0,1000.0,140.41490028116488,22.79386773045205,0,0,0,0,0,0,0,0,0,0,0,0,0,0,0,0,0,0,0,0,0,0
561,6062,60,606,8.0,37,24,1.0,0.0,0.0,0.0,0.0,0.0,0.0,4943688.75,3699195.5,1244493.25,0.0,6468462.0,0.0,0.0,0.0,11182170.999999998,0.0,0.0,0.0,208458.25,12635122.5,17160.75,13975.25,20649128.5,3369866.5,1743992.25,1553552.0,13202939.75,1513261.75,1218217.0,-81831.75,1027776.75,0.0,0.0,0.0,0.0,5646140.5,0.0,5646140.5,5188183.0,6988982.0,0.0,12635122.5,0.0,0.0,0.0,0.0,0.0,0.0,0.0,0.0,0.0,0.0,0.0,41257.0,0,7.4195756331279945,60.0,1.0,0,60.0,False,False,False,False,False,False,False,False,False,False,True,False,False,True,False,False,False,False,False,False,False,False,False,False,False,False,False,False,False,False,False,0.03229813664596273,0.0036188178528347406,0,0,4401647.25,4193188.999999998,208458.25,1000.0,1000.0,104.97135354499885,1000.0,100.0,44.68607645078233,0.0,-198.3463412269433,9.849475143592791,74.82662617058973,500.0,18.20317347752859,500.0,500.0,141.46439470043026,0.0,1000.0,140.41490028116488,22.79386773045205,0,0,0,0,0,0,0,0,0,0,0,0,0,0,0,0,0,0,0,0,0,0
562,1931,19,193,30.0,300,23,8.0,0.0,0.0,0.0,0.0,0.0,0.0,20953933.0,17390623.25,3563309.750000001,12310047.75,5670665.0,0.0,0.0,0.0,19193424.25,0.0,0.0,0.0,1225224.0,23981958.0,49828.5,32967.0,58082024.0,11711199.5,819318.5,-454704.24999999977,44445401.0,10768007.25,-220720.5,-493993.5,-1022020.9999999999,0.0,0.0,0.0,0.0,4998493.5,25025.000000000466,5023518.5,12964952.0,14192428.25,4766011.25,23981958.0,0.0,0.0,0.0,0.0,0.0,0.0,0.0,0.0,0.0,0.0,0.0,116048.0,0,39.893223819301845,48.0,1.0,0,48.0,False,True,False,False,False,False,False,False,False,False,False,False,False,True,False,False,False,False,False,False,False,False,False,False,True,False,False,False,False,False,False,0.3242236024844721,0.3823884197828709,0,0,1460208.749999999,5000996.0,-3540787.25,1000.0,1000.0,29.198358686949543,-1000.0,99.50184318023314,20.842724768344603,-5.503577325261525,-425.68032193575067,14.858293680607733,82.99455405340849,-500.0,-20.446580554721137,-391.82428822556165,500.0,105.01385103939101,1000.0,1000.0,132.89482926437682,51.14660114660114,0,0,0,0,0,0,0,0,0,0,0,0,0,0,0,0,0,0,0,0,0,0
563,4521,45,452,5.0,1000,24,1.0,0.0,0.0,0.0,0.0,0.0,0.0,154375971.75,69710535.81992495,78354776.5,49261066.40454999,132187510.45499992,0.0,0.0,0.0,244788293.75,0.0,0.0,0.0,224724.5,297217291.0957248,219313604.9354249,225825600.0,233912812.3582249,53386600.36709999,18730712.0,8129871.75,133575942.5,41449131.57384991,-1401829.2788499997,-3649348.9782749997,-2752831.5815,0.0,0.0,0.0,0.0,118228991.70284997,29095145.729649995,122786624.33333331,79054976.0,174765387.57177484,46129956.66666666,297217291.0957248,0.0,0.0,0.0,0.0,0.0,0.0,0.0,0.0,0.0,0.0,0.0,453932.0542499997,1,31.737166324435318,48.0,1.0,0,48.0,False,True,False,False,False,False,False,False,False,False,False,False,False,True,False,False,False,False,False,False,False,False,False,False,True,False,False,False,False,False,False,0.3242236024844721,0.3823884197828709,0,0,44431847.83333331,70022906.17822516,-45905232.16666666,1000.0,1000.0,63.45330443761297,-1000.0,96.28816847500377,39.77863847254161,357.87951672976874,-500.0,26.36279208761251,45.15633814620827,-500.0,-2.3283896291857165,500.0,500.0,213.06075650561104,1000.0,1000.0,-99.79302147972824,-2.8836389960106854,0,0,0,0,0,0,0,0,0,0,0,0,0,0,0,0,0,0,0,0,0,0
564,2441,24,244,70.0,40,1,4.62,0.0,0.0,0.0,0.0,0.0,0.0,154375971.75,19647628.0,78354776.5,5616611.0,78468890.5,0.0,0.0,0.0,110221111.0,0.0,0.0,0.0,7788781.0,253698445.0,30810279.5,26262236.0,50603553.0,15066551.5,5534529.0,4493989.5,22866844.0,9473964.5,3382379.0,235985.75000000006,3233230.0,0.0,0.0,0.0,0.0,118228991.70284997,8407399.0,122786624.33333331,18734215.5,25418893.5,2087585.5,253698445.0,0.0,0.0,0.0,0.0,0.0,0.0,0.0,0.0,0.0,0.0,0.0,96881.0,0,18.625598904859686,120.0,3.0,0,40.0,False,False,False,False,False,False,False,False,False,False,False,True,False,False,False,False,False,False,False,False,False,False,False,True,False,False,False,False,False,True,False,0.07080745341614907,0.054282267792521106,0,0,44431847.83333331,84802217.5,5701195.5,1000.0,1000.0,52.39467686482764,1000.0,96.28816847500377,46.60217436604705,187.08096670007797,243.58310711078545,30.885004636114346,12.727128307129181,500.0,2.7347184082616693,500.0,500.0,294.9387147609876,1000.0,1000.0,-99.68555624430476,17.317807592620827,0,0,0,0,0,0,0,0,0,0,0,0,0,0,0,0,0,0,0,0,0,0
565,2442,24,244,70.0,40,24,6.0,0.0,0.0,0.0,0.0,0.0,0.0,154375971.75,19647628.0,78354776.5,5616611.0,78468890.5,0.0,0.0,0.0,110221111.0,0.0,0.0,0.0,7788781.0,253698445.0,30810279.5,26262236.0,50603553.0,15066551.5,5534529.0,4493989.5,22866844.0,9473964.5,3382379.0,235985.75000000006,3233230.0,0.0,0.0,0.0,0.0,118228991.70284997,8407399.0,122786624.33333331,18734215.5,25418893.5,2087585.5,253698445.0,0.0,0.0,0.0,0.0,0.0,0.0,0.0,0.0,0.0,0.0,0.0,96881.0,0,19.405886379192335,60.0,1.0,0,60.0,False,False,False,False,False,False,False,False,False,False,False,True,False,False,False,False,False,False,False,False,False,False,False,True,False,False,False,False,False,True,False,0.07080745341614907,0.054282267792521106,0,0,44431847.83333331,84802217.5,5701195.5,1000.0,1000.0,52.39467686482764,1000.0,96.28816847500377,46.60217436604705,187.08096670007797,243.58310711078545,30.885004636114346,12.727128307129181,500.0,2.7347184082616693,500.0,500.0,294.9387147609876,1000.0,1000.0,-99.68555624430476,17.317807592620827,0,0,0,0,0,0,0,0,0,0,0,0,0,0,0,0,0,0,0,0,0,0
566,1532,15,153,10.0,5,4,6.5,0.0,0.0,0.0,0.0,0.0,0.0,17696941.193991903,7239049.1334043145,10494936.916722622,5711624.613972619,14751896.664327338,0.0,0.0,0.0,24672445.857143342,0.0,0.0,0.0,936626.1695394691,36100427.35440215,23689402.432255726,17889398.211046387,35463800.705205336,9473299.257317152,2502156.240714975,1764434.9040538718,21066695.29673669,7026995.2010281375,1530573.3567460796,-489449.7146318286,713223.8350885716,0.0,0.0,0.0,0.0,11248784.191388477,3574801.479138362,14823585.67052684,9532926.419230485,15913281.269093791,5395102.20245469,36094790.188847594,0.0,0.0,0.0,0.0,0.0,0.0,0.0,0.0,0.0,0.0,0.0,0.0,0,7.323750855578371,83.0,1.0,0,83.0,False,True,False,False,False,False,False,False,False,False,False,False,False,True,False,False,False,False,False,False,False,False,False,False,True,False,False,False,False,False,False,0.3242236024844721,0.0012062726176115801,1,1,4328648.753804218,8759164.588049551,-4458476.032915221,,,49.4185114378368,,75.88436726043955,31.1596981414038,202.6031944236134,,29.071503264192945,40.90565173975922,,6.34045264762552,,,162.9042174191688,,,-100.0,32.421460760082695,0,0,0,1,1,0,1,0,0,0,1,0,0,1,0,1,1,0,1,1,0,0
567,4522,45,452,4.0,55,24,0.0,0.0,0.0,0.0,0.0,0.0,0.0,6280774.5,5020265.25,1260509.25,2305052.75,27274997.75,0.0,0.0,0.0,34334049.75,0.0,0.0,0.0,12012.0,35606571.0,32117.25,30061.25,34274990.75,5692436.75,1122371.25,861110.25,26053777.75,4461707.25,1806304.5,-685434.75,684684.0,0.0,0.0,0.0,0.0,9846837.0,1095844.75,10942681.75,12170908.75,19916646.75,4747242.5,35606571.0,0.0,0.0,0.0,0.0,0.0,0.0,0.0,0.0,0.0,0.0,0.0,66145.0,0,23.091033538672143,48.0,1.0,0,48.0,False,False,False,False,False,False,False,False,False,True,False,False,False,True,False,False,False,False,False,False,False,False,False,False,False,False,False,False,True,False,False,0.02111801242236025,0.3823884197828709,0,0,9682172.5,14417403.0,-4735230.5,1000.0,1000.0,67.15614802471708,-1000.0,89.98559242573239,27.654550054819936,127.25951758209824,-500.0,3.5401028928059373,79.93067176667464,500.0,6.953339432753888,500.0,500.0,168.172431347312,1000.0,1000.0,105.94851676279882,6.839369620358434,0,0,0,0,0,0,0,0,0,0,0,0,0,0,0,0,0,0,0,0,0,0
568,2521,25,252,145.0,83,4,4.66,0.0,0.0,0.0,0.0,0.0,0.0,53175872.75,21588316.75,31587556.0,9649890.25,39072533.5,0.0,0.0,0.0,58157599.5,0.0,0.0,0.0,2306804.5,92051960.0,43462.0,43558.25,43325282.0,7593335.75,5869113.25,8535276.75,34583549.0,1469968.5,-754003.2499999998,-526025.5,1840588.75,0.0,0.0,0.0,0.0,18366348.0,15273508.25,33639856.25,49837788.0,58026218.25,388388.0,92054462.5,0.0,0.0,0.0,0.0,0.0,0.0,0.0,0.0,0.0,0.0,0.0,86564.0,0,24.416153319644078,83.0,3.0,0,27.666666666666668,False,True,False,False,False,False,False,False,False,False,False,False,False,True,False,False,False,False,False,False,False,False,False,False,False,True,False,False,False,False,False,0.012422360248447204,0.3823884197828709,0,0,2052300.25,131381.25,1918416.5,1000.0,546.3847557876254,500.0,1000.0,54.59698716756556,19.952153110047846,178.94567097663236,-500.0,34.31491953023054,40.5979547369065,500.0,10.021528231959886,500.0,500.0,500.0,1000.0,546.3847557876254,99.17169021213934,-0.22096847325133584,0,0,0,0,0,0,0,0,0,0,0,0,0,0,0,0,0,0,0,0,0,0
569,5050,50,505,30.0,10,5,6.5,0.0,0.0,0.0,0.0,0.0,0.0,17696941.193991903,7239049.1334043145,10494936.916722622,5711624.613972619,14751896.664327338,0.0,0.0,0.0,24672445.857143342,0.0,0.0,0.0,936626.1695394691,36100427.35440215,23689402.432255726,17889398.211046387,35463800.705205336,9473299.257317152,2502156.240714975,1764434.9040538718,21066695.29673669,7026995.2010281375,1530573.3567460796,-489449.7146318286,713223.8350885716,0.0,0.0,0.0,0.0,11248784.191388477,3574801.479138362,14823585.67052684,9532926.419230485,15913281.269093791,5395102.20245469,36094790.188847594,0.0,0.0,0.0,0.0,0.0,0.0,0.0,0.0,0.0,0.0,0.0,0.0,1,9.927446954140999,84.0,1.0,0,84.0,False,False,False,False,False,False,False,False,True,False,False,False,False,False,False,False,False,False,False,False,True,False,False,False,False,False,False,True,False,False,False,0.0037267080745341614,0.0048250904704463205,1,1,4328648.753804218,8759164.588049551,-4458476.032915221,,,49.4185114378368,,75.88436726043955,31.1596981414038,202.6031944236134,,29.071503264192945,40.90565173975922,,6.34045264762552,,,162.9042174191688,,,-100.0,32.421460760082695,0,0,0,1,1,0,1,0,0,0,1,0,0,1,0,1,1,0,1,1,0,0
570,5533,55,553,140.0,143,9,4.85,0.0,0.0,0.0,0.0,0.0,0.0,9782272.5,1968967.0,7813305.5,485735.25,1424923.5,0.0,0.0,0.0,6715458.75,0.0,0.0,0.0,806806.0,15335570.25,9414271.0,9823.75,18922904.0,3857603.75,122122.0,-214964.75,5203448.249999998,3589586.0,-884133.2499999998,-117367.25,-1219218.0,0.0,0.0,0.0,0.0,-32088.65659999998,2479226.75,1931679.75,7949441.5,10776265.5,2627625.0,15335570.25,0.0,0.0,0.0,0.0,0.0,0.0,0.0,0.0,0.0,0.0,0.0,37576.0,0,6.751540041067762,60.0,1.0,0,60.0,False,True,False,False,False,False,False,False,False,False,False,False,False,True,False,False,False,False,False,False,False,False,False,False,True,False,False,False,False,False,False,0.3242236024844721,0.3823884197828709,0,0,-5881625.75,-4060806.75,-1820819.0,-1000.0,-1000.0,144.83884883219326,-1000.0,-1.6611789091851263,-0.2092433217473604,-500.0,-312.34631147540983,50.94890749171847,20.12790995139422,-500.0,500.0,-500.0,500.0,500.0,1000.0,-1000.0,-99.60086128814434,500.0,0,0,0,0,0,0,0,0,0,0,0,0,0,0,0,0,0,0,0,0,0,0
571,5511,55,551,0.0,400,30,6.0,0.0,0.0,0.0,0.0,0.0,0.0,62849286.5,20490970.5,42358316.0,216716.5,521521.0,0.0,0.0,0.0,3029026.0,0.0,0.0,0.0,106606.49999999988,45493948.5,23727704.0,28283255.0,22173651.5,10585074.5,4629625.0,4132628.5,9428919.5,5782276.5,1056555.5,-922421.5,280280.0,0.0,0.0,0.0,0.0,20386866.5,11240229.0,31627095.5,5763257.5,12628616.0,1238237.0,45493948.5,0.0,0.0,0.0,0.0,0.0,0.0,0.0,0.0,0.0,0.0,0.0,44303.0,0,13.686516084873375,84.0,3.0,0,28.0,False,False,False,False,False,False,False,False,True,False,False,False,False,False,False,False,False,False,False,False,True,False,False,False,False,False,False,True,False,False,False,0.08074534161490683,0.07117008443908324,0,0,-10731220.5,-9599590.0,-1131630.5,-1000.0,-1000.0,111.78832116788323,-1000.0,64.46012881581238,44.81226003058406,271.9874046263776,-500.0,93.10758330858005,32.603346260740764,500.0,1.374806667812339,500.0,500.0,220.0435267264717,1000.0,-1000.0,-99.81328576924257,-16.106883737391612,0,0,0,0,0,0,0,0,0,0,0,0,0,0,0,0,0,0,0,0,0,0
572,5511,55,551,0.0,400,22,1.0,0.0,0.0,0.0,0.0,0.0,0.0,62849286.5,20490970.5,42358316.0,216716.5,521521.0,0.0,0.0,0.0,3029026.0,0.0,0.0,0.0,106606.49999999988,45493948.5,23727704.0,28283255.0,22173651.5,10585074.5,4629625.0,4132628.5,9428919.5,5782276.5,1056555.5,-922421.5,280280.0,0.0,0.0,0.0,0.0,20386866.5,11240229.0,31627095.5,5763257.5,12628616.0,1238237.0,45493948.5,0.0,0.0,0.0,0.0,0.0,0.0,0.0,0.0,0.0,0.0,0.0,44303.0,1,14.275154004106776,48.0,1.0,0,48.0,False,False,False,False,False,False,False,False,True,False,False,False,False,False,False,False,False,False,False,False,True,False,False,False,False,False,False,True,False,False,False,0.08074534161490683,0.07117008443908324,0,0,-10731220.5,-9599590.0,-1131630.5,-1000.0,-1000.0,111.78832116788323,-1000.0,64.46012881581238,44.81226003058406,271.9874046263776,-500.0,93.10758330858005,32.603346260740764,500.0,1.374806667812339,500.0,500.0,220.0435267264717,1000.0,-1000.0,-99.81328576924257,-16.106883737391612,0,0,0,0,0,0,0,0,0,0,0,0,0,0,0,0,0,0,0,0,0,0
573,5511,55,551,0.0,400,22,1.0,0.0,0.0,0.0,0.0,0.0,0.0,62849286.5,20490970.5,42358316.0,216716.5,521521.0,0.0,0.0,0.0,3029026.0,0.0,0.0,0.0,106606.49999999988,45493948.5,23727704.0,28283255.0,22173651.5,10585074.5,4629625.0,4132628.5,9428919.5,5782276.5,1056555.5,-922421.5,280280.0,0.0,0.0,0.0,0.0,20386866.5,11240229.0,31627095.5,5763257.5,12628616.0,1238237.0,45493948.5,0.0,0.0,0.0,0.0,0.0,0.0,0.0,0.0,0.0,0.0,0.0,44303.0,1,14.275154004106776,60.0,1.0,0,60.0,False,False,False,False,False,False,False,False,True,False,False,False,False,False,False,False,False,False,False,False,True,False,False,False,False,False,False,True,False,False,False,0.08074534161490683,0.07117008443908324,0,0,-10731220.5,-9599590.0,-1131630.5,-1000.0,-1000.0,111.78832116788323,-1000.0,64.46012881581238,44.81226003058406,271.9874046263776,-500.0,93.10758330858005,32.603346260740764,500.0,1.374806667812339,500.0,500.0,220.0435267264717,1000.0,-1000.0,-99.81328576924257,-16.106883737391612,0,0,0,0,0,0,0,0,0,0,0,0,0,0,0,0,0,0,0,0,0,0
574,8021,80,802,82.0,60,5,5.75,0.0,0.0,0.0,0.0,0.0,0.0,11974462.5,1799047.25,10175415.25,0.0,215465.25,0.0,0.0,0.0,471721.25,0.0,0.0,0.0,274524.25,10921660.75,8661903.25,6424418.0,8962703.75,7594837.25,1243992.75,999748.75,433433.0,6243987.75,593593.0,-109359.25,349349.0,0.0,0.0,0.0,0.0,7278771.5,1414413.0,8693184.5,1371620.25,1880378.5,348097.75,10921660.75,0.0,0.0,0.0,0.0,0.0,0.0,0.0,0.0,0.0,0.0,0.0,17907.5,0,2.379192334017796,84.0,3.0,0,28.0,False,False,False,False,False,False,False,False,False,False,True,False,False,False,False,False,False,False,False,False,False,False,True,False,False,False,False,True,False,False,False,0.04720496894409938,0.04945717732207479,0,0,-1482230.75,-1408657.25,-73573.5,-1000.0,-1000.0,105.22295256706342,-1000.0,83.72963325464909,66.64528103017666,141.47684605757195,-500.0,93.16728914144308,15.024033437826542,500.0,4.799559925737468,500.0,500.0,500.0,0.0,-1000.0,-99.79326137128119,34.82782798379557,0,0,0,0,0,0,0,0,0,0,0,0,0,0,0,0,0,0,0,0,0,0
575,5139,51,513,0.0,43,23,8.0,0.0,0.0,0.0,0.0,0.0,0.0,2805302.5,1543792.25,1261510.25,5992236.25,50245945.75,0.0,0.0,0.0,63723159.5,0.0,0.0,0.0,7299542.249999999,72284212.0,109055196.25,95495400.0,122635012.5,10397136.75,8201193.0,5573067.5,106674067.5,1990989.0,8047289.25,-95595.5,5401646.25,0.0,0.0,0.0,0.0,32190408.25,12012.0,32202420.25,28898870.0,38341803.5,1739988.2499999995,72284212.0,0.0,0.0,0.0,0.0,0.0,0.0,0.0,0.0,0.0,0.0,0.0,244939.0,0,23.457905544147845,48.0,1.0,0,48.0,False,False,False,False,False,False,False,False,True,False,False,False,False,False,False,False,False,False,False,False,True,False,False,False,False,False,False,True,False,False,False,0.08074534161490683,0.07117008443908324,0,0,30940910.0,25381356.0,5559554.0,1000.0,1000.0,121.90408581795236,1000.0,99.9626984558715,44.53311084030355,0.21553659631791647,-39.028288675956055,1.7452085525951364,55.03122212310437,500.0,16.780297435339296,500.0,500.0,97.5269195580266,1000.0,1000.0,-99.77539905623708,14.199423480083858,0,0,0,0,0,0,0,0,0,0,0,0,0,0,0,0,0,0,0,0,0,0
576,5050,50,505,14.0,22,4,5.75,0.0,0.0,0.0,0.0,0.0,0.0,17696941.193991903,7239049.1334043145,10494936.916722622,5711624.613972619,14751896.664327338,0.0,0.0,0.0,24672445.857143342,0.0,0.0,0.0,936626.1695394691,36100427.35440215,23689402.432255726,17889398.211046387,35463800.705205336,9473299.257317152,2502156.240714975,1764434.9040538718,21066695.29673669,7026995.2010281375,1530573.3567460796,-489449.7146318286,713223.8350885716,0.0,0.0,0.0,0.0,11248784.191388477,3574801.479138362,14823585.67052684,9532926.419230485,15913281.269093791,5395102.20245469,36094790.188847594,0.0,0.0,0.0,0.0,0.0,0.0,0.0,0.0,0.0,0.0,0.0,0.0,0,3.6276522929500343,108.0,1.0,0,108.0,False,True,False,False,False,False,False,False,False,False,False,False,False,False,False,False,False,False,True,False,False,False,False,False,False,False,False,False,False,False,True,0.3242236024844721,0.018094089264173704,1,1,4328648.753804218,8759164.588049551,-4458476.032915221,,,49.4185114378368,,75.88436726043955,31.1596981414038,202.6031944236134,,29.071503264192945,40.90565173975922,,6.34045264762552,,,162.9042174191688,,,-100.0,32.421460760082695,0,0,0,1,1,0,1,0,0,0,1,0,0,1,0,1,1,0,1,1,0,0
577,1744,17,174,10.0,50,22,6.0,0.0,0.0,0.0,0.0,0.0,0.0,10086576.5,8759250.5,1327326.0,4272017.75,4302798.5,0.0,0.0,0.0,10706946.25,0.0,0.0,0.0,382131.75,12416404.0,16008.75,12289.5,17914897.0,8609350.75,623372.75,646896.25,7391133.75,7881874.0,225475.25,-195695.5,256256.0,0.0,0.0,0.0,0.0,4220466.25,985985.0,5206451.25,3323570.25,5800544.75,1409408.0,12416404.0,0.0,0.0,0.0,0.0,0.0,0.0,0.0,0.0,0.0,0.0,0.0,34939.5,0,31.575633127994525,60.0,1.0,0,60.0,False,True,False,False,False,False,False,False,False,False,False,False,False,True,False,False,False,False,False,False,False,False,False,False,True,False,False,False,False,False,False,0.3242236024844721,0.3823884197828709,0,0,3879125.25,4906401.5,-1027276.25,1000.0,1000.0,79.06253187799653,-1000.0,81.06224465272771,33.99105127378265,152.41779497098648,-500.0,10.690099967752339,86.8406688830447,500.0,6.071746219982212,500.0,500.0,161.88115794819706,1000.0,1000.0,118.25251815413446,30.26363969242036,0,0,0,0,0,0,0,0,0,0,0,0,0,0,0,0,0,0,0,0,0,0
578,9305,93,930,4.0,1,35,6.25,0.0,0.0,0.0,0.0,0.0,0.0,17696941.193991903,7239049.1334043145,10494936.916722622,5711624.613972619,14751896.664327338,0.0,0.0,0.0,24672445.857143342,0.0,0.0,0.0,936626.1695394691,36100427.35440215,23689402.432255726,17889398.211046387,35463800.705205336,9473299.257317152,2502156.240714975,1764434.9040538718,21066695.29673669,7026995.2010281375,1530573.3567460796,-489449.7146318286,713223.8350885716,0.0,0.0,0.0,0.0,11248784.191388477,3574801.479138362,14823585.67052684,9532926.419230485,15913281.269093791,5395102.20245469,36094790.188847594,0.0,0.0,0.0,0.0,0.0,0.0,0.0,0.0,0.0,0.0,0.0,0.0,0,34.913073237508556,84.0,1.0,0,84.0,False,True,False,False,False,False,False,False,False,False,False,False,False,True,False,False,False,False,False,False,False,False,False,False,True,False,False,False,False,False,False,0.3242236024844721,0.3823884197828709,1,1,4328648.753804218,8759164.588049551,-4458476.032915221,,,49.4185114378368,,75.88436726043955,31.1596981414038,202.6031944236134,,29.071503264192945,40.90565173975922,,6.34045264762552,,,162.9042174191688,,,-100.0,32.421460760082695,0,0,0,1,1,0,1,0,0,0,1,0,0,1,0,1,1,0,1,1,0,0
579,8514,85,851,5.0,0,22,6.0,0.0,0.0,0.0,0.0,0.0,0.0,17696941.193991903,7239049.1334043145,10494936.916722622,5711624.613972619,14751896.664327338,0.0,0.0,0.0,24672445.857143342,0.0,0.0,0.0,936626.1695394691,36100427.35440215,23689402.432255726,17889398.211046387,35463800.705205336,9473299.257317152,2502156.240714975,1764434.9040538718,21066695.29673669,7026995.2010281375,1530573.3567460796,-489449.7146318286,713223.8350885716,0.0,0.0,0.0,0.0,11248784.191388477,3574801.479138362,14823585.67052684,9532926.419230485,15913281.269093791,5395102.20245469,36094790.188847594,0.0,0.0,0.0,0.0,0.0,0.0,0.0,0.0,0.0,0.0,0.0,0.0,0,24.750171115674195,84.0,1.0,0,84.0,False,False,False,False,False,False,False,False,False,False,False,True,False,False,False,False,False,False,False,False,False,False,False,True,False,False,False,False,False,True,False,0.07080745341614907,0.054282267792521106,1,1,4328648.753804218,8759164.588049551,-4458476.032915221,,,49.4185114378368,,75.88436726043955,31.1596981414038,202.6031944236134,,29.071503264192945,40.90565173975922,,6.34045264762552,,,162.9042174191688,,,-100.0,32.421460760082695,0,0,0,1,1,0,1,0,0,0,1,0,0,1,0,1,1,0,1,1,0,0
580,8514,85,851,10.0,0,23,7.0,0.0,0.0,0.0,0.0,0.0,0.0,17696941.193991903,7239049.1334043145,10494936.916722622,5711624.613972619,14751896.664327338,0.0,0.0,0.0,24672445.857143342,0.0,0.0,0.0,936626.1695394691,36100427.35440215,23689402.432255726,17889398.211046387,35463800.705205336,9473299.257317152,2502156.240714975,1764434.9040538718,21066695.29673669,7026995.2010281375,1530573.3567460796,-489449.7146318286,713223.8350885716,0.0,0.0,0.0,0.0,11248784.191388477,3574801.479138362,14823585.67052684,9532926.419230485,15913281.269093791,5395102.20245469,36094790.188847594,0.0,0.0,0.0,0.0,0.0,0.0,0.0,0.0,0.0,0.0,0.0,0.0,0,25.037645448323065,84.0,1.0,0,84.0,False,False,False,False,False,False,False,False,False,False,False,True,False,False,False,False,False,False,False,False,False,False,False,True,False,False,False,False,False,True,False,0.07080745341614907,0.054282267792521106,1,1,4328648.753804218,8759164.588049551,-4458476.032915221,,,49.4185114378368,,75.88436726043955,31.1596981414038,202.6031944236134,,29.071503264192945,40.90565173975922,,6.34045264762552,,,162.9042174191688,,,-100.0,32.421460760082695,0,0,0,1,1,0,1,0,0,0,1,0,0,1,0,1,1,0,1,1,0,0
581,8514,85,851,10.0,0,23,7.0,0.0,0.0,0.0,0.0,0.0,0.0,17696941.193991903,7239049.1334043145,10494936.916722622,5711624.613972619,14751896.664327338,0.0,0.0,0.0,24672445.857143342,0.0,0.0,0.0,936626.1695394691,36100427.35440215,23689402.432255726,17889398.211046387,35463800.705205336,9473299.257317152,2502156.240714975,1764434.9040538718,21066695.29673669,7026995.2010281375,1530573.3567460796,-489449.7146318286,713223.8350885716,0.0,0.0,0.0,0.0,11248784.191388477,3574801.479138362,14823585.67052684,9532926.419230485,15913281.269093791,5395102.20245469,36094790.188847594,0.0,0.0,0.0,0.0,0.0,0.0,0.0,0.0,0.0,0.0,0.0,0.0,0,25.037645448323065,60.0,1.0,0,60.0,False,False,False,False,False,False,False,False,False,False,False,True,False,False,False,False,False,False,False,False,False,False,False,True,False,False,False,False,False,True,False,0.07080745341614907,0.054282267792521106,1,1,4328648.753804218,8759164.588049551,-4458476.032915221,,,49.4185114378368,,75.88436726043955,31.1596981414038,202.6031944236134,,29.071503264192945,40.90565173975922,,6.34045264762552,,,162.9042174191688,,,-100.0,32.421460760082695,0,0,0,1,1,0,1,0,0,0,1,0,0,1,0,1,1,0,1,1,0,0
582,6062,60,606,0.0,120,23,6.0,0.0,0.0,0.0,0.0,0.0,0.0,4894639.75,2792539.75,2102100.0,0.0,3999996.0,0.0,0.0,0.0,6021015.0,0.0,0.0,0.0,379629.25,8502744.25,12044.5,10098.75,13118355.25,2693440.75,1540539.0,1536785.25,7176419.25,1107106.0,598347.7500000001,-24274.25,594594.0,0.0,0.0,0.0,0.0,2060308.25,1789537.75,3849846.0,4520516.0,4641887.25,14681.333333333023,8502744.25,0.0,0.0,0.0,0.0,0.0,0.0,0.0,0.0,0.0,0.0,0.0,26210.5,0,11.08829568788501,60.0,1.0,0,60.0,False,False,False,False,False,False,False,False,False,False,False,True,False,True,False,False,False,False,False,False,False,False,False,False,False,False,False,False,False,True,False,0.07080745341614907,0.3823884197828709,0,0,1747746.0,1379127.75,364947.916666667,1000.0,1000.0,126.72836145890038,1000.0,53.516640665626625,24.231097507137182,116.44683276339359,-92.61269338623835,24.722606469082027,57.05301907050463,500.0,28.859467994655652,500.0,500.0,226.76849042786904,0.0,1000.0,117.61384864460958,19.26723604406486,0,0,0,0,0,0,0,0,0,0,0,0,0,0,0,0,0,0,0,0,0,0
583,8031,80,803,13.0,58,1,6.0,0.0,0.0,0.0,0.0,0.0,0.0,17696941.193991903,7239049.1334043145,10494936.916722622,5711624.613972619,14751896.664327338,0.0,0.0,0.0,24672445.857143342,0.0,0.0,0.0,936626.1695394691,36100427.35440215,23689402.432255726,17889398.211046387,35463800.705205336,9473299.257317152,2502156.240714975,1764434.9040538718,21066695.29673669,7026995.2010281375,1530573.3567460796,-489449.7146318286,713223.8350885716,0.0,0.0,0.0,0.0,11248784.191388477,3574801.479138362,14823585.67052684,9532926.419230485,15913281.269093791,5395102.20245469,36094790.188847594,0.0,0.0,0.0,0.0,0.0,0.0,0.0,0.0,0.0,0.0,0.0,0.0,0,19.854893908281998,84.0,3.0,0,28.0,False,True,False,False,False,False,False,False,False,False,False,False,False,True,False,False,False,False,False,False,False,False,False,False,True,False,False,False,False,False,False,0.3242236024844721,0.3823884197828709,1,1,4328648.753804218,8759164.588049551,-4458476.032915221,,,49.4185114378368,,75.88436726043955,31.1596981414038,202.6031944236134,,29.071503264192945,40.90565173975922,,6.34045264762552,,,162.9042174191688,,,-100.0,32.421460760082695,0,0,0,1,1,0,1,0,0,0,1,0,0,1,0,1,1,0,1,1,0,0
584,1585,15,158,5.0,0,21,6.5,0.0,0.0,0.0,0.0,0.0,0.0,166166.0,36536.5,129629.5,139639.5,1963962.0,0.0,0.0,0.0,2357855.5,0.0,0.0,0.0,2502.5,2489987.5,1135634.5,0.0,2464962.5,590590.0,58558.5,45545.5,1585083.5,530029.5,45545.5,0.0,32532.5,0.0,0.0,0.0,0.0,285785.5,0.0,285785.5,1447446.0,2061559.5,142642.5,2489987.5,0.0,0.0,0.0,0.0,0.0,0.0,0.0,0.0,0.0,0.0,0.0,4925.0,0,4.673511293634497,120.0,1.0,0,120.0,False,True,False,False,False,False,False,False,False,False,False,False,False,True,False,False,False,False,False,False,False,False,False,False,True,False,False,False,False,False,False,0.3242236024844721,0.3823884197828709,0,0,156156.0,296296.0,-140140.0,1000.0,1000.0,52.702702702702695,-1000.0,100.0,11.477386934673367,0.0,0.0,5.206030150753769,21.987951807228914,500.0,11.38353765323993,500.0,500.0,328.7401326176192,1000.0,1000.0,-99.56632173467784,,0,0,0,0,0,0,0,0,0,0,0,0,0,0,0,0,0,0,0,0,0,1
585,6070,60,607,0.0,35,23,7.0,0.0,0.0,0.0,0.0,0.0,0.0,1159908.75,1055304.249999999,104604.5,0.0,6283777.5,0.0,0.0,0.0,10662401.75,0.0,0.0,0.0,174174.0,10941180.25,3939816.75,3540963.75,14412648.25,1176675.5,438438.0,393142.75,8947939.0,654904.2500000009,362862.5,-11761.75,317567.25,0.0,0.0,0.0,0.0,1796544.75,0.0,1796544.75,8492233.75,9080571.5,85418.66666666698,10941180.25,0.0,0.0,0.0,0.0,0.0,0.0,0.0,0.0,0.0,0.0,0.0,28796.5,0,12.068446269678303,48.0,1.0,0,48.0,False,False,False,False,False,False,False,False,False,False,False,True,False,False,False,False,False,False,False,False,False,False,False,True,False,False,False,False,False,True,False,0.07080745341614907,0.054282267792521106,0,0,1691940.25,1581830.25,88755.33333333302,1000.0,1000.0,106.9609239044455,1000.0,100.0,16.420026989318632,0.0,-40.8443734481621,0.9560623041558975,90.98166127292333,500.0,17.676556623485165,500.0,500.0,341.6657344221949,0.0,1000.0,-99.26909037076406,11.263967330927915,0,0,0,0,0,0,0,0,0,0,0,0,0,0,0,0,0,0,0,0,0,0
586,6062,60,606,2.0,35,23,7.0,0.0,0.0,0.0,0.0,0.0,0.0,1159908.75,1055304.249999999,104604.5,0.0,6283777.5,0.0,0.0,0.0,10662401.75,0.0,0.0,0.0,174174.0,10941180.25,3939816.75,3540963.75,14412648.25,1176675.5,438438.0,393142.75,8947939.0,654904.2500000009,362862.5,-11761.75,317567.25,0.0,0.0,0.0,0.0,1796544.75,0.0,1796544.75,8492233.75,9080571.5,85418.66666666698,10941180.25,0.0,0.0,0.0,0.0,0.0,0.0,0.0,0.0,0.0,0.0,0.0,28796.5,0,12.375085557837098,48.0,1.0,0,48.0,False,False,False,False,False,False,False,False,False,False,False,True,False,False,False,False,False,False,False,False,False,False,False,True,False,False,False,False,False,True,False,0.07080745341614907,0.054282267792521106,0,0,1691940.25,1581830.25,88755.33333333302,1000.0,1000.0,106.9609239044455,1000.0,100.0,16.420026989318632,0.0,-40.8443734481621,0.9560623041558975,90.98166127292333,500.0,17.676556623485165,500.0,500.0,341.6657344221949,0.0,1000.0,-99.26909037076406,11.263967330927915,0,0,0,0,0,0,0,0,0,0,0,0,0,0,0,0,0,0,0,0,0,0
587,6062,60,606,0.0,35,23,6.0,0.0,0.0,0.0,0.0,0.0,0.0,1159908.75,1055304.249999999,104604.5,0.0,6283777.5,0.0,0.0,0.0,10662401.75,0.0,0.0,0.0,174174.0,10941180.25,3939816.75,3540963.75,14412648.25,1176675.5,438438.0,393142.75,8947939.0,654904.2500000009,362862.5,-11761.75,317567.25,0.0,0.0,0.0,0.0,1796544.75,0.0,1796544.75,8492233.75,9080571.5,85418.66666666698,10941180.25,0.0,0.0,0.0,0.0,0.0,0.0,0.0,0.0,0.0,0.0,0.0,28796.5,0,12.59958932238193,48.0,1.0,0,48.0,False,False,False,False,False,False,False,False,False,False,False,True,False,False,False,False,False,False,False,False,False,False,False,True,False,False,False,False,False,True,False,0.07080745341614907,0.054282267792521106,0,0,1691940.25,1581830.25,88755.33333333302,1000.0,1000.0,106.9609239044455,1000.0,100.0,16.420026989318632,0.0,-40.8443734481621,0.9560623041558975,90.98166127292333,500.0,17.676556623485165,500.0,500.0,341.6657344221949,0.0,1000.0,-99.26909037076406,11.263967330927915,0,0,0,0,0,0,0,0,0,0,0,0,0,0,0,0,0,0,0,0,0,0
588,6062,60,606,0.0,35,24,6.0,0.0,0.0,0.0,0.0,0.0,0.0,1159908.75,1055304.249999999,104604.5,0.0,6283777.5,0.0,0.0,0.0,10662401.75,0.0,0.0,0.0,174174.0,10941180.25,3939816.75,3540963.75,14412648.25,1176675.5,438438.0,393142.75,8947939.0,654904.2500000009,362862.5,-11761.75,317567.25,0.0,0.0,0.0,0.0,1796544.75,0.0,1796544.75,8492233.75,9080571.5,85418.66666666698,10941180.25,0.0,0.0,0.0,0.0,0.0,0.0,0.0,0.0,0.0,0.0,0.0,28796.5,0,12.870636550308008,48.0,1.0,0,48.0,False,False,False,False,False,False,False,False,False,False,False,True,False,False,False,False,False,False,False,False,False,False,False,True,False,False,False,False,False,True,False,0.07080745341614907,0.054282267792521106,0,0,1691940.25,1581830.25,88755.33333333302,1000.0,1000.0,106.9609239044455,1000.0,100.0,16.420026989318632,0.0,-40.8443734481621,0.9560623041558975,90.98166127292333,500.0,17.676556623485165,500.0,500.0,341.6657344221949,0.0,1000.0,-99.26909037076406,11.263967330927915,0,0,0,0,0,0,0,0,0,0,0,0,0,0,0,0,0,0,0,0,0,0
589,7485,74,748,50.0,0,23,5.7,0.0,0.0,0.0,0.0,0.0,0.0,11765754.0,6218712.5,5547041.5,0.0,18882113.25,0.0,0.0,0.0,36091055.0,0.0,0.0,0.0,928928.0,42567024.5,68170102.0,46608311.75,86919833.0,15348583.25,7497990.5,6308552.25,48570772.25,6608852.25,6134878.75,-57807.75,4945440.5,0.0,0.0,0.0,0.0,28216688.5,7007.0,28223695.5,13361348.0,14343329.0,0.0,42567024.5,0.0,0.0,0.0,0.0,0.0,0.0,0.0,0.0,0.0,0.0,0.0,173666.0,0,10.349075975359343,36.0,1.0,0,36.0,False,True,False,False,False,False,False,False,False,False,False,False,False,True,False,False,False,False,False,False,False,False,False,False,True,False,False,False,False,False,False,0.3242236024844721,0.3823884197828709,0,0,22676654.0,21747726.0,928928.0,1000.0,1000.0,104.27137991346773,1000.0,99.975173343264,66.28766946113417,0.11107144273870442,-33.28674006426128,13.031311361685615,52.854347456185124,500.0,17.5266509392128,500.0,500.0,99.03250570614512,0.0,1000.0,-99.7452460904342,46.261684751969156,0,0,0,0,0,0,0,0,0,0,0,0,0,0,0,0,0,0,0,0,0,0
590,7485,74,748,50.0,0,23,5.7,0.0,0.0,0.0,0.0,0.0,0.0,11765754.0,6218712.5,5547041.5,0.0,18882113.25,0.0,0.0,0.0,36091055.0,0.0,0.0,0.0,928928.0,42567024.5,68170102.0,46608311.75,86919833.0,15348583.25,7497990.5,6308552.25,48570772.25,6608852.25,6134878.75,-57807.75,4945440.5,0.0,0.0,0.0,0.0,28216688.5,7007.0,28223695.5,13361348.0,14343329.0,0.0,42567024.5,0.0,0.0,0.0,0.0,0.0,0.0,0.0,0.0,0.0,0.0,0.0,173666.0,0,10.929500342231348,48.0,1.0,0,48.0,False,True,False,False,False,False,False,False,False,False,False,False,False,True,False,False,False,False,False,False,False,False,False,False,True,False,False,False,False,False,False,0.3242236024844721,0.3823884197828709,0,0,22676654.0,21747726.0,928928.0,1000.0,1000.0,104.27137991346773,1000.0,99.975173343264,66.28766946113417,0.11107144273870442,-33.28674006426128,13.031311361685615,52.854347456185124,500.0,17.5266509392128,500.0,500.0,99.03250570614512,0.0,1000.0,-99.7452460904342,46.261684751969156,0,0,0,0,0,0,0,0,0,0,0,0,0,0,0,0,0,0,0,0,0,0
591,4521,45,452,0.0,136,25,1.0,50.0,0.0,0.0,50.0,0.0,0.0,7452695.25,4148894.75,3303800.5,3054551.5,12363351.0,50.0,0.0,0.0,16256240.0,50.0,0.0,0.0,748998.25,20309038.75,12773.75,12081.5,17716949.25,2127625.5,1008007.0,664664.0,14843829.0,1011760.75,701200.5,-136886.75,357857.5,15.0,0.0,0.0,1.0,3824570.75,20270.25,3844841.0,10580570.0,13745231.5,2718966.25,20309038.75,25.5,0.0,0.0,20.78535,0.0,0.0,19.44515,50.0,0.0,0.0,0.5,36885.0,0,20.383299110198493,60.0,1.0,0,60.0,True,False,False,False,False,False,False,False,False,False,False,False,True,False,False,False,False,False,False,False,False,False,False,False,False,False,False,False,False,False,False,0.002484472049689441,0.0024125452352231603,0,0,541040.5,2511008.5,-1969968.0,1000.0,1000.0,21.54674108032689,-1000.0,99.47279354334808,18.831864949787445,3.049698795180723,-371.11766300664226,16.26763600517528,55.66972230616837,500.0,9.356801675063796,500.0,500.0,256.6053004248432,1000.0,1000.0,188.7562383794892,5.7298348714977445,0,0,0,0,0,0,0,0,0,0,0,0,0,0,0,0,0,0,0,0,0,0
592,5110,51,511,12.0,0,30,7.5,0.0,0.0,0.0,0.0,0.0,0.0,17696941.193991903,7239049.1334043145,10494936.916722622,5711624.613972619,14751896.664327338,0.0,0.0,0.0,24672445.857143342,0.0,0.0,0.0,936626.1695394691,36100427.35440215,23689402.432255726,17889398.211046387,35463800.705205336,9473299.257317152,2502156.240714975,1764434.9040538718,21066695.29673669,7026995.2010281375,1530573.3567460796,-489449.7146318286,713223.8350885716,0.0,0.0,0.0,0.0,11248784.191388477,3574801.479138362,14823585.67052684,9532926.419230485,15913281.269093791,5395102.20245469,36094790.188847594,0.0,0.0,0.0,0.0,0.0,0.0,0.0,0.0,0.0,0.0,0.0,0.0,0,25.61259411362081,120.0,3.0,0,40.0,False,False,False,False,False,False,False,False,True,False,False,False,False,False,False,False,False,False,False,False,True,False,False,False,False,False,False,True,False,False,False,0.0037267080745341614,0.0048250904704463205,1,1,4328648.753804218,8759164.588049551,-4458476.032915221,,,49.4185114378368,,75.88436726043955,31.1596981414038,202.6031944236134,,29.071503264192945,40.90565173975922,,6.34045264762552,,,162.9042174191688,,,-100.0,32.421460760082695,0,0,0,1,1,0,1,0,0,0,1,0,0,1,0,1,1,0,1,1,0,0
593,6062,60,606,2.0,10,22,6.0,0.0,0.0,0.0,0.0,0.0,0.0,17696941.193991903,7239049.1334043145,10494936.916722622,5711624.613972619,14751896.664327338,0.0,0.0,0.0,24672445.857143342,0.0,0.0,0.0,936626.1695394691,36100427.35440215,23689402.432255726,17889398.211046387,35463800.705205336,9473299.257317152,2502156.240714975,1764434.9040538718,21066695.29673669,7026995.2010281375,1530573.3567460796,-489449.7146318286,713223.8350885716,0.0,0.0,0.0,0.0,11248784.191388477,3574801.479138362,14823585.67052684,9532926.419230485,15913281.269093791,5395102.20245469,36094790.188847594,0.0,0.0,0.0,0.0,0.0,0.0,0.0,0.0,0.0,0.0,0.0,0.0,0,4.287474332648871,48.0,1.0,0,48.0,False,False,False,False,False,False,False,False,False,False,False,True,False,False,False,False,False,False,False,False,False,False,False,True,False,False,False,False,False,True,False,0.07080745341614907,0.054282267792521106,1,1,4328648.753804218,8759164.588049551,-4458476.032915221,,,49.4185114378368,,75.88436726043955,31.1596981414038,202.6031944236134,,29.071503264192945,40.90565173975922,,6.34045264762552,,,162.9042174191688,,,-100.0,32.421460760082695,0,0,0,1,1,0,1,0,0,0,1,0,0,1,0,1,1,0,1,1,0,0
594,6033,60,603,1.0,40,25,5.95,0.0,0.0,0.0,0.0,0.0,0.0,22673901.25,6326069.75,16347831.5,0.0,6014008.0,0.0,0.0,0.0,9556296.749999998,0.0,0.0,0.0,1507255.75,27411384.0,3707703.9999999963,0.0,8594085.5,3781778.000000001,3513259.75,3373620.25,4097593.5,229229.0,428177.75,-93343.25,288538.25,0.0,0.0,0.0,0.0,15714448.75,2583080.5,18297529.25,2348846.5,7068061.0,2045793.75,27411384.0,0.0,0.0,0.0,0.0,0.0,0.0,0.0,0.0,0.0,0.0,0.0,17171.0,0,4.249144421629021,60.0,1.0,0,60.0,False,True,False,False,False,False,False,False,False,False,False,False,False,True,False,False,False,False,False,False,False,False,False,False,False,False,True,False,False,False,False,0.3242236024844721,0.3823884197828709,0,0,1949697.75,2488235.749999998,-538538.0,1000.0,1000.0,78.35663280699995,-1000.0,85.88290000957369,57.32818434122115,76.56702025072323,-500.0,59.638840198656155,27.900226256829093,500.0,1.8361334501154551,500.0,500.0,206.3613045071455,0.0,1000.0,-99.5368832031899,,0,0,0,0,0,0,0,0,0,0,0,0,0,0,0,0,0,0,0,0,0,1
595,7412,74,741,0.0,41,34,6.25,0.0,0.0,0.0,0.0,0.0,0.0,17696941.193991903,7239049.1334043145,10494936.916722622,5711624.613972619,14751896.664327338,0.0,0.0,0.0,24672445.857143342,0.0,0.0,0.0,936626.1695394691,36100427.35440215,23689402.432255726,17889398.211046387,35463800.705205336,9473299.257317152,2502156.240714975,1764434.9040538718,21066695.29673669,7026995.2010281375,1530573.3567460796,-489449.7146318286,713223.8350885716,0.0,0.0,0.0,0.0,11248784.191388477,3574801.479138362,14823585.67052684,9532926.419230485,15913281.269093791,5395102.20245469,36094790.188847594,0.0,0.0,0.0,0.0,0.0,0.0,0.0,0.0,0.0,0.0,0.0,0.0,0,5.347022587268994,180.0,1.0,0,180.0,False,False,False,False,False,False,False,False,False,False,False,True,False,False,False,False,False,False,False,False,False,False,False,True,False,False,False,False,False,True,False,0.07080745341614907,0.054282267792521106,1,1,4328648.753804218,8759164.588049551,-4458476.032915221,,,49.4185114378368,,75.88436726043955,31.1596981414038,202.6031944236134,,29.071503264192945,40.90565173975922,,6.34045264762552,,,162.9042174191688,,,-100.0,32.421460760082695,0,0,0,1,1,0,1,0,0,0,1,0,0,1,0,1,1,0,1,1,0,0
596,5154,51,515,2.0,2,23,5.5,0.0,0.0,0.0,0.0,0.0,0.0,17696941.193991903,7239049.1334043145,10494936.916722622,5711624.613972619,14751896.664327338,0.0,0.0,0.0,24672445.857143342,0.0,0.0,0.0,936626.1695394691,36100427.35440215,23689402.432255726,17889398.211046387,35463800.705205336,9473299.257317152,2502156.240714975,1764434.9040538718,21066695.29673669,7026995.2010281375,1530573.3567460796,-489449.7146318286,713223.8350885716,0.0,0.0,0.0,0.0,11248784.191388477,3574801.479138362,14823585.67052684,9532926.419230485,15913281.269093791,5395102.20245469,36094790.188847594,0.0,0.0,0.0,0.0,0.0,0.0,0.0,0.0,0.0,0.0,0.0,0.0,0,17.56331279945243,48.0,1.0,0,48.0,False,False,False,True,False,False,False,False,False,False,False,False,False,False,False,True,False,False,False,False,False,False,False,False,False,True,False,False,False,False,False,0.004968944099378882,0.0048250904704463205,1,1,4328648.753804218,8759164.588049551,-4458476.032915221,,,49.4185114378368,,75.88436726043955,31.1596981414038,202.6031944236134,,29.071503264192945,40.90565173975922,,6.34045264762552,,,162.9042174191688,,,-100.0,32.421460760082695,0,0,0,1,1,0,1,0,0,0,1,0,0,1,0,1,1,0,1,1,0,0
597,5162,51,516,0.0,2,23,7.0,0.0,0.0,0.0,0.0,0.0,0.0,17696941.193991903,7239049.1334043145,10494936.916722622,5711624.613972619,14751896.664327338,0.0,0.0,0.0,24672445.857143342,0.0,0.0,0.0,936626.1695394691,36100427.35440215,23689402.432255726,17889398.211046387,35463800.705205336,9473299.257317152,2502156.240714975,1764434.9040538718,21066695.29673669,7026995.2010281375,1530573.3567460796,-489449.7146318286,713223.8350885716,0.0,0.0,0.0,0.0,11248784.191388477,3574801.479138362,14823585.67052684,9532926.419230485,15913281.269093791,5395102.20245469,36094790.188847594,0.0,0.0,0.0,0.0,0.0,0.0,0.0,0.0,0.0,0.0,0.0,0.0,0,17.95756331279945,60.0,1.0,0,60.0,False,False,False,True,False,False,False,False,False,False,False,False,False,False,False,True,False,False,False,False,False,False,False,False,False,True,False,False,False,False,False,0.004968944099378882,0.0048250904704463205,1,1,4328648.753804218,8759164.588049551,-4458476.032915221,,,49.4185114378368,,75.88436726043955,31.1596981414038,202.6031944236134,,29.071503264192945,40.90565173975922,,6.34045264762552,,,162.9042174191688,,,-100.0,32.421460760082695,0,0,0,1,1,0,1,0,0,0,1,0,0,1,0,1,1,0,1,1,0,0
598,6062,60,606,3.0,0,23,6.0,0.0,0.0,0.0,0.0,0.0,0.0,17696941.193991903,7239049.1334043145,10494936.916722622,5711624.613972619,14751896.664327338,0.0,0.0,0.0,24672445.857143342,0.0,0.0,0.0,936626.1695394691,36100427.35440215,23689402.432255726,17889398.211046387,35463800.705205336,9473299.257317152,2502156.240714975,1764434.9040538718,21066695.29673669,7026995.2010281375,1530573.3567460796,-489449.7146318286,713223.8350885716,0.0,0.0,0.0,0.0,11248784.191388477,3574801.479138362,14823585.67052684,9532926.419230485,15913281.269093791,5395102.20245469,36094790.188847594,0.0,0.0,0.0,0.0,0.0,0.0,0.0,0.0,0.0,0.0,0.0,0.0,0,5.66735112936345,48.0,1.0,0,48.0,False,False,False,False,False,False,False,False,False,False,False,True,False,False,False,False,False,False,False,False,False,False,False,True,False,False,False,False,False,True,False,0.07080745341614907,0.054282267792521106,1,1,4328648.753804218,8759164.588049551,-4458476.032915221,,,49.4185114378368,,75.88436726043955,31.1596981414038,202.6031944236134,,29.071503264192945,40.90565173975922,,6.34045264762552,,,162.9042174191688,,,-100.0,32.421460760082695,0,0,0,1,1,0,1,0,0,0,1,0,0,1,0,1,1,0,1,1,0,0
599,1582,15,158,10.0,400,20,1.0,0.0,0.0,0.0,0.0,0.0,0.0,110251641.5,69710535.81992495,30124094.0,49261066.40454999,26784507.75,0.0,0.0,0.0,97037440.5,0.0,0.0,0.0,7999741.749999999,135161276.25,99521922.5,104226122.0,100398798.5,18442173.75,-426676.25,254003.75,56172366.25,18343325.0,-1401829.2788499997,-343092.75,-2752831.5815,0.0,0.0,0.0,0.0,73272199.0,630129.5,73902328.5,28252224.0,41147856.75,20111091.0,135161276.25,0.0,0.0,0.0,0.0,0.0,0.0,0.0,0.0,0.0,0.0,0.0,195717.5,0,43.0042984257358,60.0,1.0,0,60.0,False,True,False,False,False,False,False,False,False,False,False,False,False,True,False,False,False,False,False,False,False,False,False,False,True,False,False,False,False,False,False,0.3242236024844721,0.3823884197828709,0,0,43778234.5,55889583.75,-12111349.25,1000.0,1000.0,78.32986320997605,-1000.0,99.14734824627345,54.2109404652799,248.07881773399015,-175.29998594913587,22.287518167763675,63.22856954463118,-500.0,-3.7569932649353133,129.78080651960096,500.0,181.06413026529748,1000.0,1000.0,-99.80334232389853,-4.513455369662511,0,0,0,0,0,0,0,0,0,0,0,0,0,0,0,0,0,0,0,0,0,0
600,8514,85,851,2.0,0,23,6.25,0.0,0.0,0.0,0.0,0.0,0.0,17696941.193991903,7239049.1334043145,10494936.916722622,5711624.613972619,14751896.664327338,0.0,0.0,0.0,24672445.857143342,0.0,0.0,0.0,936626.1695394691,36100427.35440215,23689402.432255726,17889398.211046387,35463800.705205336,9473299.257317152,2502156.240714975,1764434.9040538718,21066695.29673669,7026995.2010281375,1530573.3567460796,-489449.7146318286,713223.8350885716,0.0,0.0,0.0,0.0,11248784.191388477,3574801.479138362,14823585.67052684,9532926.419230485,15913281.269093791,5395102.20245469,36094790.188847594,0.0,0.0,0.0,0.0,0.0,0.0,0.0,0.0,0.0,0.0,0.0,0.0,0,25.831622176591377,36.0,1.0,0,36.0,False,True,False,False,False,False,False,False,False,False,False,False,False,True,False,False,False,False,False,False,False,False,False,False,True,False,False,False,False,False,False,0.3242236024844721,0.3823884197828709,1,1,4328648.753804218,8759164.588049551,-4458476.032915221,,,49.4185114378368,,75.88436726043955,31.1596981414038,202.6031944236134,,29.071503264192945,40.90565173975922,,6.34045264762552,,,162.9042174191688,,,-100.0,32.421460760082695,0,0,0,1,1,0,1,0,0,0,1,0,0,1,0,1,1,0,1,1,0,0
601,6023,60,602,2.0,0,24,5.0,0.0,0.0,0.0,0.0,0.0,0.0,17696941.193991903,7239049.1334043145,10494936.916722622,5711624.613972619,14751896.664327338,0.0,0.0,0.0,24672445.857143342,0.0,0.0,0.0,936626.1695394691,36100427.35440215,23689402.432255726,17889398.211046387,35463800.705205336,9473299.257317152,2502156.240714975,1764434.9040538718,21066695.29673669,7026995.2010281375,1530573.3567460796,-489449.7146318286,713223.8350885716,0.0,0.0,0.0,0.0,11248784.191388477,3574801.479138362,14823585.67052684,9532926.419230485,15913281.269093791,5395102.20245469,36094790.188847594,0.0,0.0,0.0,0.0,0.0,0.0,0.0,0.0,0.0,0.0,0.0,0.0,1,13.100616016427105,60.0,1.0,0,60.0,False,True,False,False,False,False,False,False,False,False,False,False,False,True,False,False,False,False,False,False,False,False,False,False,True,False,False,False,False,False,False,0.3242236024844721,0.3823884197828709,1,1,4328648.753804218,8759164.588049551,-4458476.032915221,,,49.4185114378368,,75.88436726043955,31.1596981414038,202.6031944236134,,29.071503264192945,40.90565173975922,,6.34045264762552,,,162.9042174191688,,,-100.0,32.421460760082695,0,0,0,1,1,0,1,0,0,0,1,0,0,1,0,1,1,0,1,1,0,0
602,7023,70,702,40.0,0,4,6.0,0.0,0.0,0.0,0.0,0.0,0.0,17696941.193991903,7239049.1334043145,10494936.916722622,5711624.613972619,14751896.664327338,0.0,0.0,0.0,24672445.857143342,0.0,0.0,0.0,936626.1695394691,36100427.35440215,23689402.432255726,17889398.211046387,35463800.705205336,9473299.257317152,2502156.240714975,1764434.9040538718,21066695.29673669,7026995.2010281375,1530573.3567460796,-489449.7146318286,713223.8350885716,0.0,0.0,0.0,0.0,11248784.191388477,3574801.479138362,14823585.67052684,9532926.419230485,15913281.269093791,5395102.20245469,36094790.188847594,0.0,0.0,0.0,0.0,0.0,0.0,0.0,0.0,0.0,0.0,0.0,0.0,0,4.555783709787817,108.0,1.0,0,108.0,False,False,False,False,False,False,False,False,False,False,False,True,False,False,False,False,False,False,False,False,False,False,False,True,False,False,False,False,False,True,False,0.011180124223602485,0.010856453558504222,1,1,4328648.753804218,8759164.588049551,-4458476.032915221,,,49.4185114378368,,75.88436726043955,31.1596981414038,202.6031944236134,,29.071503264192945,40.90565173975922,,6.34045264762552,,,162.9042174191688,,,-100.0,32.421460760082695,0,0,0,1,1,0,1,0,0,0,1,0,0,1,0,1,1,0,1,1,0,0
603,1771,17,177,0.0,400,23,6.5,0.0,0.0,0.0,0.0,0.0,0.0,17696941.193991903,7239049.1334043145,10494936.916722622,5711624.613972619,14751896.664327338,0.0,0.0,0.0,24672445.857143342,0.0,0.0,0.0,936626.1695394691,36100427.35440215,23689402.432255726,17889398.211046387,35463800.705205336,9473299.257317152,2502156.240714975,1764434.9040538718,21066695.29673669,7026995.2010281375,1530573.3567460796,-489449.7146318286,713223.8350885716,0.0,0.0,0.0,0.0,11248784.191388477,3574801.479138362,14823585.67052684,9532926.419230485,15913281.269093791,5395102.20245469,36094790.188847594,0.0,0.0,0.0,0.0,0.0,0.0,0.0,0.0,0.0,0.0,0.0,0.0,1,32.30116358658453,60.0,1.0,0,60.0,False,True,False,False,False,False,False,False,False,False,False,False,False,True,False,False,False,False,False,False,False,False,False,False,True,False,False,False,False,False,False,0.3242236024844721,0.3823884197828709,1,1,4328648.753804218,8759164.588049551,-4458476.032915221,,,49.4185114378368,,75.88436726043955,31.1596981414038,202.6031944236134,,29.071503264192945,40.90565173975922,,6.34045264762552,,,162.9042174191688,,,-100.0,32.421460760082695,0,0,0,1,1,0,1,0,0,0,1,0,0,1,0,1,1,0,1,1,0,0
604,6062,60,606,7.0,0,23,5.9,0.0,0.0,0.0,0.0,0.0,0.0,211961.75,15765.75,196196.0,0.0,7206949.75,0.0,0.0,0.0,7910652.749999998,0.0,0.0,0.0,202702.5,8309551.25,16205.5,14603.0,19766747.0,1348597.25,708207.5,565565.0,17136369.25,598598.0,577076.5,-8508.5,528027.5,0.0,0.0,0.0,0.0,1848596.75,408157.75,2256754.5,5588332.75,6052796.75,0.0,8309551.25,0.0,0.0,0.0,0.0,0.0,0.0,0.0,0.0,0.0,0.0,0.0,39494.0,0,3.909650924024641,48.0,1.0,0,48.0,False,False,False,False,False,False,False,False,False,False,False,True,False,True,False,False,False,False,False,False,False,False,False,False,False,False,False,False,False,True,False,0.07080745341614907,0.3823884197828709,0,0,2060558.5,1857855.9999999981,202702.5,1000.0,1000.0,110.91056034482769,1000.0,81.91394987802173,22.24664960096371,72.16814159292035,-21.54377880184332,2.3610901972594487,7.43801652892562,500.0,28.563692974143766,500.0,500.0,117.39941878294901,0.0,1000.0,143.70738329579464,10.973772512497431,0,0,0,0,0,0,0,0,0,0,0,0,0,0,0,0,0,0,0,0,0,0
605,6330,63,633,8.0,0,24,1.0,0.0,0.0,0.0,0.0,0.0,0.0,17696941.193991903,7239049.1334043145,10494936.916722622,5711624.613972619,14751896.664327338,0.0,0.0,0.0,24672445.857143342,0.0,0.0,0.0,936626.1695394691,36100427.35440215,23689402.432255726,17889398.211046387,35463800.705205336,9473299.257317152,2502156.240714975,1764434.9040538718,21066695.29673669,7026995.2010281375,1530573.3567460796,-489449.7146318286,713223.8350885716,0.0,0.0,0.0,0.0,11248784.191388477,3574801.479138362,14823585.67052684,9532926.419230485,15913281.269093791,5395102.20245469,36094790.188847594,0.0,0.0,0.0,0.0,0.0,0.0,0.0,0.0,0.0,0.0,0.0,0.0,0,7.819301848049282,120.0,1.0,0,120.0,False,True,False,False,False,False,False,False,False,False,False,False,False,True,False,False,False,False,False,False,False,False,False,False,True,False,False,False,False,False,False,0.3242236024844721,0.3823884197828709,1,1,4328648.753804218,8759164.588049551,-4458476.032915221,,,49.4185114378368,,75.88436726043955,31.1596981414038,202.6031944236134,,29.071503264192945,40.90565173975922,,6.34045264762552,,,162.9042174191688,,,-100.0,32.421460760082695,0,0,0,1,1,0,1,0,0,0,1,0,0,1,0,1,1,0,1,1,0,0
606,5166,51,516,1.0,20,35,8.75,0.0,0.0,0.0,0.0,0.0,0.0,17696941.193991903,7239049.1334043145,10494936.916722622,5711624.613972619,14751896.664327338,0.0,0.0,0.0,24672445.857143342,0.0,0.0,0.0,936626.1695394691,36100427.35440215,23689402.432255726,17889398.211046387,35463800.705205336,9473299.257317152,2502156.240714975,1764434.9040538718,21066695.29673669,7026995.2010281375,1530573.3567460796,-489449.7146318286,713223.8350885716,0.0,0.0,0.0,0.0,11248784.191388477,3574801.479138362,14823585.67052684,9532926.419230485,15913281.269093791,5395102.20245469,36094790.188847594,0.0,0.0,0.0,0.0,0.0,0.0,0.0,0.0,0.0,0.0,0.0,0.0,0,24.82135523613963,84.0,1.0,0,84.0,False,True,False,False,False,False,False,False,False,False,False,False,False,True,False,False,False,False,False,False,False,False,False,False,True,False,False,False,False,False,False,0.3242236024844721,0.3823884197828709,1,1,4328648.753804218,8759164.588049551,-4458476.032915221,,,49.4185114378368,,75.88436726043955,31.1596981414038,202.6031944236134,,29.071503264192945,40.90565173975922,,6.34045264762552,,,162.9042174191688,,,-100.0,32.421460760082695,0,0,0,1,1,0,1,0,0,0,1,0,0,1,0,1,1,0,1,1,0,0
607,8511,85,851,15.0,0,9,5.75,0.0,0.0,0.0,0.0,0.0,0.0,17696941.193991903,7239049.1334043145,10494936.916722622,5711624.613972619,14751896.664327338,0.0,0.0,0.0,24672445.857143342,0.0,0.0,0.0,936626.1695394691,36100427.35440215,23689402.432255726,17889398.211046387,35463800.705205336,9473299.257317152,2502156.240714975,1764434.9040538718,21066695.29673669,7026995.2010281375,1530573.3567460796,-489449.7146318286,713223.8350885716,0.0,0.0,0.0,0.0,11248784.191388477,3574801.479138362,14823585.67052684,9532926.419230485,15913281.269093791,5395102.20245469,36094790.188847594,0.0,0.0,0.0,0.0,0.0,0.0,0.0,0.0,0.0,0.0,0.0,0.0,0,24.865160848733744,84.0,1.0,0,84.0,False,False,False,False,False,False,True,False,False,False,False,False,False,False,False,False,False,False,True,False,False,False,False,False,False,False,False,False,False,False,True,0.02608695652173913,0.018094089264173704,1,1,4328648.753804218,8759164.588049551,-4458476.032915221,,,49.4185114378368,,75.88436726043955,31.1596981414038,202.6031944236134,,29.071503264192945,40.90565173975922,,6.34045264762552,,,162.9042174191688,,,-100.0,32.421460760082695,0,0,0,1,1,0,1,0,0,0,1,0,0,1,0,1,1,0,1,1,0,0
608,6025,60,602,4.0,70,22,1.0,0.0,0.0,0.0,0.0,0.0,0.0,4093589.5,0.0,4093589.5,1896394.5,23780506.75,0.0,0.0,0.0,28063535.5,0.0,0.0,0.0,9759.75,32166884.75,53364.0,36056.0,69326006.75,1993491.499999999,1471970.5,1025774.75,64741176.5,468217.75,681681.0,-307807.5,204704.5,0.0,0.0,0.0,0.0,3397644.25,147897.75,3545542.0,10694934.25,24380606.25,4240736.5,32166884.75,0.0,0.0,0.0,0.0,0.0,0.0,0.0,0.0,0.0,0.0,0.0,138513.5,0,7.452429842573579,36.0,1.0,0,36.0,False,False,False,False,False,False,False,False,False,False,True,False,False,False,False,False,False,False,False,False,False,False,True,False,False,False,False,False,False,False,False,0.04720496894409938,0.04945717732207479,0,0,-548047.5,3682929.25,-4230976.75,-1000.0,1000.0,-14.88075015288442,-1000.0,95.82862789384528,10.562552999478756,14.418150768480118,-222.22202168019726,12.726098693781655,0.0,147.78667783284664,6.024895043087575,500.0,500.0,59.470286734749095,1000.0,1000.0,159.56356345101565,48.00310627912137,0,0,0,0,0,0,0,0,0,0,0,0,0,0,0,0,0,0,0,0,0,0
609,6042,60,604,8.0,160,24,1.0,0.0,0.0,0.0,0.0,0.0,0.0,15039274.25,4070566.4999999995,10968707.75,22772.75,19708438.75,0.0,0.0,0.0,22652630.0,0.0,0.0,0.0,86836.75,33708174.5,17311421.5,25628.25,34268984.75,5378623.25,905905.0,1079078.0,14529515.0,4223969.75,521270.75,-305054.75,641140.5,0.0,0.0,0.0,0.0,6489483.0,191691.49999999953,6681174.5,15098583.5,22044772.75,4982227.25,33708174.5,0.0,0.0,0.0,0.0,0.0,0.0,0.0,0.0,0.0,0.0,0.0,68469.5,0,25.900068446269678,48.0,1.0,0,48.0,False,False,False,False,False,False,False,False,True,False,False,False,False,False,False,False,False,False,False,False,True,False,False,False,False,False,False,True,False,False,False,0.08074534161490683,0.07117008443908324,0,0,-4287533.25,607857.25,-4895390.5,-1000.0,1000.0,-500.0,-1000.0,97.1308712263091,19.251956228006357,17.76437847866415,-445.53377781347893,32.54020104233174,27.066242907299866,500.0,9.879685330865339,500.0,500.0,374.099896658629,119.73491846734677,1000.0,-99.60448366415203,500.0,0,0,0,0,0,0,0,0,0,0,0,0,0,0,0,0,0,0,0,0,0,0
610,5142,51,514,0.0,20,2,7.75,0.0,0.0,0.0,0.0,0.0,0.0,17696941.193991903,7239049.1334043145,10494936.916722622,5711624.613972619,14751896.664327338,0.0,0.0,0.0,24672445.857143342,0.0,0.0,0.0,936626.1695394691,36100427.35440215,23689402.432255726,17889398.211046387,35463800.705205336,9473299.257317152,2502156.240714975,1764434.9040538718,21066695.29673669,7026995.2010281375,1530573.3567460796,-489449.7146318286,713223.8350885716,0.0,0.0,0.0,0.0,11248784.191388477,3574801.479138362,14823585.67052684,9532926.419230485,15913281.269093791,5395102.20245469,36094790.188847594,0.0,0.0,0.0,0.0,0.0,0.0,0.0,0.0,0.0,0.0,0.0,0.0,1,4.2792607802874745,84.0,1.0,0,84.0,False,True,False,False,False,False,False,False,False,False,False,False,False,True,False,False,False,False,False,False,False,False,False,False,True,False,False,False,False,False,False,0.3242236024844721,0.3823884197828709,1,1,4328648.753804218,8759164.588049551,-4458476.032915221,,,49.4185114378368,,75.88436726043955,31.1596981414038,202.6031944236134,,29.071503264192945,40.90565173975922,,6.34045264762552,,,162.9042174191688,,,-100.0,32.421460760082695,0,0,0,1,1,0,1,0,0,0,1,0,0,1,0,1,1,0,1,1,0,0
611,9999,99,999,2.0,18,22,7.0,0.0,0.0,0.0,0.0,0.0,0.0,6709452.75,3610356.75,3099096.000000001,11505744.25,563312.75,0.0,0.0,0.0,12547785.25,0.0,0.0,0.0,23523.5,15670404.75,10840829.999999998,5517011.5,10265755.5,1663912.25,1060059.0,439689.25,7816308.5,545545.0,589088.5,-577076.5,-35785.75,0.0,0.0,0.0,0.0,4249745.499999999,182932.75,4432678.25,246246.0,2400648.25,8837078.25,15670404.75,0.0,0.0,0.0,0.0,0.0,0.0,0.0,0.0,0.0,0.0,0.0,15373.5,0,11.16495550992471,48.0,1.0,0,48.0,False,False,False,False,True,False,False,False,False,False,False,False,False,False,False,False,True,False,False,False,False,False,False,False,False,True,False,False,False,False,False,0.06459627329192547,0.06031363088057901,0,0,1333582.249999999,10147137.0,-8813554.75,1000.0,1000.0,13.142448456150726,-1000.0,95.87308756280696,27.119564349478587,41.60500853727945,-500.0,19.776745077372688,53.810003356831146,-232.77555533873223,-0.8420680720763163,500.0,500.0,11.341486841262727,1000.0,1000.0,-99.85818890251024,96.4982309716048,0,0,0,0,0,0,0,0,0,0,0,0,0,0,0,0,0,0,0,0,0,0
612,8021,80,802,62.0,62,32,7.95,0.0,0.0,0.0,0.0,0.0,0.0,17696941.193991903,7239049.1334043145,10494936.916722622,5711624.613972619,14751896.664327338,0.0,0.0,0.0,24672445.857143342,0.0,0.0,0.0,936626.1695394691,36100427.35440215,23689402.432255726,17889398.211046387,35463800.705205336,9473299.257317152,2502156.240714975,1764434.9040538718,21066695.29673669,7026995.2010281375,1530573.3567460796,-489449.7146318286,713223.8350885716,0.0,0.0,0.0,0.0,11248784.191388477,3574801.479138362,14823585.67052684,9532926.419230485,15913281.269093791,5395102.20245469,36094790.188847594,0.0,0.0,0.0,0.0,0.0,0.0,0.0,0.0,0.0,0.0,0.0,0.0,0,3.2114989733059547,83.0,1.0,0,83.0,False,False,False,False,False,False,True,False,False,False,False,False,False,False,False,False,False,False,True,False,False,False,False,False,False,False,False,False,False,False,True,0.012422360248447204,0.012062726176115802,1,1,4328648.753804218,8759164.588049551,-4458476.032915221,,,49.4185114378368,,75.88436726043955,31.1596981414038,202.6031944236134,,29.071503264192945,40.90565173975922,,6.34045264762552,,,162.9042174191688,,,-100.0,32.421460760082695,0,0,0,1,1,0,1,0,0,0,1,0,0,1,0,1,1,0,1,1,0,0
613,2524,25,252,7.0,35,23,1.0,0.0,0.0,0.0,0.0,0.0,0.0,2784531.75,238238.0,2546293.75,1623872.2499999995,3400897.5,0.0,0.0,0.0,6140134.0,0.0,0.0,0.0,106106.0,8792533.75,3387.5,2686.0,5106100.999999996,1512010.500000001,871370.5,627376.75,2937684.75,596095.5,744994.2499999999,-128128.0,498498.0,0.0,0.0,0.0,0.0,3227724.5,155905.75,3383630.25,3813559.75,4013759.75,1395143.7499999995,8792533.75,0.0,0.0,0.0,0.0,0.0,0.0,0.0,0.0,0.0,0.0,0.0,9994.0,0,13.366187542778919,60.0,1.0,0,60.0,False,False,False,False,False,False,False,False,False,False,True,False,False,False,False,False,False,False,False,False,False,False,True,False,False,False,False,False,False,False,False,0.03229813664596273,0.0024125452352231603,0,0,837336.5,2126374.25,-1289037.7499999995,1000.0,1000.0,39.378604213251734,-1000.0,95.3923526366393,36.70983349935961,24.850418827283605,-500.0,28.959726768179877,8.55576525568437,500.0,15.444254923243914,500.0,500.0,467.3345259391771,1000.0,1000.0,195.0258302583026,26.116902457185404,0,0,0,0,0,0,0,0,0,0,0,0,0,0,0,0,0,0,0,0,0,0
614,6024,60,602,0.0,0,24,7.0,0.0,0.0,0.0,0.0,0.0,0.0,17696941.193991903,7239049.1334043145,10494936.916722622,5711624.613972619,14751896.664327338,0.0,0.0,0.0,24672445.857143342,0.0,0.0,0.0,936626.1695394691,36100427.35440215,23689402.432255726,17889398.211046387,35463800.705205336,9473299.257317152,2502156.240714975,1764434.9040538718,21066695.29673669,7026995.2010281375,1530573.3567460796,-489449.7146318286,713223.8350885716,0.0,0.0,0.0,0.0,11248784.191388477,3574801.479138362,14823585.67052684,9532926.419230485,15913281.269093791,5395102.20245469,36094790.188847594,0.0,0.0,0.0,0.0,0.0,0.0,0.0,0.0,0.0,0.0,0.0,0.0,0,3.509924709103354,48.0,1.0,0,48.0,False,False,False,False,True,False,False,False,False,False,False,False,False,False,False,False,False,False,False,False,False,False,False,False,False,True,False,False,False,False,False,0.06459627329192547,0.06031363088057901,1,1,4328648.753804218,8759164.588049551,-4458476.032915221,,,49.4185114378368,,75.88436726043955,31.1596981414038,202.6031944236134,,29.071503264192945,40.90565173975922,,6.34045264762552,,,162.9042174191688,,,-100.0,32.421460760082695,0,0,0,1,1,0,1,0,0,0,1,0,0,1,0,1,1,0,1,1,0,0
615,6033,60,603,2.0,0,25,9.0,0.0,0.0,0.0,0.0,0.0,0.0,767767.0,259759.5,508007.5,632632.0,1903902.0,0.0,0.0,0.0,2726724.0,0.0,0.0,0.0,14014.0,3248745.5,3759255.5,0.0,5835329.5,691691.0,554554.0,477477.0,3851848.0,98098.0,415915.5,-7507.5,338838.5,0.0,0.0,0.0,0.0,815314.5,79079.0,894393.5,843342.5,2016014.0,338338.0,3248745.5,0.0,0.0,0.0,0.0,0.0,0.0,0.0,0.0,0.0,0.0,0.0,11659.0,0,6.075290896646133,48.0,1.0,0,48.0,False,False,False,False,False,False,False,False,False,True,False,False,False,False,False,False,False,False,False,False,False,True,False,False,False,False,False,False,True,False,False,0.02111801242236025,0.016887816646562123,0,0,386386.0,710710.0,-324324.0,1000.0,1000.0,54.3661971830986,-1000.0,91.15836597649692,25.096287166846405,16.561844863731658,-64.39231494982417,15.6370358958558,33.833116036505864,500.0,41.559238796807854,500.0,500.0,78.82016632016632,1000.0,1000.0,-99.6898588031593,,0,0,0,0,0,0,0,0,0,0,0,0,0,0,0,0,0,0,0,0,0,1
616,7110,71,711,0.0,12,20,0.0,0.0,0.0,0.0,0.0,0.0,0.0,1001.0,0.0,1001.0,0.0,93093.0,0.0,0.0,0.0,235235.0,0.0,0.0,0.0,106106.0,342342.0,59059.0,6506.5,566065.5,166166.0,143643.5,139139.0,19019.0,0.0,143643.5,-1501.5,139139.0,0.0,0.0,0.0,0.0,164664.5,0.0,164664.5,10010.0,177677.5,0.0,342342.0,0.0,0.0,0.0,0.0,0.0,0.0,0.0,0.0,0.0,0.0,0.0,1131.0,0,20.813141683778234,60.0,1.0,0,60.0,False,False,False,False,False,False,False,False,False,True,False,False,False,False,False,False,False,False,False,False,False,True,False,False,False,False,False,False,True,False,False,0.07204968944099378,0.05066344993968637,0,0,163663.5,57557.5,106106.0,1000.0,1000.0,284.3478260869565,1000.0,100.0,48.099415204678365,0.0,-132.75862068965517,0.29239766081871343,0.0,500.0,84.49848024316108,500.0,500.0,189.4736842105263,0.0,1000.0,-98.08496588157605,500.0,0,0,0,0,0,0,0,0,0,0,0,0,0,0,0,0,0,0,0,0,0,0
617,7110,71,711,0.0,12,20,0.0,0.0,0.0,0.0,0.0,0.0,0.0,1001.0,0.0,1001.0,0.0,93093.0,0.0,0.0,0.0,235235.0,0.0,0.0,0.0,106106.0,342342.0,59059.0,6506.5,566065.5,166166.0,143643.5,139139.0,19019.0,0.0,143643.5,-1501.5,139139.0,0.0,0.0,0.0,0.0,164664.5,0.0,164664.5,10010.0,177677.5,0.0,342342.0,0.0,0.0,0.0,0.0,0.0,0.0,0.0,0.0,0.0,0.0,0.0,1131.0,0,21.180013689253936,60.0,1.0,0,60.0,False,False,False,False,False,False,False,False,False,True,False,False,False,False,False,False,False,False,False,False,False,True,False,False,False,False,False,False,True,False,False,0.07204968944099378,0.05066344993968637,0,0,163663.5,57557.5,106106.0,1000.0,1000.0,284.3478260869565,1000.0,100.0,48.099415204678365,0.0,-132.75862068965517,0.29239766081871343,0.0,500.0,84.49848024316108,500.0,500.0,189.4736842105263,0.0,1000.0,-98.08496588157605,500.0,0,0,0,0,0,0,0,0,0,0,0,0,0,0,0,0,0,0,0,0,0,0
618,2225,22,222,2.0,62,24,0.7,0.0,0.0,0.0,0.0,0.0,0.0,17696941.193991903,7239049.1334043145,10494936.916722622,5711624.613972619,14751896.664327338,0.0,0.0,0.0,24672445.857143342,0.0,0.0,0.0,936626.1695394691,36100427.35440215,23689402.432255726,17889398.211046387,35463800.705205336,9473299.257317152,2502156.240714975,1764434.9040538718,21066695.29673669,7026995.2010281375,1530573.3567460796,-489449.7146318286,713223.8350885716,0.0,0.0,0.0,0.0,11248784.191388477,3574801.479138362,14823585.67052684,9532926.419230485,15913281.269093791,5395102.20245469,36094790.188847594,0.0,0.0,0.0,0.0,0.0,0.0,0.0,0.0,0.0,0.0,0.0,0.0,0,18.82546201232033,48.0,1.0,0,48.0,False,True,False,False,False,False,False,False,False,False,False,False,False,True,False,False,False,False,False,False,False,False,False,False,False,True,False,False,False,False,False,0.3242236024844721,0.3823884197828709,1,1,4328648.753804218,8759164.588049551,-4458476.032915221,,,49.4185114378368,,75.88436726043955,31.1596981414038,202.6031944236134,,29.071503264192945,40.90565173975922,,6.34045264762552,,,162.9042174191688,,,-100.0,32.421460760082695,0,0,0,1,1,0,1,0,0,0,1,0,0,1,0,1,1,0,1,1,0,0
619,6033,60,603,1.0,0,7,7.0,0.0,0.0,0.0,0.0,0.0,0.0,17696941.193991903,7239049.1334043145,10494936.916722622,5711624.613972619,14751896.664327338,0.0,0.0,0.0,24672445.857143342,0.0,0.0,0.0,936626.1695394691,36100427.35440215,23689402.432255726,17889398.211046387,35463800.705205336,9473299.257317152,2502156.240714975,1764434.9040538718,21066695.29673669,7026995.2010281375,1530573.3567460796,-489449.7146318286,713223.8350885716,0.0,0.0,0.0,0.0,11248784.191388477,3574801.479138362,14823585.67052684,9532926.419230485,15913281.269093791,5395102.20245469,36094790.188847594,0.0,0.0,0.0,0.0,0.0,0.0,0.0,0.0,0.0,0.0,0.0,0.0,1,22.050650239561943,84.0,1.0,0,84.0,False,True,False,False,False,False,False,False,False,False,False,False,False,True,False,False,False,False,False,False,False,False,False,False,True,False,False,False,False,False,False,0.3242236024844721,0.3823884197828709,1,1,4328648.753804218,8759164.588049551,-4458476.032915221,,,49.4185114378368,,75.88436726043955,31.1596981414038,202.6031944236134,,29.071503264192945,40.90565173975922,,6.34045264762552,,,162.9042174191688,,,-100.0,32.421460760082695,0,0,0,1,1,0,1,0,0,0,1,0,0,1,0,1,1,0,1,1,0,0
620,8021,80,802,20.0,0,4,5.0,0.0,0.0,0.0,0.0,0.0,0.0,17696941.193991903,7239049.1334043145,10494936.916722622,5711624.613972619,14751896.664327338,0.0,0.0,0.0,24672445.857143342,0.0,0.0,0.0,936626.1695394691,36100427.35440215,23689402.432255726,17889398.211046387,35463800.705205336,9473299.257317152,2502156.240714975,1764434.9040538718,21066695.29673669,7026995.2010281375,1530573.3567460796,-489449.7146318286,713223.8350885716,0.0,0.0,0.0,0.0,11248784.191388477,3574801.479138362,14823585.67052684,9532926.419230485,15913281.269093791,5395102.20245469,36094790.188847594,0.0,0.0,0.0,0.0,0.0,0.0,0.0,0.0,0.0,0.0,0.0,0.0,0,3.509924709103354,120.0,3.0,0,40.0,False,False,False,False,False,False,True,False,False,False,False,False,False,False,False,False,False,False,True,False,False,False,False,False,False,False,False,False,False,False,True,0.02608695652173913,0.018094089264173704,1,1,4328648.753804218,8759164.588049551,-4458476.032915221,,,49.4185114378368,,75.88436726043955,31.1596981414038,202.6031944236134,,29.071503264192945,40.90565173975922,,6.34045264762552,,,162.9042174191688,,,-100.0,32.421460760082695,0,0,0,1,1,0,1,0,0,0,1,0,0,1,0,1,1,0,1,1,0,0
621,2875,28,287,2.0,0,24,5.0,0.0,0.0,0.0,0.0,0.0,0.0,7971463.5,3145642.5,4825821.0,4885881.0,21820799.0,0.0,0.0,0.0,32776243.5,0.0,0.0,0.0,283283.0,37885347.5,14314300.0,14748.0,16808291.5,3962959.0,1757255.5,739739.0,11915403.5,2148146.0,1564062.5,-544043.5,546546.0,0.0,0.0,0.0,0.0,14604590.0,0.0,14604590.0,4821817.0,12005994.0,11274763.5,37885347.5,0.0,0.0,0.0,0.0,0.0,0.0,0.0,0.0,0.0,0.0,0.0,30967.0,1,43.0042984257358,48.0,1.0,0,48.0,False,True,False,False,False,False,False,False,False,False,False,False,False,True,False,False,False,False,False,False,False,False,False,False,True,False,False,False,False,False,False,0.3242236024844721,0.3823884197828709,0,0,9778769.0,20770249.5,-10991480.5,1000.0,1000.0,47.08065254584447,-1000.0,100.0,38.549441838958984,0.0,-500.0,12.737961556245459,39.46129214541345,500.0,3.742289239204935,500.0,500.0,145.68152224135758,1000.0,1000.0,-99.78366388855899,500.0,0,0,0,0,0,0,0,0,0,0,0,0,0,0,0,0,0,0,0,0,0,0
622,5154,51,515,0.0,0,7,7.0,0.0,0.0,0.0,0.0,0.0,0.0,17696941.193991903,7239049.1334043145,10494936.916722622,5711624.613972619,14751896.664327338,0.0,0.0,0.0,24672445.857143342,0.0,0.0,0.0,936626.1695394691,36100427.35440215,23689402.432255726,17889398.211046387,35463800.705205336,9473299.257317152,2502156.240714975,1764434.9040538718,21066695.29673669,7026995.2010281375,1530573.3567460796,-489449.7146318286,713223.8350885716,0.0,0.0,0.0,0.0,11248784.191388477,3574801.479138362,14823585.67052684,9532926.419230485,15913281.269093791,5395102.20245469,36094790.188847594,0.0,0.0,0.0,0.0,0.0,0.0,0.0,0.0,0.0,0.0,0.0,0.0,0,8.438056125941136,84.0,1.0,0,84.0,False,False,False,False,False,False,False,False,False,True,False,False,False,False,False,False,False,False,False,False,False,True,False,False,False,False,False,False,True,False,False,0.07204968944099378,0.05066344993968637,1,1,4328648.753804218,8759164.588049551,-4458476.032915221,,,49.4185114378368,,75.88436726043955,31.1596981414038,202.6031944236134,,29.071503264192945,40.90565173975922,,6.34045264762552,,,162.9042174191688,,,-100.0,32.421460760082695,0,0,0,1,1,0,1,0,0,0,1,0,0,1,0,1,1,0,1,1,0,0
623,2222,22,222,1.0,20,23,7.0,0.0,0.0,0.0,0.0,0.0,0.0,17696941.193991903,7239049.1334043145,10494936.916722622,5711624.613972619,14751896.664327338,0.0,0.0,0.0,24672445.857143342,0.0,0.0,0.0,936626.1695394691,36100427.35440215,23689402.432255726,17889398.211046387,35463800.705205336,9473299.257317152,2502156.240714975,1764434.9040538718,21066695.29673669,7026995.2010281375,1530573.3567460796,-489449.7146318286,713223.8350885716,0.0,0.0,0.0,0.0,11248784.191388477,3574801.479138362,14823585.67052684,9532926.419230485,15913281.269093791,5395102.20245469,36094790.188847594,0.0,0.0,0.0,0.0,0.0,0.0,0.0,0.0,0.0,0.0,0.0,0.0,0,26.33538672142368,60.0,1.0,0,60.0,False,True,False,False,False,False,False,False,False,False,False,False,False,True,False,False,False,False,False,False,False,False,False,False,True,False,False,False,False,False,False,0.3242236024844721,0.3823884197828709,1,1,4328648.753804218,8759164.588049551,-4458476.032915221,,,49.4185114378368,,75.88436726043955,31.1596981414038,202.6031944236134,,29.071503264192945,40.90565173975922,,6.34045264762552,,,162.9042174191688,,,-100.0,32.421460760082695,0,0,0,1,1,0,1,0,0,0,1,0,0,1,0,1,1,0,1,1,0,0
624,4521,45,452,0.0,5,28,6.25,0.0,0.0,0.0,0.0,0.0,0.0,17696941.193991903,7239049.1334043145,10494936.916722622,5711624.613972619,14751896.664327338,0.0,0.0,0.0,24672445.857143342,0.0,0.0,0.0,936626.1695394691,36100427.35440215,23689402.432255726,17889398.211046387,35463800.705205336,9473299.257317152,2502156.240714975,1764434.9040538718,21066695.29673669,7026995.2010281375,1530573.3567460796,-489449.7146318286,713223.8350885716,0.0,0.0,0.0,0.0,11248784.191388477,3574801.479138362,14823585.67052684,9532926.419230485,15913281.269093791,5395102.20245469,36094790.188847594,0.0,0.0,0.0,0.0,0.0,0.0,0.0,0.0,0.0,0.0,0.0,0.0,0,4.8815879534565365,180.0,1.0,0,180.0,False,False,False,False,True,False,False,False,False,False,False,False,False,False,False,False,True,False,False,False,False,False,False,False,False,True,False,False,False,False,False,0.06459627329192547,0.06031363088057901,1,1,4328648.753804218,8759164.588049551,-4458476.032915221,,,49.4185114378368,,75.88436726043955,31.1596981414038,202.6031944236134,,29.071503264192945,40.90565173975922,,6.34045264762552,,,162.9042174191688,,,-100.0,32.421460760082695,0,0,0,1,1,0,1,0,0,0,1,0,0,1,0,1,1,0,1,1,0,0
625,4529,45,452,0.0,1000,20,0.0,0.0,0.0,0.0,0.0,0.0,0.0,15072057.0,12955442.5,2116614.5,9881872.0,132187510.45499992,0.0,0.0,0.0,167680012.5,0.0,0.0,0.0,169669.5,169966296.5,150274374.25,188446258.0,178557629.25,39119830.75,6927420.5,3747994.25,133575942.5,32146364.25,6437931.5,-1989988.0,2629627.0,0.0,0.0,0.0,0.0,29971441.5,0.0,29971441.5,70096776.75,116381765.5,23612839.25,169966046.25,0.0,0.0,0.0,0.0,0.0,0.0,0.0,0.0,0.0,0.0,0.0,354562.0,0,13.127994524298426,48.0,1.0,0,48.0,False,False,False,False,False,False,False,False,False,True,False,False,False,False,False,False,False,False,False,False,False,True,False,False,False,False,False,False,True,False,False,0.07204968944099378,0.05066344993968637,0,0,27854827.0,51298247.0,-23443169.75,1000.0,1000.0,54.29976388861787,-1000.0,100.0,17.633755701678187,0.0,-500.0,1.2453142438153908,85.95669788138407,500.0,8.773775528948114,500.0,500.0,188.91754875695526,1000.0,1000.0,-99.76405691138655,-20.25611129407515,0,0,0,0,0,0,0,0,0,0,0,0,0,0,0,0,0,0,0,0,0,0
626,4529,45,452,0.0,1000,20,1.0,0.0,0.0,0.0,0.0,0.0,0.0,15072057.0,12955442.5,2116614.5,9881872.0,132187510.45499992,0.0,0.0,0.0,167680012.5,0.0,0.0,0.0,169669.5,169966296.5,150274374.25,188446258.0,178557629.25,39119830.75,6927420.5,3747994.25,133575942.5,32146364.25,6437931.5,-1989988.0,2629627.0,0.0,0.0,0.0,0.0,29971441.5,0.0,29971441.5,70096776.75,116381765.5,23612839.25,169966046.25,0.0,0.0,0.0,0.0,0.0,0.0,0.0,0.0,0.0,0.0,0.0,354562.0,0,13.872689938398358,36.0,1.0,0,36.0,False,False,False,False,False,False,False,False,False,True,False,False,False,False,False,False,False,False,False,False,False,True,False,False,False,False,False,False,True,False,False,0.07204968944099378,0.05066344993968637,0,0,27854827.0,51298247.0,-23443169.75,1000.0,1000.0,54.29976388861787,-1000.0,100.0,17.633755701678187,0.0,-500.0,1.2453142438153908,85.95669788138407,500.0,8.773775528948114,500.0,500.0,188.91754875695526,1000.0,1000.0,-99.76405691138655,-20.25611129407515,0,0,0,0,0,0,0,0,0,0,0,0,0,0,0,0,0,0,0,0,0,0
627,4521,45,452,0.0,30,24,1.0,0.0,0.0,0.0,0.0,0.0,0.0,7125868.75,4247993.75,2877875.0,10843082.25,7981473.5,0.0,0.0,0.0,19959189.25,0.0,0.0,0.0,41541.5,22878605.75,12673.0,8601.0,24934910.0,4115611.5,1827075.25,1442441.0,17750482.75,2171419.25,552551.9999999999,-158908.75000000006,167917.75,0.0,0.0,0.0,0.0,5191936.75,7862855.0,13054791.75,5022017.0,6960203.25,2863610.75,22878605.75,0.0,0.0,0.0,0.0,0.0,0.0,0.0,0.0,0.0,0.0,0.0,43107.5,1,4.361396303901437,48.0,1.0,0,48.0,False,False,False,False,True,False,False,False,False,False,False,False,False,True,False,False,False,False,False,False,False,False,False,False,False,True,False,False,False,False,False,0.02981366459627329,0.3823884197828709,0,0,10176916.75,12998986.0,-2822069.25,1000.0,1000.0,78.29008162636686,-1000.0,39.77035290509326,22.693414129923543,500.0,-368.63364843704704,12.57889152620238,59.61369622475856,389.5325639389897,3.2342025353063097,500.0,500.0,101.85222258250977,1000.0,1000.0,240.15229227491517,47.343332170677826,0,0,0,0,0,0,0,0,0,0,0,0,0,0,0,0,0,0,0,0,0,0
628,4522,45,452,0.0,30,23,1.0,0.0,0.0,0.0,0.0,0.0,0.0,7125868.75,4247993.75,2877875.0,10843082.25,7981473.5,0.0,0.0,0.0,19959189.25,0.0,0.0,0.0,41541.5,22878605.75,12673.0,8601.0,24934910.0,4115611.5,1827075.25,1442441.0,17750482.75,2171419.25,552551.9999999999,-158908.75000000006,167917.75,0.0,0.0,0.0,0.0,5191936.75,7862855.0,13054791.75,5022017.0,6960203.25,2863610.75,22878605.75,0.0,0.0,0.0,0.0,0.0,0.0,0.0,0.0,0.0,0.0,0.0,43107.5,0,4.618754277891855,60.0,1.0,0,60.0,False,False,False,False,True,False,False,False,False,False,False,False,False,True,False,False,False,False,False,False,False,False,False,False,False,True,False,False,False,False,False,0.02981366459627329,0.3823884197828709,0,0,10176916.75,12998986.0,-2822069.25,1000.0,1000.0,78.29008162636686,-1000.0,39.77035290509326,22.693414129923543,500.0,-368.63364843704704,12.57889152620238,59.61369622475856,389.5325639389897,3.2342025353063097,500.0,500.0,101.85222258250977,1000.0,1000.0,240.15229227491517,47.343332170677826,0,0,0,0,0,0,0,0,0,0,0,0,0,0,0,0,0,0,0,0,0,0
629,5533,55,553,12.0,70,39,6.0,0.0,0.0,0.0,0.0,0.0,0.0,17696941.193991903,7239049.1334043145,10494936.916722622,5711624.613972619,14751896.664327338,0.0,0.0,0.0,24672445.857143342,0.0,0.0,0.0,936626.1695394691,36100427.35440215,23689402.432255726,17889398.211046387,35463800.705205336,9473299.257317152,2502156.240714975,1764434.9040538718,21066695.29673669,7026995.2010281375,1530573.3567460796,-489449.7146318286,713223.8350885716,0.0,0.0,0.0,0.0,11248784.191388477,3574801.479138362,14823585.67052684,9532926.419230485,15913281.269093791,5395102.20245469,36094790.188847594,0.0,0.0,0.0,0.0,0.0,0.0,0.0,0.0,0.0,0.0,0.0,0.0,0,17.144421629021217,60.0,1.0,0,60.0,False,False,False,False,False,False,False,False,False,True,False,False,False,False,False,False,False,False,False,False,False,True,False,False,False,False,False,False,True,False,False,0.07204968944099378,0.05066344993968637,1,1,4328648.753804218,8759164.588049551,-4458476.032915221,,,49.4185114378368,,75.88436726043955,31.1596981414038,202.6031944236134,,29.071503264192945,40.90565173975922,,6.34045264762552,,,162.9042174191688,,,-100.0,32.421460760082695,0,0,0,1,1,0,1,0,0,0,1,0,0,1,0,1,1,0,1,1,0,0
630,5152,51,515,0.0,0,34,6.25,0.0,0.0,0.0,0.0,0.0,0.0,17696941.193991903,7239049.1334043145,10494936.916722622,5711624.613972619,14751896.664327338,0.0,0.0,0.0,24672445.857143342,0.0,0.0,0.0,936626.1695394691,36100427.35440215,23689402.432255726,17889398.211046387,35463800.705205336,9473299.257317152,2502156.240714975,1764434.9040538718,21066695.29673669,7026995.2010281375,1530573.3567460796,-489449.7146318286,713223.8350885716,0.0,0.0,0.0,0.0,11248784.191388477,3574801.479138362,14823585.67052684,9532926.419230485,15913281.269093791,5395102.20245469,36094790.188847594,0.0,0.0,0.0,0.0,0.0,0.0,0.0,0.0,0.0,0.0,0.0,0.0,0,6.910335386721424,180.0,1.0,0,180.0,False,False,False,False,False,False,False,False,False,False,False,True,False,False,False,False,False,False,False,False,False,False,False,True,False,False,False,False,False,True,False,0.07080745341614907,0.054282267792521106,1,1,4328648.753804218,8759164.588049551,-4458476.032915221,,,49.4185114378368,,75.88436726043955,31.1596981414038,202.6031944236134,,29.071503264192945,40.90565173975922,,6.34045264762552,,,162.9042174191688,,,-100.0,32.421460760082695,0,0,0,1,1,0,1,0,0,0,1,0,0,1,0,1,1,0,1,1,0,0
631,5164,51,516,0.0,0,34,5.5,0.0,0.0,0.0,0.0,0.0,0.0,3118615.5,152152.0,2966463.5,641140.5,18590071.5,0.0,0.0,0.0,22155633.5,0.0,0.0,0.0,176676.5,25298773.5,22655.5,22279.0,22626604.0,1015014.0,571070.5,390890.49999999977,20983462.5,420920.5,496496.0,-62062.0,316316.0,0.0,0.0,0.0,0.0,2516514.0,1616615.0,4133129.0,18039521.5,21165644.5,0.0,25298773.5,0.0,0.0,0.0,0.0,0.0,0.0,0.0,0.0,0.0,0.0,0.0,45208.0,0,6.8583162217659135,84.0,1.0,0,84.0,False,True,False,False,False,False,False,False,False,False,False,False,False,False,False,False,False,False,False,False,False,False,False,True,False,False,False,False,False,True,False,0.3242236024844721,0.054282267792521106,0,0,1166665.5,989989.0,176676.5,1000.0,1000.0,117.84630940343781,1000.0,60.88641317510293,9.947177874057807,413.5723431498082,-137.28101221022828,11.725720616455972,4.878831648210561,500.0,12.569610182975339,500.0,500.0,309.4926654740608,1000.0,1000.0,99.54536426033414,1.6899322231698013,0,0,0,0,0,0,0,0,0,0,0,0,0,0,0,0,0,0,0,0,0,0
632,122,1,12,0.0,22,7,5.5,0.0,0.0,0.0,0.0,0.0,0.0,17696941.193991903,7239049.1334043145,10494936.916722622,5711624.613972619,14751896.664327338,0.0,0.0,0.0,24672445.857143342,0.0,0.0,0.0,936626.1695394691,36100427.35440215,23689402.432255726,17889398.211046387,35463800.705205336,9473299.257317152,2502156.240714975,1764434.9040538718,21066695.29673669,7026995.2010281375,1530573.3567460796,-489449.7146318286,713223.8350885716,0.0,0.0,0.0,0.0,11248784.191388477,3574801.479138362,14823585.67052684,9532926.419230485,15913281.269093791,5395102.20245469,36094790.188847594,0.0,0.0,0.0,0.0,0.0,0.0,0.0,0.0,0.0,0.0,0.0,0.0,1,9.215605749486652,60.0,3.0,0,20.0,False,False,False,False,False,False,False,False,True,False,False,False,False,False,False,False,False,False,False,False,True,False,False,False,True,False,False,False,False,False,False,0.08074534161490683,0.07117008443908324,1,1,4328648.753804218,8759164.588049551,-4458476.032915221,,,49.4185114378368,,75.88436726043955,31.1596981414038,202.6031944236134,,29.071503264192945,40.90565173975922,,6.34045264762552,,,162.9042174191688,,,-100.0,32.421460760082695,0,0,0,1,1,0,1,0,0,0,1,0,0,1,0,1,1,0,1,1,0,0
633,4529,45,452,0.0,0,22,1.0,0.0,0.0,0.0,0.0,0.0,0.0,17696941.193991903,7239049.1334043145,10494936.916722622,5711624.613972619,14751896.664327338,0.0,0.0,0.0,24672445.857143342,0.0,0.0,0.0,936626.1695394691,36100427.35440215,23689402.432255726,17889398.211046387,35463800.705205336,9473299.257317152,2502156.240714975,1764434.9040538718,21066695.29673669,7026995.2010281375,1530573.3567460796,-489449.7146318286,713223.8350885716,0.0,0.0,0.0,0.0,11248784.191388477,3574801.479138362,14823585.67052684,9532926.419230485,15913281.269093791,5395102.20245469,36094790.188847594,0.0,0.0,0.0,0.0,0.0,0.0,0.0,0.0,0.0,0.0,0.0,0.0,0,10.784394250513348,48.0,1.0,0,48.0,False,False,False,False,False,False,False,False,False,False,False,True,False,False,False,False,False,False,False,False,False,False,False,True,False,False,False,False,False,True,False,0.011180124223602485,0.010856453558504222,1,1,4328648.753804218,8759164.588049551,-4458476.032915221,,,49.4185114378368,,75.88436726043955,31.1596981414038,202.6031944236134,,29.071503264192945,40.90565173975922,,6.34045264762552,,,162.9042174191688,,,-100.0,32.421460760082695,0,0,0,1,1,0,1,0,0,0,1,0,0,1,0,1,1,0,1,1,0,0
634,1825,18,182,1.0,1000,23,5.0,0.0,0.0,0.0,0.0,0.0,0.0,16691174.5,8761502.75,7929671.75,9175916.75,21963441.5,0.0,0.0,0.0,33898865.0,0.0,0.0,0.0,1305804.5,43134341.25,110137527.5,95771175.5,107762905.25,30109079.0,7163156.0,5176921.75,73605782.25,22718946.25,5764258.5,-652652.0,3190187.0,0.0,0.0,0.0,0.0,18902383.5,3378375.0,22280758.5,18095827.75,20208938.75,644644.0,43134341.25,0.0,0.0,0.0,0.0,0.0,0.0,0.0,0.0,0.0,0.0,0.0,216081.5,0,11.783709787816564,48.0,1.0,0,48.0,False,True,False,False,False,False,False,False,False,False,False,False,False,True,False,False,False,False,False,False,False,False,False,False,True,False,False,False,False,False,False,0.3242236024844721,0.3823884197828709,0,0,14351086.75,13689926.25,661160.5,1000.0,1000.0,104.82954026140207,1000.0,84.83725318417683,43.8221216604299,65.25837482476918,-302.0397396352765,18.383662576509153,52.49182884044499,500.0,16.877167897900282,500.0,500.0,88.50524769743888,1000.0,1000.0,-99.80380756232248,15.000705509770004,0,0,0,0,0,0,0,0,0,0,0,0,0,0,0,0,0,0,0,0,0,0
635,5151,51,515,120.0,30,22,1.0,0.0,0.0,0.0,0.0,0.0,0.0,43850056.25,12918405.5,30931650.75,438438.0,108088730.75,0.0,0.0,0.0,244788293.75,0.0,0.0,0.0,8491733.25,284211677.75,213573360.0,225825600.0,233912812.3582249,7250743.5,3651147.5,1092091.0,133575942.5,2990237.25,-1256004.7499999998,-2351098.75,-2752831.5815,0.0,0.0,0.0,0.0,22883610.75,5051046.0,27934656.75,79054976.0,174765387.57177484,39808769.0,284211677.75,0.0,0.0,0.0,0.0,0.0,0.0,0.0,0.0,0.0,0.0,0.0,453932.0542499997,0,18.080766598220396,48.0,1.0,0,48.0,False,True,False,False,False,False,False,False,False,False,False,False,False,True,False,False,False,False,False,False,False,False,False,False,True,False,False,False,False,False,False,0.3242236024844721,0.3823884197828709,0,0,-2996994.0,70022906.17822516,-31317035.75,-1000.0,1000.0,-4.280019444454259,-1000.0,81.91835308661884,8.051608199621207,462.51145737855177,-500.0,10.883314505186618,29.460408046796978,-500.0,-12.029708124186651,240.58468437625228,500.0,213.06075650561104,347.7121267868695,1000.0,-99.787458485342,-5.425531914893617,0,0,0,0,0,0,0,0,0,0,0,0,0,0,0,0,0,0,0,0,0,0
636,5151,51,515,120.0,30,22,1.0,0.0,0.0,0.0,0.0,0.0,0.0,43850056.25,12918405.5,30931650.75,438438.0,108088730.75,0.0,0.0,0.0,244788293.75,0.0,0.0,0.0,8491733.25,284211677.75,213573360.0,225825600.0,233912812.3582249,7250743.5,3651147.5,1092091.0,133575942.5,2990237.25,-1256004.7499999998,-2351098.75,-2752831.5815,0.0,0.0,0.0,0.0,22883610.75,5051046.0,27934656.75,79054976.0,174765387.57177484,39808769.0,284211677.75,0.0,0.0,0.0,0.0,0.0,0.0,0.0,0.0,0.0,0.0,0.0,453932.0542499997,0,18.091718001368925,48.0,1.0,0,48.0,False,True,False,False,False,False,False,False,False,False,False,False,False,True,False,False,False,False,False,False,False,False,False,False,True,False,False,False,False,False,False,0.3242236024844721,0.3823884197828709,0,0,-2996994.0,70022906.17822516,-31317035.75,-1000.0,1000.0,-4.280019444454259,-1000.0,81.91835308661884,8.051608199621207,462.51145737855177,-500.0,10.883314505186618,29.460408046796978,-500.0,-12.029708124186651,240.58468437625228,500.0,213.06075650561104,347.7121267868695,1000.0,-99.787458485342,-5.425531914893617,0,0,0,0,0,0,0,0,0,0,0,0,0,0,0,0,0,0,0,0,0,0
637,4529,45,452,1.0,119,22,1.0,0.0,0.0,0.0,0.0,0.0,0.0,3578324.75,1444443.0,2133881.750000001,0.0,3773770.0,0.0,0.0,0.0,4469715.25,0.0,0.0,0.0,3974720.75,10578317.75,1705954.25,3956452.5,7813305.5,2070818.75,1344593.25,1282281.0,4365861.500000002,726225.4999999991,951450.5,-15765.75,935684.75,0.0,0.0,0.0,0.0,7409151.75,14014.0,7423165.75,2861608.75,3141638.5,13513.5,10578317.75,0.0,0.0,0.0,0.0,0.0,0.0,0.0,0.0,0.0,0.0,0.0,15611.0,0,7.028062970568104,60.0,3.0,0,20.0,False,False,False,False,False,False,False,True,False,False,False,False,False,False,False,False,False,False,False,True,False,False,False,False,False,False,True,False,False,False,False,0.002484472049689441,0.0024125452352231603,0,0,5289283.999999999,1328076.75,3961207.25,1000.0,1000.0,398.2664405502166,1000.0,99.81121262178472,70.04092640344443,1.092896174863388,-100.99128819422202,20.172222090795117,40.36645919295056,500.0,12.628770223258012,500.0,500.0,235.96239825748012,0.0,1000.0,-99.08491098163975,-56.88172043010753,0,0,0,0,0,0,0,0,0,0,0,0,0,0,0,0,0,0,0,0,0,0
638,4529,45,452,1.0,119,22,1.0,0.0,0.0,0.0,0.0,0.0,0.0,3578324.75,1444443.0,2133881.750000001,0.0,3773770.0,0.0,0.0,0.0,4469715.25,0.0,0.0,0.0,3974720.75,10578317.75,1705954.25,3956452.5,7813305.5,2070818.75,1344593.25,1282281.0,4365861.500000002,726225.4999999991,951450.5,-15765.75,935684.75,0.0,0.0,0.0,0.0,7409151.75,14014.0,7423165.75,2861608.75,3141638.5,13513.5,10578317.75,0.0,0.0,0.0,0.0,0.0,0.0,0.0,0.0,0.0,0.0,0.0,15611.0,0,7.028062970568104,60.0,3.0,0,20.0,False,False,False,False,False,False,False,True,False,False,False,False,False,False,False,False,False,False,False,True,False,False,False,False,False,False,True,False,False,False,False,0.002484472049689441,0.0024125452352231603,0,0,5289283.999999999,1328076.75,3961207.25,1000.0,1000.0,398.2664405502166,1000.0,99.81121262178472,70.04092640344443,1.092896174863388,-100.99128819422202,20.172222090795117,40.36645919295056,500.0,12.628770223258012,500.0,500.0,235.96239825748012,0.0,1000.0,-99.08491098163975,-56.88172043010753,0,0,0,0,0,0,0,0,0,0,0,0,0,0,0,0,0,0,0,0,0,0
639,4529,45,452,10.0,0,23,6.5,0.0,0.0,0.0,0.0,0.0,0.0,677176.5,68568.49999999907,608608.0,1078077.0,2262760.5,0.0,0.0,0.0,3981477.5,0.0,0.0,0.0,97597.5,4687683.0,948948.0,0.0,8518510.0,1164163.0,549048.5,472472.0,7301794.5,605104.5000000009,480480.0,0.0,403903.5,0.0,0.0,0.0,0.0,959458.5,0.0,959458.5,2817314.5,3607604.0,120620.5,4687683.0,0.0,0.0,0.0,0.0,0.0,0.0,0.0,0.0,0.0,0.0,0.0,15888.0,0,3.8302532511978096,60.0,1.0,0,60.0,False,False,False,False,False,False,False,False,False,False,False,True,False,False,False,False,False,False,False,False,False,False,False,True,False,False,False,False,False,True,False,0.011180124223602485,0.010856453558504222,0,0,350850.5,373873.5,-23023.0,1000.0,1000.0,93.84203480589022,-521.6691842900302,100.0,20.467648942985267,0.0,0.0,12.98313047191971,10.125646711012427,500.0,42.09702660406886,500.0,500.0,138.90191239975326,1000.0,1000.0,-98.32572490800338,,0,0,0,0,0,0,0,0,0,0,0,0,0,0,0,0,0,0,0,0,0,1
640,123,1,12,3.0,0,7,5.5,65.0,0.0,0.0,100.0,0.0,0.0,0.0,0.0,0.0,0.0,0.0,50.0,0.0,0.0,0.0,100.0,0.0,0.0,0.0,0.0,0.0,0.0,0.0,0.0,0.0,0.0,0.0,0.0,0.0,0.0,0.0,30.0,0.0,0.0,1.0,0.0,0.0,0.0,0.0,0.0,0.0,0.0,100.0,0.0,0.0,32.0201,0.0,0.0,42.4875,33.0,0.0,0.0,1.0,0.0,0,4.980150581793292,60.0,12.0,0,5.0,False,False,False,False,False,False,False,False,False,False,False,False,False,False,False,True,False,False,False,False,False,False,False,False,False,True,False,False,False,False,False,0.07080745341614907,0.020506634499396863,0,0,0.0,0.0,0.0,,,,,,,,,,,,,,,,,,,,0,0,0,1,1,1,1,1,1,1,1,1,1,1,1,1,1,1,1,1,1,1
641,123,1,12,3.0,0,7,5.5,65.0,0.0,0.0,100.0,0.0,0.0,0.0,0.0,0.0,0.0,0.0,50.0,0.0,0.0,0.0,100.0,0.0,0.0,0.0,0.0,0.0,0.0,0.0,0.0,0.0,0.0,0.0,0.0,0.0,0.0,0.0,30.0,0.0,0.0,1.0,0.0,0.0,0.0,0.0,0.0,0.0,0.0,100.0,0.0,0.0,32.0201,0.0,0.0,42.4875,33.0,0.0,0.0,1.0,0.0,0,5.021218343600274,24.0,12.0,0,2.0,False,False,False,False,False,False,False,False,False,False,False,False,False,False,False,True,False,False,False,False,False,False,False,False,False,True,False,False,False,False,False,0.07080745341614907,0.020506634499396863,0,0,0.0,0.0,0.0,,,,,,,,,,,,,,,,,,,,0,0,0,1,1,1,1,1,1,1,1,1,1,1,1,1,1,1,1,1,1,1
642,123,1,12,3.0,0,7,5.5,65.0,0.0,0.0,100.0,0.0,0.0,0.0,0.0,0.0,0.0,0.0,50.0,0.0,0.0,0.0,100.0,0.0,0.0,0.0,0.0,0.0,0.0,0.0,0.0,0.0,0.0,0.0,0.0,0.0,0.0,0.0,30.0,0.0,0.0,1.0,0.0,0.0,0.0,0.0,0.0,0.0,0.0,100.0,0.0,0.0,32.0201,0.0,0.0,42.4875,33.0,0.0,0.0,1.0,0.0,1,5.021218343600274,60.0,12.0,0,5.0,False,False,False,False,False,False,False,False,False,False,False,False,False,False,False,True,False,False,False,False,False,False,False,False,False,True,False,False,False,False,False,0.07080745341614907,0.020506634499396863,0,0,0.0,0.0,0.0,,,,,,,,,,,,,,,,,,,,0,0,0,1,1,1,1,1,1,1,1,1,1,1,1,1,1,1,1,1,1,1
643,123,1,12,3.0,0,7,5.5,65.0,0.0,0.0,100.0,0.0,0.0,0.0,0.0,0.0,0.0,0.0,50.0,0.0,0.0,0.0,100.0,0.0,0.0,0.0,0.0,0.0,0.0,0.0,0.0,0.0,0.0,0.0,0.0,0.0,0.0,0.0,30.0,0.0,0.0,1.0,0.0,0.0,0.0,0.0,0.0,0.0,0.0,100.0,0.0,0.0,32.0201,0.0,0.0,42.4875,33.0,0.0,0.0,1.0,0.0,0,5.021218343600274,24.0,12.0,0,2.0,False,False,False,False,False,False,False,False,False,False,False,False,False,False,False,True,False,False,False,False,False,False,False,False,False,True,False,False,False,False,False,0.07080745341614907,0.020506634499396863,0,0,0.0,0.0,0.0,,,,,,,,,,,,,,,,,,,,0,0,0,1,1,1,1,1,1,1,1,1,1,1,1,1,1,1,1,1,1,1
644,123,1,12,3.0,0,7,5.5,65.0,0.0,0.0,100.0,0.0,0.0,0.0,0.0,0.0,0.0,0.0,50.0,0.0,0.0,0.0,100.0,0.0,0.0,0.0,0.0,0.0,0.0,0.0,0.0,0.0,0.0,0.0,0.0,0.0,0.0,0.0,30.0,0.0,0.0,1.0,0.0,0.0,0.0,0.0,0.0,0.0,0.0,100.0,0.0,0.0,32.0201,0.0,0.0,42.4875,33.0,0.0,0.0,1.0,0.0,1,5.021218343600274,60.0,12.0,0,5.0,False,False,False,False,False,False,False,False,False,False,False,False,False,False,False,True,False,False,False,False,False,False,False,False,False,True,False,False,False,False,False,0.07080745341614907,0.020506634499396863,0,0,0.0,0.0,0.0,,,,,,,,,,,,,,,,,,,,0,0,0,1,1,1,1,1,1,1,1,1,1,1,1,1,1,1,1,1,1,1
645,123,1,12,3.0,0,7,5.5,65.0,0.0,0.0,100.0,0.0,0.0,0.0,0.0,0.0,0.0,0.0,50.0,0.0,0.0,0.0,100.0,0.0,0.0,0.0,0.0,0.0,0.0,0.0,0.0,0.0,0.0,0.0,0.0,0.0,0.0,0.0,30.0,0.0,0.0,1.0,0.0,0.0,0.0,0.0,0.0,0.0,0.0,100.0,0.0,0.0,32.0201,0.0,0.0,42.4875,33.0,0.0,0.0,1.0,0.0,0,5.021218343600274,24.0,12.0,0,2.0,False,False,False,False,False,False,False,False,False,False,False,False,False,False,False,True,False,False,False,False,False,False,False,False,False,True,False,False,False,False,False,0.07080745341614907,0.020506634499396863,0,0,0.0,0.0,0.0,,,,,,,,,,,,,,,,,,,,0,0,0,1,1,1,1,1,1,1,1,1,1,1,1,1,1,1,1,1,1,1
646,123,1,12,3.0,0,7,5.5,65.0,0.0,0.0,100.0,0.0,0.0,0.0,0.0,0.0,0.0,0.0,50.0,0.0,0.0,0.0,100.0,0.0,0.0,0.0,0.0,0.0,0.0,0.0,0.0,0.0,0.0,0.0,0.0,0.0,0.0,0.0,30.0,0.0,0.0,1.0,0.0,0.0,0.0,0.0,0.0,0.0,0.0,100.0,0.0,0.0,32.0201,0.0,0.0,42.4875,33.0,0.0,0.0,1.0,0.0,1,5.021218343600274,60.0,12.0,0,5.0,False,False,False,False,False,False,False,False,False,False,False,False,False,False,False,True,False,False,False,False,False,False,False,False,False,True,False,False,False,False,False,0.07080745341614907,0.020506634499396863,0,0,0.0,0.0,0.0,,,,,,,,,,,,,,,,,,,,0,0,0,1,1,1,1,1,1,1,1,1,1,1,1,1,1,1,1,1,1,1
647,123,1,12,3.0,0,7,5.5,65.0,0.0,0.0,100.0,0.0,0.0,0.0,0.0,0.0,0.0,0.0,50.0,0.0,0.0,0.0,100.0,0.0,0.0,0.0,0.0,0.0,0.0,0.0,0.0,0.0,0.0,0.0,0.0,0.0,0.0,0.0,30.0,0.0,0.0,1.0,0.0,0.0,0.0,0.0,0.0,0.0,0.0,100.0,0.0,0.0,32.0201,0.0,0.0,42.4875,33.0,0.0,0.0,1.0,0.0,0,5.021218343600274,24.0,12.0,0,2.0,False,False,False,False,False,False,False,False,False,False,False,False,False,False,False,True,False,False,False,False,False,False,False,False,False,True,False,False,False,False,False,0.07080745341614907,0.020506634499396863,0,0,0.0,0.0,0.0,,,,,,,,,,,,,,,,,,,,0,0,0,1,1,1,1,1,1,1,1,1,1,1,1,1,1,1,1,1,1,1
648,123,1,12,3.0,0,7,5.5,65.0,0.0,0.0,100.0,0.0,0.0,0.0,0.0,0.0,0.0,0.0,50.0,0.0,0.0,0.0,100.0,0.0,0.0,0.0,0.0,0.0,0.0,0.0,0.0,0.0,0.0,0.0,0.0,0.0,0.0,0.0,30.0,0.0,0.0,1.0,0.0,0.0,0.0,0.0,0.0,0.0,0.0,100.0,0.0,0.0,32.0201,0.0,0.0,42.4875,33.0,0.0,0.0,1.0,0.0,1,5.021218343600274,60.0,12.0,0,5.0,False,False,False,False,False,False,False,False,False,False,False,False,False,False,False,True,False,False,False,False,False,False,False,False,False,True,False,False,False,False,False,0.07080745341614907,0.020506634499396863,0,0,0.0,0.0,0.0,,,,,,,,,,,,,,,,,,,,0,0,0,1,1,1,1,1,1,1,1,1,1,1,1,1,1,1,1,1,1,1
649,123,1,12,3.0,0,7,5.5,65.0,0.0,0.0,100.0,0.0,0.0,0.0,0.0,0.0,0.0,0.0,50.0,0.0,0.0,0.0,100.0,0.0,0.0,0.0,0.0,0.0,0.0,0.0,0.0,0.0,0.0,0.0,0.0,0.0,0.0,0.0,30.0,0.0,0.0,1.0,0.0,0.0,0.0,0.0,0.0,0.0,0.0,100.0,0.0,0.0,32.0201,0.0,0.0,42.4875,33.0,0.0,0.0,1.0,0.0,0,5.021218343600274,24.0,12.0,0,2.0,False,False,False,False,False,False,False,False,False,False,False,False,False,False,False,True,False,False,False,False,False,False,False,False,False,True,False,False,False,False,False,0.07080745341614907,0.020506634499396863,0,0,0.0,0.0,0.0,,,,,,,,,,,,,,,,,,,,0,0,0,1,1,1,1,1,1,1,1,1,1,1,1,1,1,1,1,1,1,1
650,123,1,12,3.0,0,7,5.5,65.0,0.0,0.0,100.0,0.0,0.0,0.0,0.0,0.0,0.0,0.0,50.0,0.0,0.0,0.0,100.0,0.0,0.0,0.0,0.0,0.0,0.0,0.0,0.0,0.0,0.0,0.0,0.0,0.0,0.0,0.0,30.0,0.0,0.0,1.0,0.0,0.0,0.0,0.0,0.0,0.0,0.0,100.0,0.0,0.0,32.0201,0.0,0.0,42.4875,33.0,0.0,0.0,1.0,0.0,1,5.021218343600274,60.0,12.0,0,5.0,False,False,False,False,False,False,False,False,False,False,False,False,False,False,False,True,False,False,False,False,False,False,False,False,False,True,False,False,False,False,False,0.07080745341614907,0.020506634499396863,0,0,0.0,0.0,0.0,,,,,,,,,,,,,,,,,,,,0,0,0,1,1,1,1,1,1,1,1,1,1,1,1,1,1,1,1,1,1,1
651,2121,21,212,10.0,6,36,8.5,0.0,0.0,0.0,0.0,0.0,0.0,17696941.193991903,7239049.1334043145,10494936.916722622,5711624.613972619,14751896.664327338,0.0,0.0,0.0,24672445.857143342,0.0,0.0,0.0,936626.1695394691,36100427.35440215,23689402.432255726,17889398.211046387,35463800.705205336,9473299.257317152,2502156.240714975,1764434.9040538718,21066695.29673669,7026995.2010281375,1530573.3567460796,-489449.7146318286,713223.8350885716,0.0,0.0,0.0,0.0,11248784.191388477,3574801.479138362,14823585.67052684,9532926.419230485,15913281.269093791,5395102.20245469,36094790.188847594,0.0,0.0,0.0,0.0,0.0,0.0,0.0,0.0,0.0,0.0,0.0,0.0,1,4.030116358658453,144.0,1.0,0,144.0,False,False,False,False,False,False,False,False,False,True,False,False,False,False,False,False,False,False,False,False,False,True,False,False,False,False,False,False,True,False,False,0.011180124223602485,0.010856453558504222,1,1,4328648.753804218,8759164.588049551,-4458476.032915221,,,49.4185114378368,,75.88436726043955,31.1596981414038,202.6031944236134,,29.071503264192945,40.90565173975922,,6.34045264762552,,,162.9042174191688,,,-100.0,32.421460760082695,0,0,0,1,1,0,1,0,0,0,1,0,0,1,0,1,1,0,1,1,0,0
652,5166,51,516,15.0,0,9,6.5,0.0,0.0,0.0,0.0,0.0,0.0,17696941.193991903,7239049.1334043145,10494936.916722622,5711624.613972619,14751896.664327338,0.0,0.0,0.0,24672445.857143342,0.0,0.0,0.0,936626.1695394691,36100427.35440215,23689402.432255726,17889398.211046387,35463800.705205336,9473299.257317152,2502156.240714975,1764434.9040538718,21066695.29673669,7026995.2010281375,1530573.3567460796,-489449.7146318286,713223.8350885716,0.0,0.0,0.0,0.0,11248784.191388477,3574801.479138362,14823585.67052684,9532926.419230485,15913281.269093791,5395102.20245469,36094790.188847594,0.0,0.0,0.0,0.0,0.0,0.0,0.0,0.0,0.0,0.0,0.0,0.0,0,14.984257357973991,120.0,1.0,0,120.0,False,True,False,False,False,False,False,False,False,False,False,False,False,True,False,False,False,False,False,False,False,False,False,False,True,False,False,False,False,False,False,0.3242236024844721,0.3823884197828709,1,1,4328648.753804218,8759164.588049551,-4458476.032915221,,,49.4185114378368,,75.88436726043955,31.1596981414038,202.6031944236134,,29.071503264192945,40.90565173975922,,6.34045264762552,,,162.9042174191688,,,-100.0,32.421460760082695,0,0,0,1,1,0,1,0,0,0,1,0,0,1,0,1,1,0,1,1,0,0
653,5131,51,513,6.0,18,24,1.0,0.0,0.0,0.0,0.0,0.0,0.0,17696941.193991903,7239049.1334043145,10494936.916722622,5711624.613972619,14751896.664327338,0.0,0.0,0.0,24672445.857143342,0.0,0.0,0.0,936626.1695394691,36100427.35440215,23689402.432255726,17889398.211046387,35463800.705205336,9473299.257317152,2502156.240714975,1764434.9040538718,21066695.29673669,7026995.2010281375,1530573.3567460796,-489449.7146318286,713223.8350885716,0.0,0.0,0.0,0.0,11248784.191388477,3574801.479138362,14823585.67052684,9532926.419230485,15913281.269093791,5395102.20245469,36094790.188847594,0.0,0.0,0.0,0.0,0.0,0.0,0.0,0.0,0.0,0.0,0.0,0.0,1,14.053388090349076,120.0,1.0,0,120.0,False,False,False,False,False,False,False,False,True,False,False,False,False,False,False,False,False,False,False,False,True,False,False,False,False,False,False,True,False,False,False,0.08074534161490683,0.07117008443908324,1,1,4328648.753804218,8759164.588049551,-4458476.032915221,,,49.4185114378368,,75.88436726043955,31.1596981414038,202.6031944236134,,29.071503264192945,40.90565173975922,,6.34045264762552,,,162.9042174191688,,,-100.0,32.421460760082695,0,0,0,1,1,0,1,0,0,0,1,0,0,1,0,1,1,0,1,1,0,0
654,3613,36,361,0.0,40,23,1.0,0.0,0.0,0.0,0.0,0.0,0.0,1571069.4999999981,855855.0,715214.5,4384129.75,2223971.75,0.0,0.0,0.0,7471714.25,0.0,0.0,0.0,52802.74999999988,8239731.5,5775487.5,12855.25,13953439.5,1527025.5,549298.7499999998,250750.50000000023,10567306.75,936936.0,468968.5,-139389.25,156906.75,0.0,0.0,0.0,0.0,552802.25,36786.75,589589.0,4963959.0,6386630.25,1263512.25,8239731.5,0.0,0.0,0.0,0.0,0.0,0.0,0.0,0.0,0.0,0.0,0.0,25957.0,1,13.478439425051334,48.0,1.0,0,48.0,False,False,False,False,True,False,False,False,False,False,False,False,False,False,False,False,True,False,False,False,False,False,False,False,False,True,False,False,False,False,False,0.06459627329192547,0.06031363088057901,0,0,-125625.5,1085084.0,-1210709.5,-1000.0,1000.0,-11.57749077490775,-1000.0,93.76061120543294,6.708983781813764,14.670658682634716,-500.0,8.680070461033832,54.47594775406187,500.0,28.38388411045722,500.0,500.0,169.10886399696875,1000.0,1000.0,-99.55056607775535,500.0,0,0,0,0,0,0,0,0,0,0,0,0,0,0,0,0,0,0,0,0,0,0
655,5020,50,502,3.0,0,2,5.5,0.0,0.0,0.0,0.0,0.0,0.0,17696941.193991903,7239049.1334043145,10494936.916722622,5711624.613972619,14751896.664327338,0.0,0.0,0.0,24672445.857143342,0.0,0.0,0.0,936626.1695394691,36100427.35440215,23689402.432255726,17889398.211046387,35463800.705205336,9473299.257317152,2502156.240714975,1764434.9040538718,21066695.29673669,7026995.2010281375,1530573.3567460796,-489449.7146318286,713223.8350885716,0.0,0.0,0.0,0.0,11248784.191388477,3574801.479138362,14823585.67052684,9532926.419230485,15913281.269093791,5395102.20245469,36094790.188847594,0.0,0.0,0.0,0.0,0.0,0.0,0.0,0.0,0.0,0.0,0.0,0.0,0,17.26488706365503,120.0,1.0,0,120.0,False,True,False,False,False,False,False,False,False,False,False,False,False,True,False,False,False,False,False,False,False,False,False,False,True,False,False,False,False,False,False,0.0012422360248447205,0.0012062726176115801,1,1,4328648.753804218,8759164.588049551,-4458476.032915221,,,49.4185114378368,,75.88436726043955,31.1596981414038,202.6031944236134,,29.071503264192945,40.90565173975922,,6.34045264762552,,,162.9042174191688,,,-100.0,32.421460760082695,0,0,0,1,1,0,1,0,0,0,1,0,0,1,0,1,1,0,1,1,0,0
656,1564,15,156,61.0,120,1,4.82,0.0,0.0,0.0,0.0,0.0,0.0,39182997.26841499,7516141.888255,31666855.38016,5715710.0,35900865.0,0.0,0.0,0.0,55246691.5,0.0,0.0,0.0,171671.5,87085218.38015999,38767.0,38978.0,77473896.5,4752748.0,3454951.5,1002001.0,69947878.0,1158157.000000001,3065562.5,-2066064.0,612612.0,0.0,0.0,0.0,0.0,17468451.0,7507500.0,24975951.0,36951915.0,46439393.0,15669654.0,87084998.0,0.0,0.0,0.0,0.0,0.0,0.0,0.0,0.0,0.0,0.0,0.0,154735.0,0,32.955509924709105,84.0,1.0,0,84.0,False,False,False,False,False,False,False,False,False,False,True,False,False,False,False,False,False,False,False,False,False,False,True,False,False,False,False,False,False,False,False,0.009937888198757764,0.008443908323281062,0,0,-6690904.38016,8807298.5,-15497982.5,-1000.0,1000.0,-75.96999670398364,-1000.0,69.94108452567032,20.059031055929136,500.0,-500.0,36.363065936083636,19.182151474444975,395.91042750508933,3.5069623517276947,500.0,500.0,190.1800280488852,1000.0,1000.0,299.14102200325016,-0.5413310072348504,0,0,0,0,0,0,0,0,0,0,0,0,0,0,0,0,0,0,0,0,0,0
657,1564,15,156,61.0,120,1,4.82,0.0,0.0,0.0,0.0,0.0,0.0,39182997.26841499,7516141.888255,31666855.38016,5715710.0,35900865.0,0.0,0.0,0.0,55246691.5,0.0,0.0,0.0,171671.5,87085218.38015999,38767.0,38978.0,77473896.5,4752748.0,3454951.5,1002001.0,69947878.0,1158157.000000001,3065562.5,-2066064.0,612612.0,0.0,0.0,0.0,0.0,17468451.0,7507500.0,24975951.0,36951915.0,46439393.0,15669654.0,87084998.0,0.0,0.0,0.0,0.0,0.0,0.0,0.0,0.0,0.0,0.0,0.0,154735.0,0,32.309377138945926,84.0,1.0,0,84.0,False,False,False,False,False,False,False,False,False,False,True,False,False,False,False,False,False,False,False,False,False,False,True,False,False,False,False,False,False,False,False,0.009937888198757764,0.008443908323281062,0,0,-6690904.38016,8807298.5,-15497982.5,-1000.0,1000.0,-75.96999670398364,-1000.0,69.94108452567032,20.059031055929136,500.0,-500.0,36.363065936083636,19.182151474444975,395.91042750508933,3.5069623517276947,500.0,500.0,190.1800280488852,1000.0,1000.0,299.14102200325016,-0.5413310072348504,0,0,0,0,0,0,0,0,0,0,0,0,0,0,0,0,0,0,0,0,0,0
658,5170,51,517,0.0,0,1,8.5,0.0,0.0,0.0,0.0,0.0,0.0,17696941.193991903,7239049.1334043145,10494936.916722622,5711624.613972619,14751896.664327338,0.0,0.0,0.0,24672445.857143342,0.0,0.0,0.0,936626.1695394691,36100427.35440215,23689402.432255726,17889398.211046387,35463800.705205336,9473299.257317152,2502156.240714975,1764434.9040538718,21066695.29673669,7026995.2010281375,1530573.3567460796,-489449.7146318286,713223.8350885716,0.0,0.0,0.0,0.0,11248784.191388477,3574801.479138362,14823585.67052684,9532926.419230485,15913281.269093791,5395102.20245469,36094790.188847594,0.0,0.0,0.0,0.0,0.0,0.0,0.0,0.0,0.0,0.0,0.0,0.0,1,4.262833675564682,60.0,1.0,0,60.0,False,False,False,True,False,False,False,False,False,False,False,False,False,False,False,True,False,False,False,False,False,False,False,False,False,True,False,False,False,False,False,0.004968944099378882,0.020506634499396863,1,1,4328648.753804218,8759164.588049551,-4458476.032915221,,,49.4185114378368,,75.88436726043955,31.1596981414038,202.6031944236134,,29.071503264192945,40.90565173975922,,6.34045264762552,,,162.9042174191688,,,-100.0,32.421460760082695,0,0,0,1,1,0,1,0,0,0,1,0,0,1,0,1,1,0,1,1,0,0
659,8511,85,851,11.0,40,23,1.0,0.0,0.0,0.0,0.0,0.0,0.0,17696941.193991903,7239049.1334043145,10494936.916722622,5711624.613972619,14751896.664327338,0.0,0.0,0.0,24672445.857143342,0.0,0.0,0.0,936626.1695394691,36100427.35440215,23689402.432255726,17889398.211046387,35463800.705205336,9473299.257317152,2502156.240714975,1764434.9040538718,21066695.29673669,7026995.2010281375,1530573.3567460796,-489449.7146318286,713223.8350885716,0.0,0.0,0.0,0.0,11248784.191388477,3574801.479138362,14823585.67052684,9532926.419230485,15913281.269093791,5395102.20245469,36094790.188847594,0.0,0.0,0.0,0.0,0.0,0.0,0.0,0.0,0.0,0.0,0.0,0.0,0,24.188911704312115,48.0,1.0,0,48.0,False,False,False,True,False,False,False,False,False,False,False,False,False,False,False,True,False,False,False,False,False,False,False,False,False,False,False,False,False,False,False,0.016149068322981366,0.015681544028950542,1,1,4328648.753804218,8759164.588049551,-4458476.032915221,,,49.4185114378368,,75.88436726043955,31.1596981414038,202.6031944236134,,29.071503264192945,40.90565173975922,,6.34045264762552,,,162.9042174191688,,,-100.0,32.421460760082695,0,0,0,1,1,0,1,0,0,0,1,0,0,1,0,1,1,0,1,1,0,0
660,1521,15,152,12.0,4,4,6.0,0.0,0.0,0.0,0.0,0.0,0.0,17696941.193991903,7239049.1334043145,10494936.916722622,5711624.613972619,14751896.664327338,0.0,0.0,0.0,24672445.857143342,0.0,0.0,0.0,936626.1695394691,36100427.35440215,23689402.432255726,17889398.211046387,35463800.705205336,9473299.257317152,2502156.240714975,1764434.9040538718,21066695.29673669,7026995.2010281375,1530573.3567460796,-489449.7146318286,713223.8350885716,0.0,0.0,0.0,0.0,11248784.191388477,3574801.479138362,14823585.67052684,9532926.419230485,15913281.269093791,5395102.20245469,36094790.188847594,0.0,0.0,0.0,0.0,0.0,0.0,0.0,0.0,0.0,0.0,0.0,0.0,0,5.0102669404517455,72.0,1.0,0,72.0,False,False,False,False,False,False,False,False,False,False,True,False,False,False,False,False,False,False,False,False,False,False,True,False,False,False,False,False,False,False,False,0.04720496894409938,0.007237635705669481,1,1,4328648.753804218,8759164.588049551,-4458476.032915221,,,49.4185114378368,,75.88436726043955,31.1596981414038,202.6031944236134,,29.071503264192945,40.90565173975922,,6.34045264762552,,,162.9042174191688,,,-100.0,32.421460760082695,0,0,0,1,1,0,1,0,0,0,1,0,0,1,0,1,1,0,1,1,0,0
661,5166,51,516,1.0,30,1,5.0,0.0,0.0,0.0,0.0,0.0,0.0,17696941.193991903,7239049.1334043145,10494936.916722622,5711624.613972619,14751896.664327338,0.0,0.0,0.0,24672445.857143342,0.0,0.0,0.0,936626.1695394691,36100427.35440215,23689402.432255726,17889398.211046387,35463800.705205336,9473299.257317152,2502156.240714975,1764434.9040538718,21066695.29673669,7026995.2010281375,1530573.3567460796,-489449.7146318286,713223.8350885716,0.0,0.0,0.0,0.0,11248784.191388477,3574801.479138362,14823585.67052684,9532926.419230485,15913281.269093791,5395102.20245469,36094790.188847594,0.0,0.0,0.0,0.0,0.0,0.0,0.0,0.0,0.0,0.0,0.0,0.0,0,10.57905544147844,84.0,1.0,0,84.0,False,True,False,False,False,False,False,False,False,False,False,False,False,True,False,False,False,False,False,False,False,False,False,False,True,False,False,False,False,False,False,0.3242236024844721,0.3823884197828709,1,1,4328648.753804218,8759164.588049551,-4458476.032915221,,,49.4185114378368,,75.88436726043955,31.1596981414038,202.6031944236134,,29.071503264192945,40.90565173975922,,6.34045264762552,,,162.9042174191688,,,-100.0,32.421460760082695,0,0,0,1,1,0,1,0,0,0,1,0,0,1,0,1,1,0,1,1,0,0
662,1725,17,172,0.0,471,22,0.5,0.0,0.0,0.0,0.0,0.0,0.0,154375971.75,69710535.81992495,74274450.25,49261066.40454999,84977642.75,0.0,0.0,0.0,186364678.5,0.0,0.0,0.0,662912.25,261302041.0,112425813.5,107084477.5,104513158.75,25920895.0,5805549.75,7266259.0,67377810.5,19603834.25,142392.25,-3649348.9782749997,1603101.5,0.0,0.0,0.0,0.0,115229614.50000001,8580071.5,122786624.33333331,50572021.5,75935860.0,46129956.66666666,261302041.0,0.0,0.0,0.0,0.0,0.0,0.0,0.0,0.0,0.0,0.0,0.0,204158.0,1,43.0042984257358,48.0,1.0,0,48.0,False,False,False,False,True,False,False,False,False,False,False,False,False,False,False,False,True,False,False,False,False,False,False,False,False,True,False,False,False,False,False,0.02981366459627329,0.025331724969843185,0,0,48512174.08333331,110428818.5,-45467044.41666666,1000.0,1000.0,43.93071912051048,-1000.0,93.8454128254084,44.09824510325965,118.08100289296047,-500.0,28.424749368873087,45.15633814620827,500.0,1.3912235209291617,500.0,500.0,270.20657995409334,1000.0,1000.0,-99.81840647299386,4.987964758944638,0,0,0,0,0,0,0,0,0,0,0,0,0,0,0,0,0,0,0,0,0,0
663,4521,45,452,5.0,0,33,8.2,0.0,0.0,0.0,0.0,0.0,0.0,17696941.193991903,7239049.1334043145,10494936.916722622,5711624.613972619,14751896.664327338,0.0,0.0,0.0,24672445.857143342,0.0,0.0,0.0,936626.1695394691,36100427.35440215,23689402.432255726,17889398.211046387,35463800.705205336,9473299.257317152,2502156.240714975,1764434.9040538718,21066695.29673669,7026995.2010281375,1530573.3567460796,-489449.7146318286,713223.8350885716,0.0,0.0,0.0,0.0,11248784.191388477,3574801.479138362,14823585.67052684,9532926.419230485,15913281.269093791,5395102.20245469,36094790.188847594,0.0,0.0,0.0,0.0,0.0,0.0,0.0,0.0,0.0,0.0,0.0,0.0,1,4.199863107460644,120.0,3.0,0,40.0,False,False,False,False,False,False,True,False,False,False,False,False,False,False,False,False,False,False,True,False,False,False,False,False,False,False,False,False,False,False,True,0.02608695652173913,0.018094089264173704,1,1,4328648.753804218,8759164.588049551,-4458476.032915221,,,49.4185114378368,,75.88436726043955,31.1596981414038,202.6031944236134,,29.071503264192945,40.90565173975922,,6.34045264762552,,,162.9042174191688,,,-100.0,32.421460760082695,0,0,0,1,1,0,1,0,0,0,1,0,0,1,0,1,1,0,1,1,0,0
664,6062,60,606,2.0,14,23,1.0,100.0,0.0,0.0,100.0,0.0,0.0,2998245.25,1893641.75,1104603.5,0.0,935184.25,100.0,0.0,0.0,1515013.5,100.0,0.0,0.0,17267.25,2636884.25,1245400.75,2172.25,3233230.0,990739.75,762011.25,714964.25,1668416.75,206956.75,162412.25,-38788.75,115365.25,30.0,0.0,0.0,2.0,1351600.25,622371.75,1973972.0,530029.5,641641.0,21271.25,2636884.25,51.0,0.0,0.0,35.79405,0.0,0.0,40.5553,50.5,0.0,0.0,1.0,6460.0,0,4.993839835728953,48.0,1.0,0,48.0,False,False,False,False,False,False,False,False,False,False,True,False,False,True,False,False,False,False,False,False,False,False,False,False,False,False,False,False,False,False,False,0.03229813664596273,0.3823884197828709,0,0,869368.5,873372.5,-4004.0,1000.0,1000.0,99.54154727793696,-223.13312693498452,68.4710953346856,51.2574736642308,87.0493524676234,-500.0,41.890481161620954,63.15833402887906,500.0,8.535456396963525,500.0,500.0,114.36628168591571,0.0,1000.0,-99.48129146381194,500.0,0,0,0,0,0,0,0,0,0,0,0,0,0,0,0,0,0,0,0,0,0,0
665,123,1,12,14.0,0,7,7.0,0.0,0.0,0.0,0.0,0.0,0.0,17696941.193991903,7239049.1334043145,10494936.916722622,5711624.613972619,14751896.664327338,0.0,0.0,0.0,24672445.857143342,0.0,0.0,0.0,936626.1695394691,36100427.35440215,23689402.432255726,17889398.211046387,35463800.705205336,9473299.257317152,2502156.240714975,1764434.9040538718,21066695.29673669,7026995.2010281375,1530573.3567460796,-489449.7146318286,713223.8350885716,0.0,0.0,0.0,0.0,11248784.191388477,3574801.479138362,14823585.67052684,9532926.419230485,15913281.269093791,5395102.20245469,36094790.188847594,0.0,0.0,0.0,0.0,0.0,0.0,0.0,0.0,0.0,0.0,0.0,0.0,0,17.075975359342916,120.0,12.0,0,10.0,False,False,False,False,False,False,False,False,False,False,False,False,False,False,False,False,True,False,False,False,False,False,False,False,False,True,False,False,False,False,False,0.07080745341614907,0.0024125452352231603,1,1,4328648.753804218,8759164.588049551,-4458476.032915221,,,49.4185114378368,,75.88436726043955,31.1596981414038,202.6031944236134,,29.071503264192945,40.90565173975922,,6.34045264762552,,,162.9042174191688,,,-100.0,32.421460760082695,0,0,0,1,1,0,1,0,0,0,1,0,0,1,0,1,1,0,1,1,0,0
666,6042,60,604,2.0,15,25,1.0,100.0,100.0,0.0,100.0,100.0,0.0,1992991.0,638638.0,1354353.0,97597.5,205705.5,100.0,100.0,0.0,546546.0,100.0,100.0,0.0,40040.0,1940939.0,344344.0,84584.5,963963.0,183683.5,61061.0,-25525.5,327827.5,121121.0,-301801.5,-81581.5,-388387.9999999999,100.0,100.0,0.0,2.0,272272.0,780279.5,1052551.5,110110.0,888387.4999999981,0.0,1940939.0,51.0,51.0,0.0,40.5667,40.5667,0.0,36.2243,50.0,50.0,0.0,2.0,1926.0,1,4.484599589322382,60.0,1.0,0,60.0,False,False,False,False,False,False,False,False,False,False,True,False,False,False,False,False,False,False,False,False,False,False,True,False,False,False,False,False,False,False,False,0.04720496894409938,0.04945717732207479,0,0,-301801.5,-341841.49999999814,40040.0,-1000.0,-1000.0,88.28696925329477,1000.0,25.867807893485494,14.027849406910779,-500.0,-500.0,69.77823620422899,32.04419889502763,-500.0,-142.64705882352936,-500.0,500.0,120.91603053435115,1000.0,-1000.0,-99.4406756034663,307.10059171597635,0,0,0,0,0,0,0,0,0,0,0,0,0,0,0,0,0,0,0,0,0,0
667,7023,70,702,0.0,0,1,6.5,0.0,0.0,0.0,0.0,0.0,0.0,17696941.193991903,7239049.1334043145,10494936.916722622,5711624.613972619,14751896.664327338,0.0,0.0,0.0,24672445.857143342,0.0,0.0,0.0,936626.1695394691,36100427.35440215,23689402.432255726,17889398.211046387,35463800.705205336,9473299.257317152,2502156.240714975,1764434.9040538718,21066695.29673669,7026995.2010281375,1530573.3567460796,-489449.7146318286,713223.8350885716,0.0,0.0,0.0,0.0,11248784.191388477,3574801.479138362,14823585.67052684,9532926.419230485,15913281.269093791,5395102.20245469,36094790.188847594,0.0,0.0,0.0,0.0,0.0,0.0,0.0,0.0,0.0,0.0,0.0,0.0,0,23.485284052019164,72.0,1.0,0,72.0,False,False,False,False,False,False,False,False,False,False,False,True,False,False,False,False,False,False,False,False,False,False,False,True,False,False,False,False,False,True,False,0.07080745341614907,0.054282267792521106,1,1,4328648.753804218,8759164.588049551,-4458476.032915221,,,49.4185114378368,,75.88436726043955,31.1596981414038,202.6031944236134,,29.071503264192945,40.90565173975922,,6.34045264762552,,,162.9042174191688,,,-100.0,32.421460760082695,0,0,0,1,1,0,1,0,0,0,1,0,0,1,0,1,1,0,1,1,0,0
668,5136,51,513,0.0,14,23,6.5,0.0,0.0,0.0,0.0,0.0,0.0,17696941.193991903,7239049.1334043145,10494936.916722622,5711624.613972619,14751896.664327338,0.0,0.0,0.0,24672445.857143342,0.0,0.0,0.0,936626.1695394691,36100427.35440215,23689402.432255726,17889398.211046387,35463800.705205336,9473299.257317152,2502156.240714975,1764434.9040538718,21066695.29673669,7026995.2010281375,1530573.3567460796,-489449.7146318286,713223.8350885716,0.0,0.0,0.0,0.0,11248784.191388477,3574801.479138362,14823585.67052684,9532926.419230485,15913281.269093791,5395102.20245469,36094790.188847594,0.0,0.0,0.0,0.0,0.0,0.0,0.0,0.0,0.0,0.0,0.0,0.0,0,5.935660506502396,96.0,1.0,0,96.0,False,False,False,False,False,False,False,False,False,False,False,True,False,False,False,False,False,False,False,False,False,False,False,True,False,False,False,False,False,True,False,0.07080745341614907,0.054282267792521106,1,1,4328648.753804218,8759164.588049551,-4458476.032915221,,,49.4185114378368,,75.88436726043955,31.1596981414038,202.6031944236134,,29.071503264192945,40.90565173975922,,6.34045264762552,,,162.9042174191688,,,-100.0,32.421460760082695,0,0,0,1,1,0,1,0,0,0,1,0,0,1,0,1,1,0,1,1,0,0
669,8511,85,851,0.0,0,24,1.0,0.0,0.0,0.0,0.0,0.0,0.0,17696941.193991903,7239049.1334043145,10494936.916722622,5711624.613972619,14751896.664327338,0.0,0.0,0.0,24672445.857143342,0.0,0.0,0.0,936626.1695394691,36100427.35440215,23689402.432255726,17889398.211046387,35463800.705205336,9473299.257317152,2502156.240714975,1764434.9040538718,21066695.29673669,7026995.2010281375,1530573.3567460796,-489449.7146318286,713223.8350885716,0.0,0.0,0.0,0.0,11248784.191388477,3574801.479138362,14823585.67052684,9532926.419230485,15913281.269093791,5395102.20245469,36094790.188847594,0.0,0.0,0.0,0.0,0.0,0.0,0.0,0.0,0.0,0.0,0.0,0.0,0,3.077344284736482,60.0,1.0,0,60.0,True,False,False,False,False,False,False,False,False,False,False,False,True,False,False,False,False,False,False,False,False,False,False,False,False,False,False,True,False,False,False,0.0012422360248447205,0.0012062726176115801,1,1,4328648.753804218,8759164.588049551,-4458476.032915221,,,49.4185114378368,,75.88436726043955,31.1596981414038,202.6031944236134,,29.071503264192945,40.90565173975922,,6.34045264762552,,,162.9042174191688,,,-100.0,32.421460760082695,0,0,0,1,1,0,1,0,0,0,1,0,0,1,0,1,1,0,1,1,0,0
670,4521,45,452,0.0,59,22,1.0,0.0,0.0,0.0,0.0,0.0,0.0,3512008.5,2917915.0,594093.5,2868866.0,7424166.75,0.0,0.0,0.0,10408398.0,0.0,0.0,0.0,21271.25,11023762.75,3179.5000000037253,3710.25,3064061.0,1109858.75,353603.25,295044.75,427427.0,712712.0,161911.75,-43293.25,103353.25,0.0,0.0,0.0,0.0,1310309.0,14264.25,1324573.25,2492239.75,9350591.25,348598.25,11023762.75,0.0,0.0,0.0,0.0,0.0,0.0,0.0,0.0,0.0,0.0,0.0,6126.5,0,9.522245037645447,60.0,1.0,0,60.0,False,False,False,False,True,False,False,False,False,False,False,False,False,False,False,False,True,False,False,False,False,False,False,False,False,True,False,False,False,False,False,0.004968944099378882,0.06031363088057901,0,0,730479.75,1057806.75,-327327.0,1000.0,1000.0,69.05606813342796,-1000.0,98.92310598904213,11.886222787223899,4.8346055979643765,-500.0,5.389207963496856,83.08393900527291,500.0,7.887700534759358,500.0,500.0,500.0,1000.0,1000.0,92.68752948554244,-14.304965972542947,0,0,0,0,0,0,0,0,0,0,0,0,0,0,0,0,0,0,0,0,0,0
671,7411,74,741,4.0,0,2,6.25,0.0,0.0,0.0,0.0,0.0,0.0,17696941.193991903,7239049.1334043145,10494936.916722622,5711624.613972619,14751896.664327338,0.0,0.0,0.0,24672445.857143342,0.0,0.0,0.0,936626.1695394691,36100427.35440215,23689402.432255726,17889398.211046387,35463800.705205336,9473299.257317152,2502156.240714975,1764434.9040538718,21066695.29673669,7026995.2010281375,1530573.3567460796,-489449.7146318286,713223.8350885716,0.0,0.0,0.0,0.0,11248784.191388477,3574801.479138362,14823585.67052684,9532926.419230485,15913281.269093791,5395102.20245469,36094790.188847594,0.0,0.0,0.0,0.0,0.0,0.0,0.0,0.0,0.0,0.0,0.0,0.0,0,3.2799452429842573,180.0,1.0,0,180.0,False,True,False,False,False,False,False,False,False,False,False,False,False,True,False,False,False,False,False,False,False,False,False,False,True,False,False,False,False,False,False,0.3242236024844721,0.3823884197828709,1,1,4328648.753804218,8759164.588049551,-4458476.032915221,,,49.4185114378368,,75.88436726043955,31.1596981414038,202.6031944236134,,29.071503264192945,40.90565173975922,,6.34045264762552,,,162.9042174191688,,,-100.0,32.421460760082695,0,0,0,1,1,0,1,0,0,0,1,0,0,1,0,1,1,0,1,1,0,0
672,5531,55,553,0.0,0,30,6.25,0.0,0.0,0.0,0.0,0.0,0.0,17696941.193991903,7239049.1334043145,10494936.916722622,5711624.613972619,14751896.664327338,0.0,0.0,0.0,24672445.857143342,0.0,0.0,0.0,936626.1695394691,36100427.35440215,23689402.432255726,17889398.211046387,35463800.705205336,9473299.257317152,2502156.240714975,1764434.9040538718,21066695.29673669,7026995.2010281375,1530573.3567460796,-489449.7146318286,713223.8350885716,0.0,0.0,0.0,0.0,11248784.191388477,3574801.479138362,14823585.67052684,9532926.419230485,15913281.269093791,5395102.20245469,36094790.188847594,0.0,0.0,0.0,0.0,0.0,0.0,0.0,0.0,0.0,0.0,0.0,0.0,0,7.915126625598905,144.0,3.0,0,48.0,False,False,False,False,False,False,False,False,True,False,False,False,False,False,False,False,False,False,False,False,True,False,False,False,False,False,False,True,False,False,False,0.08074534161490683,0.07117008443908324,1,1,4328648.753804218,8759164.588049551,-4458476.032915221,,,49.4185114378368,,75.88436726043955,31.1596981414038,202.6031944236134,,29.071503264192945,40.90565173975922,,6.34045264762552,,,162.9042174191688,,,-100.0,32.421460760082695,0,0,0,1,1,0,1,0,0,0,1,0,0,1,0,1,1,0,1,1,0,0
673,1522,15,152,1.0,66,1,5.0,0.0,0.0,0.0,0.0,0.0,0.0,46916619.75,11534773.25,35381846.5,11859597.75,51339538.25,0.0,0.0,0.0,78263185.0,0.0,0.0,0.0,401651.25,114046682.75,56863056.25,48472173.75,64401086.75,16357341.0,10221461.25,9994985.0,41950408.5,6127621.5,8998990.0,-182682.5,7468240.6798999915,0.0,0.0,0.0,0.0,54381827.5,8830571.75,63212399.25,16977460.5,45419123.75,5415159.75,114046682.75,0.0,0.0,0.0,0.0,0.0,0.0,0.0,0.0,0.0,0.0,0.0,129995.5,1,19.96167008898015,84.0,1.0,0,84.0,False,False,False,False,False,False,False,True,False,False,False,False,False,False,False,False,False,False,False,True,False,False,False,False,False,False,True,False,False,False,False,0.02608695652173913,0.024125452352231604,0,0,27830552.75,32844061.25,-5013508.5,1000.0,1000.0,84.73541849213304,-1000.0,86.03031706631512,47.68383103190259,88.35002503755634,-140.52986449530945,31.02400319486715,24.585686930269524,500.0,13.732971147209042,500.0,500.0,145.6931171480726,1000.0,1000.0,-99.77138847509626,17.310720462582925,0,0,0,0,0,0,0,0,0,0,0,0,0,0,0,0,0,0,0,0,0,0
674,6025,60,602,0.0,10,23,7.0,0.0,0.0,0.0,0.0,0.0,0.0,678678.0,76075.99999999907,602602.0,0.0,1894893.0,0.0,0.0,0.0,2176174.0,0.0,0.0,0.0,65065.0,2843841.0,3210207.0,4133629.5,3958454.5,465465.0,184184.0,158158.0,2205203.0,219719.50000000093,145645.5,0.0,119619.5,0.0,0.0,0.0,0.0,610610.0,161161.0,771771.0,1686685.0,2072070.0,0.0,2843841.0,0.0,0.0,0.0,0.0,0.0,0.0,0.0,0.0,0.0,0.0,0.0,7909.0,0,4.48186173853525,48.0,1.0,0,48.0,False,False,False,False,False,False,False,False,False,True,False,False,False,False,False,False,False,False,False,False,False,True,False,False,False,False,False,False,True,False,False,0.02111801242236025,0.016887816646562123,0,0,169169.0,104104.0,65065.0,1000.0,1000.0,162.5,1000.0,79.11802853437095,21.471312917986623,101.8987341772152,0.0,21.189721928898276,11.209439528023461,500.0,19.59016393442623,500.0,500.0,275.35179300953246,0.0,1000.0,-99.75362959460247,-22.339266254994552,0,0,0,0,0,0,0,0,0,0,0,0,0,0,0,0,0,0,0,0,0,0
675,5534,55,553,3.0,7,2,6.25,0.0,0.0,0.0,0.0,0.0,0.0,17696941.193991903,7239049.1334043145,10494936.916722622,5711624.613972619,14751896.664327338,0.0,0.0,0.0,24672445.857143342,0.0,0.0,0.0,936626.1695394691,36100427.35440215,23689402.432255726,17889398.211046387,35463800.705205336,9473299.257317152,2502156.240714975,1764434.9040538718,21066695.29673669,7026995.2010281375,1530573.3567460796,-489449.7146318286,713223.8350885716,0.0,0.0,0.0,0.0,11248784.191388477,3574801.479138362,14823585.67052684,9532926.419230485,15913281.269093791,5395102.20245469,36094790.188847594,0.0,0.0,0.0,0.0,0.0,0.0,0.0,0.0,0.0,0.0,0.0,0.0,1,3.978097193702943,84.0,1.0,0,84.0,False,True,False,False,False,False,False,False,False,False,False,False,False,True,False,False,False,False,False,False,False,False,False,False,True,False,False,False,False,False,False,0.3242236024844721,0.3823884197828709,1,1,4328648.753804218,8759164.588049551,-4458476.032915221,,,49.4185114378368,,75.88436726043955,31.1596981414038,202.6031944236134,,29.071503264192945,40.90565173975922,,6.34045264762552,,,162.9042174191688,,,-100.0,32.421460760082695,0,0,0,1,1,0,1,0,0,0,1,0,0,1,0,1,1,0,1,1,0,0
676,8040,80,804,6.0,0,1,5.75,0.0,0.0,0.0,0.0,0.0,0.0,663162.5,217217.0,445945.5,0.0,49049.0,0.0,0.0,0.0,108608.5,0.0,0.0,0.0,220220.0,774774.0,760259.5,460460.0,2017515.5,1151650.5,498998.5,426926.5,81081.0,612612.0,432932.5,0.0,360860.5,0.0,0.0,0.0,0.0,447447.0,0.0,447447.0,62562.5,327326.99999999814,0.0,774774.0,0.0,0.0,0.0,0.0,0.0,0.0,0.0,0.0,0.0,0.0,0.0,4031.0,0,5.100616016427105,84.0,1.0,0,84.0,False,False,False,False,False,False,False,False,False,False,False,True,False,False,False,False,False,False,False,False,False,False,False,True,False,False,False,False,False,True,False,0.07080745341614907,0.054282267792521106,0,0,1501.5,-218718.49999999814,220220.0,134.09575787645747,-1000.0,-0.6864988558352462,1000.0,100.0,57.751937984496124,0.0,0.0,57.55813953488372,32.75471698113208,500.0,80.64876957494407,500.0,500.0,277.77777777777777,0.0,-1000.0,-99.46978630322936,65.1086956521739,0,0,0,0,0,0,0,0,0,0,0,0,0,0,0,0,0,0,0,0,0,0
677,1320,13,132,0.0,36,22,1.0,0.0,0.0,0.0,0.0,0.0,0.0,12295283.0,3814060.25,8481222.75,7437430.0,11712951.25,0.0,0.0,0.0,20393373.0,0.0,0.0,0.0,100600.5,28975196.25,7994147.75,13387.75,19404885.5,3339836.5,1590839.25,1318317.0,11154143.0,1394643.25,1204953.75,-133383.25,635635.0,0.0,0.0,0.0,0.0,14662648.0,0.0,14662648.0,7091084.0,9745485.75,4567062.5,28975196.25,0.0,0.0,0.0,0.0,0.0,0.0,0.0,0.0,0.0,0.0,0.0,36029.5,0,23.356605065023956,60.0,1.0,0,60.0,False,False,False,False,True,False,False,False,False,False,False,False,False,False,False,False,True,False,False,False,False,False,False,False,False,True,False,False,False,False,False,0.02981366459627329,0.025331724969843185,0,0,6181425.25,10647887.25,-4466462.0,1000.0,1000.0,58.053068227220386,-1000.0,100.0,50.60413697801961,0.0,-370.20566480245355,29.27063091073973,31.020516160547096,500.0,4.335062807209175,500.0,500.0,228.86475814412637,1000.0,1000.0,-99.5493015499995,500.0,0,0,0,0,0,0,0,0,0,0,0,0,0,0,0,0,0,0,0,0,0,0
678,6033,60,603,3.0,10,23,5.0,0.0,0.0,0.0,0.0,0.0,0.0,17696941.193991903,7239049.1334043145,10494936.916722622,5711624.613972619,14751896.664327338,0.0,0.0,0.0,24672445.857143342,0.0,0.0,0.0,936626.1695394691,36100427.35440215,23689402.432255726,17889398.211046387,35463800.705205336,9473299.257317152,2502156.240714975,1764434.9040538718,21066695.29673669,7026995.2010281375,1530573.3567460796,-489449.7146318286,713223.8350885716,0.0,0.0,0.0,0.0,11248784.191388477,3574801.479138362,14823585.67052684,9532926.419230485,15913281.269093791,5395102.20245469,36094790.188847594,0.0,0.0,0.0,0.0,0.0,0.0,0.0,0.0,0.0,0.0,0.0,0.0,0,5.412731006160164,48.0,1.0,0,48.0,False,True,False,False,False,False,False,False,False,False,False,False,False,True,False,False,False,False,False,False,False,False,False,False,True,False,False,False,False,False,False,0.3242236024844721,0.3823884197828709,1,1,4328648.753804218,8759164.588049551,-4458476.032915221,,,49.4185114378368,,75.88436726043955,31.1596981414038,202.6031944236134,,29.071503264192945,40.90565173975922,,6.34045264762552,,,162.9042174191688,,,-100.0,32.421460760082695,0,0,0,1,1,0,1,0,0,0,1,0,0,1,0,1,1,0,1,1,0,0
679,8021,80,802,24.0,36,7,8.0,0.0,0.0,0.0,0.0,0.0,0.0,17696941.193991903,7239049.1334043145,10494936.916722622,5711624.613972619,14751896.664327338,0.0,0.0,0.0,24672445.857143342,0.0,0.0,0.0,936626.1695394691,36100427.35440215,23689402.432255726,17889398.211046387,35463800.705205336,9473299.257317152,2502156.240714975,1764434.9040538718,21066695.29673669,7026995.2010281375,1530573.3567460796,-489449.7146318286,713223.8350885716,0.0,0.0,0.0,0.0,11248784.191388477,3574801.479138362,14823585.67052684,9532926.419230485,15913281.269093791,5395102.20245469,36094790.188847594,0.0,0.0,0.0,0.0,0.0,0.0,0.0,0.0,0.0,0.0,0.0,0.0,1,5.215605749486653,144.0,1.0,0,144.0,True,False,False,False,False,False,False,False,False,False,False,False,True,False,False,False,False,False,False,False,False,False,False,False,False,False,False,True,False,False,False,0.0012422360248447205,0.0012062726176115801,1,1,4328648.753804218,8759164.588049551,-4458476.032915221,,,49.4185114378368,,75.88436726043955,31.1596981414038,202.6031944236134,,29.071503264192945,40.90565173975922,,6.34045264762552,,,162.9042174191688,,,-100.0,32.421460760082695,0,0,0,1,1,0,1,0,0,0,1,0,0,1,0,1,1,0,1,1,0,0
680,4529,45,452,1.0,0,23,9.0,0.0,0.0,0.0,0.0,0.0,0.0,1809307.5,666165.5,1143142.0,838838.0,372872.5,0.0,0.0,0.0,1361360.0,0.0,0.0,0.0,16016.0,2520518.0,3932929.0,0.0,3731728.0,1256755.5,909408.5,903402.5,1826825.0,330830.5,684183.5,-6006.0,678177.5,0.0,0.0,0.0,0.0,1866364.5,115115.0,1981479.5,252252.0,538037.5,1001.0,2520518.0,0.0,0.0,0.0,0.0,0.0,0.0,0.0,0.0,0.0,0.0,0.0,7456.0,1,5.886379192334018,48.0,1.0,0,48.0,False,False,False,False,False,False,False,True,False,False,False,False,False,False,False,False,False,False,False,True,False,False,False,False,False,False,True,False,False,False,False,0.02608695652173913,0.024125452352231604,0,0,838337.5,823322.5,15015.0,1000.0,1000.0,101.82370820668693,724.9731759656653,94.19045213437737,74.04686258935664,12.742382271468145,-80.55257510729615,45.353455123113584,36.818810511756574,500.0,36.33681952266023,500.0,500.0,49.709589041095896,1000.0,1000.0,-99.81042118990706,,0,0,0,0,0,0,0,0,0,0,0,0,0,0,0,0,0,0,0,0,0,1
681,7134,71,713,0.0,0,22,0.0,0.0,0.0,0.0,0.0,0.0,0.0,12508746.25,8003495.5,4505250.750000001,945444.5,4838583.75,0.0,0.0,0.0,7703445.75,0.0,0.0,0.0,117117.0,12325813.5,7369098.25,14983.25,15210695.5,4576822.25,2210708.5,2058306.25,3433930.5,2308556.25,686435.7500000001,-10010.0,534033.5,0.0,0.0,0.0,0.0,5469964.5,0.0,5469964.5,2038036.0,5717962.25,1137886.75,12325813.5,0.0,0.0,0.0,0.0,0.0,0.0,0.0,0.0,0.0,0.0,0.0,30391.0,0,14.417522245037645,48.0,1.0,0,48.0,False,False,False,False,False,False,False,False,False,True,False,False,False,False,False,False,False,False,False,False,False,True,False,False,False,True,False,False,False,False,False,0.0012422360248447205,0.0012062726176115801,0,0,964713.7499999991,1985483.5,-1020769.75,1000.0,1000.0,48.588353919838625,-1000.0,100.0,44.378121573882325,0.0,-32.93738277779606,36.55134608356683,63.983194958487545,500.0,9.763015829444598,500.0,500.0,213.6598163533013,1000.0,1000.0,-99.58758861710115,500.0,0,0,0,0,0,0,0,0,0,0,0,0,0,0,0,0,0,0,0,0,0,0
682,4529,45,452,0.0,90,24,1.0,0.0,0.0,0.0,0.0,0.0,0.0,8086828.75,2644391.75,5442437.0,0.0,14333319.0,0.0,0.0,0.0,17796278.5,0.0,0.0,0.0,41791.75,23280507.25,7946028.0,17210.0,31767485.75,3160157.000000001,2078326.25,1482981.5,23590066.5,996495.5,1317065.75,-352602.25,721721.0,0.0,0.0,0.0,0.0,4020266.25,68818.75,4089085.0,10975714.75,17794777.0,1396645.25,23280507.25,0.0,0.0,0.0,0.0,0.0,0.0,0.0,0.0,0.0,0.0,0.0,49335.5,0,8.71731690622861,60.0,1.0,0,60.0,False,False,False,False,False,False,False,False,True,False,False,False,False,True,False,False,False,False,False,False,False,False,False,False,False,False,False,True,False,False,False,0.009937888198757764,0.3823884197828709,0,0,-1353352.0,1501.5,-1354853.5,-1000.0,10.956410698178797,-500.0,-1000.0,98.3170134638923,17.268808651065797,4.640566992912588,-500.0,23.377656429715465,32.6999845273093,500.0,17.952069716775597,500.0,500.0,167.4966583922093,0.0,10.956410698178797,-99.37911746598427,500.0,0,0,0,0,0,0,0,0,0,0,0,0,0,0,0,0,0,0,0,0,0,0
683,4550,45,455,0.0,90,24,1.0,0.0,0.0,0.0,0.0,0.0,0.0,8086828.75,2644391.75,5442437.0,0.0,14333319.0,0.0,0.0,0.0,17796278.5,0.0,0.0,0.0,41791.75,23280507.25,7946028.0,17210.0,31767485.75,3160157.000000001,2078326.25,1482981.5,23590066.5,996495.5,1317065.75,-352602.25,721721.0,0.0,0.0,0.0,0.0,4020266.25,68818.75,4089085.0,10975714.75,17794777.0,1396645.25,23280507.25,0.0,0.0,0.0,0.0,0.0,0.0,0.0,0.0,0.0,0.0,0.0,49335.5,0,8.988364134154688,48.0,1.0,0,48.0,False,False,False,False,False,False,False,False,True,False,False,False,False,True,False,False,False,False,False,False,False,False,False,False,False,False,False,True,False,False,False,0.009937888198757764,0.3823884197828709,0,0,-1353352.0,1501.5,-1354853.5,-1000.0,10.956410698178797,-500.0,-1000.0,98.3170134638923,17.268808651065797,4.640566992912588,-500.0,23.377656429715465,32.6999845273093,500.0,17.952069716775597,500.0,500.0,167.4966583922093,0.0,10.956410698178797,-99.37911746598427,500.0,0,0,0,0,0,0,0,0,0,0,0,0,0,0,0,0,0,0,0,0,0,0
684,4550,45,455,0.0,90,23,1.0,0.0,0.0,0.0,0.0,0.0,0.0,8086828.75,2644391.75,5442437.0,0.0,14333319.0,0.0,0.0,0.0,17796278.5,0.0,0.0,0.0,41791.75,23280507.25,7946028.0,17210.0,31767485.75,3160157.000000001,2078326.25,1482981.5,23590066.5,996495.5,1317065.75,-352602.25,721721.0,0.0,0.0,0.0,0.0,4020266.25,68818.75,4089085.0,10975714.75,17794777.0,1396645.25,23280507.25,0.0,0.0,0.0,0.0,0.0,0.0,0.0,0.0,0.0,0.0,0.0,49335.5,0,8.922655715263518,48.0,1.0,0,48.0,False,False,False,False,False,False,False,False,True,False,False,False,False,True,False,False,False,False,False,False,False,False,False,False,False,False,False,True,False,False,False,0.009937888198757764,0.3823884197828709,0,0,-1353352.0,1501.5,-1354853.5,-1000.0,10.956410698178797,-500.0,-1000.0,98.3170134638923,17.268808651065797,4.640566992912588,-500.0,23.377656429715465,32.6999845273093,500.0,17.952069716775597,500.0,500.0,167.4966583922093,0.0,10.956410698178797,-99.37911746598427,500.0,0,0,0,0,0,0,0,0,0,0,0,0,0,0,0,0,0,0,0,0,0,0
685,4529,45,452,3.0,90,24,7.0,0.0,0.0,0.0,0.0,0.0,0.0,8086828.75,2644391.75,5442437.0,0.0,14333319.0,0.0,0.0,0.0,17796278.5,0.0,0.0,0.0,41791.75,23280507.25,7946028.0,17210.0,31767485.75,3160157.000000001,2078326.25,1482981.5,23590066.5,996495.5,1317065.75,-352602.25,721721.0,0.0,0.0,0.0,0.0,4020266.25,68818.75,4089085.0,10975714.75,17794777.0,1396645.25,23280507.25,0.0,0.0,0.0,0.0,0.0,0.0,0.0,0.0,0.0,0.0,0.0,49335.5,1,9.451060917180014,60.0,1.0,0,60.0,False,False,False,False,False,False,False,False,True,False,False,False,False,True,False,False,False,False,False,False,False,False,False,False,False,False,False,True,False,False,False,0.009937888198757764,0.3823884197828709,0,0,-1353352.0,1501.5,-1354853.5,-1000.0,10.956410698178797,-500.0,-1000.0,98.3170134638923,17.268808651065797,4.640566992912588,-500.0,23.377656429715465,32.6999845273093,500.0,17.952069716775597,500.0,500.0,167.4966583922093,0.0,10.956410698178797,-99.37911746598427,500.0,0,0,0,0,0,0,0,0,0,0,0,0,0,0,0,0,0,0,0,0,0,0
686,1743,17,174,0.0,170,23,6.0,0.0,0.0,0.0,0.0,0.0,0.0,17696941.193991903,7239049.1334043145,10494936.916722622,5711624.613972619,14751896.664327338,0.0,0.0,0.0,24672445.857143342,0.0,0.0,0.0,936626.1695394691,36100427.35440215,23689402.432255726,17889398.211046387,35463800.705205336,9473299.257317152,2502156.240714975,1764434.9040538718,21066695.29673669,7026995.2010281375,1530573.3567460796,-489449.7146318286,713223.8350885716,0.0,0.0,0.0,0.0,11248784.191388477,3574801.479138362,14823585.67052684,9532926.419230485,15913281.269093791,5395102.20245469,36094790.188847594,0.0,0.0,0.0,0.0,0.0,0.0,0.0,0.0,0.0,0.0,0.0,0.0,1,6.017796030116359,60.0,1.0,0,60.0,False,False,False,False,False,False,False,False,False,False,False,True,False,False,False,False,False,False,False,False,False,False,False,True,False,False,False,False,False,True,False,0.07080745341614907,0.054282267792521106,1,1,4328648.753804218,8759164.588049551,-4458476.032915221,,,49.4185114378368,,75.88436726043955,31.1596981414038,202.6031944236134,,29.071503264192945,40.90565173975922,,6.34045264762552,,,162.9042174191688,,,-100.0,32.421460760082695,0,0,0,1,1,0,1,0,0,0,1,0,0,1,0,1,1,0,1,1,0,0
687,5138,51,513,10.0,25,23,1.0,0.0,0.0,0.0,0.0,0.0,0.0,17696941.193991903,7239049.1334043145,10494936.916722622,5711624.613972619,14751896.664327338,0.0,0.0,0.0,24672445.857143342,0.0,0.0,0.0,936626.1695394691,36100427.35440215,23689402.432255726,17889398.211046387,35463800.705205336,9473299.257317152,2502156.240714975,1764434.9040538718,21066695.29673669,7026995.2010281375,1530573.3567460796,-489449.7146318286,713223.8350885716,0.0,0.0,0.0,0.0,11248784.191388477,3574801.479138362,14823585.67052684,9532926.419230485,15913281.269093791,5395102.20245469,36094790.188847594,0.0,0.0,0.0,0.0,0.0,0.0,0.0,0.0,0.0,0.0,0.0,0.0,0,11.68788501026694,48.0,1.0,0,48.0,False,False,False,False,False,False,False,False,False,False,True,False,False,False,False,False,False,False,False,False,False,False,True,False,False,False,False,False,False,False,False,0.009937888198757764,0.008443908323281062,1,1,4328648.753804218,8759164.588049551,-4458476.032915221,,,49.4185114378368,,75.88436726043955,31.1596981414038,202.6031944236134,,29.071503264192945,40.90565173975922,,6.34045264762552,,,162.9042174191688,,,-100.0,32.421460760082695,0,0,0,1,1,0,1,0,0,0,1,0,0,1,0,1,1,0,1,1,0,0
688,5142,51,514,0.0,4,5,7.0,0.0,0.0,0.0,0.0,0.0,0.0,17696941.193991903,7239049.1334043145,10494936.916722622,5711624.613972619,14751896.664327338,0.0,0.0,0.0,24672445.857143342,0.0,0.0,0.0,936626.1695394691,36100427.35440215,23689402.432255726,17889398.211046387,35463800.705205336,9473299.257317152,2502156.240714975,1764434.9040538718,21066695.29673669,7026995.2010281375,1530573.3567460796,-489449.7146318286,713223.8350885716,0.0,0.0,0.0,0.0,11248784.191388477,3574801.479138362,14823585.67052684,9532926.419230485,15913281.269093791,5395102.20245469,36094790.188847594,0.0,0.0,0.0,0.0,0.0,0.0,0.0,0.0,0.0,0.0,0.0,0.0,0,12.153319644079398,180.0,1.0,0,180.0,False,False,False,False,False,False,False,False,False,False,False,False,False,False,False,False,False,False,False,False,False,False,False,False,False,False,False,False,False,True,False,0.07080745341614907,0.06031363088057901,1,1,4328648.753804218,8759164.588049551,-4458476.032915221,,,49.4185114378368,,75.88436726043955,31.1596981414038,202.6031944236134,,29.071503264192945,40.90565173975922,,6.34045264762552,,,162.9042174191688,,,-100.0,32.421460760082695,0,0,0,1,1,0,1,0,0,0,1,0,0,1,0,1,1,0,1,1,0,0
689,1571,15,157,2.0,27,20,1.0,0.0,0.0,0.0,0.0,0.0,0.0,6844838.000000002,5924418.5,920419.5,648147.5,9213204.0,0.0,0.0,0.0,14523008.5,0.0,0.0,0.0,1826324.5,17269752.5,15386871.5,14809.0,18161643.5,7617109.5,4244740.5,2531529.0,8043035.0,3372369.0,4022018.0,-770770.0,2308806.5,0.0,0.0,0.0,0.0,8114606.5,0.0,8114606.5,5780775.0,9155146.0,0.0,17269752.5,0.0,0.0,0.0,0.0,0.0,0.0,0.0,0.0,0.0,0.0,0.0,36287.0,0,23.693360711841205,84.0,1.0,0,84.0,False,True,False,False,False,False,False,False,False,False,False,False,False,True,False,False,False,False,False,False,False,False,False,False,True,False,False,False,False,False,False,0.3242236024844721,0.3823884197828709,0,0,7194187.0,5367862.5,1826324.5,1000.0,1000.0,134.02331002331002,1000.0,100.0,46.987393131430224,0.0,-500.0,5.329662367772787,86.55308569757236,500.0,28.452476407820885,500.0,500.0,258.74299937772247,1000.0,1000.0,-99.76416908401426,500.0,0,0,0,0,0,0,0,0,0,0,0,0,0,0,0,0,0,0,0,0,0,0
690,6053,60,605,0.0,0,22,1.0,0.0,0.0,0.0,0.0,0.0,0.0,1176122.0,811663.5000000009,364458.5,0.0,9661628.5,0.0,0.0,0.0,24328687.0,0.0,0.0,0.0,205339.5,24898485.0,26244944.0,26441665.25,31246941.0,6515439.25,2106847.5,1465078.5,8475029.25,4153728.0,2007081.75,-142573.25,1365312.75,0.0,0.0,0.0,0.0,19857455.0,0.0,19857455.0,3600304.5,4446436.0,792792.0,24898485.0,0.0,0.0,0.0,0.0,0.0,0.0,0.0,0.0,0.0,0.0,0.0,31382.0,0,3.4140999315537304,48.0,1.0,0,48.0,False,False,False,True,False,False,False,False,False,False,False,False,False,False,False,True,False,False,False,False,False,False,False,False,False,False,False,False,False,False,False,0.016149068322981366,0.015681544028950542,0,0,19492996.5,19882251.0,-587452.5,1000.0,1000.0,98.04220105661075,-1000.0,100.0,79.75366774323818,0.0,-454.31537186922435,1.4637778162004635,69.01184570988393,500.0,6.87556763945833,500.0,500.0,152.9327606745428,0.0,1000.0,-99.88042649281324,-0.7439820757885134,0,0,0,0,0,0,0,0,0,0,0,0,0,0,0,0,0,0,0,0,0,0
691,4529,45,452,2.0,89,22,7.0,0.0,0.0,0.0,0.0,0.0,0.0,738738.0,342342.0,396396.0,1248247.0,4372117.75,0.0,0.0,0.0,5996490.5,0.0,0.0,0.0,342842.5,6735729.0,2584.5,3834.75,4810055.25,1475724.25,266766.5,262512.25,2953951.0,1208957.75,266766.5,-2252.25,262512.25,0.0,0.0,0.0,0.0,3547043.499999999,30030.0,3577073.5,1038037.0,2870868.0,287787.5,6735729.0,0.0,0.0,0.0,0.0,0.0,0.0,0.0,0.0,0.0,0.0,0.0,8112.5,0,21.853524982888434,48.0,1.0,0,48.0,True,False,False,False,False,False,False,False,False,False,False,False,True,False,False,False,False,False,False,False,False,False,False,False,False,False,False,True,False,False,False,0.002484472049689441,0.0024125452352231603,0,0,3180677.5,3125622.5,55055.0,1000.0,1000.0,101.76140912730185,1000.0,99.16048691758778,52.660127805023016,11.43946615824595,-27.762711864406782,5.884975479268836,46.34146341463415,500.0,7.400874841258645,500.0,500.0,126.50626906133515,1000.0,1000.0,213.8905010640356,-32.603168394289064,0,0,0,0,0,0,0,0,0,0,0,0,0,0,0,0,0,0,0,0,0,0
692,6031,60,603,2.0,15,24,8.0,0.0,0.0,0.0,0.0,0.0,0.0,333333.0,9509.5,323823.5,0.0,0.0,0.0,0.0,0.0,1147646.5,0.0,0.0,0.0,1501.5000000001164,1472971.5,0.0,0.0,3963960.0,138638.5,-499499.0,-535534.9999999998,1838837.0,618618.0,-570069.4999999998,-10510.5,-606105.4999999999,0.0,0.0,0.0,0.0,-32088.65659999998,0.0,0.0,472972.5,1789287.5,128628.5,1472971.5,0.0,0.0,0.0,0.0,0.0,0.0,0.0,0.0,0.0,0.0,0.0,7920.0,0,3.189596167008898,48.0,1.0,0,48.0,False,False,False,False,False,False,True,False,False,False,False,False,False,False,False,False,False,False,True,False,False,False,False,False,False,False,False,False,False,False,True,0.012422360248447204,0.012062726176115802,0,0,-323823.5,-641641.0,-127126.99999999988,-1000.0,-1000.0,50.46801872074883,-1000.0,,-2.17849813115868,-0.0,-132.70833333333334,21.98436969079171,2.8528528528528527,-500.0,500.0,-500.0,0.0,92.59662493195427,0.0,-1000.0,,,0,0,0,0,0,0,0,1,0,0,0,0,0,0,0,0,0,0,0,0,1,1
693,6061,60,606,2.0,15,24,9.0,0.0,0.0,0.0,0.0,0.0,0.0,333333.0,9509.5,323823.5,0.0,0.0,0.0,0.0,0.0,1147646.5,0.0,0.0,0.0,1501.5000000001164,1472971.5,0.0,0.0,3963960.0,138638.5,-499499.0,-535534.9999999998,1838837.0,618618.0,-570069.4999999998,-10510.5,-606105.4999999999,0.0,0.0,0.0,0.0,-32088.65659999998,0.0,0.0,472972.5,1789287.5,128628.5,1472971.5,0.0,0.0,0.0,0.0,0.0,0.0,0.0,0.0,0.0,0.0,0.0,7920.0,0,3.9671457905544147,60.0,1.0,0,60.0,False,False,False,False,False,False,True,False,False,False,False,False,False,False,False,False,False,False,True,False,False,False,False,False,False,False,False,False,False,False,True,0.012422360248447204,0.012062726176115802,0,0,-323823.5,-641641.0,-127126.99999999988,-1000.0,-1000.0,50.46801872074883,-1000.0,,-2.17849813115868,-0.0,-132.70833333333334,21.98436969079171,2.8528528528528527,-500.0,500.0,-500.0,0.0,92.59662493195427,0.0,-1000.0,,,0,0,0,0,0,0,0,1,0,0,0,0,0,0,0,0,0,0,0,0,1,1
694,5154,51,515,4.0,12,23,5.3,0.0,0.0,0.0,0.0,0.0,0.0,2160658.499999998,2150648.5,10010.0,113613.5,843843.0,0.0,0.0,0.0,1156655.5,0.0,0.0,0.0,1252751.5,2419417.0,14977462.5,14984970.0,13755742.0,484484.0,219719.5,121621.5,13203690.5,246245.99999999907,219719.5,0.0,121621.5,0.0,0.0,0.0,0.0,2119117.0,0.0,2119117.0,143143.0,300299.99999999814,0.0,2419417.0,0.0,0.0,0.0,0.0,0.0,0.0,0.0,0.0,0.0,0.0,0.0,27484.0,0,16.361396303901437,48.0,1.0,0,48.0,False,False,False,False,False,False,False,False,False,False,False,True,False,False,False,False,False,False,False,False,False,False,False,True,False,False,False,False,False,False,True,0.002484472049689441,0.0024125452352231603,0,0,2109107.0,856355.5000000019,1252751.5,1000.0,1000.0,246.28872004675574,1000.0,100.0,87.58791890773686,0.0,0.0,0.4137360364087712,99.53671531155905,442.51746470673845,5.739253660840812,442.51746470673845,500.0,3.902808839695235,1000.0,1000.0,-99.8164976210089,-0.0501002004008016,0,0,0,0,0,0,0,0,0,0,0,0,0,0,0,0,0,0,0,0,0,0
695,5138,51,513,6.0,4,25,8.0,0.0,0.0,0.0,0.0,0.0,0.0,3187000.0,1530000.0,1657000.0,2997000.0,15030000.0,0.0,0.0,0.0,22901000.0,0.0,0.0,0.0,277000.0,24835000.0,20951000.0,0.0,21827000.0,1385000.0,246000.0,549000.0,18832000.0,879000.0,41000.0,-63000.0,344000.0,0.0,0.0,0.0,0.0,4236000.0,344000.0,4580000.0,10158000.0,20255000.0,0.0,24835000.0,0.0,0.0,0.0,0.0,0.0,0.0,0.0,0.0,0.0,0.0,0.0,0.0,0,24.13141683778234,120.0,1.0,0,120.0,False,True,False,False,False,False,False,False,False,False,False,False,False,True,False,False,False,False,False,False,False,False,False,False,True,False,False,False,False,False,False,0.3242236024844721,0.3823884197828709,1,0,2923000.0,2646000.0,277000.0,,,110.46863189720332,,92.48908296943232,17.05657338433662,62.659380692167574,,6.672035433863499,48.007530593034204,,8.120868744098205,,,194.1843670348343,,,-100.0,,0,0,0,1,1,0,1,0,0,0,1,0,0,1,0,1,1,0,1,1,0,1
696,5154,51,515,2.0,0,24,5.3,0.0,0.0,0.0,0.0,0.0,0.0,0.0,0.0,0.0,0.0,0.0,0.0,0.0,0.0,0.0,0.0,0.0,0.0,0.0,0.0,0.0,0.0,0.0,0.0,0.0,0.0,0.0,0.0,0.0,0.0,0.0,0.0,0.0,0.0,0.0,0.0,0.0,0.0,0.0,0.0,0.0,0.0,0.0,0.0,0.0,0.0,0.0,0.0,0.0,0.0,0.0,0.0,0.0,0.0,0,25.982203969883642,120.0,1.0,0,120.0,False,False,False,False,False,False,True,False,False,False,False,False,False,False,False,False,False,False,True,False,False,False,False,False,False,False,False,False,False,False,True,0.0037267080745341614,0.0024125452352231603,1,0,0.0,0.0,0.0,,,,,,,,,,,,,,,,,,,,0,0,0,1,1,1,1,1,1,1,1,1,1,1,1,1,1,1,1,1,1,1
697,7023,70,702,2.0,0,4,4.66,0.0,0.0,0.0,0.0,0.0,0.0,17696941.193991903,7239049.1334043145,10494936.916722622,5711624.613972619,14751896.664327338,0.0,0.0,0.0,24672445.857143342,0.0,0.0,0.0,936626.1695394691,36100427.35440215,23689402.432255726,17889398.211046387,35463800.705205336,9473299.257317152,2502156.240714975,1764434.9040538718,21066695.29673669,7026995.2010281375,1530573.3567460796,-489449.7146318286,713223.8350885716,0.0,0.0,0.0,0.0,11248784.191388477,3574801.479138362,14823585.67052684,9532926.419230485,15913281.269093791,5395102.20245469,36094790.188847594,0.0,0.0,0.0,0.0,0.0,0.0,0.0,0.0,0.0,0.0,0.0,0.0,0,7.742642026009582,83.0,3.0,0,27.666666666666668,False,False,False,False,False,False,False,False,False,True,False,False,False,False,False,False,False,False,False,False,False,True,False,False,False,False,False,False,True,False,False,0.07204968944099378,0.05066344993968637,1,1,4328648.753804218,8759164.588049551,-4458476.032915221,,,49.4185114378368,,75.88436726043955,31.1596981414038,202.6031944236134,,29.071503264192945,40.90565173975922,,6.34045264762552,,,162.9042174191688,,,-100.0,32.421460760082695,0,0,0,1,1,0,1,0,0,0,1,0,0,1,0,1,1,0,1,1,0,0
698,1421,14,142,0.0,0,22,1.0,100.0,100.0,0.0,100.0,1.0,0.0,6468962.5,4005501.5000000005,2463460.999999999,387387.0,4897893.0,100.0,100.0,0.0,5910905.0,100.0,100.0,0.0,25525.5,8399891.5,6215209.0,6346840.5,5531025.5,2300298.0,424924.49999999977,746245.5,2525523.0,1005004.0,-99599.5,0.0,221721.5,100.0,100.0,0.0,2.0,4557553.000000001,626125.5,5183678.5,760760.0,2482480.0,733733.0,8399891.5,51.0,51.0,0.0,43.9017,35.6167,0.0,32.9243,100.0,50.0,0.0,2.0,10785.0,0,8.473648186173854,48.0,1.0,0,48.0,False,False,False,False,False,False,False,False,False,False,True,False,False,False,False,False,False,False,False,False,False,False,True,False,False,False,False,False,False,False,False,0.03229813664596273,0.013268998793727383,0,0,2720217.500000001,3428425.0,-708207.5,1000.0,1000.0,79.34306569343067,-1000.0,87.92121270638218,54.25728415658704,83.90342052313883,0.0,29.327295477566572,61.918762088974866,500.0,4.864924225785196,500.0,500.0,108.4423305588585,1000.0,1000.0,-99.82647405742912,-2.0739689298951185,0,0,0,0,0,0,0,0,0,0,0,0,0,0,0,0,0,0,0,0,0,0
699,7210,72,721,1.0,6,9,6.5,0.0,0.0,0.0,0.0,0.0,0.0,104000.0,61000.0,43000.0,466000.0,2072000.0,0.0,0.0,0.0,2783000.0,0.0,0.0,0.0,0.0,2826000.0,2718000.0,2173000.0,3463000.0,416000.0,161000.0,257000.0,2933000.0,255000.0,139000.0,-3000.0,235000.0,0.0,0.0,0.0,0.0,601000.0,0.0,601000.0,847000.0,2198000.0,27000.0,2826000.0,0.0,0.0,0.0,0.0,0.0,0.0,0.0,0.0,0.0,0.0,0.0,0.0,1,12.183436002737851,120.0,1.0,0,120.0,False,True,False,False,False,False,False,False,False,False,False,False,False,True,False,False,False,False,False,False,False,False,False,False,True,False,False,False,False,False,False,0.3242236024844721,0.3823884197828709,1,0,558000.0,585000.0,-27000.0,,,95.38461538461539,,100.0,21.26680820948337,0.0,,1.521585279547063,58.65384615384615,,39.10149750415973,,,103.9618138424821,,,-100.0,25.08053382420617,0,0,0,1,1,0,1,0,0,0,1,0,0,1,0,1,1,0,1,1,0,0
700,6033,60,603,5.0,0,23,1.0,0.0,0.0,0.0,0.0,0.0,0.0,11248000.0,6780000.0,4468000.0,914297.9500000002,7418000.0,0.0,0.0,0.0,8372000.0,0.0,0.0,0.0,86999.99999999988,12927000.0,9448000.0,13180000.0,10579000.0,3487000.0,1121000.0,1363000.0,899000.0,2130000.0,52000.00000000023,-12000.0,294000.0,0.0,0.0,0.0,0.0,721000.0,6753000.0,7474000.0,4154000.0,5453000.0,220452.75,12927000.0,0.0,0.0,0.0,0.0,0.0,0.0,0.0,0.0,0.0,0.0,0.0,0.0,0,11.5564681724846,48.0,1.0,0,48.0,False,True,False,False,False,False,False,False,False,False,False,False,False,True,False,False,False,False,False,False,False,False,False,False,True,False,False,False,False,False,False,0.3242236024844721,0.3823884197828709,1,0,3006000.0,2919000.0,-133452.75000000012,,,102.98047276464544,,9.646775488359646,5.577473505066914,495.4512105649303,,34.563317088264874,60.2773826458037,,40.77669902912621,,,500.0,,,-100.0,-28.315629742033384,0,0,0,1,1,0,1,0,0,0,1,0,0,1,0,1,1,0,1,1,0,0
701,5233,52,523,3.0,4,36,8.75,0.0,0.0,0.0,0.0,0.0,0.0,17696941.193991903,7239049.1334043145,10494936.916722622,5711624.613972619,14751896.664327338,0.0,0.0,0.0,24672445.857143342,0.0,0.0,0.0,936626.1695394691,36100427.35440215,23689402.432255726,17889398.211046387,35463800.705205336,9473299.257317152,2502156.240714975,1764434.9040538718,21066695.29673669,7026995.2010281375,1530573.3567460796,-489449.7146318286,713223.8350885716,0.0,0.0,0.0,0.0,11248784.191388477,3574801.479138362,14823585.67052684,9532926.419230485,15913281.269093791,5395102.20245469,36094790.188847594,0.0,0.0,0.0,0.0,0.0,0.0,0.0,0.0,0.0,0.0,0.0,0.0,0,10.986995208761122,83.0,1.0,0,83.0,False,False,False,False,False,False,False,False,False,True,False,False,False,False,False,False,False,False,False,False,False,True,False,False,False,False,False,False,True,False,False,0.07204968944099378,0.05066344993968637,1,1,4328648.753804218,8759164.588049551,-4458476.032915221,,,49.4185114378368,,75.88436726043955,31.1596981414038,202.6031944236134,,29.071503264192945,40.90565173975922,,6.34045264762552,,,162.9042174191688,,,-100.0,32.421460760082695,0,0,0,1,1,0,1,0,0,0,1,0,0,1,0,1,1,0,1,1,0,0
702,1542,15,154,0.0,110,23,7.0,0.0,0.0,0.0,0.0,0.0,0.0,7506749.25,73573.5,7433175.75,7881623.75,15250735.5,0.0,0.0,0.0,33066283.25,0.0,0.0,0.0,1584082.5,42083541.5,39006502.75,40642.5,83759175.5,1968716.75,1840338.5,1298547.25,74233659.5,76326.25,1811810.0,-204954.75,1270018.75,0.0,0.0,0.0,0.0,3434431.0,5182177.0,8616608.0,25615089.5,31992460.5,1474472.9999999995,42083541.5,0.0,0.0,0.0,0.0,0.0,0.0,0.0,0.0,0.0,0.0,0.0,169393.0,1,8.506502395619439,60.0,1.0,0,60.0,False,False,False,False,True,False,False,False,False,False,False,False,False,False,False,False,True,False,False,False,False,False,False,False,False,True,False,False,False,False,False,0.02981366459627329,0.025331724969843185,0,0,1183432.25,1073822.75,109609.50000000047,1000.0,1000.0,110.20741085993942,232.9459895036995,39.85827137546468,8.16098378982672,399.0749662748121,-120.99363610066531,17.662904511018873,0.98009800980098,500.0,36.979014864471,500.0,500.0,124.22171131143008,1000.0,1000.0,-99.5657313830833,500.0,0,0,0,0,0,0,0,0,0,0,0,0,0,0,0,0,0,0,0,0,0,0
703,2742,27,274,5.0,40,24,6.25,0.0,0.0,0.0,0.0,0.0,0.0,2705202.5,1865864.0,839338.5,2473471.0,3931928.0,0.0,0.0,0.0,16312796.5,0.0,0.0,0.0,18018.0,17170153.0,12779266.5,14303289.0,9195186.0,833833.0,318318.0,305805.49999999977,8158650.5,515014.5,117117.0,0.0,104604.5,0.0,0.0,0.0,0.0,2358356.0,0.0,2358356.0,4253749.5,14811797.0,0.0,17170153.0,0.0,0.0,0.0,0.0,0.0,0.0,0.0,0.0,0.0,0.0,0.0,18372.0,0,14.924024640657084,60.0,1.0,0,60.0,False,True,False,False,False,False,False,False,False,False,False,False,False,True,False,False,False,False,False,False,False,False,False,False,True,False,False,False,False,False,False,0.3242236024844721,0.3823884197828709,0,0,1519017.5,1500999.5,18018.0,1000.0,1000.0,101.20040013337778,353.0633572828217,100.0,13.735206669387278,0.0,0.0,4.888357721681339,68.9731729879741,500.0,4.435483870967742,500.0,500.0,187.69646033985646,1000.0,1000.0,-99.85623588020486,-10.65504933865211,0,0,0,0,0,0,0,0,0,0,0,0,0,0,0,0,0,0,0,0,0,0
704,5141,51,514,2.0,0,2,6.5,0.0,0.0,0.0,0.0,0.0,0.0,38038.0,6506.5,31531.5,16016.0,793292.5,0.0,0.0,0.0,870369.5,0.0,0.0,0.0,60060.00000000012,961961.0,919919.0,479979.5,1102101.0,343843.5,327327.0,281781.5,755755.0,16016.0,323823.5,0.0,278278.0,0.0,0.0,0.0,0.0,768768.0,0.0,768768.0,0.0,192692.50000000186,500.5,961961.0,0.0,0.0,0.0,0.0,0.0,0.0,0.0,0.0,0.0,0.0,0.0,2202.0,1,3.4496919917864477,120.0,1.0,0,120.0,False,True,False,False,False,False,False,False,False,False,False,False,False,True,False,False,False,False,False,False,False,False,False,False,True,False,False,False,False,False,False,0.008695652173913044,0.008443908323281062,0,0,737236.5,677676.9999999981,59559.50000000012,1000.0,1000.0,108.7887740029545,1000.0,100.0,79.91675338189386,0.0,0.0,3.2778355879292405,17.105263157894736,500.0,36.19791666666667,500.0,500.0,0.0,1000.0,1000.0,-99.76063109904241,91.65797705943692,0,0,0,0,0,0,0,0,0,0,0,0,0,0,0,0,0,0,0,0,0,0
705,5542,55,554,30.0,41,5,6.0,0.0,0.0,0.0,0.0,0.0,0.0,2618115.5,182182.0,2435933.5,330330.0,0.0,0.0,0.0,0.0,571571.0,0.0,0.0,0.0,34534.50000000012,3042039.0,471971.5,0.0,1179178.0,797296.5,105105.0,99099.0,284784.5,689688.9999999991,105105.0,-6006.0,99099.0,0.0,0.0,0.0,0.0,-32088.65659999998,2702199.5,1834332.5,968467.5,1178677.5000000019,29029.0,3042039.0,0.0,0.0,0.0,0.0,0.0,0.0,0.0,0.0,0.0,0.0,0.0,2356.0,0,4.060232717316906,36.0,1.0,0,36.0,False,False,False,False,False,False,False,False,True,False,False,False,False,False,False,False,False,False,False,False,True,False,False,False,False,False,False,True,False,False,False,0.08074534161490683,0.07117008443908324,0,0,-601601.0,-607106.5000000019,5505.500000000116,-1000.0,-1000.0,99.09315746084059,841.2478777589312,-1.7493369713506128,-1.0548404080289562,500.0,-254.92359932088283,80.07568279039158,6.958516536035175,500.0,-308.828759132285,500.0,0.0,500.0,1000.0,-1000.0,-99.50081731629982,,0,0,0,0,0,0,0,0,0,0,0,0,0,0,0,0,0,0,0,0,0,1
706,1522,15,152,145.0,60,4,4.8,0.0,0.0,0.0,0.0,0.0,0.0,89225136.0,65557492.00000001,23667644.0,3951948.0,1659157.5,0.0,0.0,0.0,5611105.5,0.0,0.0,0.0,576576.0,29855325.5,65629063.5,61509948.5,41634593.0,9849339.5,6693186.5,6560554.0,28177649.5,3131128.0,5628623.000000001,-132632.5,5495990.5,0.0,0.0,0.0,0.0,23986963.0,0.0,23986963.0,1622120.5,1955453.5,3912909.0,29855325.5,0.0,0.0,0.0,0.0,0.0,0.0,0.0,0.0,0.0,0.0,0.0,86631.0,1,30.50513347022587,84.0,3.0,0,28.0,False,False,False,False,False,False,False,True,False,False,False,False,False,False,False,False,False,False,False,True,False,False,False,False,False,False,True,False,False,False,False,0.02608695652173913,0.024125452352231604,0,0,319319.0,3655652.0,-3336333.0,1000.0,1000.0,8.734939759036145,-1000.0,100.0,80.34400093879398,0.0,-153.10050674700742,79.27444636301152,73.47424160832885,500.0,22.91240662688311,500.0,500.0,20.72434679123963,1000.0,1000.0,-99.86799903064288,6.6966646866888535,0,0,0,0,0,0,0,0,0,0,0,0,0,0,0,0,0,0,0,0,0,0
707,5512,55,551,10.0,10,26,9.0,100.0,100.0,0.0,100.0,100.0,0.0,4397071.0,292999.99999999907,4104071.0,0.0,0.0,100.0,100.0,0.0,0.0,100.0,50.0,0.0,41374.66666666663,4145445.666666668,0.0,0.0,0.0,0.0,0.0,0.0,0.0,0.0,0.0,0.0,0.0,100.0,100.0,0.0,1.0,200033.33333333395,1530666.6666666667,1730700.0,0.0,2414745.666666666,0.0,4145445.666666668,51.0,51.0,0.0,43.9017,32.3484,0.0,31.2754,100.0,1.0,0.0,2.0,0.0,0,6.803559206023272,120.0,4.0,0,30.0,False,False,False,True,False,False,False,False,False,False,False,False,False,False,False,True,False,False,False,False,False,False,False,False,False,False,False,False,False,False,False,0.016149068322981366,0.015681544028950542,0,0,-2373371.0,-2414745.666666666,41374.66666666663,,,98.28658283819264,,11.557943799233486,4.825375832128075,,,99.00192476289438,6.663526697658488,,0.0,,,,,,,,0,0,0,1,1,0,1,0,0,1,1,0,0,1,0,1,1,1,1,1,1,1
708,1532,15,153,40.0,0,9,6.0,100.0,100.0,0.0,100.0,100.0,0.0,2866363.5,145645.5,2720718.0,1039038.0,446946.5,100.0,100.0,0.0,2575072.5,100.0,100.0,0.0,132632.5,5428423.0,2994491.5,4984980.0,3428425.0,305305.0,112612.5,96096.0,2722219.5,187187.0,67567.49999999977,-13513.5,51051.0,100.0,100.0,0.0,1.0,835334.5,0.0,835334.5,3792288.5,4593088.5,0.0,5428423.0,51.0,51.0,0.0,43.9017,43.9017,0.0,47.8375,100.0,100.0,0.0,1.0,3651.0,0,4.813141683778234,84.0,1.0,0,84.0,False,False,False,False,False,False,True,False,False,False,False,False,False,False,False,False,False,False,True,False,False,False,False,False,False,False,False,False,False,False,True,0.02608695652173913,0.018094089264173704,0,0,-1885383.5,-2018016.0,132632.5,-1000.0,-1000.0,93.42757936507937,1000.0,100.0,15.38816153420616,0.0,-370.13147082990963,50.11985985616817,5.081194342587742,500.0,6.111443978430198,500.0,500.0,500.0,1000.0,-1000.0,-99.87807612744936,-39.929718875502004,0,0,0,0,0,0,0,0,0,0,0,0,0,0,0,0,0,0,0,0,0,0
709,4523,45,452,0.0,16,24,1.0,0.0,0.0,0.0,0.0,0.0,0.0,4253249.0,3335832.5,917416.5,3329826.5,6273267.0,0.0,0.0,0.0,10214204.000000002,0.0,0.0,0.0,8508.5,11140129.0,0.0,0.0,8177169.0,2076074.0,428928.5,444444.0,5073067.999999998,1566565.0,402902.5,-203203.0,234734.5,0.0,0.0,0.0,0.0,2548045.5,513513.0,3061558.5,987987.0,5273768.5,2804802.0,11140129.0,0.0,0.0,0.0,0.0,0.0,0.0,0.0,0.0,0.0,0.0,0.0,14872.0,0,37.445585215605746,120.0,1.0,0,120.0,False,False,False,False,False,False,False,False,True,False,False,False,False,True,False,False,False,False,False,False,False,False,False,False,False,False,False,True,False,False,False,0.08074534161490683,0.3823884197828709,0,0,2144142.0,4940435.500000002,-2796293.5,1000.0,1000.0,43.39985817039812,-1000.0,83.2270720941638,22.87267499326085,115.54054054054055,-500.0,8.235241261568873,78.43021887502942,500.0,9.212335494009036,500.0,500.0,70.11049723756908,1000.0,1000.0,,,0,0,0,0,0,0,0,0,0,0,0,0,0,0,0,0,0,0,0,0,1,1
710,114,1,11,5.0,13,7,6.75,50.0,0.0,0.0,0.5,0.0,0.0,13435672.25,942441.5,12493230.75,2534782.25,1737736.0,50.0,0.0,0.0,9612853.250000002,50.0,0.0,0.0,723222.5,22829306.5,11503273.749999998,23616.5,27471944.5,5694438.75,2258256.0,1124123.0,19984464.5,2938435.5,1516264.75,-337587.25,382131.75,15.0,0.0,0.0,1.0,2445693.25,1851850.0,4297543.25,6854347.5,14789024.25,3742739.0,22829306.5,25.5,0.0,0.0,18.31035,0.0,0.0,20.27765,50.0,0.0,0.0,0.5,54889.0,0,7.646817248459959,72.0,6.0,0,12.0,False,False,False,False,False,False,False,False,False,False,True,False,False,False,False,False,False,False,False,False,False,False,True,False,False,False,False,False,False,False,False,0.03229813664596273,0.013268998793727383,0,0,-8195687.5,-5176170.999999998,-3019516.5,-1000.0,-1000.0,158.33494488493528,-1000.0,56.909101496535264,10.712954640124526,164.73731077471058,-500.0,54.72453028741806,7.014472238261097,500.0,15.624680241481634,500.0,500.0,123.47416664579629,1000.0,-1000.0,-99.52284018277841,500.0,0,0,0,0,0,0,0,0,0,0,0,0,0,0,0,0,0,0,0,0,0,0
711,9263,92,926,5.0,60,31,6.25,0.0,0.0,0.0,0.0,0.0,0.0,12783020.25,8766507.75,4016512.5,351351.0,3514260.75,0.0,0.0,0.0,4108354.25,0.0,0.0,0.0,16266.25,8141133.0,7595.75,7367.25,7512755.25,3132379.25,1131880.75,1018267.25,2177925.75,1778777.0,314814.5,-41791.75,201201.0,0.0,0.0,0.0,0.0,4882127.25,593092.5,5475219.75,529278.75,2274522.25,391391.0,8141133.0,0.0,0.0,0.0,0.0,0.0,0.0,0.0,0.0,0.0,0.0,0.0,15010.5,0,11.214236824093087,84.0,1.0,0,84.0,False,False,False,False,True,False,False,False,False,False,False,False,False,False,False,False,True,False,False,False,False,False,False,False,False,True,False,False,False,False,False,0.02981366459627329,0.025331724969843185,0,0,1458707.25,1833832.0,-375124.75,1000.0,1000.0,79.54421397379913,-1000.0,89.167695050048,59.968646255994095,58.245269107888916,-278.41677492421974,49.33603836222796,68.57931520526222,500.0,4.12117484238044,500.0,500.0,87.4870734229576,1000.0,1000.0,97.61708850343942,3.101564355763684,0,0,0,0,0,0,0,0,0,0,0,0,0,0,0,0,0,0,0,0,0,0
712,4521,45,452,20.0,0,33,7.25,32.5,0.0,0.0,50.0,0.0,0.0,7055298.249999998,4376372.0,2678926.25,849598.75,16394628.25,50.0,0.0,0.0,18244976.75,33.0,0.0,0.0,27777.750000000116,20951680.75,11705694.0,11668907.25,11978716.75,2956453.5,1767515.75,1341089.75,8289531.25,1169918.75,867116.25,-306806.5,438688.25,15.0,0.0,0.0,1.0,3787283.5,5930174.25,9717457.75,4158154.0,8235977.75,2998245.25,20951680.75,25.5,0.0,0.0,14.2759,0.0,0.0,18.11215,16.5,0.0,0.0,1.0,23039.0,1,8.870636550308008,84.0,1.0,0,84.0,False,False,False,False,False,False,True,False,False,False,False,False,False,False,False,False,False,False,True,False,False,False,False,False,False,False,False,False,False,False,True,0.02608695652173913,0.018094089264173704,0,0,7038531.5,10008999.0,-2970467.5,1000.0,1000.0,70.32203220322032,-1000.0,38.97401560608792,18.0762753365264,442.19070722149655,-500.0,12.786211674211387,62.02958181108787,500.0,11.583190167834017,500.0,500.0,180.58143396226413,1000.0,1000.0,-99.80318125520795,0.31525445538184393,0,0,0,0,0,0,0,0,0,0,0,0,0,0,0,0,0,0,0,0,0,0
713,8013,80,801,81.0,0,1,5.5,0.0,0.0,0.0,0.0,0.0,0.0,0.0,0.0,0.0,0.0,0.0,0.0,0.0,0.0,0.0,0.0,0.0,0.0,0.0,0.0,0.0,0.0,0.0,0.0,0.0,0.0,0.0,0.0,0.0,0.0,0.0,0.0,0.0,0.0,0.0,0.0,0.0,0.0,0.0,0.0,0.0,0.0,0.0,0.0,0.0,0.0,0.0,0.0,0.0,0.0,0.0,0.0,0.0,0.0,0,15.008898015058179,84.0,3.0,0,28.0,False,True,False,False,False,False,False,False,False,False,False,False,False,True,False,False,False,False,False,False,False,False,False,False,True,False,False,False,False,False,False,0.3242236024844721,0.3823884197828709,0,0,0.0,0.0,0.0,,,,,,,,,,,,,,,,,,,,0,0,0,1,1,1,1,1,1,1,1,1,1,1,1,1,1,1,1,1,1,1
714,151,1,15,0.0,60,23,5.0,50.0,0.0,0.0,50.0,0.0,0.0,7517510.0,1151150.000000001,6366360.0,0.0,5059554.5,50.0,0.0,0.0,9562052.5,50.0,0.0,0.0,437687.25,16366099.75,12530.25,4365.25,13802789.0,1932430.5,1478727.25,1226225.0,10006496.5,1419668.25,872872.0,-50300.25,620369.75,35.0,0.0,0.0,0.0,1607856.25,8796287.5,10404143.75,4541537.0,5447692.25,514263.75,16366099.75,50.0,0.0,0.0,23.0855,0.0,0.0,0.0,50.0,0.0,0.0,0.0,27578.0,0,5.048596851471594,60.0,1.0,0,60.0,False,False,False,False,False,False,False,False,False,False,True,False,False,True,False,False,False,False,False,False,False,False,False,False,False,False,False,False,True,False,False,0.03229813664596273,0.3823884197828709,0,0,4037783.75,4114360.25,-76576.5,1000.0,1000.0,98.13879934310566,-999.6207121618683,15.45399879735418,9.82430924020245,500.0,-182.39266806875045,38.899677365097325,15.312916111850877,500.0,38.583657587548636,500.0,500.0,163.3891862151753,0.0,1000.0,120.09137886315118,187.0454154973942,0,0,0,0,0,0,0,0,0,0,0,0,0,0,0,0,0,0,0,0,0,0
715,6062,60,606,5.0,0,24,1.0,100.0,100.0,100.0,1.0,1.0,1.0,865865.0,158158.0,707707.0,0.0,0.0,100.0,100.0,100.0,280280.0,100.0,100.0,100.0,204704.5,1192691.5,139639.5,0.0,805805.0,254254.0,189189.0,189189.0,521521.0,65065.0,77577.5,0.0,77577.5,70.0,100.0,100.0,4.0,131631.5,0.0,131631.5,0.0,1061060.0000000019,0.0,1192691.5,51.0,51.0,51.0,30.1338,31.1328,31.1328,38.1393,33.0,33.0,33.0,2.0,1610.0,1,5.812457221081451,60.0,1.0,0,60.0,False,False,False,False,False,False,False,False,False,False,True,False,False,False,False,False,False,False,False,False,False,False,True,False,False,False,False,False,False,False,False,0.009937888198757764,0.008443908323281062,0,0,-576075.5,-780780.0000000019,204704.5,-1000.0,-1000.0,73.78205128205111,1000.0,100.0,11.036508602601762,0.0,0.0,59.33697020562316,18.265895953757223,500.0,58.935361216730044,500.0,0.0,0.0,0.0,-1000.0,-98.84703110509562,,0,0,0,0,0,0,0,0,0,0,0,0,0,0,0,0,0,0,0,0,0,1
716,123,1,12,90.0,0,7,5.5,0.0,0.0,0.0,0.0,0.0,0.0,11450939.5,201701.5,11249238.0,0.0,34534.5,0.0,0.0,0.0,566566.0,0.0,0.0,0.0,1501.5000000001164,11817305.5,165665.5,0.0,276776.5,275275.0,236736.5,111111.0,0.0,37537.5,157657.5,-122122.0,32032.0,0.0,0.0,0.0,0.0,1403902.5,4057053.0,5460955.5,1753251.5,5108603.5,1247746.4999999995,11817305.5,0.0,0.0,0.0,0.0,0.0,0.0,0.0,0.0,0.0,0.0,0.0,553.0,0,8.960985626283367,84.0,12.0,0,7.0,False,False,False,False,True,False,False,False,False,False,False,False,False,False,False,False,True,False,False,False,False,False,False,False,False,True,False,False,False,False,False,0.0012422360248447205,0.0024125452352231603,0,0,-5788282.5,-4542037.5,-1246244.9999999995,-1000.0,-1000.0,127.43801652892562,-1000.0,25.708001099807532,11.880055906145442,500.0,-500.0,95.19291855491085,1.7614406224048256,500.0,2.2816399286987523,500.0,500.0,,0.0,-1000.0,-99.66619483235797,,0,0,0,0,0,0,0,0,0,0,0,0,0,0,0,0,0,1,0,0,0,1
717,8512,85,851,5.0,0,23,1.0,0.0,0.0,0.0,0.0,0.0,0.0,0.0,0.0,0.0,0.0,0.0,0.0,0.0,0.0,0.0,0.0,0.0,0.0,0.0,0.0,0.0,0.0,0.0,0.0,0.0,0.0,0.0,0.0,0.0,0.0,0.0,0.0,0.0,0.0,0.0,0.0,0.0,0.0,0.0,0.0,0.0,0.0,0.0,0.0,0.0,0.0,0.0,0.0,0.0,0.0,0.0,0.0,0.0,0.0,1,4.073921971252567,72.0,1.0,0,72.0,False,False,False,False,False,False,False,False,False,False,False,False,False,False,False,False,False,False,False,False,False,False,False,False,False,False,False,True,False,False,False,0.07080745341614907,0.06031363088057901,0,0,0.0,0.0,0.0,,,,,,,,,,,,,,,,,,,,0,0,0,1,1,1,1,1,1,1,1,1,1,1,1,1,1,1,1,1,1,1
718,3420,34,342,10.0,0,35,5.75,0.0,0.0,0.0,0.0,0.0,0.0,221221.0,32032.00000000093,189189.0,2661408.75,1415414.0,0.0,0.0,0.0,5082827.75,0.0,0.0,0.0,755087.6666666666,5838332.5,2854797.75,3560.0,2852850.0,232482.25,119369.25,100850.75,3437100.333333332,150483.66666666698,119119.0,-4004.0,100600.5,0.0,0.0,0.0,0.0,1624623.0,0.0,1624623.0,2297962.333333334,4198194.0,20687.333333333023,5838332.5,0.0,0.0,0.0,0.0,0.0,0.0,0.0,0.0,0.0,0.0,0.0,5700.0,0,4.139630390143737,84.0,1.0,0,84.0,False,True,False,False,False,False,False,False,False,False,False,False,False,True,False,False,False,False,False,False,False,False,False,False,True,False,False,False,False,False,False,0.024844720496894408,0.020506634499396863,0,0,1435434.0,884633.75,734400.3333333336,1000.0,1000.0,162.26308345120225,1000.0,100.0,27.826832404629233,0.0,-70.24561403508773,3.2404629232747535,14.479638009050195,500.0,6.1922365988909425,500.0,500.0,240.68731191146506,1000.0,1000.0,-99.80033611838178,500.0,0,0,0,0,0,0,0,0,0,0,0,0,0,0,0,0,0,0,0,0,0,0
719,1522,15,152,0.0,53,23,1.0,50.0,50.0,0.0,50.0,50.0,0.0,3647393.75,510760.25,3136633.499999999,6260254.0,3396393.0,50.0,50.0,0.0,10626115.5,50.0,50.0,0.0,49549.5,13812298.5,28572.25,28156.5,36212676.5,2298546.25,983232.25,807556.75,32901118.25,1410659.250000001,1147646.5,-288037.75,615865.25,35.0,35.0,0.0,0.5,4804299.5,0.0,4804299.5,4063809.75,6473467.0,2534532.0,13812298.5,25.5,25.5,0.0,18.53385,17.5419,0.0,20.31965,25.0,16.5,0.0,1.0,67198.5,0,6.349075975359343,48.0,1.0,0,48.0,False,False,False,False,False,False,False,False,False,False,True,False,False,True,False,False,False,False,False,False,False,False,False,False,False,False,False,False,False,False,False,0.04720496894409938,0.3823884197828709,0,0,1667666.000000001,4152648.5,-2484982.5,1000.0,1000.0,40.15909364830664,-1000.0,100.0,34.78276624270754,0.0,-428.63717196068365,22.708990107620387,14.00343053173242,500.0,12.81904365038025,500.0,500.0,44.46570778791083,1000.0,1000.0,135.18798834533507,1.4765684655408164,0,0,0,0,0,0,0,0,0,0,0,0,0,0,0,0,0,0,0,0,0,0
720,6031,60,603,0.0,0,23,7.25,0.0,0.0,0.0,0.0,0.0,0.0,576075.5,291290.99999999907,284784.5,0.0,308308.0,0.0,0.0,0.0,698698.0,0.0,0.0,0.0,19519.5,1003002.0,2206704.5,1482481.0,2338336.0,803803.0,207207.0,176176.0,1042041.0,591090.5,151651.5,-7007.0,120620.5,0.0,0.0,0.0,0.0,675174.5,58558.5,733733.0,91091.0,269268.99999999814,0.0,1003002.0,0.0,0.0,0.0,0.0,0.0,0.0,0.0,0.0,0.0,0.0,0.0,4672.0,1,5.7412731006160165,48.0,1.0,0,48.0,False,False,False,False,True,False,False,False,False,False,False,False,False,False,False,False,True,False,False,False,False,False,False,False,False,True,False,False,False,False,False,0.06459627329192547,0.06031363088057901,0,0,448948.5,429429.00000000186,19519.5,1000.0,1000.0,104.54545454545409,1000.0,92.01909959072306,67.31536926147704,33.23863636363637,-149.97859589041096,28.393213572854293,50.564726324934675,500.0,17.865085248332097,500.0,500.0,31.469740634005763,0.0,1000.0,-99.78828157553492,48.85212694125591,0,0,0,0,0,0,0,0,0,0,0,0,0,0,0,0,0,0,0,0,0,0
721,5532,55,553,10.0,0,30,6.7,0.0,0.0,0.0,0.0,0.0,0.0,6105099.0,943442.5000000009,5161656.5,0.0,0.0,0.0,0.0,0.0,1043042.0,0.0,0.0,0.0,249749.5,6454448.0,6434428.0,1081080.0,5663658.0,1193192.000000001,1046545.5,961961.0,2900898.0,116616.49999999907,384884.5,0.0,300300.0,0.0,0.0,0.0,0.0,1740238.5,1751249.4999999998,3491488.0,1991990.0,2118616.5,844343.5,6454448.0,0.0,0.0,0.0,0.0,0.0,0.0,0.0,0.0,0.0,0.0,0.0,11316.0,0,3.0663928815879533,120.0,3.0,0,40.0,False,False,False,False,False,False,False,False,True,False,False,False,False,False,False,False,False,False,False,False,True,False,False,False,False,False,False,True,False,False,False,0.08074534161490683,0.07117008443908324,0,0,-1670168.5,-1075574.5,-594594.0,-1000.0,-1000.0,155.2815262912983,-1000.0,49.84231651376147,26.96184863523573,182.04994797086366,0.0,79.9705334987593,15.453353008689966,500.0,17.25625539257981,500.0,0.0,247.20496894409936,0.0,-1000.0,-99.82413355157598,495.18518518518516,0,0,0,0,0,0,0,0,0,0,0,0,0,0,0,0,0,0,0,0,0,0
722,5532,55,553,13.0,0,23,7.0,0.0,0.0,0.0,0.0,0.0,0.0,6105099.0,943442.5000000009,5161656.5,0.0,0.0,0.0,0.0,0.0,1043042.0,0.0,0.0,0.0,249749.5,6454448.0,6434428.0,1081080.0,5663658.0,1193192.000000001,1046545.5,961961.0,2900898.0,116616.49999999907,384884.5,0.0,300300.0,0.0,0.0,0.0,0.0,1740238.5,1751249.4999999998,3491488.0,1991990.0,2118616.5,844343.5,6454448.0,0.0,0.0,0.0,0.0,0.0,0.0,0.0,0.0,0.0,0.0,0.0,11316.0,0,3.575633127994524,84.0,1.0,0,84.0,False,False,False,False,False,False,False,False,True,False,False,False,False,False,False,False,False,False,False,False,True,False,False,False,False,False,False,True,False,False,False,0.08074534161490683,0.07117008443908324,0,0,-1670168.5,-1075574.5,-594594.0,-1000.0,-1000.0,155.2815262912983,-1000.0,49.84231651376147,26.96184863523573,182.04994797086366,0.0,79.9705334987593,15.453353008689966,500.0,17.25625539257981,500.0,0.0,247.20496894409936,0.0,-1000.0,-99.82413355157598,495.18518518518516,0,0,0,0,0,0,0,0,0,0,0,0,0,0,0,0,0,0,0,0,0,0
723,124,1,12,15.0,0,7,5.5,0.0,0.0,0.0,0.0,0.0,0.0,257257.0,3503.5000000009313,253753.5,0.0,0.0,0.0,0.0,0.0,4004.0,0.0,0.0,0.0,192692.50000000012,450450.0,0.0,0.0,0.0,-28528.5,-28528.5,-28528.5,0.0,0.0,-29529.500000000233,0.0,-29529.5,0.0,0.0,0.0,0.0,67067.0,0.0,67067.0,153153.0,383383.00000000186,0.0,450450.0,0.0,0.0,0.0,0.0,0.0,0.0,0.0,0.0,0.0,0.0,0.0,0.0,0,5.2731006160164275,144.0,12.0,0,12.0,False,False,False,False,True,False,False,False,False,False,False,False,False,False,False,False,True,False,False,False,False,False,False,False,False,True,False,False,False,False,False,0.02981366459627329,0.025331724969843185,0,0,-186686.5,-379379.00000000186,192692.50000000012,,,49.208443271767564,,100.0,14.888888888888888,-0.0,,56.333333333333336,1.3618677042805176,,-44.02985074626866,,,,,,,,0,0,0,1,1,0,1,0,0,0,1,0,0,1,0,1,1,1,1,1,1,1
724,5246,52,524,1.0,3,4,6.5,0.0,0.0,0.0,0.0,0.0,0.0,1001.0,0.0,1001.0,260760.5,0.0,0.0,0.0,0.0,446946.4999999963,0.0,0.0,0.0,3002.9999999998836,450950.5,609609.0,71571.5,1043542.5,210710.5,177677.5,146646.5,818317.5,33033.0,177177.0,0.0,146146.0,0.0,0.0,0.0,0.0,209709.5,0.0,209709.5,175175.0,241241.0,0.0,450950.5,0.0,0.0,0.0,0.0,0.0,0.0,0.0,0.0,0.0,0.0,0.0,2085.0,0,3.6331279945242985,84.0,1.0,0,84.0,False,False,False,False,False,False,False,False,False,True,False,False,False,False,False,False,False,False,False,False,False,True,False,False,False,False,False,False,True,False,False,0.07204968944099378,0.05066344993968637,0,0,208708.5,205705.49999999627,3002.9999999998836,1000.0,1000.0,101.45985401460038,518.503597122282,100.0,46.503884572697004,0.0,0.0,0.22197558268590456,0.0,500.0,69.68973747016707,500.0,0.0,77.06422018348624,1000.0,1000.0,-99.6579774904898,500.0,0,0,0,0,0,0,0,0,0,0,0,0,0,0,0,0,0,0,0,0,0,0
725,8511,85,851,40.0,0,7,6.0,0.0,0.0,0.0,0.0,0.0,0.0,0.0,0.0,0.0,0.0,0.0,0.0,0.0,0.0,0.0,0.0,0.0,0.0,0.0,0.0,0.0,0.0,0.0,0.0,0.0,0.0,0.0,0.0,0.0,0.0,0.0,0.0,0.0,0.0,0.0,0.0,0.0,0.0,0.0,0.0,0.0,0.0,0.0,0.0,0.0,0.0,0.0,0.0,0.0,0.0,0.0,0.0,0.0,0.0,0,11.08829568788501,84.0,3.0,0,28.0,False,False,False,False,False,False,False,False,False,False,False,False,False,False,False,False,False,False,False,False,False,False,False,False,False,False,False,True,False,False,False,0.07080745341614907,0.06031363088057901,0,0,0.0,0.0,0.0,,,,,,,,,,,,,,,,,,,,0,0,0,1,1,1,1,1,1,1,1,1,1,1,1,1,1,1,1,1,1,1
726,5249,52,524,5.0,2,4,6.75,0.0,0.0,0.0,0.0,0.0,0.0,1009258.25,56056.0,953202.25,1279278.0,10010.0,0.0,0.0,0.0,1473221.75,0.0,0.0,0.0,19019.000000000116,2445443.0,3276.25,2235.0,3988985.0,829078.25,543793.25,433432.99999999977,2904651.75,265265.0,503252.75,-36286.24999999994,392892.5,0.0,0.0,0.0,0.0,913913.0,565565.0,1479478.0,527026.5,906405.4999999981,59559.5,2445443.0,0.0,0.0,0.0,0.0,0.0,0.0,0.0,0.0,0.0,0.0,0.0,7970.0,0,4.684462696783025,120.0,1.0,0,120.0,False,False,False,False,False,False,False,False,False,False,False,True,False,False,False,False,False,False,False,False,False,False,False,True,False,False,False,False,False,True,False,0.011180124223602485,0.010856453558504222,0,0,526275.75,566816.2500000019,-40540.49999999988,1000.0,1000.0,92.84768211920499,-1000.0,61.77266576454669,37.37208350388866,130.48498845265598,-455.28544542032546,38.978714695047074,5.554178031242252,500.0,42.990142387732746,500.0,452.1455457967378,65.31920392866374,1000.0,1000.0,143.26592903471956,46.588366890380314,0,0,0,0,0,0,0,0,0,0,0,0,0,0,0,0,0,0,0,0,0,0
727,7110,71,711,0.0,5,24,8.0,0.0,0.0,0.0,0.0,0.0,0.0,17696941.193991903,7239049.1334043145,10494936.916722622,5711624.613972619,14751896.664327338,0.0,0.0,0.0,24672445.857143342,0.0,0.0,0.0,936626.1695394691,36100427.35440215,23689402.432255726,17889398.211046387,35463800.705205336,9473299.257317152,2502156.240714975,1764434.9040538718,21066695.29673669,7026995.2010281375,1530573.3567460796,-489449.7146318286,713223.8350885716,0.0,0.0,0.0,0.0,11248784.191388477,3574801.479138362,14823585.67052684,9532926.419230485,15913281.269093791,5395102.20245469,36094790.188847594,0.0,0.0,0.0,0.0,0.0,0.0,0.0,0.0,0.0,0.0,0.0,0.0,0,4.145106091718001,48.0,1.0,0,48.0,False,False,False,False,False,False,False,False,True,False,False,False,False,False,False,False,False,False,False,False,True,False,False,False,False,False,False,True,False,False,False,0.08074534161490683,0.07117008443908324,1,1,4328648.753804218,8759164.588049551,-4458476.032915221,,,49.4185114378368,,75.88436726043955,31.1596981414038,202.6031944236134,,29.071503264192945,40.90565173975922,,6.34045264762552,,,162.9042174191688,,,-100.0,32.421460760082695,0,0,0,1,1,0,1,0,0,0,1,0,0,1,0,1,1,0,1,1,0,0
728,7110,71,711,0.0,5,24,1.0,0.0,0.0,0.0,0.0,0.0,0.0,17696941.193991903,7239049.1334043145,10494936.916722622,5711624.613972619,14751896.664327338,0.0,0.0,0.0,24672445.857143342,0.0,0.0,0.0,936626.1695394691,36100427.35440215,23689402.432255726,17889398.211046387,35463800.705205336,9473299.257317152,2502156.240714975,1764434.9040538718,21066695.29673669,7026995.2010281375,1530573.3567460796,-489449.7146318286,713223.8350885716,0.0,0.0,0.0,0.0,11248784.191388477,3574801.479138362,14823585.67052684,9532926.419230485,15913281.269093791,5395102.20245469,36094790.188847594,0.0,0.0,0.0,0.0,0.0,0.0,0.0,0.0,0.0,0.0,0.0,0.0,1,4.602327173169062,48.0,1.0,0,48.0,False,False,False,False,False,False,False,False,True,False,False,False,False,False,False,False,False,False,False,False,True,False,False,False,False,False,False,True,False,False,False,0.08074534161490683,0.07117008443908324,1,1,4328648.753804218,8759164.588049551,-4458476.032915221,,,49.4185114378368,,75.88436726043955,31.1596981414038,202.6031944236134,,29.071503264192945,40.90565173975922,,6.34045264762552,,,162.9042174191688,,,-100.0,32.421460760082695,0,0,0,1,1,0,1,0,0,0,1,0,0,1,0,1,1,0,1,1,0,0
729,116,1,11,5.0,64,24,1.0,0.0,0.0,0.0,0.0,0.0,0.0,17696941.193991903,7239049.1334043145,10494936.916722622,5711624.613972619,14751896.664327338,0.0,0.0,0.0,24672445.857143342,0.0,0.0,0.0,936626.1695394691,36100427.35440215,23689402.432255726,17889398.211046387,35463800.705205336,9473299.257317152,2502156.240714975,1764434.9040538718,21066695.29673669,7026995.2010281375,1530573.3567460796,-489449.7146318286,713223.8350885716,0.0,0.0,0.0,0.0,11248784.191388477,3574801.479138362,14823585.67052684,9532926.419230485,15913281.269093791,5395102.20245469,36094790.188847594,0.0,0.0,0.0,0.0,0.0,0.0,0.0,0.0,0.0,0.0,0.0,0.0,1,9.91375770020534,48.0,1.0,0,48.0,False,False,False,False,False,False,False,False,False,False,True,False,False,False,False,False,False,False,False,False,False,False,True,False,False,False,False,False,False,False,False,0.03229813664596273,0.007237635705669481,1,1,4328648.753804218,8759164.588049551,-4458476.032915221,,,49.4185114378368,,75.88436726043955,31.1596981414038,202.6031944236134,,29.071503264192945,40.90565173975922,,6.34045264762552,,,162.9042174191688,,,-100.0,32.421460760082695,0,0,0,1,1,0,1,0,0,0,1,0,0,1,0,1,1,0,1,1,0,0
730,140,1,14,0.0,0,36,7.0,0.0,0.0,0.0,0.0,0.0,0.0,1534533.0000000019,403903.5,1130629.5,669669.0,1910408.5,0.0,0.0,0.0,2580077.5,0.0,0.0,0.0,4004.0,3714711.0,11617606.0,11349338.0,12059047.0,850349.5,844343.5,698698.0,10926415.5,0.0,844343.5,-144644.5,698698.0,0.0,0.0,0.0,0.0,1527526.0,894893.9999999995,2422420.0,47547.5,47547.49999999814,1244243.0,3714210.5,0.0,0.0,0.0,0.0,0.0,0.0,0.0,0.0,0.0,0.0,0.0,24094.0,1,11.08829568788501,81.0,3.0,0,27.0,False,False,False,False,False,False,False,False,False,True,False,False,False,False,False,False,False,False,False,False,False,True,False,False,False,False,False,False,True,False,False,0.02111801242236025,0.016887816646562123,0,0,1291790.5,2532530.000000002,-1240239.0,1000.0,1000.0,51.00790513833988,-1000.0,63.057851239669425,41.12099164645648,128.08022922636098,-500.0,30.436540016168152,26.320939334637934,500.0,45.74049803407602,500.0,500.0,1.5665796344647518,1000.0,1000.0,-99.79260787463441,2.363732580702064,0,0,0,0,0,0,0,0,0,0,0,0,0,0,0,0,0,0,0,0,0,0
731,6070,60,607,0.0,0,23,6.0,0.0,0.0,0.0,0.0,0.0,0.0,5040035.0,2778275.5,2261759.5,0.0,0.0,0.0,0.0,0.0,891891.0,0.0,0.0,0.0,2219717.5,5373368.0,4605601.000000004,4059055.0,6122616.500000004,3174171.0,1710208.5,1557055.5,5005.0,1421420.0,751751.0,6006.0,598598.0,0.0,0.0,0.0,0.0,1282281.0,3003500.5,4285781.5,197197.0,1087586.4999999981,0.0,5373368.0,0.0,0.0,0.0,0.0,0.0,0.0,0.0,0.0,0.0,0.0,0.0,12233.0,0,5.0513347022587265,48.0,1.0,0,48.0,False,False,False,False,False,False,False,False,False,False,False,True,False,False,False,False,False,False,False,False,False,False,False,True,False,False,False,False,False,True,False,0.07080745341614907,0.054282267792521106,0,0,2024022.0,-195695.49999999814,2219717.5,1000.0,-1000.0,-500.0,1000.0,29.91942076375102,23.863636363636363,192.89617486338798,49.09670563230606,42.09202682563338,55.124131082423034,500.0,46.68227946916472,500.0,0.0,500.0,0.0,-1000.0,-99.73438862810738,13.464858199753483,0,0,0,0,0,0,0,0,0,0,0,0,0,0,0,0,0,0,0,0,0,0
732,6062,60,606,1.0,0,23,7.5,0.0,0.0,0.0,0.0,0.0,0.0,5040035.0,2778275.5,2261759.5,0.0,0.0,0.0,0.0,0.0,891891.0,0.0,0.0,0.0,2219717.5,5373368.0,4605601.000000004,4059055.0,6122616.500000004,3174171.0,1710208.5,1557055.5,5005.0,1421420.0,751751.0,6006.0,598598.0,0.0,0.0,0.0,0.0,1282281.0,3003500.5,4285781.5,197197.0,1087586.4999999981,0.0,5373368.0,0.0,0.0,0.0,0.0,0.0,0.0,0.0,0.0,0.0,0.0,0.0,12233.0,0,5.4072553045859,48.0,1.0,0,48.0,False,False,False,False,False,False,False,False,False,False,False,True,False,False,False,False,False,False,False,False,False,False,False,True,False,False,False,False,False,True,False,0.07080745341614907,0.054282267792521106,0,0,2024022.0,-195695.49999999814,2219717.5,1000.0,-1000.0,-500.0,1000.0,29.91942076375102,23.863636363636363,192.89617486338798,49.09670563230606,42.09202682563338,55.124131082423034,500.0,46.68227946916472,500.0,0.0,500.0,0.0,-1000.0,-99.73438862810738,13.464858199753483,0,0,0,0,0,0,0,0,0,0,0,0,0,0,0,0,0,0,0,0,0,0
733,4521,45,452,4.0,500,24,7.0,0.0,0.0,0.0,0.0,0.0,0.0,28715186.5,15768002.25,12947184.25,23002479.5,87100513.5,0.0,0.0,0.0,119139520.5,0.0,0.0,0.0,92842.75,132179547.5,77723646.0,41362070.75,91281440.25,29306527.25,4889134.25,3021518.5,50637086.5,24159635.5,3261258.0,-1687185.5,1393642.25,0.0,0.0,0.0,0.0,34679895.25,0.0,34679895.25,40073033.0,71292721.5,26206930.75,132179547.5,0.0,0.0,0.0,0.0,0.0,0.0,0.0,0.0,0.0,0.0,0.0,175475.5,0,11.512662559890487,48.0,1.0,0,48.0,False,True,False,False,False,False,False,False,False,False,False,False,False,True,False,False,False,False,False,False,False,False,False,False,True,False,False,False,False,False,False,0.3242236024844721,0.3823884197828709,0,0,21732711.0,47846799.0,-26114088.0,1000.0,1000.0,45.42145233163874,-1000.0,100.0,26.236960184781992,0.0,-500.0,9.795149472727617,54.911718055531345,500.0,4.01858840678015,500.0,500.0,284.8957725875481,1000.0,1000.0,-99.77423151250522,87.91043240986671,0,0,0,0,0,0,0,0,0,0,0,0,0,0,0,0,0,0,0,0,0,0
734,7432,74,743,3.0,0,22,1.0,0.0,0.0,0.0,0.0,0.0,0.0,4950445.5,1950949.0,2999496.5,0.0,34346312.0,0.0,0.0,0.0,37983946.0,0.0,0.0,0.0,461961.5,41445404.0,14189675.5,0.0,17024007.0,5199694.5,1197696.5,1101100.0,10917406.5,4000997.0,558558.0,0.0,462462.0,0.0,0.0,0.0,0.0,7681674.0,83083.0,7764757.0,6103597.5,33662629.0,18018.0,41445404.0,0.0,0.0,0.0,0.0,0.0,0.0,0.0,0.0,0.0,0.0,0.0,34014.0,0,12.429842573579739,60.0,1.0,0,60.0,False,True,False,False,False,False,False,False,False,False,False,False,False,True,False,False,False,False,False,False,False,False,False,False,True,False,False,False,False,False,False,0.3242236024844721,0.3823884197828709,0,0,4765260.5,4321317.0,443943.5,1000.0,1000.0,110.27333796618022,1000.0,98.92999871084182,18.53444111680031,7.545454545454546,0.0,7.237223456670853,39.409564250328586,500.0,6.020328381548085,500.0,500.0,201.26530050887084,0.0,1000.0,-99.76029050135784,,0,0,0,0,0,0,0,0,0,0,0,0,0,0,0,0,0,0,0,0,0,1
735,2812,28,281,5.0,13,4,6.5,0.0,0.0,0.0,0.0,0.0,0.0,1424000.0,715000.0,709000.0,1678000.0,1076000.0,0.0,0.0,0.0,2457000.0,0.0,0.0,0.0,123000.0,3289000.0,3420000.0,3121000.0,2496000.0,830000.0,296000.0,274999.99999999977,1235000.0,512000.0,212000.0,0.0,191000.0,0.0,0.0,0.0,0.0,2163000.0,0.0,2163000.0,578000.0,1126000.0,0.0,3289000.0,0.0,0.0,0.0,0.0,0.0,0.0,0.0,0.0,0.0,0.0,0.0,0.0,0,13.295003422313483,84.0,1.0,0,84.0,False,False,False,False,False,False,False,False,False,True,False,False,False,False,False,False,False,False,False,False,False,True,False,False,False,False,False,False,True,False,False,0.02111801242236025,0.016887816646562123,1,0,1454000.0,1331000.0,123000.0,,,109.2411720510894,,100.0,65.7646701124962,0.0,,21.556704165399818,50.21067415730337,,8.830328247803976,,,168.48582995951418,,,-100.0,9.580262736302467,0,0,0,1,1,0,1,0,0,0,1,0,0,1,0,1,1,0,1,1,0,0
736,4529,45,452,0.0,32,22,0.0,0.0,0.0,0.0,0.0,0.0,0.0,4175921.75,2117615.5,2058306.25,3619365.75,4221717.5,0.0,0.0,0.0,8487228.75,0.0,0.0,0.0,233733.50000000012,10779268.5,1939778.0,3659.75,5415660.25,961961.0,659158.5,531280.75,4152898.75,293543.25,299549.25,-11761.75,171671.5,0.0,0.0,0.0,0.0,3883129.25,0.0,3883129.25,2007755.75,5225720.5,1670418.75,10779268.5,0.0,0.0,0.0,0.0,0.0,0.0,0.0,0.0,0.0,0.0,0.0,9377.5,0,25.338809034907598,60.0,1.0,0,60.0,False,False,False,True,False,False,False,False,False,False,False,False,False,False,False,True,False,False,False,False,False,False,False,False,False,True,False,False,False,False,False,0.004968944099378882,0.0048250904704463205,0,0,1824823.0,3261508.25,-1436685.25,1000.0,1000.0,55.95028005831352,-1000.0,100.0,36.024051632075036,0.0,-125.42521994134897,19.095045735246323,50.71013363696291,500.0,4.420957659341367,500.0,500.0,174.0451943356433,1000.0,1000.0,-99.51656839081585,500.0,0,0,0,0,0,0,0,0,0,0,0,0,0,0,0,0,0,0,0,0,0,0
737,4529,45,452,4.0,20,25,8.0,0.0,0.0,0.0,0.0,0.0,0.0,1369368.0,136386.24999999907,1232981.75,1658907.25,1237486.25,0.0,0.0,0.0,3388885.5,0.0,0.0,0.0,18768.75,4640636.0,4124.5,10.5,9239230.0,1160909.75,482732.25000000023,411661.25,7662404.75,669168.5,372372.0,0.0,301301.0,0.0,0.0,0.0,0.0,989738.75,0.0,989738.75,2061809.75,3650897.25,0.0,4640636.0,0.0,0.0,0.0,0.0,0.0,0.0,0.0,0.0,0.0,0.0,0.0,16915.5,0,8.492813141683778,48.0,1.0,0,48.0,False,False,False,False,False,False,False,False,False,True,False,False,False,False,False,False,False,False,False,False,False,True,False,False,False,False,False,False,False,True,False,0.011180124223602485,0.010856453558504222,0,0,-243243.0,-262011.75,18768.75,-1000.0,-1000.0,92.83667621776505,399.4413407821229,100.0,21.32765314926661,0.0,0.0,26.56924072476273,9.959795321637358,500.0,30.442477876106196,500.0,500.0,96.86926418237042,1000.0,-1000.0,310.1224390835253,500.0,0,0,0,0,0,0,0,0,0,0,0,0,0,0,0,0,0,0,0,0,0,0
738,4529,45,452,2.0,20,20,7.0,0.0,0.0,0.0,0.0,0.0,0.0,1369368.0,136386.24999999907,1232981.75,1658907.25,1237486.25,0.0,0.0,0.0,3388885.5,0.0,0.0,0.0,18768.75,4640636.0,4124.5,10.5,9239230.0,1160909.75,482732.25000000023,411661.25,7662404.75,669168.5,372372.0,0.0,301301.0,0.0,0.0,0.0,0.0,989738.75,0.0,989738.75,2061809.75,3650897.25,0.0,4640636.0,0.0,0.0,0.0,0.0,0.0,0.0,0.0,0.0,0.0,0.0,0.0,16915.5,0,8.676249144421629,48.0,1.0,0,48.0,False,False,False,False,False,False,False,False,False,True,False,False,False,False,False,False,False,False,False,False,False,True,False,False,False,False,False,False,False,True,False,0.011180124223602485,0.010856453558504222,0,0,-243243.0,-262011.75,18768.75,-1000.0,-1000.0,92.83667621776505,399.4413407821229,100.0,21.32765314926661,0.0,0.0,26.56924072476273,9.959795321637358,500.0,30.442477876106196,500.0,500.0,96.86926418237042,1000.0,-1000.0,310.1224390835253,500.0,0,0,0,0,0,0,0,0,0,0,0,0,0,0,0,0,0,0,0,0,0,0
739,6025,60,602,2.0,3,25,1.0,0.0,0.0,0.0,0.0,0.0,0.0,17696941.193991903,7239049.1334043145,10494936.916722622,5711624.613972619,14751896.664327338,0.0,0.0,0.0,24672445.857143342,0.0,0.0,0.0,936626.1695394691,36100427.35440215,23689402.432255726,17889398.211046387,35463800.705205336,9473299.257317152,2502156.240714975,1764434.9040538718,21066695.29673669,7026995.2010281375,1530573.3567460796,-489449.7146318286,713223.8350885716,0.0,0.0,0.0,0.0,11248784.191388477,3574801.479138362,14823585.67052684,9532926.419230485,15913281.269093791,5395102.20245469,36094790.188847594,0.0,0.0,0.0,0.0,0.0,0.0,0.0,0.0,0.0,0.0,0.0,0.0,0,3.5017111567419574,48.0,1.0,0,48.0,False,True,False,False,False,False,False,False,False,False,False,False,False,True,False,False,False,False,False,False,False,False,False,False,True,False,False,False,False,False,False,0.3242236024844721,0.3823884197828709,1,1,4328648.753804218,8759164.588049551,-4458476.032915221,,,49.4185114378368,,75.88436726043955,31.1596981414038,202.6031944236134,,29.071503264192945,40.90565173975922,,6.34045264762552,,,162.9042174191688,,,-100.0,32.421460760082695,0,0,0,1,1,0,1,0,0,0,1,0,0,1,0,1,1,0,1,1,0,0
740,6024,60,602,2.0,3,23,7.0,0.0,0.0,0.0,0.0,0.0,0.0,17696941.193991903,7239049.1334043145,10494936.916722622,5711624.613972619,14751896.664327338,0.0,0.0,0.0,24672445.857143342,0.0,0.0,0.0,936626.1695394691,36100427.35440215,23689402.432255726,17889398.211046387,35463800.705205336,9473299.257317152,2502156.240714975,1764434.9040538718,21066695.29673669,7026995.2010281375,1530573.3567460796,-489449.7146318286,713223.8350885716,0.0,0.0,0.0,0.0,11248784.191388477,3574801.479138362,14823585.67052684,9532926.419230485,15913281.269093791,5395102.20245469,36094790.188847594,0.0,0.0,0.0,0.0,0.0,0.0,0.0,0.0,0.0,0.0,0.0,0.0,0,3.9342915811088295,60.0,1.0,0,60.0,False,True,False,False,False,False,False,False,False,False,False,False,False,True,False,False,False,False,False,False,False,False,False,False,True,False,False,False,False,False,False,0.3242236024844721,0.3823884197828709,1,1,4328648.753804218,8759164.588049551,-4458476.032915221,,,49.4185114378368,,75.88436726043955,31.1596981414038,202.6031944236134,,29.071503264192945,40.90565173975922,,6.34045264762552,,,162.9042174191688,,,-100.0,32.421460760082695,0,0,0,1,1,0,1,0,0,0,1,0,0,1,0,1,1,0,1,1,0,0
741,116,1,11,7.0,28,7,5.5,100.0,0.0,0.0,100.0,0.0,0.0,0.0,0.0,0.0,0.0,0.0,100.0,0.0,0.0,0.0,100.0,0.0,0.0,0.0,0.0,0.0,0.0,0.0,0.0,0.0,0.0,0.0,0.0,0.0,0.0,0.0,30.0,0.0,0.0,2.0,0.0,0.0,0.0,0.0,0.0,0.0,0.0,51.0,0.0,0.0,35.7357,0.0,0.0,40.5553,50.0,0.0,0.0,1.0,0.0,0,11.08829568788501,84.0,12.0,0,7.0,False,False,False,False,False,False,False,False,False,False,False,False,False,False,False,False,False,False,False,False,False,False,True,False,False,False,False,False,False,False,False,0.07080745341614907,0.04945717732207479,0,0,0.0,0.0,0.0,,,,,,,,,,,,,,,,,,,,0,0,0,1,1,1,1,1,1,1,1,1,1,1,1,1,1,1,1,1,1,1
742,5231,52,523,1.0,0,26,6.25,65.0,0.0,0.0,100.0,0.0,0.0,150150.0,0.0,150150.0,54554.5,0.0,100.0,0.0,0.0,54554.5,100.0,0.0,0.0,31531.5,236236.0,422922.5,403903.5,396396.0,64564.5,29029.0,27027.0,313313.0,34534.5,29029.0,0.0,27027.0,30.0,0.0,0.0,2.0,177677.5,0.0,177677.5,55555.5,58558.5,0.0,236236.0,100.0,0.0,0.0,41.339,0.0,0.0,34.4914,100.0,0.0,0.0,1.0,792.0,0,4.539356605065024,84.0,1.0,0,84.0,False,False,False,False,False,False,False,False,False,False,True,False,False,False,False,False,False,True,False,False,False,False,False,False,False,False,False,False,False,False,False,0.009937888198757764,0.0012062726176115801,0,0,27527.5,-4004.0,31531.5,1000.0,-1000.0,-500.0,1000.0,100.0,75.21186440677965,0.0,0.0,63.559322033898304,0.0,500.0,15.211267605633802,500.0,0.0,63.83386581469649,1000.0,-1000.0,-99.81273164705118,4.708798017348203,0,0,0,0,0,0,0,0,0,0,0,0,0,0,0,0,0,0,0,0,0,0
743,4529,45,452,2.0,111,24,7.0,0.0,0.0,0.0,0.0,0.0,0.0,14252738.5,10861100.25,3391638.25,39646857.25,15426160.75,0.0,0.0,0.0,57197390.25,0.0,0.0,0.0,22272.25,60611300.75,24597823.25,25840314.5,22300027.75,2908655.75,-747747.0,19769.75,15718703.0,3477223.7500000005,-1315814.4999999998,-297297.0,-548297.7499999999,0.0,0.0,0.0,0.0,23678404.75,938687.75,24617092.5,5642386.75,17177160.0,18817048.25,60611300.75,0.0,0.0,0.0,0.0,0.0,0.0,0.0,0.0,0.0,0.0,0.0,41369.5,1,26.55441478439425,48.0,1.0,0,48.0,False,False,False,False,False,False,False,False,True,False,False,False,False,False,False,False,False,False,False,False,True,False,False,False,False,False,False,True,False,False,False,0.08074534161490683,0.07117008443908324,0,0,21225454.25,40020230.25,-18794776.0,1000.0,1000.0,53.03681192588841,-1000.0,96.18684558300295,39.06599009921429,500.0,-500.0,5.595719293320067,76.20360290760965,-500.0,-2.3156025745357693,47.78822562515863,500.0,129.22562567662231,1000.0,1000.0,-99.83181641895894,-4.8083441476689455,0,0,0,0,0,0,0,0,0,0,0,0,0,0,0,0,0,0,0,0,0,0
744,4529,45,452,2.0,111,24,7.0,0.0,0.0,0.0,0.0,0.0,0.0,14252738.5,10861100.25,3391638.25,39646857.25,15426160.75,0.0,0.0,0.0,57197390.25,0.0,0.0,0.0,22272.25,60611300.75,24597823.25,25840314.5,22300027.75,2908655.75,-747747.0,19769.75,15718703.0,3477223.7500000005,-1315814.4999999998,-297297.0,-548297.7499999999,0.0,0.0,0.0,0.0,23678404.75,938687.75,24617092.5,5642386.75,17177160.0,18817048.25,60611300.75,0.0,0.0,0.0,0.0,0.0,0.0,0.0,0.0,0.0,0.0,0.0,41369.5,1,26.55715263518138,48.0,1.0,0,48.0,False,False,False,False,False,False,False,False,True,False,False,False,False,False,False,False,False,False,False,False,True,False,False,False,False,False,False,True,False,False,False,0.08074534161490683,0.07117008443908324,0,0,21225454.25,40020230.25,-18794776.0,1000.0,1000.0,53.03681192588841,-1000.0,96.18684558300295,39.06599009921429,500.0,-500.0,5.595719293320067,76.20360290760965,-500.0,-2.3156025745357693,47.78822562515863,500.0,129.22562567662231,1000.0,1000.0,-99.83181641895894,-4.8083441476689455,0,0,0,0,0,0,0,0,0,0,0,0,0,0,0,0,0,0,0,0,0,0
745,4030,40,403,10.0,125,25,6.0,0.0,0.0,0.0,0.0,0.0,0.0,17696941.193991903,7239049.1334043145,10494936.916722622,5711624.613972619,14751896.664327338,0.0,0.0,0.0,24672445.857143342,0.0,0.0,0.0,936626.1695394691,36100427.35440215,23689402.432255726,17889398.211046387,35463800.705205336,9473299.257317152,2502156.240714975,1764434.9040538718,21066695.29673669,7026995.2010281375,1530573.3567460796,-489449.7146318286,713223.8350885716,0.0,0.0,0.0,0.0,11248784.191388477,3574801.479138362,14823585.67052684,9532926.419230485,15913281.269093791,5395102.20245469,36094790.188847594,0.0,0.0,0.0,0.0,0.0,0.0,0.0,0.0,0.0,0.0,0.0,0.0,0,4.046543463381246,48.0,1.0,0,48.0,False,True,False,False,False,False,False,False,False,False,False,False,False,True,False,False,False,False,False,False,False,False,False,False,False,False,False,True,False,False,False,0.024844720496894408,0.020506634499396863,1,1,4328648.753804218,8759164.588049551,-4458476.032915221,,,49.4185114378368,,75.88436726043955,31.1596981414038,202.6031944236134,,29.071503264192945,40.90565173975922,,6.34045264762552,,,162.9042174191688,,,-100.0,32.421460760082695,0,0,0,1,1,0,1,0,0,0,1,0,0,1,0,1,1,0,1,1,0,0
746,4010,40,401,0.0,125,22,6.0,0.0,0.0,0.0,0.0,0.0,0.0,17696941.193991903,7239049.1334043145,10494936.916722622,5711624.613972619,14751896.664327338,0.0,0.0,0.0,24672445.857143342,0.0,0.0,0.0,936626.1695394691,36100427.35440215,23689402.432255726,17889398.211046387,35463800.705205336,9473299.257317152,2502156.240714975,1764434.9040538718,21066695.29673669,7026995.2010281375,1530573.3567460796,-489449.7146318286,713223.8350885716,0.0,0.0,0.0,0.0,11248784.191388477,3574801.479138362,14823585.67052684,9532926.419230485,15913281.269093791,5395102.20245469,36094790.188847594,0.0,0.0,0.0,0.0,0.0,0.0,0.0,0.0,0.0,0.0,0.0,0.0,0,4.079397672826831,36.0,1.0,0,36.0,False,True,False,False,False,False,False,False,False,False,False,False,False,True,False,False,False,False,False,False,False,False,False,False,True,False,False,False,False,False,False,0.024844720496894408,0.020506634499396863,1,1,4328648.753804218,8759164.588049551,-4458476.032915221,,,49.4185114378368,,75.88436726043955,31.1596981414038,202.6031944236134,,29.071503264192945,40.90565173975922,,6.34045264762552,,,162.9042174191688,,,-100.0,32.421460760082695,0,0,0,1,1,0,1,0,0,0,1,0,0,1,0,1,1,0,1,1,0,0
747,2914,29,291,10.0,0,4,6.0,0.0,0.0,0.0,0.0,0.0,0.0,12992729.75,4891887.0,8100842.75,1372120.75,3664661.0,0.0,0.0,0.0,7049042.0,0.0,0.0,0.0,421421.0,15571305.75,15328.25,7147.75,15482467.0,5839834.0,1417916.5,1031530.5,7659902.25,4314560.25,793542.7499999999,-249499.25,407156.75,0.0,0.0,0.0,0.0,4990986.0,3777023.25,8768009.25,4768263.5,6484227.75,319068.75,15571305.75,0.0,0.0,0.0,0.0,0.0,0.0,0.0,0.0,0.0,0.0,0.0,31163.5,0,16.76659822039699,83.0,3.0,0,27.666666666666668,False,True,False,False,False,False,False,False,False,False,False,False,False,True,False,False,False,False,False,False,False,False,False,False,True,False,False,False,False,False,False,0.0012422360248447205,0.0012062726176115801,0,0,667166.5,564814.25,102352.25,1000.0,1000.0,118.1214000886132,1000.0,56.922681736450045,32.052456487151055,366.1572052401747,-500.0,52.02417112643235,37.65095629730927,500.0,8.157841957480946,500.0,500.0,224.09879447221405,1000.0,1000.0,103.30761828649715,114.44860270714561,0,0,0,0,0,0,0,0,0,0,0,0,0,0,0,0,0,0,0,0,0,0
748,4529,45,452,0.0,11,23,1.0,0.0,0.0,0.0,0.0,0.0,0.0,5682677.0,1367616.25,4315060.750000001,1198447.25,2970968.0,0.0,0.0,0.0,5031526.5,0.0,0.0,0.0,113863.75,9460451.0,4427923.5,4573068.5,4933678.75,1566314.749999999,958707.75,827576.75,2825322.5,602602.0,378878.5,-54554.5,247747.5,0.0,0.0,0.0,0.0,4130626.500000001,3410407.0,7541033.5,473222.75,1919417.5,0.0,9460451.0,0.0,0.0,0.0,0.0,0.0,0.0,0.0,0.0,0.0,0.0,0.0,10592.5,0,4.769336071184121,60.0,1.0,0,60.0,False,False,False,False,True,False,False,False,False,False,False,False,False,False,False,False,True,False,False,False,False,False,False,False,False,True,False,False,False,False,False,0.004968944099378882,0.0036188178528347406,0,0,3225972.749999999,3112109.0,113863.75,1000.0,1000.0,103.65873271148276,1000.0,54.775336828831236,43.662046344302205,412.0955548835803,-500.0,45.611575494656655,24.066408314250484,500.0,5.99781897491821,500.0,500.0,60.29760850310009,1000.0,1000.0,-99.76077951662896,-3.173908284995075,0,0,0,0,0,0,0,0,0,0,0,0,0,0,0,0,0,0,0,0,0,0
749,2666,26,266,0.0,11,25,0.0,0.0,0.0,0.0,0.0,0.0,0.0,5682677.0,1367616.25,4315060.750000001,1198447.25,2970968.0,0.0,0.0,0.0,5031526.5,0.0,0.0,0.0,113863.75,9460451.0,4427923.5,4573068.5,4933678.75,1566314.749999999,958707.75,827576.75,2825322.5,602602.0,378878.5,-54554.5,247747.5,0.0,0.0,0.0,0.0,4130626.500000001,3410407.0,7541033.5,473222.75,1919417.5,0.0,9460451.0,0.0,0.0,0.0,0.0,0.0,0.0,0.0,0.0,0.0,0.0,0.0,10592.5,1,5.201916495550993,60.0,1.0,0,60.0,False,False,False,False,True,False,False,False,False,False,False,False,False,False,False,False,True,False,False,False,False,False,False,False,False,True,False,False,False,False,False,0.004968944099378882,0.0036188178528347406,0,0,3225972.749999999,3112109.0,113863.75,1000.0,1000.0,103.65873271148276,1000.0,54.775336828831236,43.662046344302205,412.0955548835803,-500.0,45.611575494656655,24.066408314250484,500.0,5.99781897491821,500.0,500.0,60.29760850310009,1000.0,1000.0,-99.76077951662896,-3.173908284995075,0,0,0,0,0,0,0,0,0,0,0,0,0,0,0,0,0,0,0,0,0,0
750,5511,55,551,0.0,31,32,5.5,100.0,0.0,0.0,100.0,0.0,0.0,12376864.5,2999997.0,9376867.5,0.0,3259756.5,100.0,0.0,0.0,4453949.5,100.0,0.0,0.0,1130629.5,14961446.5,6258752.5,4134130.0,5526020.5,1791289.5,1325824.5,888387.5,3698194.5,447947.5,839338.5,-192692.5,401901.5,30.0,0.0,0.0,1.0,12787274.5,1565564.0,14352838.5,187187.0,608607.9999999981,0.0,14961446.5,51.0,0.0,0.0,37.6029,0.0,0.0,41.6403,66.0,0.0,0.0,1.0,9166.0,0,11.08829568788501,60.0,3.0,0,20.0,False,False,False,False,False,False,False,False,False,False,False,True,False,False,False,False,False,False,False,False,False,False,False,True,False,False,False,False,False,False,True,0.002484472049689441,0.0024125452352231603,0,0,4975971.0,3845341.500000002,1130629.5,1000.0,1000.0,129.40257711831308,1000.0,89.09230393695296,85.46816980564012,176.22535211267603,-500.0,62.673535610343556,24.238748028630354,500.0,3.142980155779091,500.0,500.0,18.221680876979292,0.0,1000.0,-99.85354908985457,51.39225181598063,0,0,0,0,0,0,0,0,0,0,0,0,0,0,0,0,0,0,0,0,0,0
751,1422,14,142,6.0,12,23,5.0,100.0,0.0,0.0,100.0,0.0,0.0,967966.9999999981,393893.5,574073.5,1597596.0,1970969.0,100.0,0.0,0.0,3751748.0,100.0,0.0,0.0,1001.0,4326822.5,2046044.0,1843842.0,2468966.5000000037,583082.5,174674.5,90090.0,1650148.5,385385.0,132632.5,-71571.5,48048.0,30.0,0.0,0.0,4.0,1609107.5,12012.0,1621119.5,477477.0,2542540.0,163163.0,4326822.5,51.0,0.0,0.0,41.5707,0.0,0.0,34.3415,100.0,0.0,0.0,2.0,4933.0,0,23.76728268309377,48.0,1.0,0,48.0,False,False,False,False,False,False,False,False,False,False,True,False,False,False,False,False,False,False,False,False,False,False,True,False,False,False,False,False,False,False,False,0.04720496894409938,0.04945717732207479,0,0,1047046.0,1209208.0,-162162.0,1000.0,1000.0,86.58940397350993,-1000.0,99.25903056498919,37.18912666281087,13.333333333333334,-500.0,13.267784846732214,40.69286452947267,500.0,2.9860031104199067,500.0,500.0,104.16742493175614,1000.0,1000.0,-99.75890059060313,10.966340933767643,0,0,0,0,0,0,0,0,0,0,0,0,0,0,0,0,0,0,0,0,0,0
752,6025,60,602,3.0,7,23,7.5,0.0,0.0,0.0,0.0,0.0,0.0,685434.75,231731.5,453703.25,0.0,331581.25,0.0,0.0,0.0,522021.5,0.0,0.0,0.0,9259.25,984984.0,1388887.5,498498.0,2045043.0,582081.5,371120.75,304804.5,1074573.5,205955.75,256005.75,-35285.25,189689.49999999994,0.0,0.0,0.0,0.0,549048.5,281030.75,830079.25,78078.0,128628.49999999814,35035.0,984984.0,0.0,0.0,0.0,0.0,0.0,0.0,0.0,0.0,0.0,0.0,0.0,4086.0,1,4.213552361396304,60.0,1.0,0,60.0,False,True,False,False,False,False,False,False,False,False,False,False,False,True,False,False,False,False,False,False,False,False,False,False,True,False,False,False,False,False,False,0.3242236024844721,0.3823884197828709,0,0,376376.0,393393.00000000186,-25775.75,1000.0,1000.0,95.67430025445248,-1000.0,66.14410611998794,55.74186991869918,92.20032840722496,-500.0,46.0619918699187,33.807959109163924,500.0,34.548769371011836,500.0,500.0,26.157428970656728,0.0,1000.0,-99.7058077058077,178.6144578313253,0,0,0,0,0,0,0,0,0,0,0,0,0,0,0,0,0,0,0,0,0,0
753,7412,74,741,5.0,6,24,7.0,0.0,0.0,0.0,0.0,0.0,0.0,1983982.0,1123121.999999999,860860.0,0.0,603102.5,0.0,0.0,0.0,675174.5,0.0,0.0,0.0,28028.0,1564062.5,1016515.5,0.0,994994.0,591090.5,159159.0,155655.5,127627.5,405405.0,29529.500000000233,500.5,26026.0,0.0,0.0,0.0,0.0,599098.5,414414.0,1013512.5,20020.0,550550.0000000019,0.0,1564062.5,0.0,0.0,0.0,0.0,0.0,0.0,0.0,0.0,0.0,0.0,0.0,1909.0,0,15.849418206707734,120.0,1.0,0,120.0,False,False,False,False,False,False,False,False,True,False,False,False,False,False,False,False,False,False,False,False,True,False,False,False,False,False,False,True,False,False,False,0.08074534161490683,0.07117008443908324,0,0,152652.5,124624.49999999814,28028.0,1000.0,1000.0,122.48995983935926,1000.0,59.111111111111114,38.304,266.2379421221865,26.217915138816135,55.04,56.60948536831478,500.0,4.344193817878028,500.0,500.0,56.470588235294116,0.0,1000.0,-99.81220158472743,,0,0,0,0,0,0,0,0,0,0,0,0,0,0,0,0,0,0,0,0,0,1
754,4521,45,452,2.0,2,22,6.5,0.0,0.0,0.0,0.0,0.0,0.0,3534030.5,2040038.0,1493992.5,1604102.5,5187682.5,0.0,0.0,0.0,7115608.5,0.0,0.0,0.0,43043.0,8652644.0,2416414.0,0.0,6807801.0,1372371.0,770770.0,699198.5,4871366.499999998,442942.5,452952.5,-5004.999999999942,381381.0,0.0,0.0,0.0,0.0,276776.5,0.0,276776.5,2228726.5,8234726.500000001,141141.0,8652644.0,0.0,0.0,0.0,0.0,0.0,0.0,0.0,0.0,0.0,0.0,0.0,13195.0,0,7.649555099247091,60.0,1.0,0,60.0,False,True,False,False,False,False,False,False,False,False,False,False,False,True,False,False,False,False,False,False,False,False,False,False,True,False,False,False,False,False,False,0.024844720496894408,0.3823884197828709,0,0,-1217216.0,-1119118.000000001,-98098.0,-1000.0,-1000.0,108.76565295169938,-1000.0,100.0,3.198750578435909,0.0,-37.93103448275818,17.266311892642292,57.725534626823396,500.0,137.79385171790236,500.0,500.0,164.70564060413034,1000.0,-1000.0,-99.45394290878964,,0,0,0,0,0,0,0,0,0,0,0,0,0,0,0,0,0,0,0,0,0,1
755,123,1,12,0.0,0,9,5.2,100.0,0.0,0.0,100.0,0.0,0.0,0.0,0.0,0.0,0.0,0.0,100.0,0.0,0.0,0.0,100.0,0.0,0.0,0.0,0.0,0.0,0.0,0.0,0.0,0.0,0.0,0.0,0.0,0.0,0.0,0.0,35.0,0.0,0.0,1.0,0.0,0.0,0.0,0.0,0.0,0.0,0.0,51.0,0.0,0.0,41.7372,0.0,0.0,49.0875,100.0,0.0,0.0,1.0,0.0,0,11.08829568788501,108.0,6.0,0,18.0,False,False,False,True,False,False,False,False,False,False,False,False,False,False,False,True,False,False,False,False,False,False,False,False,False,True,False,False,False,False,False,0.004968944099378882,0.020506634499396863,0,0,0.0,0.0,0.0,,,,,,,,,,,,,,,,,,,,0,0,0,1,1,1,1,1,1,1,1,1,1,1,1,1,1,1,1,1,1,1
756,6042,60,604,3.0,10,24,8.0,0.0,0.0,0.0,0.0,0.0,0.0,17696941.193991903,7239049.1334043145,10494936.916722622,5711624.613972619,14751896.664327338,0.0,0.0,0.0,24672445.857143342,0.0,0.0,0.0,936626.1695394691,36100427.35440215,23689402.432255726,17889398.211046387,35463800.705205336,9473299.257317152,2502156.240714975,1764434.9040538718,21066695.29673669,7026995.2010281375,1530573.3567460796,-489449.7146318286,713223.8350885716,0.0,0.0,0.0,0.0,11248784.191388477,3574801.479138362,14823585.67052684,9532926.419230485,15913281.269093791,5395102.20245469,36094790.188847594,0.0,0.0,0.0,0.0,0.0,0.0,0.0,0.0,0.0,0.0,0.0,0.0,1,4.432580424366872,48.0,1.0,0,48.0,False,False,False,False,False,False,False,False,True,False,False,False,False,False,False,False,False,False,False,False,True,False,False,False,False,False,False,True,False,False,False,0.08074534161490683,0.07117008443908324,1,1,4328648.753804218,8759164.588049551,-4458476.032915221,,,49.4185114378368,,75.88436726043955,31.1596981414038,202.6031944236134,,29.071503264192945,40.90565173975922,,6.34045264762552,,,162.9042174191688,,,-100.0,32.421460760082695,0,0,0,1,1,0,1,0,0,0,1,0,0,1,0,1,1,0,1,1,0,0
757,6042,60,604,2.0,10,24,8.0,0.0,0.0,0.0,0.0,0.0,0.0,17696941.193991903,7239049.1334043145,10494936.916722622,5711624.613972619,14751896.664327338,0.0,0.0,0.0,24672445.857143342,0.0,0.0,0.0,936626.1695394691,36100427.35440215,23689402.432255726,17889398.211046387,35463800.705205336,9473299.257317152,2502156.240714975,1764434.9040538718,21066695.29673669,7026995.2010281375,1530573.3567460796,-489449.7146318286,713223.8350885716,0.0,0.0,0.0,0.0,11248784.191388477,3574801.479138362,14823585.67052684,9532926.419230485,15913281.269093791,5395102.20245469,36094790.188847594,0.0,0.0,0.0,0.0,0.0,0.0,0.0,0.0,0.0,0.0,0.0,0.0,1,5.119780971937029,48.0,1.0,0,48.0,False,False,False,False,False,False,False,False,True,False,False,False,False,False,False,False,False,False,False,False,True,False,False,False,False,False,False,True,False,False,False,0.08074534161490683,0.07117008443908324,1,1,4328648.753804218,8759164.588049551,-4458476.032915221,,,49.4185114378368,,75.88436726043955,31.1596981414038,202.6031944236134,,29.071503264192945,40.90565173975922,,6.34045264762552,,,162.9042174191688,,,-100.0,32.421460760082695,0,0,0,1,1,0,1,0,0,0,1,0,0,1,0,1,1,0,1,1,0,0
758,6042,60,604,2.0,10,24,8.0,0.0,0.0,0.0,0.0,0.0,0.0,17696941.193991903,7239049.1334043145,10494936.916722622,5711624.613972619,14751896.664327338,0.0,0.0,0.0,24672445.857143342,0.0,0.0,0.0,936626.1695394691,36100427.35440215,23689402.432255726,17889398.211046387,35463800.705205336,9473299.257317152,2502156.240714975,1764434.9040538718,21066695.29673669,7026995.2010281375,1530573.3567460796,-489449.7146318286,713223.8350885716,0.0,0.0,0.0,0.0,11248784.191388477,3574801.479138362,14823585.67052684,9532926.419230485,15913281.269093791,5395102.20245469,36094790.188847594,0.0,0.0,0.0,0.0,0.0,0.0,0.0,0.0,0.0,0.0,0.0,0.0,1,5.119780971937029,48.0,1.0,0,48.0,False,False,False,False,False,False,False,False,True,False,False,False,False,False,False,False,False,False,False,False,True,False,False,False,False,False,False,True,False,False,False,0.08074534161490683,0.07117008443908324,1,1,4328648.753804218,8759164.588049551,-4458476.032915221,,,49.4185114378368,,75.88436726043955,31.1596981414038,202.6031944236134,,29.071503264192945,40.90565173975922,,6.34045264762552,,,162.9042174191688,,,-100.0,32.421460760082695,0,0,0,1,1,0,1,0,0,0,1,0,0,1,0,1,1,0,1,1,0,0
759,8040,80,804,7.0,0,2,6.25,0.0,0.0,0.0,0.0,0.0,0.0,2815312.5,1301800.500000001,1513512.0,0.0,52552.5,0.0,0.0,0.0,75575.5,0.0,0.0,0.0,74074.0,1663161.4999999925,163663.5,175675.5,203703.5,189689.5,155655.5,100600.5,500.5,25025.0,5505.5,-53053.0,-49549.5,0.0,0.0,0.0,0.0,145145.0,1172671.5,1317816.5,13013.0,345345.0,0.0,1663161.5,0.0,0.0,0.0,0.0,0.0,0.0,0.0,0.0,0.0,0.0,0.0,407.0,0,12.010951403148528,180.0,1.0,0,180.0,False,True,False,False,False,False,False,False,False,False,False,False,False,True,False,False,False,False,False,False,False,False,False,False,True,False,False,False,False,False,False,0.3242236024844721,0.3823884197828709,0,0,-195695.5,-269769.5,74074.0,-1000.0,-1000.0,72.5417439703154,1000.0,11.014052411697683,8.727053866987701,500.0,-500.0,91.00210653024416,46.24000000000003,-500.0,-34.13793103448276,500.0,500.0,500.0,0.0,-1000.0,-99.75131901737406,-6.837606837606838,0,0,0,0,0,0,0,0,0,0,0,0,0,0,0,0,0,0,0,0,0,0
760,6062,60,606,0.0,0,25,0.0,0.0,0.0,0.0,0.0,0.0,0.0,2622619.999999998,1905403.499999999,717216.5,0.0,545044.5,0.0,0.0,0.0,829078.25,0.0,0.0,0.0,579078.5,2125373.25,1779778.0,708349.25,2831829.0,984733.75,665164.5,630129.5,1632631.0,311561.25,174674.5,0.0,139639.5,0.0,0.0,0.0,0.0,28028.0,0.0,28028.0,215215.0,2097345.25,0.0,2125373.25,0.0,0.0,0.0,0.0,0.0,0.0,0.0,0.0,0.0,0.0,0.0,5658.0,0,5.300479123887748,60.0,1.0,0,60.0,False,False,False,False,False,False,False,False,False,False,True,False,False,False,False,False,False,False,False,False,False,False,True,False,False,True,False,False,False,False,False,0.03229813664596273,0.013268998793727383,0,0,-689188.5,-1268267.0,579078.5,-1000.0,-1000.0,54.34096290449881,1000.0,100.0,1.3187330742964793,0.0,0.0,33.74543741905099,72.65267175572521,500.0,498.21428571428567,500.0,500.0,47.45554874310239,0.0,-1000.0,-99.68209518265762,151.2571305750659,0,0,0,0,0,0,0,0,0,0,0,0,0,0,0,0,0,0,0,0,0,0
761,5151,51,515,160.70999999999992,47,20,1.0,0.0,0.0,0.0,0.0,0.0,0.0,4686431.75,892141.25,3794290.5,1195944.75,7382875.5,0.0,0.0,0.0,15926911.0,0.0,0.0,0.0,2238986.75,21960188.25,209767057.5,218870652.0,147405758.5,2616614.000000001,1628376.75,1083332.25,133575942.5,985484.5000000009,1325574.25,-114614.5,780529.75,0.0,0.0,0.0,0.0,7568310.75,0.0,7568310.75,8995486.5,14391877.5,0.0,21960188.25,0.0,0.0,0.0,0.0,0.0,0.0,0.0,0.0,0.0,0.0,0.0,294517.0,0,3.8439425051334704,60.0,1.0,0,60.0,False,True,False,False,False,False,False,False,False,False,False,False,False,True,False,False,False,False,False,False,False,False,False,False,False,False,False,False,True,False,False,0.024844720496894408,0.020506634499396863,0,0,3774020.25,1535033.5,2238986.75,1000.0,1000.0,245.8591457450277,1000.0,100.0,34.463779016102016,0.0,-38.916089733360046,17.278041776349525,19.036685000266996,265.0202704767467,10.31313031114638,367.8335206456673,500.0,24.24370047023999,1000.0,1000.0,-99.85959806868149,-4.159349102683716,0,0,0,0,0,0,0,0,0,0,0,0,0,0,0,0,0,0,0,0,0,0
762,9999,99,999,0.0,0,28,8.2,0.0,0.0,0.0,0.0,0.0,0.0,0.0,0.0,0.0,0.0,0.0,0.0,0.0,0.0,0.0,0.0,0.0,0.0,0.0,0.0,0.0,0.0,0.0,0.0,0.0,0.0,0.0,0.0,0.0,0.0,0.0,0.0,0.0,0.0,0.0,0.0,0.0,0.0,0.0,0.0,0.0,0.0,0.0,0.0,0.0,0.0,0.0,0.0,0.0,0.0,0.0,0.0,0.0,0.0,1,11.08829568788501,144.0,3.0,0,48.0,False,False,False,False,True,False,False,False,False,False,False,False,False,False,False,False,False,False,False,False,False,False,False,False,False,True,False,False,False,False,False,0.06459627329192547,0.06031363088057901,0,0,0.0,0.0,0.0,,,,,,,,,,,,,,,,,,,,0,0,0,1,1,1,1,1,1,1,1,1,1,1,1,1,1,1,1,1,1,1
763,5151,51,515,2.0,11,26,8.75,100.0,100.0,100.0,100.0,1.0,1.0,420920.5,41041.0,379879.5,1829327.5,3445942.5,100.0,100.0,100.0,5375870.5,100.0,100.0,100.0,252252.0,6008002.0,7624617.0,3624120.5,10114104.0,2050048.0,1684182.5,1167666.5,7991984.0,364864.5,1666665.0,0.0,1150149.0,70.0,70.0,70.0,1.0,3500997.5,0.0,3500997.5,1774272.5,2507004.5,0.0,6008002.0,51.0,51.0,51.0,38.9349,37.9527,37.9527,38.9743,66.0,100.0,100.0,2.0,20208.0,0,13.092402464065708,84.0,4.0,0,21.0,False,False,False,False,False,False,False,True,False,False,False,False,False,False,False,False,False,False,False,True,False,False,False,False,False,False,False,False,False,False,False,0.02608695652173913,0.024125452352231604,0,0,3121118.0,2868866.0,252252.0,1000.0,1000.0,108.79274249825541,1000.0,100.0,58.27224258580473,0.0,0.0,6.322892369210263,9.750297265160523,500.0,32.852037169406714,500.0,500.0,79.92234468937875,1000.0,1000.0,-99.73496373653916,110.38530589697555,0,0,0,0,0,0,0,0,0,0,0,0,0,0,0,0,0,0,0,0,0,0
764,2466,24,246,10.0,15,3,6.0,0.0,0.0,0.0,0.0,0.0,0.0,929428.5,189189.0,740239.5,1454453.0,0.0,0.0,0.0,0.0,1482981.5,0.0,0.0,0.0,39039.0,2262260.0,2795793.0,2706203.5,3700196.5,451951.5,317817.5,266766.5,3140637.5,127127.0,221721.5,-28028.0,170670.5,0.0,0.0,0.0,0.0,743242.5,188688.5,931931.0,10010.0,1330329.0,0.0,2262260.0,0.0,0.0,0.0,0.0,0.0,0.0,0.0,0.0,0.0,0.0,0.0,7393.0,0,6.861054072553046,84.0,3.0,0,28.0,False,False,False,False,True,False,False,False,False,False,False,False,False,False,False,False,True,False,False,False,False,False,False,False,False,True,False,False,False,False,False,0.06459627329192547,0.06031363088057901,0,0,191691.5,152652.5,39039.0,1000.0,1000.0,125.57377049180327,1000.0,79.75295381310418,32.85398230088495,70.73170731707317,-379.1153794129582,32.7212389380531,20.35541195476575,500.0,22.962962962962962,500.0,0.0,1.1474103585657371,1000.0,1000.0,-99.73556697509437,3.3105233955982984,0,0,0,0,0,0,0,0,0,0,0,0,0,0,0,0,0,0,0,0,0,0
765,5147,51,514,2.0,8,24,6.5,0.0,0.0,0.0,0.0,0.0,0.0,7480472.999999998,629378.75,6851094.25,587086.5,3608855.25,0.0,0.0,0.0,8820561.750000002,0.0,0.0,0.0,359609.25,16031265.25,11932331.5,15003.222500000149,11432170.75,2843340.5,2140638.5,1797295.5,8178420.25,632632.0,1700198.5,235985.75000000006,1356855.5,0.0,0.0,0.0,0.0,4986481.5,1126125.0,6112606.5,6881124.25,9918658.75,0.0,16031265.25,0.0,0.0,0.0,0.0,0.0,0.0,0.0,0.0,0.0,0.0,0.0,22841.5,0,12.128678986995208,60.0,1.0,0,60.0,False,True,False,False,False,False,False,False,False,False,False,False,False,True,False,False,False,False,False,False,False,False,False,False,True,False,False,False,False,False,False,0.3242236024844721,0.3823884197828709,0,0,-738487.75,-1098096.9999999981,359609.25,-1000.0,-1000.0,67.25159525979957,1000.0,81.57700810611644,31.1047283058335,62.65664160401002,500.0,42.735829912115015,8.413622373879301,500.0,27.210679514202553,500.0,500.0,302.89526024295463,1000.0,-1000.0,-99.80857471148869,500.0,0,0,0,0,0,0,0,0,0,0,0,0,0,0,0,0,0,0,0,0,0,0
766,5147,51,514,2.0,8,24,6.5,0.0,0.0,0.0,0.0,0.0,0.0,7480472.999999998,629378.75,6851094.25,587086.5,3608855.25,0.0,0.0,0.0,8820561.750000002,0.0,0.0,0.0,359609.25,16031265.25,11932331.5,15003.222500000149,11432170.75,2843340.5,2140638.5,1797295.5,8178420.25,632632.0,1700198.5,235985.75000000006,1356855.5,0.0,0.0,0.0,0.0,4986481.5,1126125.0,6112606.5,6881124.25,9918658.75,0.0,16031265.25,0.0,0.0,0.0,0.0,0.0,0.0,0.0,0.0,0.0,0.0,0.0,22841.5,0,12.128678986995208,60.0,1.0,0,60.0,False,True,False,False,False,False,False,False,False,False,False,False,False,True,False,False,False,False,False,False,False,False,False,False,True,False,False,False,False,False,False,0.3242236024844721,0.3823884197828709,0,0,-738487.75,-1098096.9999999981,359609.25,-1000.0,-1000.0,67.25159525979957,1000.0,81.57700810611644,31.1047283058335,62.65664160401002,500.0,42.735829912115015,8.413622373879301,500.0,27.210679514202553,500.0,500.0,302.89526024295463,1000.0,-1000.0,-99.80857471148869,500.0,0,0,0,0,0,0,0,0,0,0,0,0,0,0,0,0,0,0,0,0,0,0
767,5147,51,514,2.0,8,24,6.5,0.0,0.0,0.0,0.0,0.0,0.0,7480472.999999998,629378.75,6851094.25,587086.5,3608855.25,0.0,0.0,0.0,8820561.750000002,0.0,0.0,0.0,359609.25,16031265.25,11932331.5,15003.222500000149,11432170.75,2843340.5,2140638.5,1797295.5,8178420.25,632632.0,1700198.5,235985.75000000006,1356855.5,0.0,0.0,0.0,0.0,4986481.5,1126125.0,6112606.5,6881124.25,9918658.75,0.0,16031265.25,0.0,0.0,0.0,0.0,0.0,0.0,0.0,0.0,0.0,0.0,0.0,22841.5,0,12.128678986995208,60.0,1.0,0,60.0,False,True,False,False,False,False,False,False,False,False,False,False,False,True,False,False,False,False,False,False,False,False,False,False,True,False,False,False,False,False,False,0.3242236024844721,0.3823884197828709,0,0,-738487.75,-1098096.9999999981,359609.25,-1000.0,-1000.0,67.25159525979957,1000.0,81.57700810611644,31.1047283058335,62.65664160401002,500.0,42.735829912115015,8.413622373879301,500.0,27.210679514202553,500.0,500.0,302.89526024295463,1000.0,-1000.0,-99.80857471148869,500.0,0,0,0,0,0,0,0,0,0,0,0,0,0,0,0,0,0,0,0,0,0,0
768,5147,51,514,2.0,8,24,6.5,0.0,0.0,0.0,0.0,0.0,0.0,7480472.999999998,629378.75,6851094.25,587086.5,3608855.25,0.0,0.0,0.0,8820561.750000002,0.0,0.0,0.0,359609.25,16031265.25,11932331.5,15003.222500000149,11432170.75,2843340.5,2140638.5,1797295.5,8178420.25,632632.0,1700198.5,235985.75000000006,1356855.5,0.0,0.0,0.0,0.0,4986481.5,1126125.0,6112606.5,6881124.25,9918658.75,0.0,16031265.25,0.0,0.0,0.0,0.0,0.0,0.0,0.0,0.0,0.0,0.0,0.0,22841.5,0,12.128678986995208,60.0,1.0,0,60.0,False,True,False,False,False,False,False,False,False,False,False,False,False,True,False,False,False,False,False,False,False,False,False,False,True,False,False,False,False,False,False,0.3242236024844721,0.3823884197828709,0,0,-738487.75,-1098096.9999999981,359609.25,-1000.0,-1000.0,67.25159525979957,1000.0,81.57700810611644,31.1047283058335,62.65664160401002,500.0,42.735829912115015,8.413622373879301,500.0,27.210679514202553,500.0,500.0,302.89526024295463,1000.0,-1000.0,-99.80857471148869,500.0,0,0,0,0,0,0,0,0,0,0,0,0,0,0,0,0,0,0,0,0,0,0
769,5147,51,514,2.0,8,24,6.5,0.0,0.0,0.0,0.0,0.0,0.0,7480472.999999998,629378.75,6851094.25,587086.5,3608855.25,0.0,0.0,0.0,8820561.750000002,0.0,0.0,0.0,359609.25,16031265.25,11932331.5,15003.222500000149,11432170.75,2843340.5,2140638.5,1797295.5,8178420.25,632632.0,1700198.5,235985.75000000006,1356855.5,0.0,0.0,0.0,0.0,4986481.5,1126125.0,6112606.5,6881124.25,9918658.75,0.0,16031265.25,0.0,0.0,0.0,0.0,0.0,0.0,0.0,0.0,0.0,0.0,0.0,22841.5,0,12.128678986995208,60.0,1.0,0,60.0,False,True,False,False,False,False,False,False,False,False,False,False,False,True,False,False,False,False,False,False,False,False,False,False,True,False,False,False,False,False,False,0.3242236024844721,0.3823884197828709,0,0,-738487.75,-1098096.9999999981,359609.25,-1000.0,-1000.0,67.25159525979957,1000.0,81.57700810611644,31.1047283058335,62.65664160401002,500.0,42.735829912115015,8.413622373879301,500.0,27.210679514202553,500.0,500.0,302.89526024295463,1000.0,-1000.0,-99.80857471148869,500.0,0,0,0,0,0,0,0,0,0,0,0,0,0,0,0,0,0,0,0,0,0,0
770,6062,60,606,6.0,32,23,6.75,0.0,0.0,0.0,0.0,0.0,0.0,8685927.25,4242488.25,4443439.0,0.0,8278270.0,0.0,0.0,0.0,11054042.999999998,0.0,0.0,0.0,2463711.25,17961193.25,10328818.5,4935011.5,12302790.5,2966964.0,1865613.75,1697696.0,9103594.5,1016765.75,173423.25,-105605.5,5505.5,0.0,0.0,0.0,0.0,2775022.25,7784026.25,10559048.5,4139385.25,7402144.75,0.0,17961193.25,0.0,0.0,0.0,0.0,0.0,0.0,0.0,0.0,0.0,0.0,0.0,24581.0,0,3.468856947296372,60.0,1.0,0,60.0,False,True,False,False,False,False,False,False,False,False,False,False,False,True,False,False,False,False,False,False,False,False,False,False,True,False,False,False,False,False,False,0.3242236024844721,0.3823884197828709,0,0,6115609.5,3651898.249999998,2463711.25,1000.0,1000.0,167.463852532036,1000.0,26.2809878181732,15.450099619634125,458.50530660377353,-429.622472641471,24.73910802112215,48.843239505603734,22.397380090313657,0.19839480566326992,500.0,500.0,163.69124195942604,0.0,1000.0,-99.76201537474978,109.29674631963877,0,0,0,0,0,0,0,0,0,0,0,0,0,0,0,0,0,0,0,0,0,0
771,500,5,50,3.0,0,7,6.5,100.0,0.0,0.0,100.0,0.0,0.0,0.0,0.0,0.0,0.0,0.0,100.0,0.0,0.0,0.0,100.0,0.0,0.0,0.0,0.0,0.0,0.0,0.0,0.0,0.0,0.0,0.0,0.0,0.0,0.0,0.0,30.0,0.0,0.0,1.0,0.0,0.0,0.0,0.0,0.0,0.0,0.0,51.0,0.0,0.0,35.7357,0.0,0.0,35.6743,50.0,0.0,0.0,2.0,0.0,1,11.08829568788501,48.0,3.0,0,16.0,False,False,False,False,False,False,False,False,False,False,False,True,False,False,False,False,False,False,False,False,False,False,False,True,False,False,False,False,False,True,False,0.0037267080745341614,0.0036188178528347406,0,0,0.0,0.0,0.0,,,,,,,,,,,,,,,,,,,,0,0,0,1,1,1,1,1,1,1,1,1,1,1,1,1,1,1,1,1,1,1
772,6062,60,606,2.0,0,23,5.0,0.0,0.0,0.0,0.0,0.0,0.0,225225.0,4003.9999999990687,221221.0,0.0,1993491.5,0.0,0.0,0.0,6860353.5,0.0,0.0,0.0,8008.0,7089582.5,3494491.0,0.0,11046535.5,1175174.0,246246.0,188688.5,8991482.5,920419.5,242242.0,-2002.0,184684.5,0.0,0.0,0.0,0.0,1284783.5,166166.0,1450949.5,4572067.5,5635129.5,3503.5,7089582.5,0.0,0.0,0.0,0.0,0.0,0.0,0.0,0.0,0.0,0.0,0.0,22071.0,0,6.579055441478439,60.0,1.0,0,60.0,False,True,False,False,False,False,False,False,False,False,False,False,False,True,False,False,False,False,False,False,False,False,False,False,True,False,False,False,False,False,False,0.3242236024844721,0.3823884197828709,0,0,1229728.5,1225224.0,4504.5,1000.0,1000.0,100.36764705882352,73.47288296860133,88.5477750948603,18.12213201553124,88.06366047745358,-9.070726292419916,3.1203671020120014,1.7777777777773642,500.0,14.374756525126605,500.0,500.0,183.05594210965768,0.0,1000.0,-99.3684058708407,,0,0,0,0,0,0,0,0,0,0,0,0,0,0,0,0,0,0,0,0,0,1
773,6062,60,606,7.0,100,24,5.0,0.0,0.0,0.0,0.0,0.0,0.0,9289530.25,5309804.5,3979725.75,826575.75,14805540.75,0.0,0.0,0.0,23401628.25,0.0,0.0,0.0,47047.0,27428401.0,24341317.0,10160650.5,31744963.25,7013506.5,3021768.75,1347095.75,21064793.75,3737483.75,2316314.0,-1519267.75,605855.25,0.0,0.0,0.0,0.0,5324068.75,35035.0,5359103.75,15335820.5,19478959.5,2590337.75,27428401.0,0.0,0.0,0.0,0.0,0.0,0.0,0.0,0.0,0.0,0.0,0.0,63426.5,0,10.778918548939084,60.0,1.0,0,60.0,False,True,False,False,False,False,False,False,False,False,False,False,False,True,False,False,False,False,False,False,False,False,False,False,True,False,False,False,False,False,False,0.3242236024844721,0.3823884197828709,0,0,1379378.0,3922668.75,-2543290.75,1000.0,1000.0,35.16427432216906,-1000.0,99.34625262666356,19.410787927447902,2.600780234070221,-500.0,14.50950695230101,57.1590205005253,500.0,11.379553466509988,500.0,500.0,262.0911196911197,1000.0,1000.0,-99.7394286430763,139.5645534702724,0,0,0,0,0,0,0,0,0,0,0,0,0,0,0,0,0,0,0,0,0,0
774,5148,51,514,5.0,10,7,6.0,0.0,0.0,0.0,0.0,0.0,0.0,17696941.193991903,7239049.1334043145,10494936.916722622,5711624.613972619,14751896.664327338,0.0,0.0,0.0,24672445.857143342,0.0,0.0,0.0,936626.1695394691,36100427.35440215,23689402.432255726,17889398.211046387,35463800.705205336,9473299.257317152,2502156.240714975,1764434.9040538718,21066695.29673669,7026995.2010281375,1530573.3567460796,-489449.7146318286,713223.8350885716,0.0,0.0,0.0,0.0,11248784.191388477,3574801.479138362,14823585.67052684,9532926.419230485,15913281.269093791,5395102.20245469,36094790.188847594,0.0,0.0,0.0,0.0,0.0,0.0,0.0,0.0,0.0,0.0,0.0,0.0,0,6.685831622176591,84.0,1.0,0,84.0,False,True,False,False,False,False,False,False,False,False,False,False,False,True,False,False,False,False,False,False,False,False,False,False,True,False,False,False,False,False,False,0.3242236024844721,0.3823884197828709,1,1,4328648.753804218,8759164.588049551,-4458476.032915221,,,49.4185114378368,,75.88436726043955,31.1596981414038,202.6031944236134,,29.071503264192945,40.90565173975922,,6.34045264762552,,,162.9042174191688,,,-100.0,32.421460760082695,0,0,0,1,1,0,1,0,0,0,1,0,0,1,0,1,1,0,1,1,0,0
775,5241,52,524,6.0,0,9,6.5,100.0,0.0,0.0,100.0,0.0,0.0,0.0,0.0,0.0,0.0,0.0,100.0,0.0,0.0,0.0,100.0,0.0,0.0,0.0,0.0,0.0,0.0,0.0,0.0,0.0,0.0,0.0,0.0,0.0,0.0,0.0,30.0,0.0,0.0,0.0,0.0,0.0,0.0,0.0,0.0,0.0,0.0,100.0,0.0,0.0,44.839,0.0,0.0,0.0,100.0,0.0,0.0,0.0,0.0,1,3.540041067761807,120.0,1.0,0,120.0,False,True,False,False,False,False,False,False,False,False,False,False,False,True,False,False,False,False,False,False,False,False,False,False,True,False,False,False,False,False,False,0.3242236024844721,0.3823884197828709,0,0,0.0,0.0,0.0,,,,,,,,,,,,,,,,,,,,0,0,0,1,1,1,1,1,1,1,1,1,1,1,1,1,1,1,1,1,1,1
776,8511,85,851,10.0,0,24,1.0,0.0,0.0,0.0,0.0,0.0,0.0,0.0,0.0,0.0,0.0,0.0,0.0,0.0,0.0,0.0,0.0,0.0,0.0,1000000.0,1000000.0,0.0,0.0,0.0,0.0,0.0,0.0,0.0,0.0,0.0,0.0,0.0,0.0,0.0,0.0,0.0,1000000.0,0.0,1000000.0,0.0,0.0,0.0,1000000.0,0.0,0.0,0.0,0.0,0.0,0.0,0.0,0.0,0.0,0.0,0.0,0.0,1,1.0433401779603013,84.0,1.0,0,84.0,False,False,False,False,False,False,False,False,False,True,False,False,False,False,False,False,False,False,False,False,False,True,False,False,False,False,False,False,True,False,False,0.02111801242236025,0.016887816646562123,1,0,1000000.0,0.0,1000000.0,,,,,100.0,100.0,,,0.0,,,0.0,,,,,,,,0,0,0,1,1,1,1,0,0,1,1,0,1,1,0,1,1,1,1,1,1,1
777,5131,51,513,5.0,0,7,7.0,0.0,0.0,0.0,0.0,0.0,0.0,0.0,0.0,0.0,0.0,0.0,0.0,0.0,0.0,0.0,0.0,0.0,0.0,0.0,0.0,0.0,0.0,0.0,0.0,0.0,0.0,0.0,0.0,0.0,0.0,0.0,0.0,0.0,0.0,0.0,0.0,0.0,0.0,0.0,0.0,0.0,0.0,0.0,0.0,0.0,0.0,0.0,0.0,0.0,0.0,0.0,0.0,0.0,0.0,0,11.08829568788501,84.0,12.0,0,7.0,False,False,False,False,False,False,False,False,False,False,False,False,False,False,False,False,True,False,False,False,False,False,False,False,False,True,False,False,False,False,False,0.07080745341614907,0.0012062726176115801,0,0,0.0,0.0,0.0,,,,,,,,,,,,,,,,,,,,0,0,0,1,1,1,1,1,1,1,1,1,1,1,1,1,1,1,1,1,1,1
778,2663,26,266,34.0,0,1,6.0,65.0,100.0,0.0,1.0,100.0,0.0,1659157.5,61060.99999999907,1598096.5,7507.5,12512.5,100.0,100.0,0.0,20020.0,50.0,100.0,0.0,9008.999999999884,1627125.5,0.0,0.0,2490988.5,202702.5,174674.5,145145.0,2276274.0,27527.5,114114.0,-11511.5,84584.5,100.0,100.0,0.0,2.0,132632.5,344844.5,477477.0,0.0,1149648.5,0.0,1627125.5,51.0,51.0,0.0,27.1167,43.9017,0.0,36.2243,50.0,100.0,0.0,2.0,4977.0,1,2.2833675564681726,84.0,3.0,0,28.0,False,False,False,False,False,False,False,False,True,False,False,False,False,False,False,False,False,False,False,False,True,False,False,False,False,False,False,True,False,False,False,0.0012422360248447205,0.0012062726176115801,0,0,-1120619.5,-1129628.5,9008.999999999884,-1000.0,-1000.0,99.2024811696943,651.6455696202447,27.77777777777778,8.151338049830821,237.58620689655174,-231.29395218002813,98.21593355890495,3.6802413273000947,500.0,63.77358490566037,500.0,500.0,0.0,543.0379746835442,-1000.0,,,0,0,0,0,0,0,0,0,0,0,0,0,0,0,0,0,0,0,0,0,1,1
779,1825,18,182,0.0,0,1,6.5,0.0,0.0,0.0,0.0,0.0,0.0,474974.5,237737.5,237237.0,23023.0,213713.5,0.0,0.0,0.0,1281780.5,0.0,0.0,0.0,38538.50000000012,1557556.0,4852848.0,4859855.0,4280276.0,1295294.000000001,339839.5,293293.00000000023,2704702.0,953452.5,311311.0,0.0,264764.5,0.0,0.0,0.0,0.0,570570.0,0.0,570570.0,887887.0,986986.0,0.0,1557556.0,0.0,0.0,0.0,0.0,0.0,0.0,0.0,0.0,0.0,0.0,0.0,8552.0,1,11.66050650239562,24.0,3.0,0,4.0,False,False,False,False,False,False,False,False,False,False,False,True,False,False,False,False,False,False,False,False,False,False,False,True,False,False,False,False,False,True,False,0.07080745341614907,0.054282267792521106,0,0,333333.0,294794.5,38538.50000000012,1000.0,1000.0,113.07300509337861,1000.0,100.0,36.63239074550128,0.0,0.0,15.231362467866324,50.05268703898841,500.0,46.40350877192982,500.0,500.0,118.17912657290894,969.1627689429373,1000.0,-99.82377358614983,-0.14418125643666324,0,0,0,0,0,0,0,0,0,0,0,0,0,0,0,0,0,0,0,0,0,0
780,2451,24,245,5.0,50,35,5.65,0.0,0.0,0.0,0.0,0.0,0.0,2695192.5,862862.0,1832330.5,1329077.75,1551049.5,0.0,0.0,0.0,3250497.25,0.0,0.0,0.0,16266.25,5099094.0,5192.25,3913.75,5748242.5,1233982.75,509008.50000000023,397146.75,4027023.0,687937.25,255755.5,-37037.0,143893.75,0.0,0.0,0.0,0.0,1398397.0,0.0,1398397.0,1383632.25,3700697.0,0.0,5099094.0,0.0,0.0,0.0,0.0,0.0,0.0,0.0,0.0,0.0,0.0,0.0,11485.0,0,5.94113620807666,120.0,1.0,0,120.0,False,True,False,False,False,False,False,False,False,False,False,False,False,True,False,False,False,False,False,False,False,False,False,False,False,False,True,False,False,False,False,0.024844720496894408,0.020506634499396863,0,0,-433933.5,-450199.75,16266.25,-1000.0,-1000.0,96.38688160088938,509.8693948628646,100.0,27.424420887318412,0.0,-322.4814976055725,35.934432665881424,32.01485608170845,500.0,10.28990694345025,500.0,500.0,123.69127516778524,1000.0,-1000.0,121.19505031537388,32.66687959118493,0,0,0,0,0,0,0,0,0,0,0,0,0,0,0,0,0,0,0,0,0,0
781,8021,80,802,12.0,0,36,8.0,0.0,0.0,0.0,0.0,0.0,0.0,3461458.0,1040539.5,2420918.5,0.0,9009.0,0.0,0.0,0.0,17517.5,0.0,0.0,0.0,21521.5,2459957.5,1233732.5,865865.0,2038536.5,1904402.5,864363.5,727727.0,79079.0,1036035.0,542041.5,-6006.0,405405.0,0.0,0.0,0.0,0.0,903903.0,25025.000000000466,928928.0,27027.0,1531029.5,0.0,2459957.5,0.0,0.0,0.0,0.0,0.0,0.0,0.0,0.0,0.0,0.0,0.0,4073.0,0,5.464750171115674,48.0,1.0,0,48.0,False,False,False,False,False,False,False,False,False,True,False,False,False,False,False,False,False,False,False,False,False,True,False,False,False,False,False,False,True,False,False,0.02111801242236025,0.016887816646562123,0,0,-1491990.5,-1513512.0,21521.5,-1000.0,-1000.0,98.57804232804233,1000.0,97.30603448275862,36.74465920651068,3.4387895460798434,-147.45887552172846,98.41302136317395,30.06072874493927,500.0,44.85049833887043,500.0,500.0,123.0379746835443,0.0,-1000.0,-99.66986360495488,42.48554913294797,0,0,0,0,0,0,0,0,0,0,0,0,0,0,0,0,0,0,0,0,0,0
782,6025,60,602,5.0,204,20,5.0,50.0,0.0,0.0,50.0,0.0,0.0,39010471.5,3147894.75,35862576.75,0.0,23048525.5,50.0,0.0,0.0,26600824.25,50.0,0.0,0.0,392141.75,62855542.75,12561636.5,7344.75,42312770.5,14075061.0,11662901.25,4211457.25,21191670.5,2360107.75,8584826.25,-329579.25,1133382.25,15.0,0.0,0.0,0.0,19489470.0,17278761.5,36768231.5,17923906.0,18732463.75,7354847.5,62855542.75,50.0,0.0,0.0,22.4195,0.0,0.0,0.0,50.0,0.0,0.0,0.0,84541.0,0,3.7426420260095825,60.0,1.0,0,60.0,False,True,False,False,False,False,False,False,False,False,False,False,False,True,False,False,False,False,False,False,False,False,False,False,True,False,False,False,False,False,False,0.3242236024844721,0.3823884197828709,0,0,905654.75,7868360.5,-6962705.75,1000.0,1000.0,11.510082055848866,-1000.0,53.0062752678219,31.006764315944118,410.27987402697727,-389.8454595994843,57.05555179539039,8.069358377275702,500.0,5.815356959424756,500.0,500.0,304.4878486573298,0.0,1000.0,-99.32699055572894,500.0,0,0,0,0,0,0,0,0,0,0,0,0,0,0,0,0,0,0,0,0,0,0
783,2222,22,222,1.0,16,22,6.5,0.0,0.0,0.0,0.0,0.0,0.0,2882880.0,2027025.0,855855.0,0.0,5058053.0,0.0,0.0,0.0,5939433.5,0.0,0.0,0.0,914914.0,7710202.5,5353848.5,0.0,6082576.5,1571069.500000001,267267.0,379879.5,3438935.5,1257756.499999999,187687.5,0.0,300300.0,0.0,0.0,0.0,0.0,1946945.0,0.0,1946945.0,3275772.5,5763257.5,0.0,7710202.5,0.0,0.0,0.0,0.0,0.0,0.0,0.0,0.0,0.0,0.0,0.0,12153.0,0,35.32922655715264,60.0,1.0,0,60.0,False,True,False,False,False,False,False,False,False,False,False,False,False,True,False,False,False,False,False,False,False,False,False,False,True,False,False,False,False,False,False,0.3242236024844721,0.3823884197828709,0,0,1091090.0,176176.0,914914.0,1000.0,1000.0,500.0,1000.0,100.0,25.251541707237912,0.0,0.0,11.100292112950342,70.3125,500.0,15.424164524421593,500.0,500.0,342.91951680978025,0.0,1000.0,-99.77300440981847,,0,0,0,0,0,0,0,0,0,0,0,0,0,0,0,0,0,0,0,0,0,1
784,8022,80,802,30.0,120,9,5.75,0.0,0.0,0.0,0.0,0.0,0.0,6162156.0,4956952.0,1205204.0,0.0,0.0,0.0,0.0,0.0,0.0,0.0,0.0,0.0,7108601.499999999,8313805.5,7513506.0,6448942.5,8389381.0,6883376.5,2208206.0,1649147.5,738237.5,4562558.0,1937936.0,0.0,1378877.5,0.0,0.0,0.0,0.0,7831323.5,0.0,7831323.5,81081.0,482482.00000000186,0.0,8313805.5,0.0,0.0,0.0,0.0,0.0,0.0,0.0,0.0,0.0,0.0,0.0,16762.0,0,28.700889801505816,120.0,1.0,0,120.0,False,False,False,False,False,False,False,False,False,True,False,False,False,False,False,False,False,False,False,False,False,True,False,False,False,False,False,False,True,False,False,0.07204968944099378,0.05066344993968637,0,0,6626119.5,-482482.00000000186,7108601.499999999,1000.0,-1000.0,-500.0,1000.0,100.0,94.19661669977725,0.0,0.0,14.496418036241046,80.44184535412604,500.0,17.60720904965808,500.0,0.0,39.538983050847456,0.0,-1000.0,-99.77690841000194,16.50756693830035,0,0,0,0,0,0,0,0,0,0,0,0,0,0,0,0,0,0,0,0,0,0
785,4529,45,452,0.0,75,23,6.2,0.0,0.0,0.0,0.0,0.0,0.0,392892.5,126626.5,266266.0,0.0,4220216.0,0.0,0.0,0.0,5340335.0,0.0,0.0,0.0,500.5,5607101.5,13296283.0,19954935.0,12702690.0,2420418.0,381881.5,278778.5,10171161.0,2023021.0,336336.0,-37537.5,233233.0,0.0,0.0,0.0,0.0,1076075.0,243743.5,1319818.5,1970468.5,2982980.0,1304303.0,5607101.5,0.0,0.0,0.0,0.0,0.0,0.0,0.0,0.0,0.0,0.0,0.0,25380.0,0,4.262833675564682,48.0,1.0,0,48.0,False,False,False,False,False,False,False,False,False,False,False,True,False,False,False,False,False,False,False,False,False,False,False,True,False,False,False,False,False,True,False,0.07080745341614907,0.054282267792521106,0,0,1053552.5,2357355.0,-1303802.5,1000.0,1000.0,44.69214437367304,-1000.0,81.53204398938188,19.191288047844328,87.4326750448833,-147.90189125295507,4.74872801928055,32.22929936305732,500.0,21.674418604651162,500.0,500.0,69.74313551815766,0.0,1000.0,-99.80911958627836,-33.368447454226235,0,0,0,0,0,0,0,0,0,0,0,0,0,0,0,0,0,0,0,0,0,0
786,6062,60,606,2.0,0,25,1.0,50.0,0.0,0.0,50.0,0.0,0.0,1372621.25,839839.0,532782.25,0.0,847596.75,37.5,0.0,0.0,1689938.25,50.0,0.0,0.0,41791.75,2264512.25,2486734.25,1811559.75,3332829.5,489489.0,156156.0,265515.25,2217715.5,301801.5,-53303.24999999977,-14014.0,-2502.5,15.0,0.0,0.0,2.0,862862.0,0.0,862862.0,1200699.5,1312811.5,88838.75,2264512.25,25.5,0.0,0.0,20.41035,0.0,0.0,17.17075,50.0,0.0,0.0,1.0,6659.0,1,1.1882272416153319,60.0,1.0,0,60.0,False,False,False,False,False,False,False,False,False,False,True,False,False,False,False,False,False,False,False,False,False,False,True,False,False,False,False,False,False,False,False,0.04720496894409938,0.04945717732207479,0,0,330079.75,377126.75,-47047.0,1000.0,1000.0,87.52488387524883,-1000.0,100.0,38.10365786274726,0.0,-210.4520198227962,23.527461597966624,61.18505013673655,-37.58071782549933,-0.2900232018561485,500.0,500.0,194.90859851049422,0.0,1000.0,-99.73221907407275,37.270341207349084,0,0,0,0,0,0,0,0,0,0,0,0,0,0,0,0,0,0,0,0,0,0
787,4531,45,453,25.0,12,5,6.5,0.0,0.0,0.0,0.0,0.0,0.0,321321.0,119118.99999999907,202202.0,11511.5,2115613.5,0.0,0.0,0.0,2220718.5,0.0,0.0,0.0,48047.99999999988,2470968.5,3248245.0,2818315.5,2470968.5,524023.5,267767.5,227727.5,1828326.5,205705.5,249749.5,0.0,209709.50000000006,0.0,0.0,0.0,0.0,1307306.0,29029.0,1336335.0,675174.5,1134633.5,0.0,2470968.5,0.0,0.0,0.0,0.0,0.0,0.0,0.0,0.0,0.0,0.0,0.0,4937.0,0,16.10130047912389,84.0,1.0,0,84.0,False,False,False,False,False,False,False,False,False,False,True,False,False,False,False,False,False,False,False,False,False,False,True,False,False,False,False,False,False,False,False,0.04720496894409938,0.04945717732207479,0,0,1134133.0,1086085.0,48047.99999999988,1000.0,1000.0,104.42396313364056,1000.0,97.82771535580524,52.9066234555398,12.747252747252746,0.0,8.183107150091148,37.07165109034239,500.0,16.041347626339974,500.0,500.0,132.9427867506159,839.4044966578894,1000.0,-99.84801023321825,15.254839282543065,0,0,0,0,0,0,0,0,0,0,0,0,0,0,0,0,0,0,0,0,0,0
788,4102,41,410,24.0,0,7,7.0,100.0,100.0,0.0,100.0,1.0,0.0,389889.5,23023.0,366866.5,0.0,0.0,100.0,100.0,0.0,13513.5,100.0,100.0,0.0,1001.0,381381.0,0.0,0.0,140640.5,15515.5,9009.0,9009.0,119119.0,2001.9999999990687,-14014.0,0.0,-14014.0,70.0,70.0,0.0,1.0,36036.0,0.0,36036.0,290790.5,345345.0,0.0,381381.0,50.0,50.0,0.0,38.8682,32.051,0.0,38.3403,66.0,50.0,0.0,1.0,281.0,0,1.5441478439425051,60.0,1.0,0,60.0,False,True,False,False,False,False,False,False,False,False,False,False,False,True,False,False,False,False,False,False,False,False,False,False,True,False,False,False,False,False,False,0.3242236024844721,0.3823884197828709,0,0,-330830.5,-331831.5,1001.0,-1000.0,-1000.0,99.69834087481146,1000.0,100.0,9.448818897637794,0.0,0.0,96.19422572178478,5.905006418485238,-500.0,-38.88888888888889,500.0,0.0,500.0,0.0,-1000.0,,,0,0,0,0,0,0,0,0,0,0,0,0,0,0,0,0,0,0,0,0,1,1
789,6062,60,606,0.0,0,20,6.0,0.0,0.0,0.0,0.0,0.0,0.0,1099098.0,465965.5,633132.5,0.0,3740236.5,0.0,0.0,0.0,4401897.5,0.0,0.0,0.0,747747.0,5782777.0,12731.0,11074.5,17465948.5,4084080.0,1456455.0,1219718.5,12490478.0,2627625.0,905905.0,-3003.0,584584.0,0.0,0.0,0.0,0.0,2479977.5,0.0,2479977.5,1462961.5,3302799.5,0.0,5782777.0,0.0,0.0,0.0,0.0,0.0,0.0,0.0,0.0,0.0,0.0,0.0,34897.0,0,29.76865160848734,48.0,1.0,0,48.0,False,False,False,False,False,False,False,False,False,False,False,True,False,False,False,False,False,False,False,False,False,False,False,True,False,False,False,False,False,True,False,0.07080745341614907,0.054282267792521106,0,0,1846845.0,1099098.0,747747.0,1000.0,1000.0,168.0327868852459,1000.0,100.0,42.88558075125498,0.0,-8.60532423990601,10.948589233166004,42.39526411657559,500.0,23.57214934409687,500.0,500.0,42.16541112357749,0.0,1000.0,174.11043908569633,14.957785904555509,0,0,0,0,0,0,0,0,0,0,0,0,0,0,0,0,0,0,0,0,0,0
790,8512,85,851,4.0,0,5,6.5,0.0,0.0,0.0,0.0,0.0,0.0,113613.5,18017.99999999907,95595.5,0.0,23023.0,0.0,0.0,0.0,24023.999999996275,0.0,0.0,0.0,8008.0,127627.5,88588.5,0.0,146646.5,93593.5,68068.0,58058.0,12512.5,21521.5,63063.0,-500.5,53053.0,0.0,0.0,0.0,0.0,114614.5,0.0,114614.5,500.5,13013.0,0.0,127627.5,0.0,0.0,0.0,0.0,0.0,0.0,0.0,0.0,0.0,0.0,0.0,293.0,0,3.997262149212868,180.0,1.0,0,180.0,False,False,False,False,False,False,False,False,False,False,False,False,False,True,False,False,False,False,False,False,False,False,False,False,True,False,False,False,False,False,False,0.07080745341614907,0.3823884197828709,0,0,19019.0,11010.999999996275,8008.0,1000.0,1000.0,172.72727272733118,1000.0,100.0,89.80392156862746,0.0,-170.81911262798636,74.90196078431373,15.859030837003585,500.0,46.288209606986904,500.0,500.0,14.4,0.0,1000.0,-99.66925729637593,,0,0,0,0,0,0,0,0,0,0,0,0,0,0,0,0,0,0,0,0,0,1
791,6062,60,606,2.0,0,25,7.0,0.0,0.0,0.0,0.0,0.0,0.0,539288.75,13492.646667500027,525796.1033325009,0.0,1954903.793342499,0.0,0.0,0.0,2248558.4821700007,0.0,0.0,0.0,95427.21438250004,2869781.799885001,219313604.9354249,225825600.0,6752362.54693,720745.71569,268918.74259250006,233579.85901249992,2748854.020412501,449785.0857499996,262011.84259249992,0.0,226672.9590125,0.0,0.0,0.0,0.0,1223272.8282775003,0.0,1223272.8282775003,1101995.1642700005,1646508.9716075007,0.0,2869781.799885001,0.0,0.0,0.0,0.0,0.0,0.0,0.0,0.0,0.0,0.0,0.0,13491.23386,0,8.670773442847365,60.0,1.0,0,60.0,False,True,False,False,False,False,False,False,False,False,False,False,False,True,False,False,False,False,False,False,False,False,False,False,False,False,False,False,True,False,False,0.3242236024844721,0.3823884197828709,0,0,697476.7249449994,602049.5105625,95427.21438250004,1000.0,1000.0,115.85039315011501,1000.0,100.0,42.625987394808895,0.0,0.0,18.321814688265526,2.5019336426914203,500.0,18.53004119544451,500.0,500.0,144.32132670241526,0.0,1000.0,-99.99384842820675,-2.8836389960106854,0,0,0,0,0,0,0,0,0,0,0,0,0,0,0,0,0,0,0,0,0,0
792,3611,36,361,0.0,450,35,4.95,0.0,0.0,0.0,0.0,0.0,0.0,142578936.5,69710535.81992495,46995698.75,48915616.75,108652043.5,0.0,0.0,0.0,161212551.5,0.0,0.0,0.0,1331580.25,209539830.5,160270860.75,154112708.75,169683015.75,48604057.75,12730720.25,9120361.25,114337473.25,35185150.0,6670664.0,-3649348.9782749997,2323571.25,0.0,0.0,0.0,0.0,85592006.5,1259007.75,86851014.25,27801273.5,68632063.5,46129956.66666666,209539830.5,0.0,0.0,0.0,0.0,0.0,0.0,0.0,0.0,0.0,0.0,0.0,334961.0,0,43.0042984257358,60.0,1.0,0,60.0,False,True,False,False,False,False,False,False,False,False,False,False,False,True,False,False,False,False,False,False,False,False,False,False,True,False,False,False,False,False,False,0.3242236024844721,0.3823884197828709,0,0,39855315.5,92580488.0,-44798376.41666666,1000.0,1000.0,43.04936856673298,-1000.0,98.55038221387264,40.8476070137892,13.804362738372891,-500.0,22.428050379662782,48.89259068075946,500.0,2.714705899551496,500.0,500.0,87.53436800301165,1000.0,1000.0,-99.79100318146884,3.995875518604821,0,0,0,0,0,0,0,0,0,0,0,0,0,0,0,0,0,0,0,0,0,0
793,5523,55,552,15.0,4,5,7.25,0.0,0.0,0.0,0.0,0.0,0.0,31531.5,8008.0,23523.5,0.0,0.0,0.0,0.0,0.0,5505.5,0.0,0.0,0.0,0.0,29029.0,0.0,0.0,0.0,-36036.0,-36036.0,-36536.5,0.0,0.0,-38538.50000000023,-500.5,-39039.0,0.0,0.0,0.0,0.0,-32088.65659999998,101601.5,21521.5,0.0,7006.999999998137,500.5,29029.0,0.0,0.0,0.0,0.0,0.0,0.0,0.0,0.0,0.0,0.0,0.0,0.0,1,3.9507186858316223,84.0,1.0,0,84.0,False,False,False,False,True,False,False,False,False,False,False,False,False,False,False,False,True,False,False,False,False,False,False,False,False,True,False,False,False,False,False,0.0012422360248447205,0.0024125452352231603,0,0,-2002.0,-1501.4999999981374,-500.5,,,133.33333333349873,,-149.10046511627897,-110.53999999999992,-278.0821917808219,,81.03448275862068,25.396825396825395,,121.65981420362742,,,,,,,,0,0,0,1,1,0,1,0,0,0,1,0,0,1,0,1,1,1,1,1,1,1
794,2222,22,222,0.0,0,22,0.0,0.0,0.0,0.0,0.0,0.0,0.0,36105000.0,15922000.0,20183000.0,3170000.0,17096000.0,0.0,0.0,0.0,36119000.0,0.0,0.0,0.0,3098000.0,59400000.0,30582000.0,57190000.0,18540000.0,4298000.0,2304000.0,736000.0,12296000.0,1913000.0,1064000.0,-190000.0,-503999.9999999999,0.0,0.0,0.0,0.0,12749000.0,3158000.0,15907000.0,40141000.0,43493000.0,2752816.7333333334,59400000.0,0.0,0.0,0.0,0.0,0.0,0.0,0.0,0.0,0.0,0.0,0.0,0.0,0,31.750855578370977,48.0,1.0,0,48.0,False,False,False,False,False,False,False,False,False,True,False,False,False,False,False,False,False,False,False,False,False,True,False,False,False,False,False,False,True,False,False,0.07204968944099378,0.05066344993968637,1,0,-4276000.0,-7374000.0,345183.2666666666,,,57.98752373203146,,80.14710504809204,21.462962962962965,429.07608695652175,,33.97811447811448,44.09915524165628,,-3.95325123539101,,,500.0,,,-100.0,-46.525616366497644,0,0,0,1,1,0,1,0,0,0,1,0,0,1,0,1,1,0,1,1,0,0
795,9306,93,930,5.0,0,1,5.0,100.0,0.0,0.0,100.0,0.0,0.0,99599.5,18017.99999999907,81581.5,0.0,0.0,100.0,0.0,0.0,6506.5,100.0,0.0,0.0,40040.0,128128.0,125125.0,0.0,0.0,-37537.5,-122622.5,-123123.0,1001.0,85084.99999999907,-136636.5,0.0,-137137.0,30.0,0.0,0.0,3.0,-32088.65659999998,0.0,0.0,2002.0,214714.49999999814,500.5,128128.0,51.0,0.0,0.0,41.5707,0.0,0.0,30.7243,100.0,0.0,0.0,2.0,0.0,0,3.756331279945243,72.0,12.0,0,6.0,False,False,False,False,False,False,False,False,False,False,False,True,False,False,False,False,False,False,False,False,False,False,False,True,False,False,False,False,False,True,False,0.07080745341614907,0.010856453558504222,0,0,-81581.5,-208207.99999999814,39539.5,,,39.182692307692655,,,-25.044218749999985,-0.0,,63.671875,18.090452261305597,,427.36909092043476,,,500.0,,,-100.0,,0,0,0,1,1,0,1,1,0,0,1,0,0,1,0,1,1,0,1,1,0,1
796,9999,99,999,15.0,0,1,6.0,0.0,0.0,0.0,0.0,0.0,0.0,3993500.0,58000.0,3935500.0,0.0,1470500.0,0.0,0.0,0.0,1979000.0,0.0,0.0,0.0,995000.0,6909500.0,0.0,0.0,3237500.0,978500.0,957000.0,299500.0,2215000.0,21500.0,957000.0,-657500.0,299500.0,0.0,0.0,0.0,0.0,4162000.0,0.0,4162000.0,2117500.0,2733000.0,14500.0,6909500.0,0.0,0.0,0.0,0.0,0.0,0.0,0.0,0.0,0.0,0.0,0.0,0.0,0,11.08829568788501,84.0,3.0,0,28.0,False,False,False,False,False,False,False,False,False,False,False,False,False,False,False,False,True,False,False,False,False,False,False,False,False,True,False,False,False,False,False,0.07080745341614907,0.0024125452352231603,0,0,226500.0,-754000.0,980500.0,,,-30.03978779840849,,100.0,60.23590708444895,0.0,,56.957811708517255,1.4523600851383498,,7.196059586737145,,,344.1534988713318,,,,,0,0,0,1,1,0,1,0,0,0,1,0,0,1,0,1,1,0,1,1,1,1
797,3430,34,343,5.0,75,3,5.0,0.0,0.0,0.0,0.0,0.0,0.0,1517265.75,366866.5,1150399.25,1257005.75,558057.5,0.0,0.0,0.0,2435933.5,0.0,0.0,0.0,317066.75,3903399.5,177593.25,166.0,1009258.25,529028.5,269018.75,166166.0,382131.75,255505.25,209959.75,-46296.25,107107.0,0.0,0.0,0.0,0.0,466966.5,1001000.0,1467966.5,433433.0,2381379.0,72072.0,3903399.5,0.0,0.0,0.0,0.0,0.0,0.0,0.0,0.0,0.0,0.0,0.0,1520.0,0,13.86173853524983,84.0,1.0,0,84.0,False,True,False,False,False,False,False,False,False,False,False,False,False,True,False,False,False,False,False,False,False,False,False,False,True,False,False,False,False,False,False,0.3242236024844721,0.3823884197828709,0,0,317567.25,54554.5,244994.75,1000.0,1000.0,500.0,1000.0,31.810433003750425,11.963072188742146,500.0,-500.0,29.471727144505707,24.179449117598548,500.0,22.936763129689176,500.0,500.0,408.33005893909626,1000.0,1000.0,-99.14411161460247,500.0,0,0,0,0,0,0,0,0,0,0,0,0,0,0,0,0,0,0,0,0,0,0
798,122,1,12,0.0,0,7,5.0,0.0,0.0,0.0,0.0,0.0,0.0,0.0,0.0,0.0,0.0,0.0,0.0,0.0,0.0,0.0,0.0,0.0,0.0,0.0,0.0,0.0,0.0,0.0,0.0,0.0,0.0,0.0,0.0,0.0,0.0,0.0,0.0,0.0,0.0,0.0,0.0,0.0,0.0,0.0,0.0,0.0,0.0,0.0,0.0,0.0,0.0,0.0,0.0,0.0,0.0,0.0,0.0,0.0,0.0,0,11.08829568788501,84.0,12.0,0,7.0,False,False,False,False,False,False,False,False,False,False,False,False,False,False,False,False,True,False,False,False,False,False,False,False,False,True,False,False,False,False,False,0.07080745341614907,0.06031363088057901,0,0,0.0,0.0,0.0,,,,,,,,,,,,,,,,,,,,0,0,0,1,1,1,1,1,1,1,1,1,1,1,1,1,1,1,1,1,1,1
799,6062,60,606,1.0,9,25,1.0,100.0,100.0,0.0,1.0,1.0,0.0,3053050.0,1519518.0,1533532.0,0.0,1697696.0,100.0,100.0,0.0,2381379.0,100.0,100.0,0.0,1001.0,3915912.0,3706703.0,0.0,4156151.9999999963,948948.0,774273.5,673172.5,2354352.0,163162.99999999907,186186.0,-80580.5,85085.0,100.0,100.0,0.0,2.0,1161660.5,415415.0,1577075.5,1023022.0,2307805.5,31031.0,3915912.0,51.0,51.0,0.0,27.3984,27.3984,0.0,37.8893,1.0,1.0,0.0,2.0,8304.0,0,5.248459958932238,60.0,1.0,0,60.0,False,False,False,False,False,False,False,False,False,False,True,False,False,False,False,False,False,False,False,False,False,False,True,False,False,False,False,False,False,False,False,0.03229813664596273,0.013268998793727383,0,0,43543.5,73573.5,-30030.0,1000.0,1000.0,59.183673469387756,-1000.0,73.65915582354809,29.66513292433538,61.71003717472119,-500.0,39.16155419222903,49.77049180327869,500.0,7.324429125376993,500.0,500.0,156.42857142857144,0.0,1000.0,-99.77597341896559,,0,0,0,0,0,0,0,0,0,0,0,0,0,0,0,0,0,0,0,0,0,1
800,5241,52,524,5.0,0,1,5.25,32.0,0.0,0.0,100.0,0.0,0.0,0.0,0.0,0.0,0.0,0.0,100.0,0.0,0.0,50049.999999996275,50.0,0.0,0.0,0.0,50050.0,0.0,0.0,0.0,0.0,0.0,-1501.5,0.0,0.0,0.0,0.0,-1501.5,35.0,0.0,0.0,0.0,48548.5,0.0,48548.5,1501.5,1501.5,0.0,50050.0,51.0,0.0,0.0,27.8522,0.0,0.0,0.0,50.0,0.0,0.0,0.0,0.0,0,4.306639288158795,84.0,3.0,0,28.0,False,True,False,False,False,False,False,False,False,False,False,False,False,True,False,False,False,False,False,False,False,False,False,False,True,False,False,False,False,False,False,0.3242236024844721,0.3823884197828709,0,0,48548.5,48548.499999996275,0.0,,,100.00000000000769,,100.0,97.0,-0.0,,0.0,,,-3.0927835051546393,,,,,,,,0,0,0,1,1,0,1,0,0,0,1,0,1,1,0,1,1,1,1,1,1,1
801,7412,74,741,0.0,160,23,0.0,0.0,0.0,0.0,0.0,0.0,0.0,16171655.5,7118861.75,9052793.75,3477974.5,26937660.75,0.0,0.0,0.0,32310528.25,0.0,0.0,0.0,651400.75,42014722.75,21896097.0,46282.75,48650101.5,34604069.5,3119116.0,1555804.25,3159656.5,31160879.75,2401899.5,-795795.0,-771270.4999999999,0.0,0.0,0.0,0.0,6739983.25,9710450.75,16450434.0,4708704.0,23004731.75,2559557.0,42014722.75,0.0,0.0,0.0,0.0,0.0,0.0,0.0,0.0,0.0,0.0,0.0,98798.0,0,39.59479808350445,48.0,1.0,0,48.0,False,False,False,False,False,False,False,False,False,True,False,False,False,False,False,False,False,False,False,False,False,True,False,False,False,False,False,False,True,False,False,0.07204968944099378,0.05066344993968637,0,0,7397640.25,9305796.5,-1908156.25,1000.0,1000.0,79.49497122573011,-1000.0,40.97146160399173,16.041955792746485,500.0,-500.0,21.546717810960683,44.02061217542014,-500.0,-11.44321093082835,500.0,500.0,500.0,1000.0,1000.0,-99.5487871651281,500.0,0,0,0,0,0,0,0,0,0,0,0,0,0,0,0,0,0,0,0,0,0,0
802,4526,45,452,5.0,0,24,5.3,0.0,0.0,0.0,0.0,0.0,0.0,133591708.25,69710535.81992495,36364328.0,49261066.40454999,132187510.45499992,0.0,0.0,0.0,244788293.75,0.0,0.0,0.0,12435658.535299975,297217291.0957248,219313604.9354249,225825600.0,233912812.3582249,53386600.36709999,19341853.956424993,13392497.851075,133575942.5,30486205.75,8414656.25,-2906403.5,4432177.75,0.0,0.0,0.0,0.0,92133291.25,29095145.729649995,121680308.75,79054976.0,174765387.57177484,46129956.66666666,297217291.0957248,0.0,0.0,0.0,0.0,0.0,0.0,0.0,0.0,0.0,0.0,0.0,453932.0542499997,0,19.561943874058862,48.0,1.0,0,48.0,False,False,False,False,False,False,True,False,False,False,False,False,False,False,False,False,False,False,True,False,False,False,False,False,False,False,False,False,False,False,True,0.02608695652173913,0.018094089264173704,0,0,85315980.75,70022906.17822516,-33694298.131366685,1000.0,1000.0,121.84010262706076,-1000.0,75.71750285355846,30.998630971414993,217.24958296196078,-500.0,12.234930163699035,52.181783385440724,500.0,4.810614805861502,500.0,500.0,213.06075650561104,1000.0,1000.0,-99.79302147972824,-2.8836389960106854,0,0,0,0,0,0,0,0,0,0,0,0,0,0,0,0,0,0,0,0,0,0
803,6031,60,603,0.0,34,25,5.3,0.0,0.0,0.0,0.0,0.0,0.0,66243427.25,38370832.5,27872594.75,756255.5,25489464.0,0.0,0.0,0.0,51687135.5,0.0,0.0,0.0,5922166.25,85481896.5,48322.75,45463.75,53190887.75,14293028.75,6467711.25,13367604.25,32958926.0,7704196.5,3506503.0,-209209.0,7468240.6798999915,0.0,0.0,0.0,0.0,45462917.5,0.0,45462917.5,21739718.0,35928392.5,4090586.5,85481896.5,0.0,0.0,0.0,0.0,0.0,0.0,0.0,0.0,0.0,0.0,0.0,95032.0,1,7.3319644079397674,60.0,1.0,0,60.0,False,False,False,False,False,False,False,False,False,True,False,False,False,False,False,False,True,False,False,False,False,False,False,False,False,True,False,False,False,False,False,0.07204968944099378,0.06031363088057901,0,0,17590322.75,15758743.0,1831579.75,1000.0,1000.0,111.6226259289843,1000.0,100.0,53.18426399208398,0.0,-220.14584560989982,32.60643000591359,57.923984450849794,500.0,16.42710386965375,500.0,500.0,237.45611370953046,1000.0,1000.0,96.6609930105385,6.288526573368893,0,0,0,0,0,0,0,0,0,0,0,0,0,0,0,0,0,0,0,0,0,0
804,4533,45,453,2.0,0,23,6.5,0.0,0.0,0.0,0.0,0.0,0.0,3421417.999999998,2652650.0,768768.0,2014012.0,4481977.5,0.0,0.0,0.0,6495989.5,0.0,0.0,0.0,118618.50000000012,7383376.0,17129112.0,18400382.0,16167651.5,5394389.0,733232.5,593092.5,9918408.5,4629124.5,526525.9999999999,-87087.0,370370.0,0.0,0.0,0.0,0.0,1646645.0,275775.5,1922420.5,3596593.0,5256251.0,204704.5,7383376.0,0.0,0.0,0.0,0.0,0.0,0.0,0.0,0.0,0.0,0.0,0.0,31866.0,0,27.19233401779603,48.0,1.0,0,48.0,False,True,False,False,False,False,False,False,False,False,False,False,False,True,False,False,False,False,False,False,False,False,False,False,True,False,False,False,False,False,False,0.3242236024844721,0.3823884197828709,0,0,1153652.5,1239738.5,-86085.99999999988,1000.0,1000.0,93.05611626968107,-972.5400112973063,85.6547774017183,22.302060737527114,46.49789029535865,-273.2912822443984,10.412147505422993,77.53071971913403,500.0,22.492401215805472,500.0,500.0,130.54246354140386,1000.0,1000.0,-99.81396583780877,-6.908932651506909,0,0,0,0,0,0,0,0,0,0,0,0,0,0,0,0,0,0,0,0,0,0
805,5511,55,551,150.0,0,4,5.62,100.0,0.0,0.0,100.0,0.0,0.0,0.0,0.0,0.0,3698695.0,0.0,100.0,0.0,0.0,3699195.5,100.0,0.0,0.0,394394.0,4093589.5,0.0,0.0,0.0,0.0,0.0,-1501.5,0.0,0.0,0.0,0.0,-1501.5,30.0,0.0,0.0,1.0,36036.5,4053.0,40089.5,0.0,4053500.0,0.0,4093589.5,100.0,0.0,0.0,44.839,0.0,0.0,43.7228,100.0,0.0,0.0,1.0,0.0,0,11.75359342915811,120.0,3.0,0,40.0,False,True,False,False,False,False,False,False,False,False,False,False,False,True,False,False,False,False,False,False,False,False,False,False,True,False,False,False,False,False,False,0.3242236024844721,0.3823884197828709,0,0,40089.5,-354304.5,394394.0,,,-11.314984709480122,,89.89012085458786,0.8803154297713535,-269.9300699300699,,0.0,,,-4.166608854910993,,,,,,,,0,0,0,1,1,0,1,0,0,0,1,0,1,1,0,1,1,1,1,1,1,1
806,4543,45,454,10.0,120,23,5.0,0.0,0.0,0.0,0.0,0.0,0.0,7577570.0,4138634.4999999995,3438935.5,3860857.0,66234668.5,0.0,0.0,0.0,89925585.75,0.0,0.0,0.0,291040.75,93655562.0,47735.0,37277.25,51246945.75,14347833.5,4305050.75,4043289.25,32952669.75,9896386.5,3203700.5,-149149.0,2114362.25,0.0,0.0,0.0,0.0,35600815.25,0.0,35600815.25,28288260.0,49672122.5,8382624.25,93655562.0,0.0,0.0,0.0,0.0,0.0,0.0,0.0,0.0,0.0,0.0,0.0,98453.5,0,36.97741273100616,60.0,1.0,0,60.0,False,True,False,False,False,False,False,False,False,False,False,False,False,True,False,False,False,False,False,False,False,False,False,False,True,False,False,False,False,False,False,0.3242236024844721,0.3823884197828709,0,0,32161879.75,40253463.25,-8091583.5,1000.0,1000.0,79.8984165666789,-1000.0,100.0,38.01249438874757,0.0,-151.4918210119498,3.67189671020286,54.616908850726546,500.0,5.939083796683561,500.0,500.0,309.04244412548695,1000.0,1000.0,106.25013093118257,28.05397393852819,0,0,0,0,0,0,0,0,0,0,0,0,0,0,0,0,0,0,0,0,0,0
807,2522,25,252,6.0,95,22,5.0,0.0,0.0,0.0,0.0,0.0,0.0,6318061.75,1662661.0,5071066.0,2092090.0,3592255.333333334,0.0,0.0,0.0,4840335.5,0.0,0.0,0.0,692692.0,10430920.5,20902882.0,10615354.75,10454193.75,2309557.25,299549.25,292041.75,9541532.0,2624288.333333334,55305.25,13513.5,47797.75,0.0,0.0,0.0,0.0,1802050.25,0.0,1802050.25,3773102.666666667,5058303.25,0.0,6860353.5,0.0,0.0,0.0,0.0,0.0,0.0,0.0,0.0,0.0,0.0,0.0,20554.5,0,30.680355920602327,60.0,1.0,0,60.0,False,True,False,False,False,False,False,False,False,False,False,False,False,True,False,False,False,False,False,False,False,False,False,False,True,False,False,False,False,False,False,0.3242236024844721,0.3823884197828709,0,0,-3269015.75,-217967.75,692692.0,-1000.0,-1000.0,500.0,1000.0,100.0,17.27604241639077,0.0,65.74472743194922,48.61570941893383,26.31599794034935,232.54153591670925,2.6524093875850574,500.0,500.0,142.3583718002518,1000.0,-1000.0,-99.90166666969655,96.9117612390674,0,0,0,0,0,0,0,0,0,0,0,0,0,0,0,0,0,0,0,0,0,0
808,6022,60,602,20.0,90,25,5.0,0.0,0.0,0.0,0.0,0.0,0.0,1323322.0,232232.0,1091090.0,429929.5,1170169.0,0.0,0.0,0.0,23384110.75,0.0,0.0,0.0,5646390.75,30121591.5,18210.0,6200.0,26571795.25,8711953.25,4188184.0,3279776.5,11048037.0,11335073.75,4044290.25,-95345.25,3093840.75,0.0,0.0,0.0,0.0,17733465.75,1394393.0,19127858.75,6716710.0,9760500.75,1233232.0000000005,30121591.5,0.0,0.0,0.0,0.0,0.0,0.0,0.0,0.0,0.0,0.0,0.0,53072.0,1,3.370294318959617,60.0,1.0,0,60.0,False,True,False,False,False,False,False,False,False,False,False,False,False,True,False,False,False,False,False,False,False,False,False,False,True,False,False,False,False,False,False,0.3242236024844721,0.3823884197828709,0,0,18036768.75,13623610.0,4413158.75,1000.0,1000.0,132.39346069066863,1000.0,92.71014587558057,58.87293754050147,42.51487868151991,-179.65264169430208,3.622285362976256,17.549167927382754,500.0,17.446340121078702,500.0,500.0,218.86382169067682,1000.0,1000.0,191.444261394838,193.70967741935482,0,0,0,0,0,0,0,0,0,0,0,0,0,0,0,0,0,0,0,0,0,0
809,116,1,11,10.0,0,4,6.0,0.0,0.0,0.0,0.0,0.0,0.0,0.0,0.0,0.0,0.0,0.0,0.0,0.0,0.0,0.0,0.0,0.0,0.0,0.0,0.0,0.0,0.0,0.0,0.0,0.0,0.0,0.0,0.0,0.0,0.0,0.0,0.0,0.0,0.0,0.0,0.0,0.0,0.0,0.0,0.0,0.0,0.0,0.0,0.0,0.0,0.0,0.0,0.0,0.0,0.0,0.0,0.0,0.0,0.0,0,11.08829568788501,72.0,12.0,0,6.0,False,False,False,False,True,False,False,False,False,False,False,False,False,False,False,False,True,False,False,False,False,False,False,False,False,True,False,False,False,False,False,0.02981366459627329,0.025331724969843185,1,0,0.0,0.0,0.0,,,,,,,,,,,,,,,,,,,,0,0,0,1,1,1,1,1,1,1,1,1,1,1,1,1,1,1,1,1,1,1
810,122,1,12,0.0,0,4,6.0,100.0,0.0,0.0,100.0,0.0,0.0,0.0,0.0,0.0,0.0,0.0,100.0,0.0,0.0,0.0,100.0,0.0,0.0,0.0,0.0,0.0,0.0,0.0,0.0,0.0,0.0,0.0,0.0,0.0,0.0,0.0,35.0,0.0,0.0,2.0,0.0,0.0,0.0,0.0,0.0,0.0,0.0,100.0,0.0,0.0,45.0055,0.0,0.0,40.505,100.0,0.0,0.0,3.0,0.0,0,14.907597535934292,72.0,12.0,0,6.0,False,False,False,False,True,False,False,False,False,False,False,False,False,False,False,False,True,False,False,False,False,False,False,False,False,True,False,False,False,False,False,0.02981366459627329,0.025331724969843185,0,0,0.0,0.0,0.0,,,,,,,,,,,,,,,,,,,,0,0,0,1,1,1,1,1,1,1,1,1,1,1,1,1,1,1,1,1,1,1
811,7260,72,726,15.0,0,3,5.0,0.0,0.0,0.0,0.0,0.0,0.0,359359.0,173673.5,185685.5,4004.0,1505003.5,0.0,0.0,0.0,1607105.5,0.0,0.0,0.0,0.0,1792791.0,3557053.5,0.0,5179674.5,4240736.5,753252.5,598097.5,401901.5,3483480.0,726225.5,0.0,571070.5,0.0,0.0,0.0,0.0,644644.0,0.0,644644.0,24524.5,1122621.5,25525.5,1792791.0,0.0,0.0,0.0,0.0,0.0,0.0,0.0,0.0,0.0,0.0,0.0,10349.0,0,15.770020533880903,72.0,12.0,0,6.0,False,False,False,False,False,False,False,False,False,True,False,False,False,False,False,False,False,False,False,False,False,True,False,False,False,True,False,False,False,False,False,0.07204968944099378,0.05066344993968637,0,0,458958.5,484484.0,-25525.5,1000.0,1000.0,94.73140495867769,-887.9292685283601,100.0,35.95756560580681,0.0,0.0,10.357342266890006,48.32869080779944,500.0,88.58695652173914,500.0,500.0,21.967621419676213,139.2830225142526,1000.0,-99.70905694839844,,0,0,0,0,0,0,0,0,0,0,0,0,0,0,0,0,0,0,0,0,0,1
812,6023,60,602,2.0,0,25,7.0,0.0,0.0,0.0,0.0,0.0,0.0,211211.0,211211.00000000093,0.0,0.0,0.0,0.0,0.0,0.0,0.0,0.0,0.0,0.0,19019.000000000116,19019.0,48048.0,0.0,243243.0,11011.0,-30030.0,-32532.5,195195.0,41041.0,-30030.0,0.0,-32532.5,0.0,0.0,0.0,0.0,15515.5,0.0,15515.5,500.5,3503.5000000018626,0.0,19019.0,0.0,0.0,0.0,0.0,0.0,0.0,0.0,0.0,0.0,0.0,0.0,486.0,0,7.474332648870637,60.0,1.0,0,60.0,True,False,False,False,False,False,False,False,False,False,False,False,True,False,False,False,False,False,False,False,False,False,False,False,False,False,False,True,False,False,False,0.0012422360248447205,0.0012062726176115801,0,0,15515.5,-3503.5000000018626,19019.000000000116,1000.0,-1000.0,-442.85714285690744,1000.0,100.0,81.57894736842105,-0.0,0.0,0.0,100.00000000000044,-500.0,-209.6774193548387,-500.0,0.0,0.9230769230769231,0.0,-1000.0,-98.98851148851149,,0,0,0,0,0,0,0,0,0,0,0,0,0,0,0,0,0,0,0,0,0,1
813,5050,50,505,14.0,0,1,5.0,32.0,32.0,0.0,1.0,1.0,0.0,6991.984999999404,0.0,6991.984999999404,1253752.5,0.0,75.0,75.0,0.0,1259721.9635000005,100.0,100.0,0.0,655.6550000000279,1267369.6035000011,0.0,0.0,0.0,-24663.639000000432,-24663.638999999966,-26165.138999999966,0.0,0.0,-24663.638999999966,0.0,-26165.138999999966,35.0,35.0,0.0,0.0,-22661.639000000432,0.0,0.0,28126.598500000313,1290031.2424999997,0.0,1267369.6035000011,100.0,51.0,0.0,26.6705,23.4022,0.0,0.0,50.0,50.0,0.0,0.0,0.0,0,7.923340177960301,84.0,1.0,0,84.0,False,True,False,False,False,False,False,False,False,False,False,False,False,True,False,False,False,False,False,False,False,False,False,False,True,False,False,False,False,False,False,0.3242236024844721,0.3823884197828709,0,0,-6991.984999999404,-30309.278999999166,655.6550000000279,,,23.068793553286426,,,-1.7880844654485524,-0.0,,0.551692653878565,0.0,,115.46004682185374,,,,,,,,0,0,0,1,1,0,1,1,0,0,1,0,0,1,0,1,1,1,1,1,1,1
814,1421,14,142,0.0,0,23,6.5,0.0,0.0,0.0,0.0,0.0,0.0,1675423.75,805805.0,869618.75,754003.25,593092.5,0.0,0.0,0.0,1424923.5,0.0,0.0,0.0,86836.75,2381379.0,2503000.5,963212.25,3245742.5,958457.5,571571.0,528528.0,1489988.5,378378.0,248748.5,-24524.5,205705.49999999994,0.0,0.0,0.0,0.0,163913.75,1522771.25,1686685.0,394894.5,570319.7500000019,165832.33333333302,2381379.0,0.0,0.0,0.0,0.0,0.0,0.0,0.0,0.0,0.0,0.0,0.0,6351.0,0,5.002053388090349,48.0,1.0,0,48.0,False,False,False,False,False,False,False,False,False,False,False,True,False,False,False,False,False,False,False,False,False,False,False,True,False,False,False,False,False,True,False,0.011180124223602485,0.010856453558504222,0,0,817066.25,854603.7499999981,-78995.58333333302,1000.0,1000.0,95.60761346998557,-1000.0,9.718100890207715,6.8831441782261455,288.1155303030303,-386.1517871201386,36.51744430432955,48.09559372666169,500.0,125.49618320610682,500.0,500.0,95.41148807524354,1000.0,1000.0,-99.74626453330713,159.8597038191738,0,0,0,0,0,0,0,0,0,0,0,0,0,0,0,0,0,0,0,0,0,0
815,2466,24,246,0.0,0,22,1.0,16.0,16.0,16.0,25.0,0.5,0.5,6891634.75,226976.75,6664658.0,1346595.25,3156903.75,50.0,50.0,50.0,5522266.75,50.0,50.0,50.0,253503.25,12440428.0,1864.5,103.25,5120115.0,1085584.5,489489.0,432932.5,3907153.25,590840.25,304804.5,-13763.75,248248.0,50.0,50.0,50.0,2.0,1859858.0,5005000.0,6864857.999999999,3113860.75,5575570.0,0.0,12440428.0,50.0,50.0,50.0,16.0175,14.7925,14.7925,19.57015,25.0,25.0,25.0,0.5,10230.0,0,5.330595482546201,60.0,1.0,0,60.0,False,True,False,False,False,False,False,False,False,False,False,False,False,True,False,False,False,False,False,False,False,False,False,False,True,False,False,False,False,False,False,0.3242236024844721,0.3823884197828709,0,0,200199.99999999907,-53303.25,253503.25,1000.0,-1000.0,-375.5868544600922,1000.0,27.092446777486153,14.95011264885742,500.0,-134.54301075268816,53.5725780495655,3.2935110207342313,500.0,13.347685683530678,500.0,500.0,286.9070646256325,1000.0,-1000.0,448.6725663716814,500.0,0,0,0,0,0,0,0,0,0,0,0,0,0,0,0,0,0,0,0,0,0,0
816,116,1,11,0.0,140,7,5.5,50.0,50.0,50.0,0.5,0.5,0.5,28337309.0,18919901.0,9417408.0,11363852.5,1957205.25,50.0,50.0,50.0,13371107.75,33.0,50.0,50.0,8258.250000000116,22796774.0,7278162.25,7302051.5,13074811.75,5218963.75,3227974.75,2611859.25,4596592.0,1944442.5,731230.5,-548548.0,115115.0,17.5,50.0,50.0,0.5,7338581.25,5519514.0,12858095.25,1661660.0,2026024.0,7912654.75,22796774.0,25.5,25.5,25.5,15.8761,17.49195,17.49195,20.31965,25.0,33.0,33.0,1.0,23486.0,0,12.28747433264887,60.0,6.0,0,10.0,False,False,False,False,False,False,False,False,False,False,True,False,False,False,False,False,False,False,False,False,False,False,True,False,False,False,False,False,False,False,False,0.007453416149068323,0.007237635705669481,0,0,3440687.25,11345083.75,-7904396.5,1000.0,1000.0,30.327561486710046,-1000.0,57.073626437788285,32.19131465706507,211.32509341764876,-500.0,41.310266092912975,66.7667526228408,490.14306395299326,1.5686274509803921,500.0,500.0,130.13937282229966,1000.0,1000.0,-99.67730865027087,-0.3271580596220117,0,0,0,0,0,0,0,0,0,0,0,0,0,0,0,0,0,0,0,0,0,0
817,8021,80,802,41.0,0,1,6.0,100.0,0.0,0.0,100.0,0.0,0.0,0.0,0.0,0.0,0.0,0.0,75.0,0.0,0.0,0.0,50.0,0.0,0.0,0.0,0.0,0.0,0.0,0.0,0.0,0.0,0.0,0.0,0.0,0.0,0.0,0.0,30.0,0.0,0.0,0.0,0.0,0.0,0.0,0.0,0.0,0.0,0.0,51.0,0.0,0.0,34.9857,0.0,0.0,0.0,50.0,0.0,0.0,0.0,0.0,0,4.490075290896646,84.0,1.0,0,84.0,False,True,False,False,False,False,False,False,False,False,False,False,False,True,False,False,False,False,False,False,False,False,False,False,True,False,False,False,False,False,False,0.3242236024844721,0.3823884197828709,0,0,0.0,0.0,0.0,,,,,,,,,,,,,,,,,,,,0,0,0,1,1,1,1,1,1,1,1,1,1,1,1,1,1,1,1,1,1,1
818,7485,74,748,6.0,5,25,7.0,100.0,0.0,0.0,100.0,0.0,0.0,476476.0,315815.5,160660.5,0.0,1827826.0,100.0,0.0,0.0,1935433.5,100.0,0.0,0.0,34534.50000000012,2130628.5,1068567.5,0.0,1758256.5,743743.0,54054.0,38038.0,704704.0,664163.5,32532.5,-7507.5,16516.5,100.0,0.0,0.0,0.0,973973.0,0.0,973973.0,190190.0,1156655.5000000019,0.0,2130628.5,100.0,0.0,0.0,35.5,0.0,0.0,0.0,0.0,0.0,0.0,0.0,3513.0,0,41.55783709787816,59.0,1.0,0,59.0,False,True,False,False,False,False,False,False,False,False,False,False,False,True,False,False,False,False,False,False,False,False,False,False,True,False,False,False,False,False,False,0.3242236024844721,0.3823884197828709,0,0,813312.5,778777.9999999981,34534.50000000012,1000.0,1000.0,104.43444730077145,1000.0,100.0,45.712943387361996,0.0,-213.7062339880444,7.540521494009866,66.28151260504201,470.15371477369763,1.695786228160329,500.0,500.0,97.1590909090909,0.0,1000.0,-99.6712421068393,,0,0,0,0,0,0,0,0,0,0,0,0,0,0,0,0,0,0,0,0,0,1
819,114,1,11,5.0,0,7,5.0,0.0,0.0,0.0,0.0,0.0,0.0,0.0,0.0,0.0,0.0,0.0,0.0,0.0,0.0,0.0,0.0,0.0,0.0,0.0,0.0,0.0,0.0,0.0,0.0,0.0,0.0,0.0,0.0,0.0,0.0,0.0,0.0,0.0,0.0,0.0,0.0,0.0,0.0,0.0,0.0,0.0,0.0,0.0,0.0,0.0,0.0,0.0,0.0,0.0,0.0,0.0,0.0,0.0,0.0,0,11.08829568788501,60.0,12.0,0,5.0,False,False,False,False,True,False,False,False,False,False,False,False,False,False,False,False,True,False,False,False,False,False,False,False,False,True,False,False,False,False,False,0.06459627329192547,0.06031363088057901,0,0,0.0,0.0,0.0,,,,,,,,,,,,,,,,,,,,0,0,0,1,1,1,1,1,1,1,1,1,1,1,1,1,1,1,1,1,1,1
820,1573,15,157,0.0,300,24,0.0,0.0,0.0,0.0,0.0,0.0,0.0,35822536.75,14735470.75,21087066.0,17245728.5,0.0,0.0,0.0,0.0,20647627.0,0.0,0.0,0.0,7396138.750000001,49130831.75,15595.25,10920.25,24071547.5,10665404.75,5624368.75,5216211.0,11192431.25,4874619.75,1344092.75,-72822.75,935935.0,0.0,0.0,0.0,0.0,37297510.25,3805301.5,41102811.75,3579576.0,8028020.0,0.0,49130831.75,0.0,0.0,0.0,0.0,0.0,0.0,0.0,0.0,0.0,0.0,0.0,46099.5,0,12.66255989048597,60.0,1.0,0,60.0,False,False,False,False,True,False,False,False,False,False,False,False,False,False,False,False,True,False,False,False,False,False,False,False,False,True,False,False,False,False,False,0.02981366459627329,0.025331724969843185,0,0,20015745.75,12619607.0,7396138.750000001,1000.0,1000.0,158.60831284207185,1000.0,90.74199224338952,75.9146729690771,72.9514488581846,-157.96863306543455,42.92023002439807,41.13463781986349,500.0,2.5093766144886307,500.0,0.0,115.13560648406933,1000.0,1000.0,195.5996216796781,42.81037522034752,0,0,0,0,0,0,0,0,0,0,0,0,0,0,0,0,0,0,0,0,0,0
821,2661,26,266,7.0,13,24,1.0,100.0,100.0,100.0,100.0,100.0,100.0,3383880.5,386886.5,2996994.0,13513.5,74574.5,100.0,100.0,100.0,449449.0,100.0,50.0,100.0,133633.5,3580076.5,0.0,0.0,841841.0,86086.0,-56056.0,-50050.0,658157.5,114614.5,-295795.50000000023,-500.5,-296296.0,100.0,100.0,100.0,1.0,-32088.65659999998,200200.00000000047,0.0,581080.5,3703199.5,0.0,3580076.5,51.0,51.0,51.0,43.9017,41.4017,43.9017,38.9743,100.0,100.0,100.0,2.0,1659.0,0,3.8247775496235454,60.0,1.0,0,60.0,False,False,False,False,False,False,False,False,False,False,True,False,False,False,False,False,False,False,False,False,False,False,True,False,False,False,False,False,False,False,False,0.03229813664596273,0.013268998793727383,0,0,-2996994.0,-3253750.5,133633.5,-1000.0,-1000.0,92.10890632210429,1000.0,,-0.8963120369075906,-400.0000000000009,-30.168776371308013,83.71312735915001,11.433219937879011,-500.0,500.0,-500.0,500.0,317.8403041825095,1000.0,-1000.0,,,0,0,0,0,0,0,0,1,0,0,0,0,0,0,0,0,0,0,0,0,1,1
822,1744,17,174,0.0,210,25,0.0,0.0,0.0,0.0,0.0,0.0,0.0,6856349.5,5931425.5,924924.0,940940.0,5195190.0,0.0,0.0,0.0,8650642.0,0.0,0.0,0.0,6506.5,9582072.5,21693.999999996275,0.0,19593574.0,6107101.0,343343.0,-535534.9999999998,12837324.5,5676170.5,187187.0,-384384.0,-813812.9999999999,0.0,0.0,0.0,0.0,2705703.0,0.0,2705703.0,2493991.5,5500495.0,1375874.4999999995,9582072.5,0.0,0.0,0.0,0.0,0.0,0.0,0.0,0.0,0.0,0.0,0.0,39692.0,0,27.707049965776864,60.0,1.0,0,60.0,False,False,False,False,True,False,False,False,False,False,False,False,False,False,False,False,True,False,False,False,False,False,False,False,False,True,False,False,False,False,False,0.02981366459627329,0.025331724969843185,0,0,1780779.0,3150147.0,-1369367.9999999995,1000.0,1000.0,56.530028598665396,-1000.0,100.0,28.23713763384696,-0.0,-500.0,9.652650822669104,86.50996423096576,-500.0,-30.077691453940066,-500.0,500.0,69.93956879410504,1000.0,1000.0,82.9630312529124,,0,0,0,0,0,0,0,0,0,0,0,0,0,0,0,0,0,0,0,0,0,1
823,122,1,12,0.0,3,7,5.0,0.0,0.0,0.0,0.0,0.0,0.0,17696941.193991903,7239049.1334043145,10494936.916722622,5711624.613972619,14751896.664327338,0.0,0.0,0.0,24672445.857143342,0.0,0.0,0.0,936626.1695394691,36100427.35440215,23689402.432255726,17889398.211046387,35463800.705205336,9473299.257317152,2502156.240714975,1764434.9040538718,21066695.29673669,7026995.2010281375,1530573.3567460796,-489449.7146318286,713223.8350885716,0.0,0.0,0.0,0.0,11248784.191388477,3574801.479138362,14823585.67052684,9532926.419230485,15913281.269093791,5395102.20245469,36094790.188847594,0.0,0.0,0.0,0.0,0.0,0.0,0.0,0.0,0.0,0.0,0.0,0.0,0,11.08829568788501,60.0,12.0,0,5.0,False,False,False,False,False,False,True,False,False,False,False,False,False,False,False,True,False,False,False,False,False,False,False,False,False,True,False,False,False,False,False,0.002484472049689441,0.020506634499396863,1,1,4328648.753804218,8759164.588049551,-4458476.032915221,,,49.4185114378368,,75.88436726043955,31.1596981414038,202.6031944236134,,29.071503264192945,40.90565173975922,,6.34045264762552,,,162.9042174191688,,,-100.0,32.421460760082695,0,0,0,1,1,0,1,0,0,0,1,0,0,1,0,1,1,0,1,1,0,0
824,122,1,12,0.0,3,7,5.0,0.0,0.0,0.0,0.0,0.0,0.0,17696941.193991903,7239049.1334043145,10494936.916722622,5711624.613972619,14751896.664327338,0.0,0.0,0.0,24672445.857143342,0.0,0.0,0.0,936626.1695394691,36100427.35440215,23689402.432255726,17889398.211046387,35463800.705205336,9473299.257317152,2502156.240714975,1764434.9040538718,21066695.29673669,7026995.2010281375,1530573.3567460796,-489449.7146318286,713223.8350885716,0.0,0.0,0.0,0.0,11248784.191388477,3574801.479138362,14823585.67052684,9532926.419230485,15913281.269093791,5395102.20245469,36094790.188847594,0.0,0.0,0.0,0.0,0.0,0.0,0.0,0.0,0.0,0.0,0.0,0.0,0,11.08829568788501,24.0,12.0,0,2.0,False,False,False,False,False,False,True,False,False,False,False,False,False,False,False,True,False,False,False,False,False,False,False,False,False,True,False,False,False,False,False,0.002484472049689441,0.020506634499396863,1,1,4328648.753804218,8759164.588049551,-4458476.032915221,,,49.4185114378368,,75.88436726043955,31.1596981414038,202.6031944236134,,29.071503264192945,40.90565173975922,,6.34045264762552,,,162.9042174191688,,,-100.0,32.421460760082695,0,0,0,1,1,0,1,0,0,0,1,0,0,1,0,1,1,0,1,1,0,0
825,8511,85,851,10.0,0,23,6.0,0.0,0.0,0.0,0.0,0.0,0.0,4253749.5,33533.5,4220216.0,7007.0,512512.0,0.0,0.0,0.0,528027.5,0.0,0.0,0.0,5938933.0,10687176.5,2175673.5,1128127.0,2537034.5,-1328827.5,-784596.2874749999,1239238.0,792792.0,242242.0,-1401829.2788499997,-122122.0,965965.0,0.0,0.0,0.0,0.0,1016015.0,8716500.0,9732515.0,833332.5,954161.0,500.5,10687176.5,0.0,0.0,0.0,0.0,0.0,0.0,0.0,0.0,0.0,0.0,0.0,5069.0,0,2.967830253251198,60.0,1.0,0,60.0,False,True,False,False,False,False,False,False,False,False,False,False,False,True,False,False,False,False,False,False,False,False,False,False,True,False,False,False,False,False,False,0.3242236024844721,0.3823884197828709,0,0,5512299.0,-426133.5,5938432.5,1000.0,-1000.0,-500.0,1000.0,10.439387969091236,9.50686086264225,500.0,-500.0,39.488596450147526,0.7883280385927757,500.0,95.07389162561576,500.0,500.0,378.4090909090909,497.63661471690665,-1000.0,-99.76701467384697,92.85714285714286,0,0,0,0,0,0,0,0,0,0,0,0,0,0,0,0,0,0,0,0,0,0
826,6025,60,602,0.0,25,22,6.0,0.0,0.0,0.0,0.0,0.0,0.0,1768266.5000000019,1707372.333333333,487737.25,0.0,9077318.25,0.0,0.0,0.0,9581321.75,0.0,0.0,0.0,400900.5,10469959.5,6452234.5,11603.0,14494229.75,2226724.5,1351099.75,864113.25,10701691.0,844593.75,864864.0,-215715.5,377877.5,0.0,0.0,0.0,0.0,3922668.75,24524.5,3947193.25,1666164.5,3214461.25,3308305.0,10469959.5,0.0,0.0,0.0,0.0,0.0,0.0,0.0,0.0,0.0,0.0,0.0,28959.5,0,10.505133470225873,24.0,1.0,0,24.0,False,True,False,False,False,False,False,False,False,False,False,False,False,True,False,False,False,False,False,False,False,False,False,False,True,False,False,False,False,False,False,0.3242236024844721,0.3823884197828709,0,0,3459456.0,6366860.5,-2907404.5,1000.0,1000.0,54.335350994418675,-1000.0,99.37868509478223,37.46594005449591,2.838111786852013,-500.0,4.6584444763134,96.55627889423518,500.0,9.63317384370016,500.0,500.0,56.049013188663366,0.0,1000.0,-99.5511709935527,500.0,0,0,0,0,0,0,0,0,0,0,0,0,0,0,0,0,0,0,0,0,0,0
827,5511,55,551,20.0,0,4,6.5,0.0,0.0,0.0,0.0,0.0,0.0,61061.0,39039.00000000093,22022.0,1156155.0,0.0,0.0,0.0,0.0,1384383.0,0.0,0.0,0.0,149649.49999999988,1556054.5,0.0,0.0,0.0,-2502.5,-2502.5,-4004.0,0.0,0.0,-8508.5,0.0,-10010.0,0.0,0.0,0.0,0.0,-26526.5,0.0,0.0,0.0,1582581.0,0.0,1556054.5,0.0,0.0,0.0,0.0,0.0,0.0,0.0,0.0,0.0,0.0,0.0,0.0,0,10.869267624914443,84.0,3.0,0,28.0,False,False,False,False,False,False,False,False,True,False,False,False,False,False,False,False,False,False,False,False,True,False,False,False,False,False,False,True,False,False,False,0.009937888198757764,0.0036188178528347406,0,0,-22022.0,-198198.0,149649.49999999988,,,11.11111111111111,,,-1.704728208427147,-0.0,,1.4152460598263108,63.934426229509725,,37.735849056603776,,,,,,,,0,0,0,1,1,0,1,1,0,0,1,0,0,1,0,1,1,1,1,1,1,1
828,4547,45,454,0.0,35,22,1.0,0.0,0.0,0.0,0.0,0.0,0.0,102602.5,15015.0,87587.5,3957954.0,2719717.0,0.0,0.0,0.0,7816809.0,0.0,0.0,0.0,3503.5,7907900.0,2348346.0,1129128.0,3831327.5,205705.5,67067.0,47047.0,3308805.5,138638.5,57057.0,-500.5,37037.0,0.0,0.0,0.0,0.0,238238.0,0.0,238238.0,6361355.0,7618110.5,51551.5,7907900.0,0.0,0.0,0.0,0.0,0.0,0.0,0.0,0.0,0.0,0.0,0.0,7655.0,1,7.572895277207392,60.0,1.0,0,60.0,False,True,False,False,False,False,False,False,False,False,False,False,False,True,False,False,False,False,False,False,False,False,False,False,True,False,False,False,False,False,False,0.3242236024844721,0.3823884197828709,0,0,150650.5,198698.5,-48048.0,1000.0,1000.0,75.81863979848866,-1000.0,100.0,3.0126582278481013,0.0,-6.538210320052254,1.1075949367088607,14.634146341463413,483.82756368386674,15.546218487394958,500.0,500.0,500.0,1000.0,1000.0,-99.67402588885965,107.97872340425532,0,0,0,0,0,0,0,0,0,0,0,0,0,0,0,0,0,0,0,0,0,0
829,6042,60,604,0.0,0,22,1.0,0.0,0.0,0.0,0.0,0.0,0.0,2109607.5,1965463.5,144144.0,0.0,2166664.5,0.0,0.0,0.0,2293291.0,0.0,0.0,0.0,4004.0,2441439.0,3936933.0,2973470.5,3653650.0,974974.0,227227.0,298798.5,1149648.5,733733.0,166166.0,500.5,234734.5,0.0,0.0,0.0,0.0,1584583.0,1001.0,1585584.0,487487.00000000186,848347.5000000019,7507.5,2441439.0,0.0,0.0,0.0,0.0,0.0,0.0,0.0,0.0,0.0,0.0,0.0,7300.0,0,17.965776865160848,60.0,1.0,0,60.0,False,True,False,False,False,False,False,False,False,False,False,False,False,True,False,False,False,False,False,False,False,False,False,False,True,False,False,False,False,False,False,0.3242236024844721,0.3823884197828709,0,0,1441440.0,1444943.4999999981,-3503.5,1000.0,1000.0,99.75753377208187,-172.77534246575343,99.93686868686868,64.90364903649036,0.33500837520938026,6.856164383561644,5.904059040590406,93.16725978647686,500.0,14.81364497789008,500.0,500.0,152.6512842838491,0.0,1000.0,-99.81457647361538,32.40195253324356,0,0,0,0,0,0,0,0,0,0,0,0,0,0,0,0,0,0,0,0,0,0
830,5030,50,503,0.0,0,39,6.1,100.0,0.0,0.0,100.0,0.0,0.0,0.0,0.0,0.0,0.0,0.0,100.0,0.0,0.0,0.0,100.0,0.0,0.0,0.0,0.0,0.0,0.0,0.0,0.0,0.0,0.0,0.0,0.0,0.0,0.0,0.0,30.0,0.0,0.0,0.0,0.0,0.0,0.0,0.0,0.0,0.0,0.0,100.0,0.0,0.0,44.839,0.0,0.0,0.0,100.0,0.0,0.0,0.0,0.0,0,11.08829568788501,84.0,1.0,0,84.0,False,False,False,False,False,False,False,False,False,False,False,False,False,False,False,False,False,False,False,False,False,False,False,False,True,False,False,False,False,False,False,0.07080745341614907,0.06031363088057901,0,0,0.0,0.0,0.0,,,,,,,,,,,,,,,,,,,,0,0,0,1,1,1,1,1,1,1,1,1,1,1,1,1,1,1,1,1,1,1
831,7421,74,742,1.0,0,39,6.0,100.0,0.0,0.0,100.0,0.0,0.0,0.0,0.0,0.0,0.0,0.0,100.0,0.0,0.0,0.0,100.0,0.0,0.0,0.0,0.0,0.0,0.0,0.0,0.0,0.0,0.0,0.0,0.0,0.0,0.0,0.0,30.0,0.0,0.0,1.0,0.0,0.0,0.0,0.0,0.0,0.0,0.0,100.0,0.0,0.0,44.839,0.0,0.0,40.4228,100.0,0.0,0.0,1.0,0.0,0,11.08829568788501,120.0,1.0,0,120.0,False,False,False,False,False,False,False,False,False,False,False,False,False,False,False,False,False,False,False,False,True,False,False,False,False,False,False,True,False,False,False,0.07080745341614907,0.07117008443908324,0,0,0.0,0.0,0.0,,,,,,,,,,,,,,,,,,,,0,0,0,1,1,1,1,1,1,1,1,1,1,1,1,1,1,1,1,1,1,1
832,5511,55,551,25.0,202,24,1.0,0.0,0.0,0.0,0.0,0.0,0.0,17696941.193991903,7239049.1334043145,10494936.916722622,5711624.613972619,14751896.664327338,0.0,0.0,0.0,24672445.857143342,0.0,0.0,0.0,936626.1695394691,36100427.35440215,23689402.432255726,17889398.211046387,35463800.705205336,9473299.257317152,2502156.240714975,1764434.9040538718,21066695.29673669,7026995.2010281375,1530573.3567460796,-489449.7146318286,713223.8350885716,0.0,0.0,0.0,0.0,11248784.191388477,3574801.479138362,14823585.67052684,9532926.419230485,15913281.269093791,5395102.20245469,36094790.188847594,0.0,0.0,0.0,0.0,0.0,0.0,0.0,0.0,0.0,0.0,0.0,0.0,0,17.371663244353183,120.0,1.0,0,120.0,False,False,False,False,False,False,False,False,True,False,False,False,False,False,False,False,False,False,False,False,False,False,False,False,False,False,False,True,False,False,False,0.08074534161490683,0.06031363088057901,1,1,4328648.753804218,8759164.588049551,-4458476.032915221,,,49.4185114378368,,75.88436726043955,31.1596981414038,202.6031944236134,,29.071503264192945,40.90565173975922,,6.34045264762552,,,162.9042174191688,,,-100.0,32.421460760082695,0,0,0,1,1,0,1,0,0,0,1,0,0,1,0,1,1,0,1,1,0,0
833,5166,51,516,1.0,12,2,5.75,0.0,0.0,0.0,0.0,0.0,0.0,17696941.193991903,7239049.1334043145,10494936.916722622,5711624.613972619,14751896.664327338,0.0,0.0,0.0,24672445.857143342,0.0,0.0,0.0,936626.1695394691,36100427.35440215,23689402.432255726,17889398.211046387,35463800.705205336,9473299.257317152,2502156.240714975,1764434.9040538718,21066695.29673669,7026995.2010281375,1530573.3567460796,-489449.7146318286,713223.8350885716,0.0,0.0,0.0,0.0,11248784.191388477,3574801.479138362,14823585.67052684,9532926.419230485,15913281.269093791,5395102.20245469,36094790.188847594,0.0,0.0,0.0,0.0,0.0,0.0,0.0,0.0,0.0,0.0,0.0,0.0,0,11.08829568788501,120.0,1.0,0,120.0,False,True,False,False,False,False,False,False,False,False,False,False,False,True,False,False,False,False,False,False,False,False,False,False,True,False,False,False,False,False,False,0.3242236024844721,0.3823884197828709,1,1,4328648.753804218,8759164.588049551,-4458476.032915221,,,49.4185114378368,,75.88436726043955,31.1596981414038,202.6031944236134,,29.071503264192945,40.90565173975922,,6.34045264762552,,,162.9042174191688,,,-100.0,32.421460760082695,0,0,0,1,1,0,1,0,0,0,1,0,0,1,0,1,1,0,1,1,0,0
834,1744,17,174,2.0,34,35,6.0,0.0,0.0,0.0,0.0,0.0,0.0,3620366.75,1312561.250000001,2307805.5,4540536.0,1357356.0,0.0,0.0,0.0,6738982.25,0.0,0.0,0.0,539539.0,9586326.75,7810.0,8103.0,9111602.5,457957.5,-501751.25,379879.5,7445187.75,829829.0,345595.25,-58808.75,169169.0,0.0,0.0,0.0,0.0,2490738.25,1070819.75,3561558.0,3754500.75,5273768.5,751000.25,9586326.75,0.0,0.0,0.0,0.0,0.0,0.0,0.0,0.0,0.0,0.0,0.0,18205.0,0,13.409993155373032,60.0,1.0,0,60.0,False,False,False,False,True,False,False,False,False,False,False,False,False,False,False,False,True,False,False,False,False,False,False,False,True,False,False,False,False,False,False,0.02981366459627329,0.025331724969843185,0,0,1253752.5,1465213.75,-211461.25,1000.0,1000.0,85.56789069171649,-1000.0,69.93395165823496,25.982196465397966,281.8840579710145,-323.03625377643505,24.073929046910486,36.2549250017281,500.0,6.791922033557721,500.0,500.0,181.54280528385598,1000.0,1000.0,133.09859154929578,-3.615944711835123,0,0,0,0,0,0,0,0,0,0,0,0,0,0,0,0,0,0,0,0,0,0
835,3663,36,366,10.0,124,4,5.0,0.0,0.0,0.0,0.0,0.0,0.0,2625372.750000002,299048.75,2326324.0,2071569.5,101601.5,0.0,0.0,0.0,4318063.75,0.0,0.0,0.0,551801.25,7196189.0,2752.2500000037253,0.0,7523015.5,1536535.0,727476.75,628628.0,5500495.0,799548.75,526275.75,-71321.25,399899.5,0.0,0.0,0.0,0.0,1724723.0,567066.5,2291789.5,1775523.75,4904399.5,0.0,7196189.0,0.0,0.0,0.0,0.0,0.0,0.0,0.0,0.0,0.0,0.0,0.0,14906.0,0,2.3737166324435317,84.0,3.0,0,28.0,False,True,False,False,False,False,False,False,False,False,False,False,False,True,False,False,False,False,False,False,False,False,False,False,False,False,False,False,True,False,False,0.3242236024844721,0.3823884197828709,0,0,-34534.5,-586335.75,551801.25,-834.0547430564874,-1000.0,5.8898847631242,1000.0,75.25660624590522,23.967172068437893,90.20700636942675,-478.47343351670474,32.327166504381694,11.390715851682387,500.0,23.18630295995357,500.0,500.0,116.2056414922657,1000.0,-1000.0,441.59324189226356,,0,0,0,0,0,0,0,0,0,0,0,0,0,0,0,0,0,0,0,0,0,1
836,5249,52,524,4.0,2,26,9.0,0.0,0.0,0.0,0.0,0.0,0.0,1589588.0,552802.2499999991,1036785.75,11511.5,219219.0,0.0,0.0,0.0,342342.0,0.0,0.0,0.0,134134.00000000012,1513261.75,161445.00000000373,554.25,261261.0,189939.75,121121.0,119619.5,69069.0,67067.0,103853.75,0.0,102352.25,0.0,0.0,0.0,0.0,1071820.75,300300.0,1372120.75,8258.250000001863,141141.0,0.0,1513261.75,0.0,0.0,0.0,0.0,0.0,0.0,0.0,0.0,0.0,0.0,0.0,522.0,0,27.73990417522245,120.0,4.0,0,30.0,False,False,False,True,False,False,False,False,False,False,False,False,False,False,False,True,False,False,False,False,False,False,False,False,False,False,False,False,False,False,False,0.016149068322981366,0.015681544028950542,0,0,335335.0,201201.0,134134.00000000012,1000.0,1000.0,166.66666666666669,1000.0,78.11417107422943,70.82851000496115,251.0460251046025,0.0,68.51331238630726,34.776448362720345,500.0,9.549381274807377,500.0,500.0,43.043478260879276,1000.0,1000.0,-99.67667007339962,500.0,0,0,0,0,0,0,0,0,0,0,0,0,0,0,0,0,0,0,0,0,0,0
837,8511,85,851,3.0,47,23,1.0,0.0,0.0,0.0,0.0,0.0,0.0,17696941.193991903,7239049.1334043145,10494936.916722622,5711624.613972619,14751896.664327338,0.0,0.0,0.0,24672445.857143342,0.0,0.0,0.0,936626.1695394691,36100427.35440215,23689402.432255726,17889398.211046387,35463800.705205336,9473299.257317152,2502156.240714975,1764434.9040538718,21066695.29673669,7026995.2010281375,1530573.3567460796,-489449.7146318286,713223.8350885716,0.0,0.0,0.0,0.0,11248784.191388477,3574801.479138362,14823585.67052684,9532926.419230485,15913281.269093791,5395102.20245469,36094790.188847594,0.0,0.0,0.0,0.0,0.0,0.0,0.0,0.0,0.0,0.0,0.0,0.0,0,11.08829568788501,48.0,1.0,0,48.0,False,False,False,False,False,False,False,False,False,False,True,False,False,False,False,False,False,False,False,False,False,False,True,False,False,False,False,False,False,False,False,0.04720496894409938,0.04945717732207479,1,1,4328648.753804218,8759164.588049551,-4458476.032915221,,,49.4185114378368,,75.88436726043955,31.1596981414038,202.6031944236134,,29.071503264192945,40.90565173975922,,6.34045264762552,,,162.9042174191688,,,-100.0,32.421460760082695,0,0,0,1,1,0,1,0,0,0,1,0,0,1,0,1,1,0,1,1,0,0
