,CODE_SECT_ACTIVITE,CODE_BRANCHE_ACTIVITE,CODE_SSBRANCHE_ACT,NBRE_EMPLOI_ACREER,NBRE_EMPLOI_EXIST,ID_IFP,TAUX_INTERET,AGE1,AGE2,AGE3,ANTP1,ANTP2,ANTP3,CU,CV,CW,DO,DU,ENGA1,ENGA2,ENGA3,ET,EXP1,EXP2,EXP3,FF,FI,GI2,GI3,HA1,HA3,HA4,HA5,HDG,HP,HZ,JCX,KW,LFAS1,LFAS2,LFAS3,LOCALE,LP,LV,MC,MD,MP,MT,MU,NIVED1,NIVED2,NIVED3,NOTE11,NOTE12,NOTE13,NOTE14,PATR1,PATR2,PATR3,QALDE,RGI,DEFAUT,AGE_ENTREPRISE_JOURS,AGE_ENTREPRISE_ANS,DUREE_CONCOURS_MOIS,PERIODICITE_MOIS,FLAG_PERIODICITE_MANQUANTE,NBRE_ECHEANCES,REGION_RC_Béni Mellal-Khénifra,REGION_RC_Casablanca-Settat,REGION_RC_Dakhla-Oued Ed-Dahab,REGION_RC_Drâa-Tafilalet,REGION_RC_Fès-Meknès,REGION_RC_Guelmim-Oued Noun,REGION_RC_L'oriental,REGION_RC_Laâyoune-Sakia El Hamra,REGION_RC_Marrakech-Safi,REGION_RC_Rabat-Salé-Kénitra,REGION_RC_Souss-Massa,REGION_RC_Tanger-Tétouan-Al Hoceima,REGION_TIERS_Béni Mellal-Khénifra,REGION_TIERS_Casablanca-Settat,REGION_TIERS_Dakhla-Oued Ed-Dahab,REGION_TIERS_Drâa-Tafilalet,REGION_TIERS_Fès-Meknès,REGION_TIERS_Guelmim-Oued Noun,REGION_TIERS_L'oriental,REGION_TIERS_Laâyoune-Sakia El Hamra,REGION_TIERS_Marrakech-Safi,REGION_TIERS_Rabat-Salé-Kénitra,REGION_TIERS_Souss-Massa,REGION_TIERS_Tanger-Tétouan-Al Hoceima,CENTRE_AFFAIRE_CENTRE D’AFFAIRES DE CASABLANCA,CENTRE_AFFAIRE_CENTRE D’AFFAIRES DE FES,CENTRE_AFFAIRE_CENTRE D’AFFAIRES DE LAAYOUNE,CENTRE_AFFAIRE_CENTRE D’AFFAIRES DE MARRAKECH,CENTRE_AFFAIRE_CENTRE D’AFFAIRES DE RABAT,CENTRE_AFFAIRE_CENTRE D’AFFAIRES DE TANGER,CENTRE_AFFAIRE_CENTRE D’AFFAIRES D’OUJDA,VILLE_RC_FREQ,VILLE_TIERS_FREQ
0,4521,45,452,0,108,23,6.0,0.0,0.0,0.0,0.0,0.0,0.0,3743239.5,1559558.0,2183681.5,5644639.0,11794532.75,0.0,0.0,0.0,25540014.5,0.0,0.0,0.0,79329.25,27803025.25,6285347.0,16196.5,14188174.0,2528275.75,718718.0,464964.5,10521010.5,1806554.75,584834.25,-152152.0,331080.75,0.0,0.0,0.0,0.0,6076570.5,1802550.75,7879121.25,2438185.75,15906640.75,4017263.25,27803025.25,0.0,0.0,0.0,0.0,0.0,0.0,0.0,0.0,0.0,0.0,0.0,24637.0,0,3177.0,8.698151950718685,47.0,1.0,0,47.0,False,False,False,False,True,False,False,False,False,False,False,False,False,False,False,False,True,False,False,False,False,False,False,False,False,True,False,False,False,False,False,0.02981366459627329,0.025331724969843185
1,5121,51,512,0,52,22,5.0,0.0,0.0,0.0,0.0,0.0,0.0,13299035.75,2655903.25,10643132.5,7084577.5,23872348.5,0.0,0.0,0.0,38011974.0,0.0,0.0,0.0,10633122.5,59288229.0,87445.25,69499.25,120625254.75,8935426.5,5243988.75,3149646.5,104886782.0,3641888.25,4045291.25,-1059558.5,1950949.0,0.0,0.0,0.0,0.0,8281273.0,3517514.0,11798787.0,26645869.25,30767987.25,16721204.5,59287978.75,0.0,0.0,0.0,0.0,0.0,0.0,0.0,0.0,0.0,0.0,0.0,241074.5,0,2858.0,7.824777549623546,60.0,1.0,0,60.0,False,True,False,False,False,False,False,False,False,False,False,False,False,True,False,False,False,False,False,False,False,False,False,False,True,False,False,False,False,False,False,0.3242236024844721,0.3823884197828709
2,5165,51,516,2,0,1,5.5,50.0,0.0,0.0,0.5,0.0,0.0,2753500.75,275775.5,2477725.25,1986734.75,11309298.0,50.0,0.0,0.0,14182418.25,50.0,0.0,0.0,161411.25,16821554.75,8498817.75,14538.25,19491221.75,3687183.5,2375873.5,1905904.0,14913648.75,1286535.25,1520519.0,-109109.0,1050549.5,15.0,0.0,0.0,1.0,3786032.25,1651650.0,5437682.25,8157149.0,10899138.25,484734.25,16821554.75,50.0,0.0,0.0,19.9445,0.0,0.0,18.0782,50.0,0.0,0.0,0.5,38943.5,0,4036.0,,84.0,1.0,0,84.0,False,False,False,False,False,False,False,False,False,False,False,False,False,False,False,False,False,False,False,False,False,False,False,False,True,False,False,False,False,False,False,,
3,1725,17,172,0,50,35,5.95,,,,,,,,,,,,,,,,,,,,,,,,,,,,,,,,,,,,,,,,,,,,,,,,,,,,,,,1,4081.0,11.173169062286105,84.0,3.0,0,28.0,False,True,False,False,False,False,False,False,False,False,False,False,False,True,False,False,False,False,False,False,False,False,False,False,False,False,False,False,False,False,False,0.3242236024844721,0.3823884197828709
4,4521,45,452,0,45,4,6.0,0.0,0.0,0.0,0.0,0.0,0.0,2529777.25,680179.5,1849597.75,892641.75,14248734.5,0.0,0.0,0.0,15984218.25,0.0,0.0,0.0,34534.5,17868350.5,5179012.25,9208.0,13204441.25,3183180.0,1018267.25,522772.25,9084575.5,2138636.5,928427.5,-586335.75,432932.5,0.0,0.0,0.0,0.0,3428675.25,772772.0,4201447.25,3540537.0,6354598.25,7312305.0,17868350.5,0.0,0.0,0.0,0.0,0.0,0.0,0.0,0.0,0.0,0.0,0.0,26382.5,0,5397.0,14.77618069815195,84.0,1.0,0,84.0,False,False,False,False,True,False,False,False,False,False,False,False,False,False,False,False,True,False,False,False,False,False,False,False,False,True,False,False,False,False,False,0.06459627329192547,0.06031363088057901
5,5147,51,514,6,20,4,6.5,0.0,0.0,0.0,0.0,0.0,0.0,541290.75,0.0,541290.75,3768765.0,7293035.75,0.0,0.0,0.0,14090326.25,0.0,0.0,0.0,163163.0,14794780.0,15621606.0,6026270.0,19161142.0,2546544.0,1343342.0,890389.5,15583317.75,1156155.0,1250749.5,-159909.75,797797.0,0.0,0.0,0.0,0.0,4520015.5,204454.25,4724469.75,3431678.25,8604095.5,1466214.75,14794780.0,0.0,0.0,0.0,0.0,0.0,0.0,0.0,0.0,0.0,0.0,0.0,38062.5,0,6819.0,18.6694045174538,120.0,1.0,0,120.0,False,False,False,False,False,False,False,False,True,False,False,False,False,False,False,False,False,False,False,False,True,False,False,False,False,False,False,True,False,False,False,0.08074534161490683,0.07117008443908324
6,1564,15,156,1,10,22,1.0,,,,,,,,,,,,,,,,,,,,,,,,,,,,,,,,,,,,,,,,,,,,,,,,,,,,,,,0,2387.0,6.535249828884326,60.0,1.0,0,60.0,False,True,False,False,False,False,False,False,False,False,False,False,False,True,False,False,False,False,False,False,False,False,False,False,True,False,False,False,False,False,False,0.012422360248447204,0.006031363088057901
7,4521,45,452,2,63,24,0.7,0.0,0.0,0.0,0.0,0.0,0.0,9168659.5,1806304.5,7362355.0,3025272.25,6338832.5,0.0,0.0,0.0,9724715.0,0.0,0.0,0.0,215965.75,17303035.75,17581.0,6647.25,25371095.75,3852598.75,1348847.5,1186935.75,17199682.5,2438185.75,1002001.0,-99099.0,840089.25,0.0,0.0,0.0,0.0,8300292.0,1263762.5,9564054.5,3570567.0,5423167.75,2315813.5,17303035.75,0.0,0.0,0.0,0.0,0.0,0.0,0.0,0.0,0.0,0.0,0.0,50691.0,0,3324.0,9.100616016427105,60.0,1.0,0,60.0,False,False,False,False,True,False,False,False,False,False,False,False,False,False,False,False,True,False,False,False,False,False,False,False,False,True,False,False,False,False,False,0.02981366459627329,0.025331724969843185
8,4521,45,452,0,63,24,1.0,0.0,0.0,0.0,0.0,0.0,0.0,9168659.5,1806304.5,7362355.0,3025272.25,6338832.5,0.0,0.0,0.0,9724715.0,0.0,0.0,0.0,215965.75,17303035.75,17581.0,6647.25,25371095.75,3852598.75,1348847.5,1186935.75,17199682.5,2438185.75,1002001.0,-99099.0,840089.25,0.0,0.0,0.0,0.0,8300292.0,1263762.5,9564054.5,3570567.0,5423167.75,2315813.5,17303035.75,0.0,0.0,0.0,0.0,0.0,0.0,0.0,0.0,0.0,0.0,0.0,50691.0,0,3346.0,9.160848733744011,60.0,1.0,0,60.0,False,False,False,False,True,False,False,False,False,False,False,False,False,False,False,False,True,False,False,False,False,False,False,False,False,True,False,False,False,False,False,0.02981366459627329,0.025331724969843185
9,4521,45,452,0,63,24,1.0,0.0,0.0,0.0,0.0,0.0,0.0,9168659.5,1806304.5,7362355.0,3025272.25,6338832.5,0.0,0.0,0.0,9724715.0,0.0,0.0,0.0,215965.75,17303035.75,17581.0,6647.25,25371095.75,3852598.75,1348847.5,1186935.75,17199682.5,2438185.75,1002001.0,-99099.0,840089.25,0.0,0.0,0.0,0.0,8300292.0,1263762.5,9564054.5,3570567.0,5423167.75,2315813.5,17303035.75,0.0,0.0,0.0,0.0,0.0,0.0,0.0,0.0,0.0,0.0,0.0,50691.0,0,3364.0,9.210130047912388,60.0,1.0,0,60.0,False,False,False,False,True,False,False,False,False,False,False,False,False,False,False,False,True,False,False,False,False,False,False,False,False,True,False,False,False,False,False,0.02981366459627329,0.025331724969843185
10,4521,45,452,0,63,24,1.0,0.0,0.0,0.0,0.0,0.0,0.0,9168659.5,1806304.5,7362355.0,3025272.25,6338832.5,0.0,0.0,0.0,9724715.0,0.0,0.0,0.0,215965.75,17303035.75,17581.0,6647.25,25371095.75,3852598.75,1348847.5,1186935.75,17199682.5,2438185.75,1002001.0,-99099.0,840089.25,0.0,0.0,0.0,0.0,8300292.0,1263762.5,9564054.5,3570567.0,5423167.75,2315813.5,17303035.75,0.0,0.0,0.0,0.0,0.0,0.0,0.0,0.0,0.0,0.0,0.0,50691.0,0,3365.0,9.212867898699521,60.0,1.0,0,60.0,False,False,False,False,True,False,False,False,False,False,False,False,False,False,False,False,True,False,False,False,False,False,False,False,False,True,False,False,False,False,False,0.02981366459627329,0.025331724969843185
11,4030,40,403,5,4,22,1.0,0.0,0.0,0.0,0.0,0.0,0.0,15447932.5,4009505.5,11438427.0,486736.25,5831575.75,0.0,0.0,0.0,7415658.25,0.0,0.0,0.0,456706.25,19310791.5,12271.0,11477.75,13247984.75,4215211.0,1579828.25,1958206.25,4418414.0,2581078.5,597346.75,-165415.25,406406.0,0.0,0.0,0.0,0.0,6958201.25,9455696.25,16413897.5,1600599.0,2896894.0,0.0,19310791.5,0.0,0.0,0.0,0.0,0.0,0.0,0.0,0.0,0.0,0.0,0.0,25171.0,0,1922.0,5.262149212867898,60.0,1.0,0,60.0,False,True,False,False,False,False,False,False,False,False,False,False,False,True,False,False,False,False,False,False,False,False,False,False,True,False,False,False,False,False,False,0.3242236024844721,0.3823884197828709
12,4030,40,403,5,4,22,1.0,0.0,0.0,0.0,0.0,0.0,0.0,15447932.5,4009505.5,11438427.0,486736.25,5831575.75,0.0,0.0,0.0,7415658.25,0.0,0.0,0.0,456706.25,19310791.5,12271.0,11477.75,13247984.75,4215211.0,1579828.25,1958206.25,4418414.0,2581078.5,597346.75,-165415.25,406406.0,0.0,0.0,0.0,0.0,6958201.25,9455696.25,16413897.5,1600599.0,2896894.0,0.0,19310791.5,0.0,0.0,0.0,0.0,0.0,0.0,0.0,0.0,0.0,0.0,0.0,25171.0,0,1922.0,5.262149212867898,60.0,1.0,0,60.0,False,True,False,False,False,False,False,False,False,False,False,False,False,True,False,False,False,False,False,False,False,False,False,False,True,False,False,False,False,False,False,0.3242236024844721,0.3823884197828709
13,5166,51,516,5,4,23,1.0,0.0,0.0,0.0,0.0,0.0,0.0,15447932.5,4009505.5,11438427.0,486736.25,5831575.75,0.0,0.0,0.0,7415658.25,0.0,0.0,0.0,456706.25,19310791.5,12271.0,11477.75,13247984.75,4215211.0,1579828.25,1958206.25,4418414.0,2581078.5,597346.75,-165415.25,406406.0,0.0,0.0,0.0,0.0,6958201.25,9455696.25,16413897.5,1600599.0,2896894.0,0.0,19310791.5,0.0,0.0,0.0,0.0,0.0,0.0,0.0,0.0,0.0,0.0,0.0,25171.0,0,1958.0,5.360711841204655,60.0,1.0,0,60.0,False,True,False,False,False,False,False,False,False,False,False,False,False,True,False,False,False,False,False,False,False,False,False,False,True,False,False,False,False,False,False,0.3242236024844721,0.3823884197828709
14,1744,17,174,10,500,23,1.0,0.0,0.0,0.0,0.0,0.0,0.0,19235966.75,5649393.75,13586573.0,18606337.75,8341833.5,0.0,0.0,0.0,31199918.75,0.0,0.0,0.0,327577.25,45114069.0,59906502.25,122287.5,106747390.75,25643367.75,7843335.5,5387131.75,76983406.5,18366848.5,6695939.25,-973472.5,3890386.5,0.0,0.0,0.0,0.0,19873603.75,0.0,19873603.75,17801784.0,22373851.5,2866613.75,45114069.0,0.0,0.0,0.0,0.0,0.0,0.0,0.0,0.0,0.0,0.0,0.0,214501.5,0,6138.0,16.804928131416837,60.0,1.0,0,60.0,False,True,False,False,False,False,False,False,False,False,False,False,False,True,False,False,False,False,False,False,False,False,False,False,True,False,False,False,False,False,False,0.3242236024844721,0.3823884197828709
15,5211,52,521,0,0,36,6.5,,,,,,,,,,,,,,,,,,,,,,,,,,,,,,,,,,,,,,,,,,,,,,,,,,,,,,,0,7189.0,19.682409308692677,180.0,1.0,0,180.0,False,False,False,False,False,False,False,False,False,True,False,False,False,False,False,False,False,False,False,False,False,True,False,False,False,False,False,False,True,False,False,0.07204968944099378,0.05066344993968637
16,2956,29,295,0,15,22,7.0,50.0,0.0,0.0,50.0,0.0,0.0,6106600.5,2508506.0,3598094.5,4442187.75,5891886.0,50.0,0.0,0.0,14109095.0,50.0,0.0,0.0,13263.25,17720452.75,14469.0,13899.5,17711944.25,3464711.25,1223222.0,420420.0,12816303.5,2238236.0,642642.0,-216216.0,-160160.0,15.0,0.0,0.0,0.5,3305051.75,0.0,3305051.75,4366111.75,12803290.5,1612110.5,17720452.75,25.0,0.0,0.0,18.7681,0.0,0.0,20.82015,33.0,0.0,0.0,0.5,34844.0,0,-791.0,-2.1656399726214923,48.0,1.0,0,48.0,False,False,False,False,False,False,False,False,False,False,True,False,False,False,False,False,False,False,False,False,False,False,True,False,False,False,False,False,False,False,False,0.03229813664596273,0.013268998793727383
17,2953,29,295,10,15,23,1.0,50.0,0.0,0.0,50.0,0.0,0.0,6106600.5,2508506.0,3598094.5,4442187.75,5891886.0,50.0,0.0,0.0,14109095.0,50.0,0.0,0.0,13263.25,17720452.75,14469.0,13899.5,17711944.25,3464711.25,1223222.0,420420.0,12816303.5,2238236.0,642642.0,-216216.0,-160160.0,15.0,0.0,0.0,0.5,3305051.75,0.0,3305051.75,4366111.75,12803290.5,1612110.5,17720452.75,25.0,0.0,0.0,18.7681,0.0,0.0,20.82015,33.0,0.0,0.0,0.5,34844.0,0,-386.0,-1.056810403832991,48.0,1.0,0,48.0,False,False,False,False,False,False,False,False,False,False,True,False,False,False,False,False,False,False,False,False,False,False,True,False,False,False,False,False,False,False,False,0.03229813664596273,0.013268998793727383
18,7470,74,747,5,4070,23,1.0,0.0,0.0,0.0,0.0,0.0,0.0,3065812.75,1500248.75,1565564.0,2452700.25,44284740.5,0.0,0.0,0.0,49670120.5,0.0,0.0,0.0,217717.5,51453402.0,42647.0,29180.0,63583520.0,52767214.5,1776024.25,1517516.0,3964710.75,50967416.5,1114363.25,-410410.0,855855.0,0.0,0.0,0.0,0.0,6117861.75,880129.25,6997991.0,2975472.5,38702914.25,5752496.75,51453402.0,0.0,0.0,0.0,0.0,0.0,0.0,0.0,0.0,0.0,0.0,0.0,127040.0,0,2037.0,5.577002053388091,48.0,1.0,0,48.0,False,True,False,False,False,False,False,False,False,False,False,False,False,True,False,False,False,False,False,False,False,False,False,False,True,False,False,False,False,False,False,0.3242236024844721,0.3823884197828709
19,6220,62,622,2,30,22,5.0,0.0,0.0,0.0,0.0,0.0,0.0,2333331.0,209209.0,2124122.0,128378.25,2639136.5,0.0,0.0,0.0,8077069.0,0.0,0.0,0.0,2144892.75,12346083.75,17481.75,10651.0,23467944.5,4580325.75,1215464.25,907156.25,12646383.75,3342339.0,822822.0,-181931.75,514514.0,0.0,0.0,0.0,0.0,5390385.0,912912.0,6303297.0,4891136.25,6013007.0,39706.333333333336,12346083.75,0.0,0.0,0.0,0.0,0.0,0.0,0.0,0.0,0.0,0.0,0.0,46889.0,0,1520.0,4.161533196440794,84.0,1.0,0,84.0,False,False,False,False,False,False,False,False,False,True,False,False,False,False,False,False,False,False,False,False,False,True,False,False,False,False,False,False,True,False,False,0.07204968944099378,0.05066344993968637
20,4521,45,452,20,60,23,5.0,0.0,0.0,0.0,0.0,0.0,0.0,3003000.0,589839.25,2413160.75,2444942.5,9309550.25,0.0,0.0,0.0,12513501.0,0.0,0.0,0.0,31531.5,14958193.25,12152.75,11327.25,19694675.0,4287032.75,1825573.75,945945.0,13844580.75,2409907.5,1597846.25,-427427.0,715965.25,0.0,0.0,0.0,0.0,4670415.75,110360.25,4780776.0,3008755.75,5460955.5,4716461.75,14958193.25,0.0,0.0,0.0,0.0,0.0,0.0,0.0,0.0,0.0,0.0,0.0,39791.0,1,4366.0,11.953456536618754,60.0,1.0,0,60.0,False,False,False,False,True,False,False,False,False,False,False,False,False,True,False,False,False,False,False,False,False,False,False,False,False,True,False,False,False,False,False,0.06459627329192547,0.3823884197828709
21,4521,45,452,3,660,24,1.0,0.0,0.0,0.0,0.0,0.0,0.0,23642368.75,7852094.25,15790274.5,11505744.25,14975961.0,0.0,0.0,0.0,31068287.25,0.0,0.0,0.0,11511.5,46870073.25,16305539.25,3118615.5,41607816.25,8026268.25,4194440.25,2926173.25,26740463.75,3681928.25,1878126.25,-981981.0,609859.25,0.0,0.0,0.0,0.0,17246979.75,4235731.5,21482711.25,11533772.25,14930916.0,10456446.0,46870073.25,0.0,0.0,0.0,0.0,0.0,0.0,0.0,0.0,0.0,0.0,0.0,78938.5,1,4814.0,13.180013689253936,48.0,1.0,0,48.0,False,False,False,True,False,False,False,False,False,False,False,False,False,False,False,True,False,False,False,False,False,False,False,False,False,False,False,False,False,False,False,0.016149068322981366,0.015681544028950542
22,4521,45,452,1,660,24,5.0,0.0,0.0,0.0,0.0,0.0,0.0,23642368.75,7852094.25,15790274.5,11505744.25,14975961.0,0.0,0.0,0.0,31068287.25,0.0,0.0,0.0,11511.5,46870073.25,16305539.25,3118615.5,41607816.25,8026268.25,4194440.25,2926173.25,26740463.75,3681928.25,1878126.25,-981981.0,609859.25,0.0,0.0,0.0,0.0,17246979.75,4235731.5,21482711.25,11533772.25,14930916.0,10456446.0,46870073.25,0.0,0.0,0.0,0.0,0.0,0.0,0.0,0.0,0.0,0.0,0.0,78938.5,1,4890.0,13.388090349075975,48.0,1.0,0,48.0,False,False,False,True,False,False,False,False,False,False,False,False,False,False,False,True,False,False,False,False,False,False,False,False,False,False,False,False,False,False,False,0.016149068322981366,0.015681544028950542
23,4521,45,452,15,660,26,6.25,0.0,0.0,0.0,0.0,0.0,0.0,23642368.75,7852094.25,15790274.5,11505744.25,14975961.0,0.0,0.0,0.0,31068287.25,0.0,0.0,0.0,11511.5,46870073.25,16305539.25,3118615.5,41607816.25,8026268.25,4194440.25,2926173.25,26740463.75,3681928.25,1878126.25,-981981.0,609859.25,0.0,0.0,0.0,0.0,17246979.75,4235731.5,21482711.25,11533772.25,14930916.0,10456446.0,46870073.25,0.0,0.0,0.0,0.0,0.0,0.0,0.0,0.0,0.0,0.0,0.0,78938.5,1,4932.0,13.503080082135524,24.0,4.0,0,6.0,False,False,False,True,False,False,False,False,False,False,False,False,False,False,False,True,False,False,False,False,False,False,False,False,False,False,False,False,False,False,False,0.016149068322981366,0.015681544028950542
24,5532,55,553,4,40,36,7.95,,,,,,,5726000.0,2581000.0,3145000.0,828000.0,2345000.0,,,,4874000.0,,,,40000.0,8059000.0,8784000.0,7894000.0,9326000.0,2074000.0,1502000.0,1170000.0,6443000.0,517000.0,702000.0,-222000.0,370000.0,,,,,1382000.0,3547000.0,4929000.0,2082000.0,2542000.0,588000.0,8059000.0,,,,,,,,,,,,,0,3949.0,10.811772758384668,83.0,1.0,0,83.0,False,False,False,False,False,False,False,False,False,True,False,False,False,False,False,False,False,False,False,False,False,False,False,False,False,False,False,False,True,False,False,0.07204968944099378,
25,117,1,11,0,155,34,6.5,,,,,,,,,,,,,,,,,,,,,,,,,,,,,,,,,,,,,,,,,,,,,,,,,,,,,,,0,1581.0,4.328542094455853,36.0,1.0,0,36.0,False,False,False,False,False,False,False,False,False,False,False,True,False,False,False,False,False,False,False,False,False,False,False,False,False,False,False,False,False,True,False,0.0037267080745341614,
26,6022,60,602,2,26,23,7.5,0.0,0.0,0.0,0.0,0.0,0.0,2617865.25,1852350.5,765514.75,0.0,2059557.5,0.0,0.0,0.0,2142140.0,0.0,0.0,0.0,215465.25,3123120.0,4715.5,3704.75,5611606.0,1137886.75,537036.5,664664.0,2949947.0,576576.0,221721.5,-24524.5,349349.0,0.0,0.0,0.0,0.0,1375874.5,136886.75,1512761.25,373373.0,1610358.75,0.0,3123120.0,0.0,0.0,0.0,0.0,0.0,0.0,0.0,0.0,0.0,0.0,0.0,11212.0,0,3162.0,8.657084188911705,48.0,1.0,0,48.0,False,False,False,False,False,False,False,False,True,False,False,False,False,False,False,False,False,False,False,False,True,False,False,False,False,False,False,True,False,False,False,0.08074534161490683,0.07117008443908324
27,2670,26,267,0,64,28,7.0,0.0,0.0,0.0,0.0,0.0,0.0,4615611.0,1299798.5,3315812.5,172172.0,1169918.75,0.0,0.0,0.0,3912158.25,0.0,0.0,0.0,1080329.25,8308300.0,9173.5,5391.75,12020008.0,3670667.0,2191939.75,2123621.5,5660154.5,1471720.25,1584583.0,-107857.75,1462210.75,0.0,0.0,0.0,0.0,3715962.25,1364613.25,5080575.5,2267515.25,3199696.5,37370.666666666664,8308300.0,0.0,0.0,0.0,0.0,0.0,0.0,0.0,0.0,0.0,0.0,0.0,23939.0,0,1067.0,2.921286789869952,84.0,3.0,0,28.0,False,False,False,False,True,False,False,False,False,False,False,False,False,False,False,False,True,False,False,False,False,False,False,False,False,True,False,False,False,False,False,0.004968944099378882,0.0036188178528347406
28,2523,25,252,2,0,22,1.0,0.0,0.0,0.0,0.0,0.0,0.0,23770246.5,8835827.0,14934419.5,7980973.0,11789027.25,0.0,0.0,0.0,22602329.75,0.0,0.0,0.0,56056.0,37592805.25,12077695.25,20523.75,24532007.5,6737230.5,2861108.25,1930428.5,10502241.75,3768514.75,978227.25,-687687.0,47547.5,0.0,0.0,0.0,0.0,9888628.75,0.0,9888628.75,11947435.5,18313295.0,9390881.5,37592805.25,0.0,0.0,0.0,0.0,0.0,0.0,0.0,0.0,0.0,0.0,0.0,49015.0,0,10364.0,28.3750855578371,84.0,1.0,0,84.0,False,True,False,False,False,False,False,False,False,False,False,False,False,True,False,False,False,False,False,False,False,False,False,False,True,False,False,False,False,False,False,0.3242236024844721,0.3823884197828709
29,2523,25,252,5,0,24,1.0,0.0,0.0,0.0,0.0,0.0,0.0,23770246.5,8835827.0,14934419.5,7980973.0,11789027.25,0.0,0.0,0.0,22602329.75,0.0,0.0,0.0,56056.0,37592805.25,12077695.25,20523.75,24532007.5,6737230.5,2861108.25,1930428.5,10502241.75,3768514.75,978227.25,-687687.0,47547.5,0.0,0.0,0.0,0.0,9888628.75,0.0,9888628.75,11947435.5,18313295.0,9390881.5,37592805.25,0.0,0.0,0.0,0.0,0.0,0.0,0.0,0.0,0.0,0.0,0.0,49015.0,0,10682.0,29.245722108145106,48.0,1.0,0,48.0,False,True,False,False,False,False,False,False,False,False,False,False,False,True,False,False,False,False,False,False,False,False,False,False,True,False,False,False,False,False,False,0.3242236024844721,0.3823884197828709
30,7134,71,713,0,60,24,1.0,0.0,0.0,0.0,0.0,0.0,0.0,3621117.5,1561810.25,2059307.25,0.0,19337318.0,0.0,0.0,0.0,23165892.75,0.0,0.0,0.0,140140.0,25365340.0,22382360.0,10661185.5,23712689.0,1269518.25,1107356.25,465965.5,20932912.0,95595.5,1028527.5,-588588.0,387136.75,0.0,0.0,0.0,0.0,11455193.75,0.0,11455193.75,4263008.75,8429921.5,5480224.75,25365340.0,0.0,0.0,0.0,0.0,0.0,0.0,0.0,0.0,0.0,0.0,0.0,47378.0,1,3663.0,10.028747433264886,48.0,1.0,0,48.0,False,True,False,False,False,False,False,False,False,False,False,False,False,True,False,False,False,False,False,False,False,False,False,False,False,True,False,False,False,False,False,0.3242236024844721,0.3823884197828709
31,5166,51,516,0,60,24,0.0,0.0,0.0,0.0,0.0,0.0,0.0,3621117.5,1561810.25,2059307.25,0.0,19337318.0,0.0,0.0,0.0,23165892.75,0.0,0.0,0.0,140140.0,25365340.0,22382360.0,10661185.5,23712689.0,1269518.25,1107356.25,465965.5,20932912.0,95595.5,1028527.5,-588588.0,387136.75,0.0,0.0,0.0,0.0,11455193.75,0.0,11455193.75,4263008.75,8429921.5,5480224.75,25365340.0,0.0,0.0,0.0,0.0,0.0,0.0,0.0,0.0,0.0,0.0,0.0,47378.0,1,3667.0,10.039698836413416,48.0,1.0,0,48.0,False,True,False,False,False,False,False,False,False,False,False,False,False,True,False,False,False,False,False,False,False,False,False,False,False,True,False,False,False,False,False,0.3242236024844721,0.3823884197828709
32,5166,51,516,0,60,24,1.0,0.0,0.0,0.0,0.0,0.0,0.0,3621117.5,1561810.25,2059307.25,0.0,19337318.0,0.0,0.0,0.0,23165892.75,0.0,0.0,0.0,140140.0,25365340.0,22382360.0,10661185.5,23712689.0,1269518.25,1107356.25,465965.5,20932912.0,95595.5,1028527.5,-588588.0,387136.75,0.0,0.0,0.0,0.0,11455193.75,0.0,11455193.75,4263008.75,8429921.5,5480224.75,25365340.0,0.0,0.0,0.0,0.0,0.0,0.0,0.0,0.0,0.0,0.0,0.0,47378.0,0,3668.0,10.042436687200547,48.0,1.0,0,48.0,False,True,False,False,False,False,False,False,False,False,False,False,False,True,False,False,False,False,False,False,False,False,False,False,False,True,False,False,False,False,False,0.3242236024844721,0.3823884197828709
33,5166,51,516,0,60,24,1.0,0.0,0.0,0.0,0.0,0.0,0.0,3621117.5,1561810.25,2059307.25,0.0,19337318.0,0.0,0.0,0.0,23165892.75,0.0,0.0,0.0,140140.0,25365340.0,22382360.0,10661185.5,23712689.0,1269518.25,1107356.25,465965.5,20932912.0,95595.5,1028527.5,-588588.0,387136.75,0.0,0.0,0.0,0.0,11455193.75,0.0,11455193.75,4263008.75,8429921.5,5480224.75,25365340.0,0.0,0.0,0.0,0.0,0.0,0.0,0.0,0.0,0.0,0.0,0.0,47378.0,0,3668.0,10.042436687200547,48.0,1.0,0,48.0,False,True,False,False,False,False,False,False,False,False,False,False,False,True,False,False,False,False,False,False,False,False,False,False,False,True,False,False,False,False,False,0.3242236024844721,0.3823884197828709
34,5166,51,516,0,60,24,1.0,0.0,0.0,0.0,0.0,0.0,0.0,3621117.5,1561810.25,2059307.25,0.0,19337318.0,0.0,0.0,0.0,23165892.75,0.0,0.0,0.0,140140.0,25365340.0,22382360.0,10661185.5,23712689.0,1269518.25,1107356.25,465965.5,20932912.0,95595.5,1028527.5,-588588.0,387136.75,0.0,0.0,0.0,0.0,11455193.75,0.0,11455193.75,4263008.75,8429921.5,5480224.75,25365340.0,0.0,0.0,0.0,0.0,0.0,0.0,0.0,0.0,0.0,0.0,0.0,47378.0,1,3668.0,10.042436687200547,48.0,1.0,0,48.0,False,True,False,False,False,False,False,False,False,False,False,False,False,True,False,False,False,False,False,False,False,False,False,False,False,True,False,False,False,False,False,0.3242236024844721,0.3823884197828709
35,131,1,13,1,6,7,5.5,0.0,0.0,0.0,0.0,0.0,0.0,5475470.0,0.0,5475470.0,45045.0,0.0,0.0,0.0,0.0,60560.5,0.0,0.0,0.0,79079.0,5615109.5,0.0,0.0,0.0,0.0,0.0,0.0,0.0,0.0,0.0,0.0,0.0,0.0,0.0,0.0,0.0,575575.0,1439938.5,2015513.5,2467965.5,3599596.0,0.0,5615109.5,0.0,0.0,0.0,0.0,0.0,0.0,0.0,0.0,0.0,0.0,0.0,0.0,0,1464.0,4.008213552361396,60.0,1.0,0,60.0,False,True,False,False,False,False,False,False,False,False,False,False,False,True,False,False,False,False,False,False,False,False,False,False,True,False,False,False,False,False,False,0.3242236024844721,0.3823884197828709
36,140,1,14,0,6,7,5.5,0.0,0.0,0.0,0.0,0.0,0.0,5475470.0,0.0,5475470.0,45045.0,0.0,0.0,0.0,0.0,60560.5,0.0,0.0,0.0,79079.0,5615109.5,0.0,0.0,0.0,0.0,0.0,0.0,0.0,0.0,0.0,0.0,0.0,0.0,0.0,0.0,0.0,575575.0,1439938.5,2015513.5,2467965.5,3599596.0,0.0,5615109.5,0.0,0.0,0.0,0.0,0.0,0.0,0.0,0.0,0.0,0.0,0.0,0.0,0,1622.0,4.440793976728268,48.0,12.0,0,4.0,False,True,False,False,False,False,False,False,False,False,False,False,False,True,False,False,False,False,False,False,False,False,False,False,False,True,False,False,False,False,False,0.3242236024844721,0.3823884197828709
37,5241,52,524,8,110,23,5.95,0.0,0.0,0.0,0.0,0.0,0.0,11069808.75,9109100.0,1960708.75,9260501.25,1502000.5,0.0,0.0,0.0,12083321.25,0.0,0.0,0.0,6363607.25,20407637.25,28527.75,24960.25,32104322.25,6185179.0,2054552.5,1549798.25,20315795.5,3929175.25,1594593.0,-79079.0,1064813.75,0.0,0.0,0.0,0.0,9542282.75,0.0,9542282.75,7324567.25,10864353.5,1001.0,20407637.25,0.0,0.0,0.0,0.0,0.0,0.0,0.0,0.0,0.0,0.0,0.0,64144.5,0,14623.0,40.035592060232716,60.0,1.0,0,60.0,False,True,False,False,False,False,False,False,False,False,False,False,False,True,False,False,False,False,False,False,False,False,False,False,True,False,False,False,False,False,False,0.3242236024844721,0.3823884197828709
38,8022,80,802,0,135,9,6.5,0.0,0.0,0.0,0.0,0.0,0.0,11463452.0,7667159.5,3796292.5,0.0,1962460.5,0.0,0.0,0.0,2052550.5,0.0,0.0,0.0,691691.0,6540534.0,10849839.0,9912402.5,11465454.0,5372367.0,1558056.5,1212211.0,2212210.0,3763259.5,1037036.0,-19019.0,692692.0,0.0,0.0,0.0,0.0,4569565.0,714714.0,5284279.0,33033.0,1256255.0,0.0,6540534.0,0.0,0.0,0.0,0.0,0.0,0.0,0.0,0.0,0.0,0.0,0.0,22908.0,0,7534.0,20.62696783025325,60.0,1.0,0,60.0,False,False,False,False,False,False,False,False,False,True,False,False,False,False,False,False,False,False,False,False,False,True,False,False,False,False,False,False,True,False,False,0.07204968944099378,0.05066344993968637
39,7421,74,742,0,2,5,7.5,,,,,,,,,,,,,,,,,,,,,,,,,,,,,,,,,,,,,,,,,,,,,,,,,,,,,,,0,3290.0,9.007529089664613,120.0,1.0,0,120.0,False,True,False,False,False,False,False,False,False,False,False,False,False,True,False,False,False,False,False,False,False,False,False,False,False,False,False,False,False,False,True,0.3242236024844721,0.3823884197828709
40,2225,22,222,0,13,23,7.0,0.0,0.0,0.0,0.0,0.0,0.0,6586329.75,2405403.0,4180926.75,758758.0,3505001.5,0.0,0.0,0.0,5396891.5,0.0,0.0,0.0,26526.5,9604344.75,5659.5,4028.75,9290030.75,2524021.5,1338587.25,1135884.75,5706200.5,1146145.0,942942.0,-60310.25,729729.0,0.0,0.0,0.0,0.0,4669665.0,674173.5,5343838.5,2608355.75,3880126.25,380380.0,9604344.75,0.0,0.0,0.0,0.0,0.0,0.0,0.0,0.0,0.0,0.0,0.0,18561.5,0,5747.0,15.734428473648187,60.0,1.0,0,60.0,False,False,False,False,True,False,False,False,False,False,False,False,False,False,False,False,True,False,False,False,False,False,False,False,False,True,False,False,False,False,False,0.02981366459627329,0.025331724969843185
41,2225,22,222,0,13,1,5.0,0.0,0.0,0.0,0.0,0.0,0.0,6586329.75,2405403.0,4180926.75,758758.0,3505001.5,0.0,0.0,0.0,5396891.5,0.0,0.0,0.0,26526.5,9604344.75,5659.5,4028.75,9290030.75,2524021.5,1338587.25,1135884.75,5706200.5,1146145.0,942942.0,-60310.25,729729.0,0.0,0.0,0.0,0.0,4669665.0,674173.5,5343838.5,2608355.75,3880126.25,380380.0,9604344.75,0.0,0.0,0.0,0.0,0.0,0.0,0.0,0.0,0.0,0.0,0.0,18561.5,0,5812.0,15.912388774811772,84.0,3.0,0,28.0,False,False,False,False,True,False,False,False,False,False,False,False,False,False,False,False,True,False,False,False,False,False,False,False,False,True,False,False,False,False,False,0.02981366459627329,0.025331724969843185
42,2225,22,222,0,13,25,0.0,0.0,0.0,0.0,0.0,0.0,0.0,6586329.75,2405403.0,4180926.75,758758.0,3505001.5,0.0,0.0,0.0,5396891.5,0.0,0.0,0.0,26526.5,9604344.75,5659.5,4028.75,9290030.75,2524021.5,1338587.25,1135884.75,5706200.5,1146145.0,942942.0,-60310.25,729729.0,0.0,0.0,0.0,0.0,4669665.0,674173.5,5343838.5,2608355.75,3880126.25,380380.0,9604344.75,0.0,0.0,0.0,0.0,0.0,0.0,0.0,0.0,0.0,0.0,0.0,18561.5,0,6133.0,16.791238877481177,60.0,1.0,0,60.0,False,False,False,False,True,False,False,False,False,False,False,False,False,False,False,False,True,False,False,False,False,False,False,False,False,True,False,False,False,False,False,0.02981366459627329,0.025331724969843185
43,4522,45,452,2,205,23,0.0,0.0,0.0,0.0,0.0,0.0,0.0,10427417.0,3541538.0,6885879.0,29472943.5,15863848.0,0.0,0.0,0.0,46920123.25,0.0,0.0,0.0,1165914.75,54971917.0,20870330.25,33653.25,56922866.0,9575816.25,4014760.75,1880879.0,43621578.0,5526270.75,3278525.25,-1992240.25,1144643.5,0.0,0.0,0.0,0.0,15223958.75,1896644.75,17120603.5,7306048.75,18826808.0,19024505.5,54971917.0,0.0,0.0,0.0,0.0,0.0,0.0,0.0,0.0,0.0,0.0,0.0,94184.5,0,7589.0,20.777549623545518,48.0,1.0,0,48.0,False,False,False,False,False,False,False,False,False,True,False,False,False,False,False,False,False,False,False,False,False,True,False,False,False,False,False,False,True,False,False,0.011180124223602485,0.010856453558504222
44,4522,45,452,4,205,23,0.0,0.0,0.0,0.0,0.0,0.0,0.0,10427417.0,3541538.0,6885879.0,29472943.5,15863848.0,0.0,0.0,0.0,46920123.25,0.0,0.0,0.0,1165914.75,54971917.0,20870330.25,33653.25,56922866.0,9575816.25,4014760.75,1880879.0,43621578.0,5526270.75,3278525.25,-1992240.25,1144643.5,0.0,0.0,0.0,0.0,15223958.75,1896644.75,17120603.5,7306048.75,18826808.0,19024505.5,54971917.0,0.0,0.0,0.0,0.0,0.0,0.0,0.0,0.0,0.0,0.0,0.0,94184.5,0,7744.0,21.201916495550993,48.0,1.0,0,48.0,False,False,False,False,False,False,False,False,False,True,False,False,False,False,False,False,False,False,False,False,False,True,False,False,False,False,False,False,True,False,False,0.011180124223602485,0.010856453558504222
45,6042,60,604,4,19,24,8.0,0.0,0.0,0.0,0.0,0.0,0.0,2870367.5,2399397.0,470970.5,0.0,2163161.0,0.0,0.0,0.0,2616363.75,0.0,0.0,0.0,308808.5,3396142.75,5676138.25,10587.25,12487725.25,5780024.25,4067063.0,2505252.75,4088834.75,1359608.25,3100847.75,-355355.0,1539037.5,0.0,0.0,0.0,0.0,2909907.0,0.0,2909907.0,93093.0,144394.25,341841.5,3396142.75,0.0,0.0,0.0,0.0,0.0,0.0,0.0,0.0,0.0,0.0,0.0,24950.5,0,4846.0,13.267624914442163,48.0,1.0,0,48.0,False,False,False,True,False,False,False,False,False,False,False,False,False,False,False,True,False,False,False,False,False,False,False,False,False,False,False,True,False,False,False,0.016149068322981366,0.015681544028950542
46,6031,60,603,5,19,24,1.0,0.0,0.0,0.0,0.0,0.0,0.0,2870367.5,2399397.0,470970.5,0.0,2163161.0,0.0,0.0,0.0,2616363.75,0.0,0.0,0.0,308808.5,3396142.75,5676138.25,10587.25,12487725.25,5780024.25,4067063.0,2505252.75,4088834.75,1359608.25,3100847.75,-355355.0,1539037.5,0.0,0.0,0.0,0.0,2909907.0,0.0,2909907.0,93093.0,144394.25,341841.5,3396142.75,0.0,0.0,0.0,0.0,0.0,0.0,0.0,0.0,0.0,0.0,0.0,24950.5,0,5135.0,14.05886379192334,48.0,1.0,0,48.0,False,False,False,True,False,False,False,False,False,False,False,False,False,False,False,True,False,False,False,False,False,False,False,False,False,False,False,False,False,False,False,0.016149068322981366,0.015681544028950542
47,3430,34,343,27,0,1,6.0,,,,,,,,,,,,,,,,,,,,,,,,,,,,,,,,,,,,,,,,,,,,,,,,,,,,,,,1,1577.0,4.317590691307323,96.0,3.0,0,32.0,False,True,False,False,False,False,False,False,False,False,False,False,False,True,False,False,False,False,False,False,False,False,False,False,True,False,False,False,False,False,False,0.3242236024844721,0.020506634499396863
48,7470,74,747,0,0,23,1.0,0.0,0.0,0.0,0.0,0.0,0.0,1278026.75,254504.25,1023522.5,27527.5,4339335.0,0.0,0.0,0.0,5073318.25,0.0,0.0,0.0,99849.75,6196690.5,7697.25,7713.25,8924415.5,5642637.0,458207.75,467967.5,2477725.25,5155650.5,427927.5,-24774.75,342592.25,0.0,0.0,0.0,0.0,791040.25,146646.5,937686.75,2673170.5,4983979.0,275024.75,6196690.5,0.0,0.0,0.0,0.0,0.0,0.0,0.0,0.0,0.0,0.0,0.0,17900.5,0,1336.0,3.6577686516084875,48.0,1.0,0,48.0,False,True,False,False,False,False,False,False,False,False,False,False,False,True,False,False,False,False,False,False,False,False,False,False,True,False,False,False,False,False,False,0.3242236024844721,0.3823884197828709
49,4521,45,452,0,600,23,5.5,0.0,0.0,0.0,0.0,0.0,0.0,35540505.0,11451940.5,24088564.5,37600563.0,49002203.25,0.0,0.0,0.0,92738145.5,0.0,0.0,0.0,686686.0,117513396.0,45018531.25,98155.0,125387762.5,23112839.75,5386381.0,3596593.0,83811477.75,16475208.75,3243490.25,-2148896.75,1420168.75,0.0,0.0,0.0,0.0,20439419.0,23628855.25,44068274.25,23419896.5,37521233.75,35923888.0,117513396.0,0.0,0.0,0.0,0.0,0.0,0.0,0.0,0.0,0.0,0.0,0.0,246510.0,0,6106.0,16.71731690622861,48.0,1.0,0,48.0,False,False,False,False,False,False,False,False,False,False,True,False,False,False,False,False,False,False,False,False,False,False,True,False,False,False,False,False,False,False,False,0.007453416149068323,0.007237635705669481
50,4521,45,452,9,600,24,6.5,0.0,0.0,0.0,0.0,0.0,0.0,35540505.0,11451940.5,24088564.5,37600563.0,49002203.25,0.0,0.0,0.0,92738145.5,0.0,0.0,0.0,686686.0,117513396.0,45018531.25,98155.0,125387762.5,23112839.75,5386381.0,3596593.0,83811477.75,16475208.75,3243490.25,-2148896.75,1420168.75,0.0,0.0,0.0,0.0,20439419.0,23628855.25,44068274.25,23419896.5,37521233.75,35923888.0,117513396.0,0.0,0.0,0.0,0.0,0.0,0.0,0.0,0.0,0.0,0.0,0.0,246510.0,0,6170.0,16.892539356605067,48.0,1.0,0,48.0,False,False,False,False,False,False,False,False,False,False,True,False,False,False,False,False,False,False,False,False,False,False,True,False,False,False,False,False,False,False,False,0.007453416149068323,0.007237635705669481
51,4521,45,452,7,600,24,0.0,0.0,0.0,0.0,0.0,0.0,0.0,35540505.0,11451940.5,24088564.5,37600563.0,49002203.25,0.0,0.0,0.0,92738145.5,0.0,0.0,0.0,686686.0,117513396.0,45018531.25,98155.0,125387762.5,23112839.75,5386381.0,3596593.0,83811477.75,16475208.75,3243490.25,-2148896.75,1420168.75,0.0,0.0,0.0,0.0,20439419.0,23628855.25,44068274.25,23419896.5,37521233.75,35923888.0,117513396.0,0.0,0.0,0.0,0.0,0.0,0.0,0.0,0.0,0.0,0.0,0.0,246510.0,0,6170.0,16.892539356605067,48.0,1.0,0,48.0,False,False,False,False,False,False,False,False,False,False,True,False,False,False,False,False,False,False,False,False,False,False,True,False,False,False,False,False,False,False,False,0.007453416149068323,0.007237635705669481
52,7023,70,702,0,100,30,5.25,,,,,,,,,,,,,,,,,,,,,,,,,,,,,,,,,,,,,,,,,,,,,,,,,,,,,,,0,9727.0,26.63107460643395,84.0,3.0,0,28.0,False,False,False,False,False,False,False,False,True,False,False,False,False,False,False,False,False,False,False,False,True,False,False,False,False,False,False,True,False,False,False,0.08074534161490683,0.07117008443908324
53,1534,15,153,0,460,24,7.0,0.0,0.0,0.0,0.0,0.0,0.0,81725644.0,38513224.75,43212419.25,36768231.5,15788022.25,0.0,0.0,0.0,70826756.0,0.0,0.0,0.0,4572568.0,118611743.25,102138.5,95809.25,103214111.0,19176657.5,5491235.75,5752246.5,70795224.5,12405643.25,1502250.75,-2823320.5,-871120.25,0.0,0.0,0.0,0.0,42850057.25,9208199.0,52058256.25,15489223.75,33174891.75,33378595.25,118611743.25,0.0,0.0,0.0,0.0,0.0,0.0,0.0,0.0,0.0,0.0,0.0,209589.5,0,3324.0,9.100616016427105,84.0,1.0,0,84.0,False,False,False,False,True,False,False,False,False,False,False,False,False,False,False,False,True,False,False,False,False,False,False,False,False,True,False,False,False,False,False,0.02981366459627329,0.025331724969843185
54,1597,15,159,0,460,24,7.0,0.0,0.0,0.0,0.0,0.0,0.0,81725644.0,38513224.75,43212419.25,36768231.5,15788022.25,0.0,0.0,0.0,70826756.0,0.0,0.0,0.0,4572568.0,118611743.25,102138.5,95809.25,103214111.0,19176657.5,5491235.75,5752246.5,70795224.5,12405643.25,1502250.75,-2823320.5,-871120.25,0.0,0.0,0.0,0.0,42850057.25,9208199.0,52058256.25,15489223.75,33174891.75,33378595.25,118611743.25,0.0,0.0,0.0,0.0,0.0,0.0,0.0,0.0,0.0,0.0,0.0,209589.5,0,3324.0,9.100616016427105,60.0,1.0,0,60.0,False,False,False,False,True,False,False,False,False,False,False,False,False,False,False,False,True,False,False,False,False,False,False,False,False,True,False,False,False,False,False,0.02981366459627329,0.025331724969843185
55,117,1,11,0,454,34,7.25,,,,,,,,,,,,,,,,,,,,,,,,,,,,,,,,,,,,,,,,,,,,,,,,,,,,,,,0,4908.0,13.437371663244353,36.0,1.0,0,36.0,False,False,False,False,False,False,False,False,False,False,False,True,False,False,False,False,False,False,False,False,False,False,False,True,False,False,False,False,False,True,False,0.0037267080745341614,0.0036188178528347406
56,117,1,11,0,49,7,6.5,0.0,0.0,0.0,0.0,0.0,0.0,25231206.0,1507255.75,23723950.25,8036778.75,14101587.5,0.0,0.0,0.0,30921390.5,0.0,0.0,0.0,75825.75,54721166.5,30319.0,28777.25,36171135.0,-1974222.25,2553300.75,1648396.75,36172386.25,2453451.0,2548796.25,-972471.5,1421420.0,0.0,0.0,0.0,0.0,15753237.5,9244485.25,24997722.75,19057038.0,20619599.0,9103844.75,54721166.5,0.0,0.0,0.0,0.0,0.0,0.0,0.0,0.0,0.0,0.0,0.0,71862.5,0,11340.0,31.04722792607803,120.0,12.0,0,10.0,False,False,False,False,True,False,False,False,False,False,False,False,False,False,False,False,True,False,False,False,False,False,False,False,False,True,False,False,False,False,False,0.06459627329192547,0.06031363088057901
57,117,1,11,0,49,7,5.0,0.0,0.0,0.0,0.0,0.0,0.0,25231206.0,1507255.75,23723950.25,8036778.75,14101587.5,0.0,0.0,0.0,30921390.5,0.0,0.0,0.0,75825.75,54721166.5,30319.0,28777.25,36171135.0,-1974222.25,2553300.75,1648396.75,36172386.25,2453451.0,2548796.25,-972471.5,1421420.0,0.0,0.0,0.0,0.0,15753237.5,9244485.25,24997722.75,19057038.0,20619599.0,9103844.75,54721166.5,0.0,0.0,0.0,0.0,0.0,0.0,0.0,0.0,0.0,0.0,0.0,71862.5,0,11341.0,31.04996577686516,120.0,12.0,0,10.0,False,False,False,False,True,False,False,False,False,False,False,False,False,False,False,False,True,False,False,False,False,False,False,False,False,True,False,False,False,False,False,0.06459627329192547,0.06031363088057901
58,117,1,11,0,49,7,5.0,0.0,0.0,0.0,0.0,0.0,0.0,25231206.0,1507255.75,23723950.25,8036778.75,14101587.5,0.0,0.0,0.0,30921390.5,0.0,0.0,0.0,75825.75,54721166.5,30319.0,28777.25,36171135.0,-1974222.25,2553300.75,1648396.75,36172386.25,2453451.0,2548796.25,-972471.5,1421420.0,0.0,0.0,0.0,0.0,15753237.5,9244485.25,24997722.75,19057038.0,20619599.0,9103844.75,54721166.5,0.0,0.0,0.0,0.0,0.0,0.0,0.0,0.0,0.0,0.0,0.0,71862.5,0,11341.0,31.04996577686516,120.0,12.0,0,10.0,False,False,False,False,True,False,False,False,False,False,False,False,False,False,False,False,True,False,False,False,False,False,False,False,False,True,False,False,False,False,False,0.06459627329192547,0.06031363088057901
59,117,1,11,0,49,7,5.0,0.0,0.0,0.0,0.0,0.0,0.0,25231206.0,1507255.75,23723950.25,8036778.75,14101587.5,0.0,0.0,0.0,30921390.5,0.0,0.0,0.0,75825.75,54721166.5,30319.0,28777.25,36171135.0,-1974222.25,2553300.75,1648396.75,36172386.25,2453451.0,2548796.25,-972471.5,1421420.0,0.0,0.0,0.0,0.0,15753237.5,9244485.25,24997722.75,19057038.0,20619599.0,9103844.75,54721166.5,0.0,0.0,0.0,0.0,0.0,0.0,0.0,0.0,0.0,0.0,0.0,71862.5,0,11341.0,31.04996577686516,120.0,12.0,0,10.0,False,False,False,False,True,False,False,False,False,False,False,False,False,False,False,False,True,False,False,False,False,False,False,False,False,True,False,False,False,False,False,0.06459627329192547,0.06031363088057901
60,117,1,11,0,49,7,5.0,0.0,0.0,0.0,0.0,0.0,0.0,25231206.0,1507255.75,23723950.25,8036778.75,14101587.5,0.0,0.0,0.0,30921390.5,0.0,0.0,0.0,75825.75,54721166.5,30319.0,28777.25,36171135.0,-1974222.25,2553300.75,1648396.75,36172386.25,2453451.0,2548796.25,-972471.5,1421420.0,0.0,0.0,0.0,0.0,15753237.5,9244485.25,24997722.75,19057038.0,20619599.0,9103844.75,54721166.5,0.0,0.0,0.0,0.0,0.0,0.0,0.0,0.0,0.0,0.0,0.0,71862.5,0,11341.0,31.04996577686516,24.0,12.0,0,2.0,False,False,False,False,True,False,False,False,False,False,False,False,False,False,False,False,True,False,False,False,False,False,False,False,False,True,False,False,False,False,False,0.06459627329192547,0.06031363088057901
61,117,1,11,0,49,7,5.0,0.0,0.0,0.0,0.0,0.0,0.0,25231206.0,1507255.75,23723950.25,8036778.75,14101587.5,0.0,0.0,0.0,30921390.5,0.0,0.0,0.0,75825.75,54721166.5,30319.0,28777.25,36171135.0,-1974222.25,2553300.75,1648396.75,36172386.25,2453451.0,2548796.25,-972471.5,1421420.0,0.0,0.0,0.0,0.0,15753237.5,9244485.25,24997722.75,19057038.0,20619599.0,9103844.75,54721166.5,0.0,0.0,0.0,0.0,0.0,0.0,0.0,0.0,0.0,0.0,0.0,71862.5,0,11341.0,31.04996577686516,84.0,12.0,0,7.0,False,False,False,False,True,False,False,False,False,False,False,False,False,False,False,False,True,False,False,False,False,False,False,False,False,True,False,False,False,False,False,0.06459627329192547,0.06031363088057901
62,117,1,11,0,49,7,5.0,0.0,0.0,0.0,0.0,0.0,0.0,25231206.0,1507255.75,23723950.25,8036778.75,14101587.5,0.0,0.0,0.0,30921390.5,0.0,0.0,0.0,75825.75,54721166.5,30319.0,28777.25,36171135.0,-1974222.25,2553300.75,1648396.75,36172386.25,2453451.0,2548796.25,-972471.5,1421420.0,0.0,0.0,0.0,0.0,15753237.5,9244485.25,24997722.75,19057038.0,20619599.0,9103844.75,54721166.5,0.0,0.0,0.0,0.0,0.0,0.0,0.0,0.0,0.0,0.0,0.0,71862.5,0,11341.0,31.04996577686516,120.0,12.0,0,10.0,False,False,False,False,True,False,False,False,False,False,False,False,False,False,False,False,True,False,False,False,False,False,False,False,False,True,False,False,False,False,False,0.06459627329192547,0.06031363088057901
63,117,1,11,0,49,7,5.0,0.0,0.0,0.0,0.0,0.0,0.0,25231206.0,1507255.75,23723950.25,8036778.75,14101587.5,0.0,0.0,0.0,30921390.5,0.0,0.0,0.0,75825.75,54721166.5,30319.0,28777.25,36171135.0,-1974222.25,2553300.75,1648396.75,36172386.25,2453451.0,2548796.25,-972471.5,1421420.0,0.0,0.0,0.0,0.0,15753237.5,9244485.25,24997722.75,19057038.0,20619599.0,9103844.75,54721166.5,0.0,0.0,0.0,0.0,0.0,0.0,0.0,0.0,0.0,0.0,0.0,71862.5,0,11341.0,31.04996577686516,24.0,12.0,0,2.0,False,False,False,False,True,False,False,False,False,False,False,False,False,False,False,False,True,False,False,False,False,False,False,False,False,True,False,False,False,False,False,0.06459627329192547,0.06031363088057901
64,117,1,11,0,49,7,5.0,0.0,0.0,0.0,0.0,0.0,0.0,25231206.0,1507255.75,23723950.25,8036778.75,14101587.5,0.0,0.0,0.0,30921390.5,0.0,0.0,0.0,75825.75,54721166.5,30319.0,28777.25,36171135.0,-1974222.25,2553300.75,1648396.75,36172386.25,2453451.0,2548796.25,-972471.5,1421420.0,0.0,0.0,0.0,0.0,15753237.5,9244485.25,24997722.75,19057038.0,20619599.0,9103844.75,54721166.5,0.0,0.0,0.0,0.0,0.0,0.0,0.0,0.0,0.0,0.0,0.0,71862.5,0,11341.0,31.04996577686516,84.0,12.0,0,7.0,False,False,False,False,True,False,False,False,False,False,False,False,False,False,False,False,True,False,False,False,False,False,False,False,False,True,False,False,False,False,False,0.06459627329192547,0.06031363088057901
65,117,1,11,0,49,7,5.0,0.0,0.0,0.0,0.0,0.0,0.0,25231206.0,1507255.75,23723950.25,8036778.75,14101587.5,0.0,0.0,0.0,30921390.5,0.0,0.0,0.0,75825.75,54721166.5,30319.0,28777.25,36171135.0,-1974222.25,2553300.75,1648396.75,36172386.25,2453451.0,2548796.25,-972471.5,1421420.0,0.0,0.0,0.0,0.0,15753237.5,9244485.25,24997722.75,19057038.0,20619599.0,9103844.75,54721166.5,0.0,0.0,0.0,0.0,0.0,0.0,0.0,0.0,0.0,0.0,0.0,71862.5,0,11341.0,31.04996577686516,24.0,12.0,0,2.0,False,False,False,False,True,False,False,False,False,False,False,False,False,False,False,False,True,False,False,False,False,False,False,False,False,True,False,False,False,False,False,0.06459627329192547,0.06031363088057901
66,117,1,11,0,49,7,5.0,0.0,0.0,0.0,0.0,0.0,0.0,25231206.0,1507255.75,23723950.25,8036778.75,14101587.5,0.0,0.0,0.0,30921390.5,0.0,0.0,0.0,75825.75,54721166.5,30319.0,28777.25,36171135.0,-1974222.25,2553300.75,1648396.75,36172386.25,2453451.0,2548796.25,-972471.5,1421420.0,0.0,0.0,0.0,0.0,15753237.5,9244485.25,24997722.75,19057038.0,20619599.0,9103844.75,54721166.5,0.0,0.0,0.0,0.0,0.0,0.0,0.0,0.0,0.0,0.0,0.0,71862.5,0,11341.0,31.04996577686516,84.0,12.0,0,7.0,False,False,False,False,True,False,False,False,False,False,False,False,False,False,False,False,True,False,False,False,False,False,False,False,False,True,False,False,False,False,False,0.06459627329192547,0.06031363088057901
67,117,1,11,0,49,7,5.0,0.0,0.0,0.0,0.0,0.0,0.0,25231206.0,1507255.75,23723950.25,8036778.75,14101587.5,0.0,0.0,0.0,30921390.5,0.0,0.0,0.0,75825.75,54721166.5,30319.0,28777.25,36171135.0,-1974222.25,2553300.75,1648396.75,36172386.25,2453451.0,2548796.25,-972471.5,1421420.0,0.0,0.0,0.0,0.0,15753237.5,9244485.25,24997722.75,19057038.0,20619599.0,9103844.75,54721166.5,0.0,0.0,0.0,0.0,0.0,0.0,0.0,0.0,0.0,0.0,0.0,71862.5,0,11341.0,31.04996577686516,24.0,12.0,0,2.0,False,False,False,False,True,False,False,False,False,False,False,False,False,False,False,False,True,False,False,False,False,False,False,False,False,True,False,False,False,False,False,0.06459627329192547,0.06031363088057901
68,117,1,11,0,49,7,5.0,0.0,0.0,0.0,0.0,0.0,0.0,25231206.0,1507255.75,23723950.25,8036778.75,14101587.5,0.0,0.0,0.0,30921390.5,0.0,0.0,0.0,75825.75,54721166.5,30319.0,28777.25,36171135.0,-1974222.25,2553300.75,1648396.75,36172386.25,2453451.0,2548796.25,-972471.5,1421420.0,0.0,0.0,0.0,0.0,15753237.5,9244485.25,24997722.75,19057038.0,20619599.0,9103844.75,54721166.5,0.0,0.0,0.0,0.0,0.0,0.0,0.0,0.0,0.0,0.0,0.0,71862.5,0,11341.0,31.04996577686516,84.0,12.0,0,7.0,False,False,False,False,True,False,False,False,False,False,False,False,False,False,False,False,True,False,False,False,False,False,False,False,False,True,False,False,False,False,False,0.06459627329192547,0.06031363088057901
69,117,1,11,0,49,7,5.0,0.0,0.0,0.0,0.0,0.0,0.0,25231206.0,1507255.75,23723950.25,8036778.75,14101587.5,0.0,0.0,0.0,30921390.5,0.0,0.0,0.0,75825.75,54721166.5,30319.0,28777.25,36171135.0,-1974222.25,2553300.75,1648396.75,36172386.25,2453451.0,2548796.25,-972471.5,1421420.0,0.0,0.0,0.0,0.0,15753237.5,9244485.25,24997722.75,19057038.0,20619599.0,9103844.75,54721166.5,0.0,0.0,0.0,0.0,0.0,0.0,0.0,0.0,0.0,0.0,0.0,71862.5,0,11341.0,31.04996577686516,24.0,12.0,0,2.0,False,False,False,False,True,False,False,False,False,False,False,False,False,False,False,False,True,False,False,False,False,False,False,False,False,True,False,False,False,False,False,0.06459627329192547,0.06031363088057901
70,117,1,11,0,49,7,5.0,0.0,0.0,0.0,0.0,0.0,0.0,25231206.0,1507255.75,23723950.25,8036778.75,14101587.5,0.0,0.0,0.0,30921390.5,0.0,0.0,0.0,75825.75,54721166.5,30319.0,28777.25,36171135.0,-1974222.25,2553300.75,1648396.75,36172386.25,2453451.0,2548796.25,-972471.5,1421420.0,0.0,0.0,0.0,0.0,15753237.5,9244485.25,24997722.75,19057038.0,20619599.0,9103844.75,54721166.5,0.0,0.0,0.0,0.0,0.0,0.0,0.0,0.0,0.0,0.0,0.0,71862.5,0,11341.0,31.04996577686516,84.0,12.0,0,7.0,False,False,False,False,True,False,False,False,False,False,False,False,False,False,False,False,True,False,False,False,False,False,False,False,False,True,False,False,False,False,False,0.06459627329192547,0.06031363088057901
71,117,1,11,0,49,7,5.0,0.0,0.0,0.0,0.0,0.0,0.0,25231206.0,1507255.75,23723950.25,8036778.75,14101587.5,0.0,0.0,0.0,30921390.5,0.0,0.0,0.0,75825.75,54721166.5,30319.0,28777.25,36171135.0,-1974222.25,2553300.75,1648396.75,36172386.25,2453451.0,2548796.25,-972471.5,1421420.0,0.0,0.0,0.0,0.0,15753237.5,9244485.25,24997722.75,19057038.0,20619599.0,9103844.75,54721166.5,0.0,0.0,0.0,0.0,0.0,0.0,0.0,0.0,0.0,0.0,0.0,71862.5,0,11341.0,31.04996577686516,24.0,12.0,0,2.0,False,False,False,False,True,False,False,False,False,False,False,False,False,False,False,False,True,False,False,False,False,False,False,False,False,True,False,False,False,False,False,0.06459627329192547,0.06031363088057901
72,117,1,11,0,49,7,5.0,0.0,0.0,0.0,0.0,0.0,0.0,25231206.0,1507255.75,23723950.25,8036778.75,14101587.5,0.0,0.0,0.0,30921390.5,0.0,0.0,0.0,75825.75,54721166.5,30319.0,28777.25,36171135.0,-1974222.25,2553300.75,1648396.75,36172386.25,2453451.0,2548796.25,-972471.5,1421420.0,0.0,0.0,0.0,0.0,15753237.5,9244485.25,24997722.75,19057038.0,20619599.0,9103844.75,54721166.5,0.0,0.0,0.0,0.0,0.0,0.0,0.0,0.0,0.0,0.0,0.0,71862.5,0,11341.0,31.04996577686516,84.0,12.0,0,7.0,False,False,False,False,True,False,False,False,False,False,False,False,False,False,False,False,True,False,False,False,False,False,False,False,False,True,False,False,False,False,False,0.06459627329192547,0.06031363088057901
73,117,1,11,0,49,7,5.0,0.0,0.0,0.0,0.0,0.0,0.0,25231206.0,1507255.75,23723950.25,8036778.75,14101587.5,0.0,0.0,0.0,30921390.5,0.0,0.0,0.0,75825.75,54721166.5,30319.0,28777.25,36171135.0,-1974222.25,2553300.75,1648396.75,36172386.25,2453451.0,2548796.25,-972471.5,1421420.0,0.0,0.0,0.0,0.0,15753237.5,9244485.25,24997722.75,19057038.0,20619599.0,9103844.75,54721166.5,0.0,0.0,0.0,0.0,0.0,0.0,0.0,0.0,0.0,0.0,0.0,71862.5,0,11341.0,31.04996577686516,84.0,12.0,0,7.0,False,False,False,False,True,False,False,False,False,False,False,False,False,False,False,False,True,False,False,False,False,False,False,False,False,True,False,False,False,False,False,0.06459627329192547,0.06031363088057901
74,117,1,11,0,49,7,5.0,0.0,0.0,0.0,0.0,0.0,0.0,25231206.0,1507255.75,23723950.25,8036778.75,14101587.5,0.0,0.0,0.0,30921390.5,0.0,0.0,0.0,75825.75,54721166.5,30319.0,28777.25,36171135.0,-1974222.25,2553300.75,1648396.75,36172386.25,2453451.0,2548796.25,-972471.5,1421420.0,0.0,0.0,0.0,0.0,15753237.5,9244485.25,24997722.75,19057038.0,20619599.0,9103844.75,54721166.5,0.0,0.0,0.0,0.0,0.0,0.0,0.0,0.0,0.0,0.0,0.0,71862.5,0,11341.0,31.04996577686516,84.0,12.0,0,7.0,False,False,False,False,True,False,False,False,False,False,False,False,False,False,False,False,True,False,False,False,False,False,False,False,False,True,False,False,False,False,False,0.06459627329192547,0.06031363088057901
75,117,1,11,0,49,7,5.0,0.0,0.0,0.0,0.0,0.0,0.0,25231206.0,1507255.75,23723950.25,8036778.75,14101587.5,0.0,0.0,0.0,30921390.5,0.0,0.0,0.0,75825.75,54721166.5,30319.0,28777.25,36171135.0,-1974222.25,2553300.75,1648396.75,36172386.25,2453451.0,2548796.25,-972471.5,1421420.0,0.0,0.0,0.0,0.0,15753237.5,9244485.25,24997722.75,19057038.0,20619599.0,9103844.75,54721166.5,0.0,0.0,0.0,0.0,0.0,0.0,0.0,0.0,0.0,0.0,0.0,71862.5,0,11341.0,31.04996577686516,60.0,12.0,0,5.0,False,False,False,False,True,False,False,False,False,False,False,False,False,False,False,False,True,False,False,False,False,False,False,False,False,True,False,False,False,False,False,0.06459627329192547,0.06031363088057901
76,117,1,11,0,49,7,5.0,0.0,0.0,0.0,0.0,0.0,0.0,25231206.0,1507255.75,23723950.25,8036778.75,14101587.5,0.0,0.0,0.0,30921390.5,0.0,0.0,0.0,75825.75,54721166.5,30319.0,28777.25,36171135.0,-1974222.25,2553300.75,1648396.75,36172386.25,2453451.0,2548796.25,-972471.5,1421420.0,0.0,0.0,0.0,0.0,15753237.5,9244485.25,24997722.75,19057038.0,20619599.0,9103844.75,54721166.5,0.0,0.0,0.0,0.0,0.0,0.0,0.0,0.0,0.0,0.0,0.0,71862.5,0,11341.0,31.04996577686516,60.0,12.0,0,5.0,False,False,False,False,True,False,False,False,False,False,False,False,False,False,False,False,True,False,False,False,False,False,False,False,False,True,False,False,False,False,False,0.06459627329192547,0.06031363088057901
77,1931,19,193,8,100,35,6.0,0.0,0.0,0.0,0.0,0.0,0.0,4619114.5,3061558.5,1557556.0,8030522.5,1855854.0,0.0,0.0,0.0,12649887.25,0.0,0.0,0.0,145395.25,14352838.5,11328.75,11744.5,12552039.5,4057303.25,653903.25,465965.5,6864107.25,3303800.5,264013.75,-211711.5,76076.0,0.0,0.0,0.0,0.0,4181427.25,1412411.0,5593838.25,3023770.75,6087581.5,2671418.75,14352838.5,0.0,0.0,0.0,0.0,0.0,0.0,0.0,0.0,0.0,0.0,0.0,24234.5,0,7742.0,21.196440793976727,84.0,1.0,0,84.0,False,True,False,False,False,False,False,False,False,False,False,False,False,True,False,False,False,False,False,False,False,False,False,False,True,False,False,False,False,False,False,0.3242236024844721,0.3823884197828709
78,5235,52,523,1,0,24,1.0,,,,,,,,,,,,,,,,,,,,,,,,,,,,,,,,,,,,,,,,,,,,,,,,,,,,,,,1,8840.0,24.202600958247775,120.0,1.0,0,120.0,False,True,False,False,False,False,False,False,False,False,False,False,False,True,False,False,False,False,False,False,False,False,False,False,True,False,False,False,False,False,False,0.3242236024844721,0.3823884197828709
79,4521,45,452,0,300,23,6.0,0.0,0.0,0.0,0.0,0.0,0.0,14504990.5,9109600.5,5395390.0,15995229.25,72533210.75,0.0,0.0,0.0,91789197.5,0.0,0.0,0.0,803803.0,97988390.5,22000477.5,45024.0,60633823.25,5084329.25,1806304.5,1631129.5,49046998.0,3015262.25,2503501.0,-1145144.0,1191190.0,0.0,0.0,0.0,0.0,29796516.75,5659904.25,35456421.0,23854831.0,46179883.75,16352085.75,97988390.5,0.0,0.0,0.0,0.0,0.0,0.0,0.0,0.0,0.0,0.0,0.0,110072.0,0,7814.0,21.39356605065024,48.0,1.0,0,48.0,False,False,False,False,True,False,False,False,False,False,False,False,False,False,False,False,True,False,False,False,False,False,False,False,False,True,False,False,False,False,False,0.06459627329192547,0.06031363088057901
80,1320,13,132,2,0,22,5.0,,,,,,,,,,,,,,,,,,,,,,,,,,,,,,,,,,,,,,,,,,,,,,,,,,,,,,,0,2956.0,8.093086926762492,36.0,1.0,0,36.0,False,False,False,False,False,False,False,False,True,False,False,False,False,False,False,False,False,False,False,False,True,False,False,False,True,False,False,False,False,False,False,0.08074534161490683,0.07117008443908324
81,2521,25,252,2,0,22,7.0,0.0,0.0,0.0,0.0,0.0,0.0,10531771.25,3990987.0,6540784.25,7270513.25,11331320.0,0.0,0.0,0.0,21178657.5,0.0,0.0,0.0,1320319.0,29039760.75,29486.75,24285.0,34061527.5,4716712.0,2173171.0,1442941.5,26094068.0,2472720.25,972972.0,-563062.5,242742.5,0.0,0.0,0.0,0.0,5527021.5,0.0,5527021.5,13507994.5,16768752.0,6743987.25,29039760.75,0.0,0.0,0.0,0.0,0.0,0.0,0.0,0.0,0.0,0.0,0.0,70002.0,0,3088.0,8.454483230663929,48.0,1.0,0,48.0,False,True,False,False,False,False,False,False,False,False,False,False,False,True,False,False,False,False,False,False,False,False,False,False,True,False,False,False,False,False,False,0.3242236024844721,0.3823884197828709
82,2125,21,212,20,11,33,7.25,0.0,0.0,0.0,0.0,0.0,0.0,2543290.75,1046045.0,1497245.75,485234.75,5609103.5,0.0,0.0,0.0,6859602.75,0.0,0.0,0.0,102602.5,8459451.0,6578.5,5769.25,6798291.5,1312060.75,514263.75,306306.0,4711707.0,745494.75,354103.75,-33533.5,135385.25,0.0,0.0,0.0,0.0,2872870.0,101351.25,2974221.25,3061558.5,4975220.25,510009.5,8459451.0,0.0,0.0,0.0,0.0,0.0,0.0,0.0,0.0,0.0,0.0,0.0,13546.0,0,7145.0,19.561943874058862,84.0,3.0,0,28.0,False,False,False,False,False,False,True,False,False,False,False,False,False,False,False,False,False,False,True,False,False,False,False,False,False,False,False,False,False,False,True,0.02608695652173913,0.018094089264173704
83,1586,15,158,20,0,23,6.0,0.0,0.0,0.0,0.0,0.0,0.0,9504244.75,988737.75,8515507.0,10740479.75,1497746.25,0.0,0.0,0.0,14489975.5,0.0,0.0,0.0,289789.5,23295272.0,39557267.75,24885360.5,46928882.0,6055549.5,2082580.5,1487736.25,37460423.0,3813810.0,1534032.5,-205955.75,773022.25,0.0,0.0,0.0,0.0,6845338.5,9643383.75,16488722.25,4167663.5,5643137.5,1163412.25,23295272.0,0.0,0.0,0.0,0.0,0.0,0.0,0.0,0.0,0.0,0.0,0.0,93764.0,0,6211.0,17.00479123887748,60.0,1.0,0,60.0,False,False,False,False,False,False,False,False,False,False,False,True,False,False,False,False,False,False,False,False,False,False,False,True,False,False,False,False,False,True,False,0.07080745341614907,0.054282267792521106
84,2420,24,242,10,150,4,5.5,0.0,0.0,0.0,0.0,0.0,0.0,31130099.0,9853343.5,21276755.5,22756984.25,12589577.0,0.0,0.0,0.0,46250204.0,0.0,0.0,0.0,1058307.25,68585266.75,64477913.5,54507703.25,74732658.0,12171909.75,7139632.5,5433428.0,58149341.25,4813809.0,5337332.0,-1028027.0,3631127.5,0.0,0.0,0.0,0.0,34145611.5,6881875.0,41027486.5,24531507.0,24997722.75,2560057.5,68585266.75,0.0,0.0,0.0,0.0,0.0,0.0,0.0,0.0,0.0,0.0,0.0,147833.0,0,2984.0,8.16974674880219,84.0,3.0,0,28.0,False,False,False,False,False,False,False,False,False,True,False,False,False,False,False,False,False,False,False,False,False,True,False,False,False,False,False,False,True,False,False,0.02111801242236025,0.016887816646562123
85,6062,60,606,5,0,24,5.0,0.0,0.0,0.0,0.0,0.0,0.0,1942690.75,0.0,1942690.75,0.0,369118.75,0.0,0.0,0.0,785284.5,0.0,0.0,0.0,10010.0,2737985.25,5933177.25,4342838.5,6138382.25,544043.5,383383.0,298548.25,33783.75,0.0,383383.0,-6756.75,298548.25,0.0,0.0,0.0,0.0,775524.75,0.0,775524.75,254003.75,1954702.75,7757.75,2737985.25,0.0,0.0,0.0,0.0,0.0,0.0,0.0,0.0,0.0,0.0,0.0,12264.5,0,1422.0,3.893223819301848,84.0,1.0,0,84.0,False,True,False,False,False,False,False,False,False,False,False,False,False,True,False,False,False,False,False,False,False,False,False,False,True,False,False,False,False,False,False,0.008695652173913044,0.008443908323281062
86,2875,28,287,5,50,22,7.0,0.0,0.0,0.0,0.0,0.0,0.0,12442930.5,1603602.0,10839328.5,7441183.75,20298528.25,0.0,0.0,0.0,36239953.75,0.0,0.0,0.0,525525.0,47604807.25,25372.75,24974.25,45071276.25,7001244.25,4067563.5,2618365.75,35275490.25,2882880.0,3262008.75,-711210.5,1803551.75,0.0,0.0,0.0,0.0,10806796.0,0.0,10806796.0,10348588.25,19743974.25,17054037.0,47604807.25,0.0,0.0,0.0,0.0,0.0,0.0,0.0,0.0,0.0,0.0,0.0,88679.5,0,939.0,2.5708418891170433,60.0,1.0,0,60.0,False,True,False,False,False,False,False,False,False,False,False,False,False,True,False,False,False,False,False,False,False,False,False,False,True,False,False,False,False,False,False,0.024844720496894408,0.020506634499396863
87,2875,28,287,0,50,25,7.0,0.0,0.0,0.0,0.0,0.0,0.0,12442930.5,1603602.0,10839328.5,7441183.75,20298528.25,0.0,0.0,0.0,36239953.75,0.0,0.0,0.0,525525.0,47604807.25,25372.75,24974.25,45071276.25,7001244.25,4067563.5,2618365.75,35275490.25,2882880.0,3262008.75,-711210.5,1803551.75,0.0,0.0,0.0,0.0,10806796.0,0.0,10806796.0,10348588.25,19743974.25,17054037.0,47604807.25,0.0,0.0,0.0,0.0,0.0,0.0,0.0,0.0,0.0,0.0,0.0,88679.5,0,1248.0,3.4168377823408624,60.0,1.0,0,60.0,False,True,False,False,False,False,False,False,False,False,False,False,False,True,False,False,False,False,False,False,False,False,False,False,False,False,False,False,True,False,False,0.024844720496894408,0.020506634499396863
88,7132,71,713,0,0,23,8.5,,,,,,,,,,,,,,,,,,,,,,,,,,,,,,,,,,,,,,,,,,,,,,,,,,,,,,,0,4303.0,11.780971937029431,60.0,1.0,0,60.0,False,False,False,False,False,False,False,False,False,False,False,True,False,False,False,False,False,False,False,False,False,False,False,True,False,False,False,False,False,True,False,0.07080745341614907,0.054282267792521106
89,1751,17,175,7,71,34,4.95,0.0,0.0,0.0,0.0,0.0,0.0,12852840.0,7870362.5,4982477.5,22112340.25,5247742.5,0.0,0.0,0.0,33058775.75,0.0,0.0,0.0,532281.75,38573535.0,32137355.25,27393366.0,41021480.5,5076571.5,2556303.75,1358357.0,33850316.5,2335082.75,1587335.75,-865865.0,389389.0,0.0,0.0,0.0,0.0,5170415.25,5199194.0,10369609.25,15082067.0,25965189.25,2238736.5,38573535.0,0.0,0.0,0.0,0.0,0.0,0.0,0.0,0.0,0.0,0.0,0.0,79085.5,0,6623.0,18.132785763175907,84.0,3.0,0,28.0,False,False,False,False,False,False,False,False,False,False,False,True,False,False,False,False,False,False,False,False,False,False,False,True,False,False,False,False,False,True,False,0.07080745341614907,0.054282267792521106
90,4521,45,452,2,156,24,6.0,50.0,0.0,0.0,50.0,0.0,0.0,4440185.75,3097844.75,1342341.0,3817563.75,13036523.5,50.0,0.0,0.0,22969947.0,50.0,0.0,0.0,517517.0,24829805.0,24940665.75,13290205.0,29639860.25,5016011.0,2692439.75,1846594.75,14000236.25,1659908.25,2114362.25,-383383.0,1268517.25,50.0,0.0,0.0,0.5,9748488.75,683933.25,10432422.0,9774514.75,11600589.0,2796794.0,24829805.0,25.5,0.0,0.0,21.95085,0.0,0.0,17.83715,50.0,0.0,0.0,1.0,55221.0,1,6661.0,18.236824093086927,60.0,1.0,0,60.0,False,False,False,False,False,False,True,False,False,False,False,False,False,False,False,False,False,False,True,False,False,False,False,False,False,False,False,False,False,False,True,0.012422360248447204,0.012062726176115802
91,4521,45,452,7,156,24,6.0,50.0,0.0,0.0,50.0,0.0,0.0,4440185.75,3097844.75,1342341.0,3817563.75,13036523.5,50.0,0.0,0.0,22969947.0,50.0,0.0,0.0,517517.0,24829805.0,24940665.75,13290205.0,29639860.25,5016011.0,2692439.75,1846594.75,14000236.25,1659908.25,2114362.25,-383383.0,1268517.25,50.0,0.0,0.0,0.5,9748488.75,683933.25,10432422.0,9774514.75,11600589.0,2796794.0,24829805.0,25.5,0.0,0.0,21.95085,0.0,0.0,17.83715,50.0,0.0,0.0,1.0,55221.0,1,6823.0,18.680355920602327,48.0,1.0,0,48.0,False,False,False,False,False,False,True,False,False,False,False,False,False,False,False,False,False,False,True,False,False,False,False,False,False,False,False,False,False,False,True,0.012422360248447204,0.012062726176115802
92,4529,45,452,3,100,23,1.0,0.0,0.0,0.0,0.0,0.0,0.0,5893387.5,3965461.5,1927926.0,13613349.75,28055527.5,0.0,0.0,0.0,45714168.5,0.0,0.0,0.0,30280.25,47672374.75,46383837.5,17294308.0,51278477.25,5692687.0,2010258.25,1271270.0,43142099.0,3627874.25,1542541.0,-526526.0,803552.75,0.0,0.0,0.0,0.0,9748989.25,0.0,9748989.25,9649640.0,32619086.5,5304299.0,47672374.75,0.0,0.0,0.0,0.0,0.0,0.0,0.0,0.0,0.0,0.0,0.0,107499.5,0,3904.0,10.688569472963723,48.0,1.0,0,48.0,False,False,False,False,False,False,False,False,True,False,False,False,False,False,False,False,False,False,False,False,True,False,False,False,False,False,False,True,False,False,False,0.08074534161490683,0.07117008443908324
93,4521,45,452,3,100,24,8.0,0.0,0.0,0.0,0.0,0.0,0.0,5893387.5,3965461.5,1927926.0,13613349.75,28055527.5,0.0,0.0,0.0,45714168.5,0.0,0.0,0.0,30280.25,47672374.75,46383837.5,17294308.0,51278477.25,5692687.0,2010258.25,1271270.0,43142099.0,3627874.25,1542541.0,-526526.0,803552.75,0.0,0.0,0.0,0.0,9748989.25,0.0,9748989.25,9649640.0,32619086.5,5304299.0,47672374.75,0.0,0.0,0.0,0.0,0.0,0.0,0.0,0.0,0.0,0.0,0.0,107499.5,0,3912.0,10.710472279260781,48.0,1.0,0,48.0,False,False,False,False,False,False,False,False,True,False,False,False,False,False,False,False,False,False,False,False,True,False,False,False,False,False,False,True,False,False,False,0.08074534161490683,0.07117008443908324
94,4529,45,452,2,100,24,6.0,0.0,0.0,0.0,0.0,0.0,0.0,5893387.5,3965461.5,1927926.0,13613349.75,28055527.5,0.0,0.0,0.0,45714168.5,0.0,0.0,0.0,30280.25,47672374.75,46383837.5,17294308.0,51278477.25,5692687.0,2010258.25,1271270.0,43142099.0,3627874.25,1542541.0,-526526.0,803552.75,0.0,0.0,0.0,0.0,9748989.25,0.0,9748989.25,9649640.0,32619086.5,5304299.0,47672374.75,0.0,0.0,0.0,0.0,0.0,0.0,0.0,0.0,0.0,0.0,0.0,107499.5,1,4197.0,11.490759753593428,48.0,1.0,0,48.0,False,False,False,False,False,False,False,False,True,False,False,False,False,False,False,False,False,False,False,False,True,False,False,False,False,False,False,True,False,False,False,0.08074534161490683,0.07117008443908324
95,3613,36,361,0,120,21,6.0,0.0,0.0,0.0,0.0,0.0,0.0,746746.0,387637.25,359108.75,3309055.75,1484232.75,0.0,0.0,0.0,5004749.75,0.0,0.0,0.0,280029.75,5643888.25,6075.5,5498.75,9037528.5,1094843.75,737987.25,418167.75,5915910.0,353603.25,665414.75,-160410.25,345595.25,0.0,0.0,0.0,0.0,1631379.75,0.0,1631379.75,2309056.75,3498745.25,513763.25,5643888.25,0.0,0.0,0.0,0.0,0.0,0.0,0.0,0.0,0.0,0.0,0.0,17075.0,0,2343.0,6.414784394250513,48.0,1.0,0,48.0,False,False,False,False,False,False,False,False,False,False,False,True,False,False,False,False,False,False,False,False,False,False,False,True,False,False,False,False,False,True,False,0.07080745341614907,0.054282267792521106
96,5541,55,554,19,0,33,6.5,,,,,,,,,,,,,,,,,,,,,,,,,,,,,,,,,,,,,,,,,,,,,,,,,,,,,,,0,3623.0,9.919233401779604,144.0,12.0,0,12.0,False,False,False,False,False,False,True,False,False,False,False,False,False,False,False,False,False,False,True,False,False,False,False,False,False,False,False,False,False,False,False,0.02608695652173913,0.0024125452352231603
97,1522,15,152,34,45,4,6.5,0.0,0.0,0.0,0.0,0.0,0.0,21695924.25,7943185.25,13752739.0,1805553.75,3837333.5,0.0,0.0,0.0,11782771.0,0.0,0.0,0.0,437437.0,25972947.0,24769694.0,41492.75,42572029.5,7191184.0,2926924.0,2779276.5,31751970.25,3504751.25,1226725.5,-702451.75,1099098.0,0.0,0.0,0.0,0.0,10215955.75,5085580.5,15301536.25,3362609.25,5075320.25,5596090.5,25972947.0,0.0,0.0,0.0,0.0,0.0,0.0,0.0,0.0,0.0,0.0,0.0,88018.5,0,6292.0,17.22655715263518,60.0,3.0,0,20.0,False,False,False,False,False,False,False,True,False,False,False,False,False,False,False,False,False,False,False,True,False,False,False,False,False,False,True,False,False,False,False,0.02608695652173913,0.024125452352231604
98,1741,17,174,0,3,32,4.95,50.0,0.0,0.0,50.0,0.0,0.0,18206938.75,8011253.25,10195685.5,14853088.25,15388122.75,50.0,0.0,0.0,39771481.75,50.0,0.0,0.0,121621.5,50088788.75,19204685.5,18681663.0,26539513.0,4882878.0,2554051.5,2205203.0,19122603.5,2107855.75,623372.75,-136136.0,274524.25,35.0,0.0,0.0,1.0,5337832.5,15832066.25,21169898.75,8005747.75,27861083.25,1057806.75,50088788.75,25.5,0.0,0.0,19.46745,0.0,0.0,22.7525,33.0,0.0,0.0,0.5,47814.0,1,3456.0,9.462012320328542,60.0,3.0,0,20.0,False,False,False,False,False,False,True,False,False,False,False,False,False,False,False,False,False,False,True,False,False,False,False,False,False,False,False,False,False,False,True,0.012422360248447204,0.012062726176115802
99,4550,45,455,0,3,24,7.0,,,,,,,,,,,,,,,,,,,,,,,,,,,,,,,,,,,,,,,,,,,,,,,,,,,,,,,0,2602.0,7.123887748117728,60.0,1.0,0,60.0,False,True,False,False,False,False,False,False,False,False,False,False,False,True,False,False,False,False,False,False,False,False,False,False,False,False,False,False,False,False,True,0.3242236024844721,0.3823884197828709
100,1715,17,171,2,0,24,6.5,0.0,0.0,0.0,0.0,0.0,0.0,854353.5,294294.0,560059.5,314314.0,1847846.0,0.0,0.0,0.0,3390887.5,0.0,0.0,0.0,42542.5,3993489.5,3997.0,0.0,3923419.5,985484.5,-103103.0,160160.0,1935433.5,1079078.0,-168168.0,-16016.0,95095.0,0.0,0.0,0.0,0.0,1542040.5,0.0,1542040.5,1190689.5,2143141.0,308308.0,3993489.5,0.0,0.0,0.0,0.0,0.0,0.0,0.0,0.0,0.0,0.0,0.0,7839.0,0,3866.0,10.584531143052704,60.0,1.0,0,60.0,False,True,False,False,False,False,False,False,False,False,False,False,False,True,False,False,False,False,False,False,False,False,False,False,True,False,False,False,False,False,False,0.3242236024844721,0.3823884197828709
101,6033,60,603,3,82,22,6.0,0.0,0.0,0.0,0.0,0.0,0.0,9259250.0,4058304.25,5200945.75,8961452.5,58311002.75,0.0,0.0,0.0,77898070.25,0.0,0.0,0.0,86586.5,83185602.5,82138.0,62208.25,82381799.5,6206200.0,2438686.25,1350349.0,52203901.75,3391388.0,2043541.5,-1348597.25,441190.75,0.0,0.0,0.0,0.0,10077317.25,0.0,10077317.25,24809034.25,48881833.0,24226452.25,83185602.5,0.0,0.0,0.0,0.0,0.0,0.0,0.0,0.0,0.0,0.0,0.0,164599.0,0,3045.0,8.336755646817249,60.0,1.0,0,60.0,False,False,False,False,False,False,False,False,False,True,False,False,False,False,False,False,False,False,False,False,False,True,False,False,False,False,False,False,True,False,False,0.07204968944099378,0.05066344993968637
102,6033,60,603,3,82,22,0.0,0.0,0.0,0.0,0.0,0.0,0.0,9259250.0,4058304.25,5200945.75,8961452.5,58311002.75,0.0,0.0,0.0,77898070.25,0.0,0.0,0.0,86586.5,83185602.5,82138.0,62208.25,82381799.5,6206200.0,2438686.25,1350349.0,52203901.75,3391388.0,2043541.5,-1348597.25,441190.75,0.0,0.0,0.0,0.0,10077317.25,0.0,10077317.25,24809034.25,48881833.0,24226452.25,83185602.5,0.0,0.0,0.0,0.0,0.0,0.0,0.0,0.0,0.0,0.0,0.0,164599.0,0,3397.0,9.300479123887747,60.0,1.0,0,60.0,False,False,False,False,False,False,False,False,False,True,False,False,False,False,False,False,False,False,False,False,False,True,False,False,False,False,False,False,True,False,False,0.07204968944099378,0.05066344993968637
103,1320,13,132,0,11,23,1.0,0.0,0.0,0.0,0.0,0.0,0.0,3907153.25,1052301.25,2854852.0,3065812.75,1239738.5,0.0,0.0,0.0,4414410.0,0.0,0.0,0.0,2502.5,7271764.5,3248.5,1723.0,4483479.0,969218.25,760760.0,512261.75,2083831.75,158158.0,451701.25,-217217.0,203203.0,0.0,0.0,0.0,0.0,2421919.5,3479976.5,5901896.0,707957.25,1093342.25,368701.6666666667,7271764.5,0.0,0.0,0.0,0.0,0.0,0.0,0.0,0.0,0.0,0.0,0.0,7423.0,0,1385.0,3.79192334017796,60.0,1.0,0,60.0,False,False,False,False,True,False,False,False,False,False,False,False,False,False,False,False,True,False,False,False,False,False,False,False,False,True,False,False,False,False,False,0.0037267080745341614,0.0024125452352231603
104,9301,93,930,1,0,35,6.25,0.0,0.0,0.0,0.0,0.0,0.0,142142.0,95095.0,47047.0,125125.0,617116.5,0.0,0.0,0.0,760760.0,0.0,0.0,0.0,163163.0,970970.0,849849.0,837837.0,852351.5,535034.5,247747.5,245245.0,200700.5,285285.0,232232.0,0.0,229729.5,0.0,0.0,0.0,0.0,339339.0,0.0,339339.0,202202.0,590590.0,41041.0,970970.0,0.0,0.0,0.0,0.0,0.0,0.0,0.0,0.0,0.0,0.0,0.0,1453.0,0,4448.0,12.177960301163587,180.0,1.0,0,180.0,False,True,False,False,False,False,False,False,False,False,False,False,False,True,False,False,False,False,False,False,False,False,False,False,True,False,False,False,False,False,False,0.3242236024844721,0.3823884197828709
105,5121,51,512,5,8,4,6.0,0.0,0.0,0.0,0.0,0.0,0.0,839338.5,294043.75,545294.75,1354853.5,3224721.5,0.0,0.0,0.0,5112107.0,0.0,0.0,0.0,422672.25,6080074.0,3893.25,4390.75,3655151.5,832331.5,404404.0,300300.0,2271519.25,413162.75,342592.25,-34034.0,238488.25,0.0,0.0,0.0,0.0,1531780.25,179179.0,1710959.25,3493990.5,4247243.0,121871.75,6080074.0,0.0,0.0,0.0,0.0,0.0,0.0,0.0,0.0,0.0,0.0,0.0,7303.0,0,3232.0,8.848733744010952,84.0,1.0,0,84.0,False,False,False,False,False,False,False,False,False,True,False,False,False,True,False,False,False,False,False,False,False,False,False,False,False,False,False,False,True,False,False,0.02111801242236025,0.3823884197828709
106,5121,51,512,5,8,4,6.0,0.0,0.0,0.0,0.0,0.0,0.0,839338.5,294043.75,545294.75,1354853.5,3224721.5,0.0,0.0,0.0,5112107.0,0.0,0.0,0.0,422672.25,6080074.0,3893.25,4390.75,3655151.5,832331.5,404404.0,300300.0,2271519.25,413162.75,342592.25,-34034.0,238488.25,0.0,0.0,0.0,0.0,1531780.25,179179.0,1710959.25,3493990.5,4247243.0,121871.75,6080074.0,0.0,0.0,0.0,0.0,0.0,0.0,0.0,0.0,0.0,0.0,0.0,7303.0,0,3555.0,9.73305954825462,84.0,1.0,0,84.0,False,False,False,False,False,False,False,False,False,True,False,False,False,True,False,False,False,False,False,False,False,False,False,False,False,False,False,False,True,False,False,0.02111801242236025,0.3823884197828709
107,5541,55,554,0,0,36,9.2,,,,,,,,,,,,,,,,,,,,,,,,,,,,,,,,,,,,,,,,,,,,,,,,,,,,,,,0,4203.0,11.507186858316222,132.0,1.0,0,132.0,False,False,False,False,False,False,False,False,False,True,False,False,False,False,False,False,False,False,False,False,False,True,False,False,False,False,False,False,False,False,False,0.011180124223602485,0.010856453558504222
108,1534,15,153,52,100,9,4.5,0.0,0.0,0.0,0.0,0.0,0.0,77283706.5,38024736.75,39258969.75,48391092.75,26274998.75,0.0,0.0,0.0,81337506.25,0.0,0.0,0.0,929929.0,121526405.0,76006180.25,36866738.5,82521439.0,18536017.5,10106096.0,7838330.5,55350295.0,8770261.5,5584078.5,-2315062.75,3366363.0,0.0,0.0,0.0,0.0,53040737.75,12171659.5,65212397.25,13518254.75,14454690.25,41859317.5,121526405.0,0.0,0.0,0.0,0.0,0.0,0.0,0.0,0.0,0.0,0.0,0.0,151468.0,0,26255.0,71.88227241615331,84.0,3.0,0,28.0,False,False,False,False,False,False,False,False,True,False,False,False,False,False,False,False,False,False,False,False,True,False,False,False,False,False,False,True,False,False,False,0.08074534161490683,0.07117008443908324
109,1744,17,174,80,5,25,7.5,0.0,0.0,0.0,0.0,0.0,0.0,4222468.25,1484983.5,2737484.75,340840.5,25282006.75,0.0,0.0,0.0,32994211.25,0.0,0.0,0.0,1126875.75,36858571.75,37117330.25,16055678.75,47031484.5,31187906.75,2017265.25,638638.0,9678669.0,29149870.75,1465464.0,-881881.0,87337.25,0.0,0.0,0.0,0.0,3380877.5,0.0,3380877.5,6761254.5,28296017.75,5181676.5,36858571.75,0.0,0.0,0.0,0.0,0.0,0.0,0.0,0.0,0.0,0.0,0.0,93969.0,1,3373.0,9.234770704996578,60.0,1.0,0,60.0,False,False,False,False,False,False,False,False,False,False,False,True,False,False,False,False,False,False,False,False,False,False,False,True,False,False,False,False,False,True,False,0.07080745341614907,0.054282267792521106
110,8031,80,803,14,55,6,7.0,,,,,,,6174000.0,4539000.0,1635000.0,0.0,139000.0,,,,390000.0,,,,2795000.0,4820000.0,7915000.0,18832000.0,8023000.0,6524000.0,874000.0,810000.0,485000.0,5594000.0,316000.0,0.0,252000.0,,,,,2971000.0,0.0,2971000.0,312000.0,1849000.0,0.0,4820000.0,,,,,,,,,,,,,0,12936.0,35.41683778234086,84.0,1.0,0,84.0,False,True,False,False,False,False,False,False,False,False,False,False,False,True,False,False,False,False,False,False,False,False,False,False,True,False,False,False,False,False,False,0.3242236024844721,0.3823884197828709
111,6710,67,671,0,230,23,5.3,0.0,0.0,0.0,0.0,0.0,0.0,78846267.5,18969200.25,59877067.25,734483.75,8887879.0,0.0,0.0,0.0,49236437.25,0.0,0.0,0.0,34370586.25,143484090.75,84396812.5,60881821.0,115317952.75,35379344.0,21131110.0,21703932.25,61271460.25,12763751.0,21899377.5,-1885884.0,12257995.75,0.0,0.0,0.0,0.0,58061753.75,10312051.75,68373805.5,17748981.25,63125062.0,11985223.25,143484090.75,0.0,0.0,0.0,0.0,0.0,0.0,0.0,0.0,0.0,0.0,0.0,230405.5,0,5157.0,14.119096509240247,60.0,1.0,0,60.0,False,True,False,False,False,False,False,False,False,False,False,False,False,True,False,False,False,False,False,False,False,False,False,False,True,False,False,False,False,False,False,0.3242236024844721,0.3823884197828709
112,8511,85,851,17,0,4,5.0,0.0,0.0,0.0,0.0,0.0,0.0,2029527.5,57557.5,1971970.0,0.0,0.0,0.0,0.0,0.0,0.0,0.0,0.0,0.0,3003.0,1974973.0,0.0,0.0,0.0,-32532.5,-32532.5,-43543.5,0.0,0.0,-90590.5,-9509.5,-101601.5,0.0,0.0,0.0,0.0,1158157.0,483483.0,1641640.0,2502.5,332832.5,500.5,1974973.0,0.0,0.0,0.0,0.0,0.0,0.0,0.0,0.0,0.0,0.0,0.0,0.0,1,-469.0,-1.2840520191649556,84.0,1.0,0,84.0,False,False,False,False,True,False,False,False,False,False,False,False,False,False,False,False,True,False,False,False,False,False,False,False,False,True,False,False,False,False,False,0.06459627329192547,0.06031363088057901
113,4521,45,452,6,0,24,5.75,0.0,0.0,0.0,0.0,0.0,0.0,9286277.0,3629125.5,5657151.5,33722188.5,14287273.0,0.0,0.0,0.0,58992433.5,0.0,0.0,0.0,467467.0,65117052.0,57983941.0,22457578.0,68323255.0,5766761.0,3302799.5,1869868.0,44962417.5,2361359.0,2371369.0,-1567566.0,938437.5,0.0,0.0,0.0,0.0,27479952.5,383383.0,27863335.5,22695673.0,30004975.0,7248741.5,65117052.0,0.0,0.0,0.0,0.0,0.0,0.0,0.0,0.0,0.0,0.0,0.0,93498.0,1,4728.0,12.944558521560575,48.0,1.0,0,48.0,False,True,False,False,False,False,False,False,False,False,False,False,False,True,False,False,False,False,False,False,False,False,False,False,True,False,False,False,False,False,False,0.024844720496894408,0.020506634499396863
114,4521,45,452,6,0,24,5.75,0.0,0.0,0.0,0.0,0.0,0.0,9286277.0,3629125.5,5657151.5,33722188.5,14287273.0,0.0,0.0,0.0,58992433.5,0.0,0.0,0.0,467467.0,65117052.0,57983941.0,22457578.0,68323255.0,5766761.0,3302799.5,1869868.0,44962417.5,2361359.0,2371369.0,-1567566.0,938437.5,0.0,0.0,0.0,0.0,27479952.5,383383.0,27863335.5,22695673.0,30004975.0,7248741.5,65117052.0,0.0,0.0,0.0,0.0,0.0,0.0,0.0,0.0,0.0,0.0,0.0,93498.0,0,4728.0,12.944558521560575,48.0,1.0,0,48.0,False,True,False,False,False,False,False,False,False,False,False,False,False,True,False,False,False,False,False,False,False,False,False,False,True,False,False,False,False,False,False,0.024844720496894408,0.020506634499396863
115,4529,45,452,6,0,24,5.0,0.0,0.0,0.0,0.0,0.0,0.0,9286277.0,3629125.5,5657151.5,33722188.5,14287273.0,0.0,0.0,0.0,58992433.5,0.0,0.0,0.0,467467.0,65117052.0,57983941.0,22457578.0,68323255.0,5766761.0,3302799.5,1869868.0,44962417.5,2361359.0,2371369.0,-1567566.0,938437.5,0.0,0.0,0.0,0.0,27479952.5,383383.0,27863335.5,22695673.0,30004975.0,7248741.5,65117052.0,0.0,0.0,0.0,0.0,0.0,0.0,0.0,0.0,0.0,0.0,0.0,93498.0,0,4756.0,13.021218343600275,48.0,1.0,0,48.0,False,True,False,False,False,False,False,False,False,False,False,False,False,True,False,False,False,False,False,False,False,False,False,False,False,False,True,False,False,False,False,0.024844720496894408,0.020506634499396863
116,6033,60,603,0,0,23,7.0,0.0,0.0,0.0,0.0,0.0,0.0,1364863.5,586252.3333333334,925174.25,2610858.25,2995993.0,0.0,0.0,0.0,5737982.25,0.0,0.0,0.0,126126.0,6789282.5,4267.75,4113.5,3257504.25,289539.25,37287.25,275275.0,2422420.0,240990.75,-5005.0,-12512.5,232982.75,0.0,0.0,0.0,0.0,3024021.0,1515514.0,4539535.0,298298.0,2249747.5,0.0,6789282.5,0.0,0.0,0.0,0.0,0.0,0.0,0.0,0.0,0.0,0.0,0.0,6989.5,1,5769.0,15.794661190965092,60.0,1.0,0,60.0,False,False,False,False,True,False,False,False,False,False,False,False,False,False,False,False,True,False,False,False,False,False,False,False,False,True,False,False,False,False,False,0.06459627329192547,0.06031363088057901
117,5050,50,505,24,18,4,6.5,,,,,,,,,,,,,,,,,,,,,,,,,,,,,,,,,,,,,,,,,,,,,,,,,,,,,,,0,1443.0,3.9507186858316223,60.0,1.0,0,60.0,False,False,False,False,False,False,False,False,False,False,True,False,False,False,False,False,False,False,False,False,False,False,True,False,False,False,False,False,False,False,False,0.009937888198757764,0.008443908323281062
118,5533,55,553,10,50,5,9.0,,,,,,,,,,,,,,,,,,,,,,,,,,,,,,,,,,,,,,,,,,,,,,,,,,,,,,,0,2772.0,7.5893223819301845,84.0,1.0,0,84.0,False,False,False,False,False,False,False,False,True,False,False,False,False,False,False,False,False,False,False,False,True,False,False,False,False,False,False,False,False,False,False,0.002484472049689441,0.0024125452352231603
119,5511,55,551,10,45,39,6.0,0.0,0.0,0.0,0.0,0.0,0.0,8831072.25,3227724.5,5603347.75,73573.5,1337336.0,0.0,0.0,0.0,2659156.5,0.0,0.0,0.0,1992991.0,10255495.25,16691174.5,15238223.0,17284016.75,5554298.75,2629126.5,2134882.75,4823068.25,2761508.75,1602100.5,-58558.5,1107856.75,0.0,0.0,0.0,0.0,3836582.75,0.0,3836582.75,3624871.25,6418912.5,0.0,10255495.25,0.0,0.0,0.0,0.0,0.0,0.0,0.0,0.0,0.0,0.0,0.0,34486.0,0,1476.0,4.041067761806982,84.0,1.0,0,84.0,False,True,False,False,False,False,False,False,False,False,False,False,False,True,False,False,False,False,False,False,False,False,False,False,False,False,False,False,True,False,False,0.3242236024844721,0.3823884197828709
120,1586,15,158,46,600,1,5.0,,,,,,,,,,,,,,,,,,,,,,,,,,,,,,,,,,,,,,,,,,,,,,,,,,,,,,,0,6055.0,16.577686516084874,60.0,3.0,0,20.0,False,False,False,False,False,False,False,False,True,False,False,False,False,False,False,False,False,False,False,False,True,False,False,False,False,False,False,True,False,False,False,0.009937888198757764,0.0036188178528347406
121,2710,27,271,10,259,22,5.0,0.0,0.0,0.0,0.0,0.0,0.0,8955446.5,3631628.0,5323818.5,7969211.25,31231200.0,0.0,0.0,0.0,44289245.0,0.0,0.0,0.0,524774.25,50137837.75,29031445.5,41605.5,53915361.5,15791025.25,3549546.0,2614862.25,30540259.75,12199687.5,2666914.25,-987987.0,1732731.0,0.0,0.0,0.0,0.0,9078319.25,4538283.75,13616603.0,17388871.5,26173897.75,10347337.0,50137837.75,0.0,0.0,0.0,0.0,0.0,0.0,0.0,0.0,0.0,0.0,0.0,106796.5,1,9238.0,25.29226557152635,60.0,1.0,0,60.0,False,True,False,False,False,False,False,False,False,False,False,False,False,True,False,False,False,False,False,False,False,False,False,False,True,False,False,False,False,False,False,0.3242236024844721,0.3823884197828709
122,4529,45,452,1,34,25,7.0,0.0,0.0,0.0,0.0,0.0,0.0,4731727.0,2951448.5,1780278.5,559058.5,2128126.0,0.0,0.0,0.0,2961959.0,0.0,0.0,0.0,183433.25,4925670.75,522154.0,520.0,5273268.0,1298297.0,1021020.0,911911.0,3949946.0,275275.0,570319.75,-13513.5,461210.75,0.0,0.0,0.0,0.0,3827073.25,559058.5,4386131.75,510009.5,539539.0,0.0,4925670.75,0.0,0.0,0.0,0.0,0.0,0.0,0.0,0.0,0.0,0.0,0.0,10536.0,1,3911.0,10.707734428473648,60.0,1.0,0,60.0,False,False,False,False,False,True,False,False,False,False,False,False,False,False,False,False,False,True,False,False,False,False,False,False,False,False,True,False,False,False,False,0.0037267080745341614,0.0036188178528347406
123,4529,45,452,1,34,25,7.0,0.0,0.0,0.0,0.0,0.0,0.0,4731727.0,2951448.5,1780278.5,559058.5,2128126.0,0.0,0.0,0.0,2961959.0,0.0,0.0,0.0,183433.25,4925670.75,522154.0,520.0,5273268.0,1298297.0,1021020.0,911911.0,3949946.0,275275.0,570319.75,-13513.5,461210.75,0.0,0.0,0.0,0.0,3827073.25,559058.5,4386131.75,510009.5,539539.0,0.0,4925670.75,0.0,0.0,0.0,0.0,0.0,0.0,0.0,0.0,0.0,0.0,0.0,10536.0,1,3911.0,10.707734428473648,60.0,1.0,0,60.0,False,False,False,False,False,True,False,False,False,False,False,False,False,False,False,False,False,True,False,False,False,False,False,False,False,False,True,False,False,False,False,0.0037267080745341614,0.0036188178528347406
124,2524,25,252,4,150,23,5.8,0.0,0.0,0.0,0.0,0.0,0.0,29615586.0,8818309.5,20797276.5,29133104.0,1413161.75,0.0,0.0,0.0,35827041.25,0.0,0.0,0.0,242242.0,56866559.75,68055.25,53333.5,86536450.0,13180417.25,8445937.5,4832577.75,58866307.5,4691186.5,6935428.5,-267267.0,3322068.75,0.0,0.0,0.0,0.0,18271002.75,3082329.25,21353332.0,21735213.5,27576549.0,7936678.75,56866559.75,0.0,0.0,0.0,0.0,0.0,0.0,0.0,0.0,0.0,0.0,0.0,172900.0,0,4432.0,12.134154688569472,60.0,1.0,0,60.0,False,True,False,False,False,False,False,False,False,False,False,False,False,True,False,False,False,False,False,False,False,False,False,False,True,False,False,False,False,False,False,0.012422360248447204,0.3823884197828709
125,2524,25,252,3,150,23,5.8,0.0,0.0,0.0,0.0,0.0,0.0,29615586.0,8818309.5,20797276.5,29133104.0,1413161.75,0.0,0.0,0.0,35827041.25,0.0,0.0,0.0,242242.0,56866559.75,68055.25,53333.5,86536450.0,13180417.25,8445937.5,4832577.75,58866307.5,4691186.5,6935428.5,-267267.0,3322068.75,0.0,0.0,0.0,0.0,18271002.75,3082329.25,21353332.0,21735213.5,27576549.0,7936678.75,56866559.75,0.0,0.0,0.0,0.0,0.0,0.0,0.0,0.0,0.0,0.0,0.0,172900.0,0,4445.0,12.16974674880219,60.0,1.0,0,60.0,False,True,False,False,False,False,False,False,False,False,False,False,False,True,False,False,False,False,False,False,False,False,False,False,True,False,False,False,False,False,False,0.012422360248447204,0.3823884197828709
126,2524,25,252,2,150,24,5.5,0.0,0.0,0.0,0.0,0.0,0.0,29615586.0,8818309.5,20797276.5,29133104.0,1413161.75,0.0,0.0,0.0,35827041.25,0.0,0.0,0.0,242242.0,56866559.75,68055.25,53333.5,86536450.0,13180417.25,8445937.5,4832577.75,58866307.5,4691186.5,6935428.5,-267267.0,3322068.75,0.0,0.0,0.0,0.0,18271002.75,3082329.25,21353332.0,21735213.5,27576549.0,7936678.75,56866559.75,0.0,0.0,0.0,0.0,0.0,0.0,0.0,0.0,0.0,0.0,0.0,172900.0,0,4534.0,12.413415468856947,60.0,1.0,0,60.0,False,True,False,False,False,False,False,False,False,False,False,False,False,True,False,False,False,False,False,False,False,False,False,False,True,False,False,False,False,False,False,0.012422360248447204,0.3823884197828709
127,5249,52,524,0,1,35,6.25,,,,,,,,,,,,,,,,,,,,,,,,,,,,,,,,,,,,,,,,,,,,,,,,,,,,,,,0,4316.0,11.816563997262149,180.0,1.0,0,180.0,False,True,False,False,False,False,False,False,False,False,False,False,False,True,False,False,False,False,False,False,False,False,False,False,True,False,False,False,False,False,False,0.3242236024844721,0.3823884197828709
128,1522,15,152,27,0,29,5.25,0.0,0.0,0.0,0.0,0.0,0.0,16052036.0,5416411.0,10635625.0,1443191.75,2254001.75,0.0,0.0,0.0,5096841.75,0.0,0.0,0.0,20770.75,15753237.5,14499985.5,10151641.5,16892625.75,3742238.5,1855603.75,1671169.5,12699436.75,1858106.25,732231.5,-184434.25,547797.25,0.0,0.0,0.0,0.0,4117363.25,9707948.25,13825311.5,726726.0,830579.75,1097346.25,15753237.5,0.0,0.0,0.0,0.0,0.0,0.0,0.0,0.0,0.0,0.0,0.0,32107.5,1,6863.0,18.78986995208761,84.0,3.0,0,28.0,False,False,True,False,False,False,False,False,False,False,False,False,False,False,True,False,False,False,False,False,False,False,False,False,False,False,True,False,False,False,False,0.011180124223602485,0.010856453558504222
129,9002,90,900,5,3025,22,6.0,0.0,0.0,0.0,0.0,0.0,0.0,48732934.25,28482203.75,20250730.5,1185684.5,51185884.75,0.0,0.0,0.0,62195883.75,0.0,0.0,0.0,643392.75,83090007.0,48900841.5,83195.75,99105506.5,40393353.0,6315559.25,5513508.0,35837802.0,33803519.75,2482730.25,-59309.25,1677425.75,0.0,0.0,0.0,0.0,13161148.0,15745730.0,28906878.0,16636119.5,52638335.75,1544793.25,83090007.0,0.0,0.0,0.0,0.0,0.0,0.0,0.0,0.0,0.0,0.0,0.0,196373.5,0,10298.0,28.194387405886378,48.0,1.0,0,48.0,False,True,False,False,False,False,False,False,False,False,False,False,False,True,False,False,False,False,False,False,False,False,False,False,True,False,False,False,False,False,False,0.3242236024844721,0.3823884197828709
130,1320,13,132,0,112,24,6.0,0.0,0.0,0.0,0.0,0.0,0.0,32197665.5,18643291.333333332,18215197.0,8182424.25,19872102.25,0.0,0.0,0.0,30936906.0,0.0,0.0,0.0,-41541.5,49110561.5,13730.5,17755.5,14462948.5,3342839.5,-413913.5,-490239.75,10094334.25,2832579.75,-3474971.5,-189189.0,-3551297.75,0.0,0.0,0.0,0.0,14173159.0,0.0,14173159.0,3467213.75,33795762.0,1522187.3333333333,49110561.5,0.0,0.0,0.0,0.0,0.0,0.0,0.0,0.0,0.0,0.0,0.0,30952.5,0,5430.0,14.86652977412731,60.0,1.0,0,60.0,False,False,False,False,False,False,False,False,False,False,False,True,False,False,False,False,False,False,False,False,False,False,False,True,False,False,False,False,False,True,False,0.011180124223602485,0.010856453558504222
131,1320,13,132,0,0,5,7.0,50.0,0.0,0.0,50.0,0.0,0.0,10415405.0,8126368.25,2289036.75,360360.0,6368111.75,50.0,0.0,0.0,8345837.5,50.0,0.0,0.0,248248.0,10883122.25,8051043.0,4060667.75,8230222.0,2330578.25,-668668.0,-946695.75,3381127.75,777026.25,-1091840.75,-106606.5,-1372871.5,35.0,0.0,0.0,1.0,2005503.5,4459705.25,6465208.75,2238486.25,4011257.25,406656.25,10883122.25,25.5,0.0,0.0,21.45135,0.0,0.0,16.21115,50.0,0.0,0.0,0.5,16444.0,0,4001.0,10.954140999315538,48.0,1.0,0,48.0,False,False,False,False,False,False,False,False,False,False,False,True,False,False,False,False,False,False,False,False,False,False,False,True,False,False,False,False,False,True,False,0.011180124223602485,0.010856453558504222
132,1532,15,153,20,0,25,8.0,0.0,0.0,0.0,0.0,0.0,0.0,18367799.244795,9675285.314695,8692513.9301,518222.95525,1190089.275375,0.0,0.0,0.0,5974685.699482501,0.0,0.0,0.0,1103590.0100225,15770789.639605,12335892.228945,12312.388195,25543044.4093825,3349375.0965675004,1779048.8415700002,1662054.0911975,20778079.427105002,1260184.0125875,579412.368535,-92085.4409475,462417.6181625,0.0,0.0,0.0,0.0,7853582.281545,0.0,7853582.281545,3186620.7698325003,7917165.851594999,41.29125,15770789.42439,0.0,0.0,0.0,0.0,0.0,0.0,0.0,0.0,0.0,0.0,0.0,50014.374670000005,0,4551.0,12.459958932238193,48.0,1.0,0,48.0,False,False,False,False,False,False,False,False,False,True,False,False,False,False,False,False,False,False,False,False,False,True,False,False,False,False,False,False,True,False,False,0.02111801242236025,0.016887816646562123
133,2223,22,222,10,0,23,1.0,0.0,0.0,0.0,0.0,0.0,0.0,27390863.5,16229213.0,11161650.5,148648.5,7357850.5,0.0,0.0,0.0,10165905.75,0.0,0.0,0.0,1153402.25,22480958.5,10257900.0,20076.75,23141618.5,6409903.5,1851599.75,1300048.75,12673410.75,4466712.25,1407656.25,171921.75,665414.75,0.0,0.0,0.0,0.0,7431924.5,2177925.75,9609850.25,7363105.75,12871108.25,0.0,22480958.5,0.0,0.0,0.0,0.0,0.0,0.0,0.0,0.0,0.0,0.0,0.0,42123.5,0,8453.0,23.143052703627653,60.0,1.0,0,60.0,False,True,False,False,False,False,False,False,False,False,False,False,False,True,False,False,False,False,False,False,False,False,False,False,True,False,False,False,False,False,False,0.024844720496894408,0.3823884197828709
134,3611,36,361,5,160,7,6.5,0.0,0.0,0.0,0.0,0.0,0.0,6586079.5,3849345.5,2736734.0,14741727.0,39370831.5,0.0,0.0,0.0,59054495.5,0.0,0.0,0.0,194194.0,61985423.5,23839816.0,21749728.0,28957929.0,10275765.5,635635.0,572572.0,16748732.0,9605596.0,146146.0,-1044043.0,83083.0,0.0,0.0,0.0,0.0,7055048.0,5430425.0,12485473.0,10576065.5,39660621.0,9839329.5,61985423.5,0.0,0.0,0.0,0.0,0.0,0.0,0.0,0.0,0.0,0.0,0.0,49607.0,0,6765.0,18.521560574948666,96.0,1.0,0,96.0,False,True,False,False,False,False,False,False,False,False,False,False,False,True,False,False,False,False,False,False,False,False,False,False,True,False,False,False,False,False,False,0.3242236024844721,0.3823884197828709
135,5165,51,516,5,0,16,9.0,0.0,0.0,0.0,0.0,0.0,0.0,2345593.25,374374.0,1971219.25,135802.33333333334,6285529.25,0.0,0.0,0.0,9207948.75,0.0,0.0,0.0,127794.33333333333,11275013.75,6621865.25,5929924.0,7812805.0,2356354.0,1811810.0,1680679.0,4735480.75,515014.5,1671169.5,-103353.25,1540038.5,0.0,0.0,0.0,0.0,2806303.5,1075324.25,3881627.75,5323318.0,7264507.25,171838.33333333334,11275013.75,0.0,0.0,0.0,0.0,0.0,0.0,0.0,0.0,0.0,0.0,0.0,15490.5,0,4924.0,13.481177275838467,84.0,3.0,0,28.0,False,True,False,False,False,False,False,False,False,False,False,False,False,True,False,False,False,False,False,False,False,False,False,False,True,False,False,False,False,False,False,0.3242236024844721,0.3823884197828709
136,6025,60,602,4,0,20,6.0,0.0,0.0,0.0,0.0,0.0,0.0,5619044.333333333,3056968.0,2562076.3333333335,0.0,4721623.666666667,0.0,0.0,0.0,5325971.666666667,0.0,0.0,0.0,82669.66666666667,7970717.666666667,12551787.333333334,10726601.333333334,13078091.666666666,3037062.0,2018063.3333333333,1112221.6666666667,6318327.0,940332.0,1145644.3333333333,-804785.0,239802.66666666666,0.0,0.0,0.0,0.0,3093494.0,506711.3333333333,3600205.3333333335,2949220.6666666665,3865007.3333333335,505505.0,7970717.666666667,0.0,0.0,0.0,0.0,0.0,0.0,0.0,0.0,0.0,0.0,0.0,19275.0,0,3285.0,8.993839835728952,48.0,1.0,0,48.0,False,True,False,False,False,False,False,False,False,False,False,False,False,True,False,False,False,False,False,False,False,False,False,False,True,False,False,False,False,False,False,0.3242236024844721,0.3823884197828709
137,6422,64,642,234,800,22,0.0,,,,,,,,,,,,,,,,,,,,,,,,,,,,,,,,,,,,,,,,,,,,,,,,,,,,,,,0,1110.0,3.0390143737166326,36.0,1.0,0,36.0,False,False,False,False,False,False,False,False,False,True,False,False,False,False,False,False,False,False,False,False,False,True,False,False,False,False,False,False,True,False,False,0.07204968944099378,0.05066344993968637
138,5141,51,514,0,0,22,1.0,0.0,0.0,0.0,0.0,0.0,0.0,4760756.0,716716.0,4044040.0,1176175.0,2356354.0,0.0,0.0,0.0,4785280.5,0.0,0.0,0.0,1501.5,8830822.0,5225720.5,5794288.5,4595090.5,765264.5,366366.0,291791.5,3117114.0,389389.0,89089.0,-51551.5,14514.5,0.0,0.0,0.0,0.0,1272271.0,0.0,1272271.0,6274268.0,6949943.0,608608.0,8830822.0,0.0,0.0,0.0,0.0,0.0,0.0,0.0,0.0,0.0,0.0,0.0,9181.0,0,3843.0,10.521560574948666,120.0,1.0,0,120.0,False,True,False,False,False,False,False,False,False,False,False,False,False,True,False,False,False,False,False,False,False,False,False,False,True,False,False,False,False,False,False,0.3242236024844721,0.3823884197828709
139,5532,55,553,10,60,4,6.5,0.0,0.0,0.0,0.0,0.0,0.0,13706943.25,5970464.5,7736478.75,391641.25,1005504.5,0.0,0.0,0.0,2459957.5,0.0,0.0,0.0,294043.75,10490480.0,11848837.0,11580569.0,11662651.0,2730477.75,1678677.0,1557055.5,8689430.75,1051800.75,1107106.0,-120870.75,985484.5,0.0,0.0,0.0,0.0,6447691.25,3042039.0,9489730.25,377377.0,560810.25,439939.5,10490480.0,0.0,0.0,0.0,0.0,0.0,0.0,0.0,0.0,0.0,0.0,0.0,23302.0,1,7066.0,19.345653661875428,60.0,3.0,0,20.0,False,False,True,False,False,False,False,False,False,False,False,False,False,False,True,False,False,False,False,False,False,False,False,False,False,False,True,False,False,False,False,0.011180124223602485,0.010856453558504222
140,6062,60,606,2,70,20,1.0,0.0,0.0,0.0,0.0,0.0,0.0,2857354.5,1685684.0,1171670.5,498498.0,6151145.0,0.0,0.0,0.0,10220710.5,0.0,0.0,0.0,51551.5,11443932.5,19511992.5,19849329.5,19529510.0,3656653.0,1342841.5,1220219.0,9726216.5,2168166.0,1500999.5,-465965.5,575575.0,0.0,0.0,0.0,0.0,2643140.5,186686.5,2829827.0,5067562.5,7193686.5,1420419.0,11443932.5,0.0,0.0,0.0,0.0,0.0,0.0,0.0,0.0,0.0,0.0,0.0,39020.0,0,3037.0,8.314852840520192,48.0,1.0,0,48.0,False,False,False,False,False,False,False,False,False,False,True,False,False,False,False,False,False,False,False,False,False,False,True,False,False,False,False,False,False,False,False,0.03229813664596273,0.04945717732207479
141,6062,60,606,0,70,22,1.0,0.0,0.0,0.0,0.0,0.0,0.0,2857354.5,1685684.0,1171670.5,498498.0,6151145.0,0.0,0.0,0.0,10220710.5,0.0,0.0,0.0,51551.5,11443932.5,19511992.5,19849329.5,19529510.0,3656653.0,1342841.5,1220219.0,9726216.5,2168166.0,1500999.5,-465965.5,575575.0,0.0,0.0,0.0,0.0,2643140.5,186686.5,2829827.0,5067562.5,7193686.5,1420419.0,11443932.5,0.0,0.0,0.0,0.0,0.0,0.0,0.0,0.0,0.0,0.0,0.0,39020.0,1,3055.0,8.36413415468857,48.0,1.0,0,48.0,False,False,False,False,False,False,False,False,False,False,True,False,False,False,False,False,False,False,False,False,False,False,True,False,False,False,False,False,False,False,False,0.03229813664596273,0.04945717732207479
142,7110,71,711,1,25,20,5.0,0.0,0.0,0.0,0.0,0.0,0.0,4114610.5,1325824.5,2788786.0,0.0,5717211.5,0.0,0.0,0.0,6965458.5,0.0,0.0,0.0,6006.0,9760250.5,13287774.5,0.0,10572061.5,57057.0,-1910408.5,923923.0,419419.0,1762761.0,-2490988.5,-90590.5,343343.0,0.0,0.0,0.0,0.0,5692186.5,23523.5,5715710.0,2478476.0,3453950.5,590590.0,9760250.5,0.0,0.0,0.0,0.0,0.0,0.0,0.0,0.0,0.0,0.0,0.0,19224.0,0,3730.0,10.212183436002737,36.0,1.0,0,36.0,False,True,False,False,False,False,False,False,False,False,False,False,False,True,False,False,False,False,False,False,False,False,False,False,True,False,False,False,False,False,False,0.3242236024844721,0.3823884197828709
143,6062,60,606,2,0,24,6.5,0.0,0.0,0.0,0.0,0.0,0.0,25128353.25,10772261.5,14356091.75,0.0,3583580.0,0.0,0.0,0.0,7025268.25,0.0,0.0,0.0,9009.0,21390369.0,21363.25,18137.75,23714941.25,7965207.25,4234230.0,3788284.5,10081071.0,3504501.0,1232231.0,-234484.25,825574.75,0.0,0.0,0.0,0.0,6165409.25,420169.75,6585579.0,4367613.25,10492982.5,4311807.5,21390369.0,0.0,0.0,0.0,0.0,0.0,0.0,0.0,0.0,0.0,0.0,0.0,47382.5,0,3317.0,9.08145106091718,48.0,1.0,0,48.0,False,True,False,False,False,False,False,False,False,False,False,False,False,True,False,False,False,False,False,False,False,False,False,False,True,False,False,False,False,False,False,0.3242236024844721,0.3823884197828709
144,4529,45,452,0,0,23,6.2,0.0,0.0,0.0,0.0,0.0,0.0,1316815.5,773272.5,543543.0,0.0,6929422.5,0.0,0.0,0.0,7440433.0,0.0,0.0,0.0,1001.0,7984977.0,9994484.5,7022515.5,12785773.0,2664161.5,468468.0,379879.5,9937427.5,2185683.5,338338.0,-24524.5,249749.5,0.0,0.0,0.0,0.0,3206703.5,1129628.5,4336332.0,1225224.0,2738736.0,909909.0,7984977.0,0.0,0.0,0.0,0.0,0.0,0.0,0.0,0.0,0.0,0.0,0.0,25546.0,0,4036.0,,48.0,1.0,0,48.0,False,False,False,False,False,False,False,False,False,False,False,False,False,False,False,False,False,False,False,False,False,False,False,False,False,False,False,False,False,True,False,,
145,2221,22,222,6,60,9,6.5,0.0,0.0,0.0,0.0,0.0,0.0,38849560.75,33010227.25,5839333.5,3069566.5,6844087.25,0.0,0.0,0.0,10584073.5,0.0,0.0,0.0,587336.75,17010743.75,16781.25,16674.75,15059044.0,8301293.0,3969465.5,2942689.75,5854849.0,4187683.5,2182180.0,-58308.25,1577826.25,0.0,0.0,0.0,0.0,11398887.5,0.0,11398887.5,2668415.75,4627122.5,984733.75,17010743.75,0.0,0.0,0.0,0.0,0.0,0.0,0.0,0.0,0.0,0.0,0.0,30076.0,0,7780.0,21.300479123887747,72.0,3.0,0,24.0,False,True,False,False,False,False,False,False,False,False,False,False,False,True,False,False,False,False,False,False,False,False,False,False,True,False,False,False,False,False,False,0.3242236024844721,0.3823884197828709
146,6422,64,642,2,0,23,6.5,0.0,0.0,0.0,0.0,0.0,0.0,42963670.75,3995241.25,38968429.5,0.0,7399892.5,0.0,0.0,0.0,12028016.0,0.0,0.0,0.0,228978.75,51225424.25,29394.75,24332.25,40020981.0,30759979.25,2028276.25,-1850849.0,2806303.5,28292264.0,-807807.0,-96346.25,-2699196.5,0.0,0.0,0.0,0.0,24328554.25,8481473.0,32810027.25,2436934.5,14464950.5,3950446.5,51225424.25,0.0,0.0,0.0,0.0,0.0,0.0,0.0,0.0,0.0,0.0,0.0,79528.0,0,5778.0,15.819301848049282,36.0,3.0,0,12.0,False,True,False,False,False,False,False,False,False,False,False,False,False,True,False,False,False,False,False,False,False,False,False,False,True,False,False,False,False,False,False,0.3242236024844721,0.3823884197828709
147,6042,60,604,2,0,24,5.0,0.0,0.0,0.0,0.0,0.0,0.0,1502000.5,1272771.5,229229.0,0.0,1119118.0,0.0,0.0,0.0,1252251.0,0.0,0.0,0.0,76576.5,1558056.5,1427426.0,1425424.0,1672671.0,441441.0,122622.5,99599.5,450950.5,312812.5,122622.5,-9509.5,99599.5,0.0,0.0,0.0,0.0,872872.0,0.0,872872.0,15515.5,596095.5,89089.0,1558056.5,0.0,0.0,0.0,0.0,0.0,0.0,0.0,0.0,0.0,0.0,0.0,3342.0,0,5237.0,14.338124572210814,60.0,1.0,0,60.0,False,True,False,False,False,False,False,False,False,False,False,False,False,True,False,False,False,False,False,False,False,False,False,False,True,False,False,False,False,False,False,0.3242236024844721,0.3823884197828709
148,2222,22,222,5,19,23,7.0,0.0,0.0,0.0,0.0,0.0,0.0,1596745.0,965748.3333333334,630996.6666666666,1092120.0,4752508.0,0.0,0.0,0.0,7491719.333333333,0.0,0.0,0.0,9337.666666666666,8132053.666666667,5502903.333333333,5044138.0,5980930.666666667,1388347.6666666667,420555.0,317474.0,3449723.6666666665,950786.0,129093.33333333333,-31333.333333333332,26012.333333333332,0.0,0.0,0.0,0.0,794056.6666666666,65344.0,859400.6666666666,1224315.3333333333,7097518.0,175135.0,8132053.666666667,0.0,0.0,0.0,0.0,0.0,0.0,0.0,0.0,0.0,0.0,0.0,9792.0,0,2166.0,5.930184804928132,60.0,1.0,0,60.0,False,False,False,False,False,False,False,False,True,False,False,False,False,False,False,False,False,False,False,False,True,False,False,False,False,False,False,True,False,False,False,0.08074534161490683,0.07117008443908324
149,8013,80,801,48,0,9,8.0,,,,,,,,,,,,,,,,,,,,,,,,,,,,,,,,,,,,,,,,,,,,,,,,,,,,,,,1,4123.0,11.288158795345653,96.0,3.0,0,32.0,False,False,False,False,False,False,False,False,False,False,False,True,False,False,False,False,False,False,False,False,False,False,False,True,False,False,False,False,False,False,False,0.07080745341614907,0.054282267792521106
150,2225,22,222,3,33,35,7.0,,,,,,,,,,,,,,,,,,,,,,,,,,,,,,,,,,,,,,,,,,,,,,,,,,,,,,,0,4551.0,12.459958932238193,120.0,1.0,0,120.0,False,True,False,False,False,False,False,False,False,False,False,False,False,True,False,False,False,False,False,False,False,False,False,False,True,False,False,False,False,False,False,0.3242236024844721,0.3823884197828709
151,2121,21,212,2,33,23,6.5,,,,,,,,,,,,,,,,,,,,,,,,,,,,,,,,,,,,,,,,,,,,,,,,,,,,,,,1,4999.0,13.686516084873375,60.0,1.0,0,60.0,False,True,False,False,False,False,False,False,False,False,False,False,False,True,False,False,False,False,False,False,False,False,False,False,True,False,False,False,False,False,False,0.3242236024844721,0.3823884197828709
152,4529,45,452,2,3,20,5.0,0.0,0.0,0.0,0.0,0.0,0.0,15713948.25,5321816.5,10392131.75,20557036.5,112930067.25,0.0,0.0,0.0,139593203.75,0.0,0.0,0.0,986235.25,150971570.75,43227.25,38726.75,53987183.25,10886876.0,5124869.75,8735977.25,37986698.75,5622366.75,-1227976.75,-1017266.25,2383130.75,0.0,0.0,0.0,0.0,31033502.5,9587578.0,40621080.5,23785261.5,77833255.5,32517234.75,150971570.75,0.0,0.0,0.0,0.0,0.0,0.0,0.0,0.0,0.0,0.0,0.0,95020.0,0,3528.0,9.659137577002053,60.0,1.0,0,60.0,False,False,False,False,False,False,False,False,False,True,False,False,False,False,False,False,False,False,False,False,False,True,False,False,False,False,False,False,True,False,False,0.07204968944099378,0.05066344993968637
153,5511,55,551,0,257,24,1.0,0.0,0.0,0.0,0.0,0.0,0.0,50821270.5,483983.5,50337287.0,41291.25,731480.75,0.0,0.0,0.0,2590588.0,0.0,0.0,0.0,134884.75,53062759.75,13382244.0,25182.25,29649119.5,982231.25,473723.25,298047.75,28205427.25,433182.75,448448.0,-36036.0,272772.5,0.0,0.0,0.0,0.0,15535770.25,23881107.25,39416877.5,11241980.75,12627865.25,1018017.0,53062759.75,0.0,0.0,0.0,0.0,0.0,0.0,0.0,0.0,0.0,0.0,0.0,59239.0,0,3282.0,8.985626283367557,72.0,1.0,0,72.0,False,True,False,False,False,False,False,False,False,False,False,False,False,True,False,False,False,False,False,False,False,False,False,False,True,False,False,False,False,False,False,0.3242236024844721,0.3823884197828709
154,9002,90,900,0,51,24,1.0,0.0,0.0,0.0,0.0,0.0,0.0,32965432.5,1044543.5,31920889.0,31531.5,22767745.0,0.0,0.0,0.0,27297770.5,0.0,0.0,0.0,857857.0,60076516.5,17189672.5,18294276.0,19335316.0,9234725.5,7206199.0,4599094.5,2354852.5,2024022.0,6907400.5,-941440.5,4170166.0,0.0,0.0,0.0,0.0,16043527.5,16304288.0,32347815.5,21082561.5,26112086.0,1616615.0,60076516.5,0.0,0.0,0.0,0.0,0.0,0.0,0.0,0.0,0.0,0.0,0.0,38632.0,0,1346.0,3.685147159479808,60.0,1.0,0,60.0,False,False,False,False,False,False,False,False,True,False,False,False,False,False,False,False,False,False,False,False,True,False,False,False,False,False,False,True,False,False,False,0.08074534161490683,0.07117008443908324
155,9002,90,900,8,51,24,1.0,0.0,0.0,0.0,0.0,0.0,0.0,32965432.5,1044543.5,31920889.0,31531.5,22767745.0,0.0,0.0,0.0,27297770.5,0.0,0.0,0.0,857857.0,60076516.5,17189672.5,18294276.0,19335316.0,9234725.5,7206199.0,4599094.5,2354852.5,2024022.0,6907400.5,-941440.5,4170166.0,0.0,0.0,0.0,0.0,16043527.5,16304288.0,32347815.5,21082561.5,26112086.0,1616615.0,60076516.5,0.0,0.0,0.0,0.0,0.0,0.0,0.0,0.0,0.0,0.0,0.0,38632.0,0,1581.0,4.328542094455853,60.0,1.0,0,60.0,False,False,False,False,False,False,False,False,True,False,False,False,False,False,False,False,False,False,False,False,True,False,False,False,False,False,False,True,False,False,False,0.08074534161490683,0.07117008443908324
156,9002,90,900,0,51,24,1.0,0.0,0.0,0.0,0.0,0.0,0.0,32965432.5,1044543.5,31920889.0,31531.5,22767745.0,0.0,0.0,0.0,27297770.5,0.0,0.0,0.0,857857.0,60076516.5,17189672.5,18294276.0,19335316.0,9234725.5,7206199.0,4599094.5,2354852.5,2024022.0,6907400.5,-941440.5,4170166.0,0.0,0.0,0.0,0.0,16043527.5,16304288.0,32347815.5,21082561.5,26112086.0,1616615.0,60076516.5,0.0,0.0,0.0,0.0,0.0,0.0,0.0,0.0,0.0,0.0,0.0,38632.0,0,1673.0,4.5804243668720055,60.0,1.0,0,60.0,False,False,False,False,False,False,False,False,True,False,False,False,False,False,False,False,False,False,False,False,True,False,False,False,False,False,False,True,False,False,False,0.08074534161490683,0.07117008443908324
157,9002,90,900,0,51,24,1.0,0.0,0.0,0.0,0.0,0.0,0.0,32965432.5,1044543.5,31920889.0,31531.5,22767745.0,0.0,0.0,0.0,27297770.5,0.0,0.0,0.0,857857.0,60076516.5,17189672.5,18294276.0,19335316.0,9234725.5,7206199.0,4599094.5,2354852.5,2024022.0,6907400.5,-941440.5,4170166.0,0.0,0.0,0.0,0.0,16043527.5,16304288.0,32347815.5,21082561.5,26112086.0,1616615.0,60076516.5,0.0,0.0,0.0,0.0,0.0,0.0,0.0,0.0,0.0,0.0,0.0,38632.0,1,1673.0,4.5804243668720055,60.0,1.0,0,60.0,False,False,False,False,False,False,False,False,True,False,False,False,False,False,False,False,False,False,False,False,True,False,False,False,False,False,False,True,False,False,False,0.08074534161490683,0.07117008443908324
158,9002,90,900,0,51,24,1.0,0.0,0.0,0.0,0.0,0.0,0.0,32965432.5,1044543.5,31920889.0,31531.5,22767745.0,0.0,0.0,0.0,27297770.5,0.0,0.0,0.0,857857.0,60076516.5,17189672.5,18294276.0,19335316.0,9234725.5,7206199.0,4599094.5,2354852.5,2024022.0,6907400.5,-941440.5,4170166.0,0.0,0.0,0.0,0.0,16043527.5,16304288.0,32347815.5,21082561.5,26112086.0,1616615.0,60076516.5,0.0,0.0,0.0,0.0,0.0,0.0,0.0,0.0,0.0,0.0,0.0,38632.0,0,1673.0,4.5804243668720055,60.0,1.0,0,60.0,False,False,False,False,False,False,False,False,True,False,False,False,False,False,False,False,False,False,False,False,True,False,False,False,False,False,False,True,False,False,False,0.08074534161490683,0.07117008443908324
159,9002,90,900,0,51,24,1.0,0.0,0.0,0.0,0.0,0.0,0.0,32965432.5,1044543.5,31920889.0,31531.5,22767745.0,0.0,0.0,0.0,27297770.5,0.0,0.0,0.0,857857.0,60076516.5,17189672.5,18294276.0,19335316.0,9234725.5,7206199.0,4599094.5,2354852.5,2024022.0,6907400.5,-941440.5,4170166.0,0.0,0.0,0.0,0.0,16043527.5,16304288.0,32347815.5,21082561.5,26112086.0,1616615.0,60076516.5,0.0,0.0,0.0,0.0,0.0,0.0,0.0,0.0,0.0,0.0,0.0,38632.0,0,1673.0,4.5804243668720055,60.0,1.0,0,60.0,False,False,False,False,False,False,False,False,True,False,False,False,False,False,False,False,False,False,False,False,True,False,False,False,False,False,False,True,False,False,False,0.08074534161490683,0.07117008443908324
160,9002,90,900,0,51,24,1.0,0.0,0.0,0.0,0.0,0.0,0.0,32965432.5,1044543.5,31920889.0,31531.5,22767745.0,0.0,0.0,0.0,27297770.5,0.0,0.0,0.0,857857.0,60076516.5,17189672.5,18294276.0,19335316.0,9234725.5,7206199.0,4599094.5,2354852.5,2024022.0,6907400.5,-941440.5,4170166.0,0.0,0.0,0.0,0.0,16043527.5,16304288.0,32347815.5,21082561.5,26112086.0,1616615.0,60076516.5,0.0,0.0,0.0,0.0,0.0,0.0,0.0,0.0,0.0,0.0,0.0,38632.0,1,1673.0,4.5804243668720055,60.0,1.0,0,60.0,False,False,False,False,False,False,False,False,True,False,False,False,False,False,False,False,False,False,False,False,True,False,False,False,False,False,False,True,False,False,False,0.08074534161490683,0.07117008443908324
161,5511,55,551,16,2,26,7.5,,,,,,,,,,,,,,,,,,,,,,,,,,,,,,,,,,,,,,,,,,,,,,,,,,,,,,,0,4304.0,11.783709787816564,120.0,4.0,0,30.0,False,False,False,False,False,False,False,False,False,False,True,False,False,False,False,False,False,False,False,False,False,False,True,False,False,False,False,False,False,False,False,0.009937888198757764,0.008443908323281062
162,6025,60,602,0,15,23,5.0,0.0,0.0,0.0,0.0,0.0,0.0,762762.0,0.0,762762.0,3750246.5,10637126.5,0.0,0.0,0.0,16565549.0,0.0,0.0,0.0,132132.0,17460443.0,7334327.0,875374.5,20556035.5,1045044.0,870870.0,765264.5,16554538.0,165165.0,587587.0,-17517.5,481981.5,0.0,0.0,0.0,0.0,1339338.0,373873.5,1713211.5,13240227.0,15747231.5,0.0,17460443.0,0.0,0.0,0.0,0.0,0.0,0.0,0.0,0.0,0.0,0.0,0.0,41071.0,0,2323.0,6.360027378507871,48.0,1.0,0,48.0,False,True,False,False,False,False,False,False,False,False,False,False,False,True,False,False,False,False,False,False,False,False,False,False,True,False,False,False,False,False,False,0.012422360248447204,0.0012062726176115801
163,2213,22,221,2,20,2,5.0,0.0,0.0,0.0,0.0,0.0,0.0,2821318.5,981480.5,1839838.0,736736.0,6925418.5,0.0,0.0,0.0,8310802.5,0.0,0.0,0.0,310810.5,10461451.0,12435923.5,15231216.0,10759248.5,6719212.5,1407406.0,1220719.5,1184183.0,5227722.5,4036032.0,-27527.5,175675.5,0.0,0.0,0.0,0.0,651651.0,0.0,651651.0,1120119.0,9804294.5,5505.5,10461451.0,0.0,0.0,0.0,0.0,0.0,0.0,0.0,0.0,0.0,0.0,0.0,22514.0,0,10849.0,29.702943189596166,36.0,1.0,0,36.0,False,True,False,False,False,False,False,False,False,False,False,False,False,True,False,False,False,False,False,False,False,False,False,False,True,False,False,False,False,False,False,0.3242236024844721,0.3823884197828709
164,5147,51,514,0,6,20,7.0,0.0,0.0,0.0,0.0,0.0,0.0,349098.75,11761.75,337337.0,410660.25,990990.0,0.0,0.0,0.0,1539287.75,0.0,0.0,0.0,270520.25,2147145.0,2658906.25,690247.25,4389134.75,989738.75,456456.0,292542.25,2785783.0,297797.5,443693.25,-13263.25,279779.5,0.0,0.0,0.0,0.0,762762.0,85085.0,847847.0,121371.25,1299298.0,0.0,2147145.0,0.0,0.0,0.0,0.0,0.0,0.0,0.0,0.0,0.0,0.0,0.0,8769.5,0,1680.0,4.59958932238193,120.0,1.0,0,120.0,False,False,False,False,False,False,False,False,False,True,False,False,False,False,False,False,False,False,False,False,False,True,False,False,False,False,False,False,True,False,False,0.07204968944099378,0.05066344993968637
165,8511,85,851,0,110,4,5.5,0.0,0.0,0.0,0.0,0.0,0.0,16972705.75,1622871.25,15349834.5,970719.75,1573321.75,0.0,0.0,0.0,2746493.75,0.0,0.0,0.0,402652.25,18498980.5,10082.75,8741.75,10352842.5,5699944.25,1318817.5,760509.75,2583831.25,4192438.25,817566.75,57807.75,320320.0,0.0,0.0,0.0,0.0,10139129.0,1680178.5,11819307.5,1080079.0,4668163.5,2011509.5,18498980.5,0.0,0.0,0.0,0.0,0.0,0.0,0.0,0.0,0.0,0.0,0.0,20706.0,0,7551.0,20.673511293634498,84.0,1.0,0,84.0,False,False,False,False,False,False,False,False,False,False,False,True,False,True,False,False,False,False,False,False,False,False,False,False,False,False,False,False,False,True,False,0.011180124223602485,0.3823884197828709
166,8040,80,804,0,0,34,6.25,,,,,,,,,,,,,,,,,,,,,,,,,,,,,,,,,,,,,,,,,,,,,,,,,,,,,,,0,3709.0,10.154688569472963,180.0,1.0,0,180.0,False,False,False,False,False,False,False,False,False,False,False,False,False,False,False,False,False,False,False,False,False,False,False,True,False,False,False,False,False,True,False,,0.054282267792521106
167,7110,71,711,2,0,22,7.0,0.0,0.0,0.0,0.0,0.0,0.0,1074573.5,303553.25,771020.25,0.0,1768266.5,0.0,0.0,0.0,2040038.0,0.0,0.0,0.0,345595.25,3156653.5,5938.25,5820.75,5100345.25,9009.0,-848597.75,431180.75,168418.25,857606.75,-1207456.25,-64064.0,72322.25,0.0,0.0,0.0,0.0,1105604.5,1438937.5,2544542.0,155405.25,612111.5,0.0,3156653.5,0.0,0.0,0.0,0.0,0.0,0.0,0.0,0.0,0.0,0.0,0.0,9749.5,0,3346.0,9.160848733744011,60.0,1.0,0,60.0,False,True,False,False,False,False,False,False,False,False,False,False,False,True,False,False,False,False,False,False,False,False,False,False,True,False,False,False,False,False,False,0.3242236024844721,0.3823884197828709
168,5137,51,513,81,60,4,5.62,0.0,0.0,0.0,0.0,0.0,0.0,13027264.25,4078574.5,8948689.75,6583076.5,1094343.25,0.0,0.0,0.0,8632624.0,0.0,0.0,0.0,62812.75,17644126.5,48680.0,47987.5,46128332.25,3994240.25,1044043.0,482482.0,40333793.5,2576323.75,666666.0,-303303.0,105105.0,0.0,0.0,0.0,0.0,5838082.25,2889636.75,8727719.0,4917412.5,5751245.5,3165162.0,17644126.5,0.0,0.0,0.0,0.0,0.0,0.0,0.0,0.0,0.0,0.0,0.0,89280.5,1,6322.0,17.308692676249144,108.0,3.0,0,36.0,False,False,False,False,False,False,False,False,False,False,True,False,False,False,False,False,False,False,False,False,False,False,True,False,False,False,False,False,False,False,False,0.04720496894409938,0.04945717732207479
169,6312,63,631,0,6,31,8.95,0.0,0.0,0.0,0.0,0.0,0.0,20446926.5,8770762.0,11676164.5,5623868.25,1516014.5,0.0,0.0,0.0,7410653.25,0.0,0.0,0.0,1073572.5,20160390.25,2467715.25,3324821.5,2844842.0,2239987.75,2162410.25,1368367.0,431681.25,34284.25,992491.5,-733482.75,198448.25,0.0,0.0,0.0,0.0,5973467.5,11386625.25,17360092.75,239489.25,873122.25,1927175.25,20160390.25,0.0,0.0,0.0,0.0,0.0,0.0,0.0,0.0,0.0,0.0,0.0,3432.0,0,2832.0,7.753593429158111,84.0,6.0,0,14.0,False,False,False,True,False,False,False,False,False,False,False,False,False,False,False,True,False,False,False,False,False,False,False,False,False,False,False,False,False,False,False,0.004968944099378882,0.020506634499396863
170,1532,15,153,10,52,22,6.5,,,,,,,,,,,,,,,,,,,,,,,,,,,,,,,,,,,,,,,,,,,,,,,,,,,,,,,0,2995.0,8.199863107460644,60.0,1.0,0,60.0,False,True,False,False,False,False,False,False,False,False,False,False,False,True,False,False,False,False,False,False,False,False,False,False,True,False,False,False,False,False,False,0.3242236024844721,0.3823884197828709
171,2745,27,274,15,26,4,6.0,0.0,0.0,0.0,0.0,0.0,0.0,6901394.5,4269765.5,2631629.0,5310805.5,6898892.0,0.0,0.0,0.0,14966952.0,0.0,0.0,0.0,49549.5,17648130.5,7509502.0,2814311.5,7649642.0,2766263.5,858357.5,333333.0,4134130.0,1825824.0,546045.5,-360360.0,21021.0,0.0,0.0,0.0,0.0,553553.0,1791289.5,2344842.5,4093589.5,10531521.0,4771767.0,17648130.5,0.0,0.0,0.0,0.0,0.0,0.0,0.0,0.0,0.0,0.0,0.0,10961.0,0,15667.0,42.893908281998634,84.0,3.0,0,28.0,False,True,False,False,False,False,False,False,False,False,False,False,False,True,False,False,False,False,False,False,False,False,False,False,True,False,False,False,False,False,False,0.3242236024844721,0.3823884197828709
172,5110,51,511,3,11,31,8.95,0.0,0.0,0.0,0.0,0.0,0.0,21281009.75,8843084.25,12437925.5,2184432.25,2412660.25,0.0,0.0,0.0,5524268.75,0.0,0.0,0.0,771771.0,18733965.25,1030366.25,2696.25,2106354.25,1367866.5,1281780.5,917416.5,544794.25,35285.25,463212.75,-354103.75,98848.75,0.0,0.0,0.0,0.0,11204443.25,2766764.0,13971207.25,47547.5,1402651.25,3360106.75,18733965.25,0.0,0.0,0.0,0.0,0.0,0.0,0.0,0.0,0.0,0.0,0.0,3693.0,0,3696.0,10.119096509240247,120.0,3.0,0,40.0,False,False,False,True,False,False,False,False,False,False,False,False,False,False,False,True,False,False,False,False,False,False,False,False,False,False,False,False,False,False,False,0.004968944099378882,0.020506634499396863
173,5147,51,514,5,52,4,4.66,0.0,0.0,0.0,0.0,0.0,0.0,10050790.75,6840834.0,3209956.75,18361092.75,29338559.25,0.0,0.0,0.0,55734679.0,0.0,0.0,0.0,1179928.75,60124564.5,33711332.0,62321.5,86694858.25,12122610.5,7829071.25,4293539.25,72643320.75,3937433.5,6626119.5,-1264263.0,2986984.0,0.0,0.0,0.0,0.0,11347336.0,627627.0,11974963.0,25999974.0,32687404.75,15462196.75,60124564.5,0.0,0.0,0.0,0.0,0.0,0.0,0.0,0.0,0.0,0.0,0.0,172903.5,0,9268.0,25.374401095140314,83.0,3.0,0,27.666666666666668,False,True,False,False,False,False,False,False,False,False,False,False,False,True,False,False,False,False,False,False,False,False,False,False,True,False,False,False,False,False,False,0.012422360248447204,0.3823884197828709
174,4529,45,452,2,125,24,5.0,0.0,0.0,0.0,0.0,0.0,0.0,8264506.25,6218712.5,2045793.75,10909148.25,54536231.75,0.0,0.0,0.0,71318997.75,0.0,0.0,0.0,1688687.0,75053478.5,15668545.5,30309.5,29581802.25,4684179.5,1441690.25,537787.25,19664394.75,3181678.5,1218467.25,-907156.25,123873.75,0.0,0.0,0.0,0.0,10818057.25,5080075.0,15898132.25,10022262.25,54418364.0,4736982.25,75053478.5,0.0,0.0,0.0,0.0,0.0,0.0,0.0,0.0,0.0,0.0,0.0,59966.0,0,6554.0,17.94387405886379,48.0,1.0,0,48.0,False,False,False,False,False,False,False,True,False,False,False,False,False,False,False,False,False,False,False,True,False,False,False,False,False,False,True,False,False,False,False,0.02608695652173913,0.024125452352231604
175,4521,45,452,5,10,23,7.0,0.0,0.0,0.0,0.0,0.0,0.0,2192690.5,1177676.5,1015014.0,13919405.5,6022266.25,0.0,0.0,0.0,20672151.5,0.0,0.0,0.0,9009.0,21696174.5,13102.0,13418.5,22222200.0,3263760.5,1129378.25,620870.25,18423905.5,2128376.25,913162.25,-305805.5,404654.25,0.0,0.0,0.0,0.0,5304549.25,0.0,5304549.25,3215712.5,15656641.0,734984.25,21696174.5,0.0,0.0,0.0,0.0,0.0,0.0,0.0,0.0,0.0,0.0,0.0,33860.0,0,5601.0,15.3347022587269,48.0,1.0,0,48.0,False,False,False,False,False,False,False,False,True,False,False,False,False,True,False,False,False,False,False,False,False,False,False,False,False,False,False,True,False,False,False,0.08074534161490683,0.3823884197828709
176,6340,63,634,3,14,24,0.1,,,,,,,,,,,,,,,,,,,,,,,,,,,,,,,,,,,,,,,,,,,,,,,,,,,,,,,1,4665.0,12.772073921971252,120.0,1.0,0,120.0,False,True,False,False,False,False,False,False,False,False,False,False,False,True,False,False,False,False,False,False,False,False,False,False,True,False,False,False,False,False,False,0.3242236024844721,0.3823884197828709
177,3162,31,316,40,122,1,6.5,0.0,0.0,0.0,0.0,0.0,0.0,1663411.75,847346.5,816065.25,4622868.25,15092577.5,0.0,0.0,0.0,21606084.5,0.0,0.0,0.0,143143.0,22565292.75,29140.75,26619.0,32793761.0,6224968.75,1744492.75,955454.5,24695170.5,4277773.5,1149898.75,-257507.25,397397.0,0.0,0.0,0.0,0.0,3343340.0,10510.5,3353850.5,12747735.0,16516249.75,2695192.5,22565292.75,0.0,0.0,0.0,0.0,0.0,0.0,0.0,0.0,0.0,0.0,0.0,64160.5,0,8998.0,24.635181382614647,96.0,1.0,0,96.0,False,True,False,False,False,False,False,False,False,False,False,False,False,True,False,False,False,False,False,False,False,False,False,False,True,False,False,False,False,False,False,0.3242236024844721,0.3823884197828709
178,3162,31,316,40,122,1,6.5,0.0,0.0,0.0,0.0,0.0,0.0,1663411.75,847346.5,816065.25,4622868.25,15092577.5,0.0,0.0,0.0,21606084.5,0.0,0.0,0.0,143143.0,22565292.75,29140.75,26619.0,32793761.0,6224968.75,1744492.75,955454.5,24695170.5,4277773.5,1149898.75,-257507.25,397397.0,0.0,0.0,0.0,0.0,3343340.0,10510.5,3353850.5,12747735.0,16516249.75,2695192.5,22565292.75,0.0,0.0,0.0,0.0,0.0,0.0,0.0,0.0,0.0,0.0,0.0,64160.5,0,8998.0,24.635181382614647,96.0,1.0,0,96.0,False,True,False,False,False,False,False,False,False,False,False,False,False,True,False,False,False,False,False,False,False,False,False,False,True,False,False,False,False,False,False,0.3242236024844721,0.3823884197828709
179,3162,31,316,10,122,9,5.75,0.0,0.0,0.0,0.0,0.0,0.0,1663411.75,847346.5,816065.25,4622868.25,15092577.5,0.0,0.0,0.0,21606084.5,0.0,0.0,0.0,143143.0,22565292.75,29140.75,26619.0,32793761.0,6224968.75,1744492.75,955454.5,24695170.5,4277773.5,1149898.75,-257507.25,397397.0,0.0,0.0,0.0,0.0,3343340.0,10510.5,3353850.5,12747735.0,16516249.75,2695192.5,22565292.75,0.0,0.0,0.0,0.0,0.0,0.0,0.0,0.0,0.0,0.0,0.0,64160.5,0,9249.0,25.322381930184804,84.0,3.0,0,28.0,False,True,False,False,False,False,False,False,False,False,False,False,False,True,False,False,False,False,False,False,False,False,False,False,True,False,False,False,False,False,False,0.3242236024844721,0.3823884197828709
180,4529,45,452,2,30,24,6.0,0.0,0.0,0.0,0.0,0.0,0.0,3222969.75,383633.25,2839336.5,11059381.666666666,2270768.5,0.0,0.0,0.0,11478967.5,0.0,0.0,0.0,1001750.75,15320054.75,12496233.75,6183606.0,9804544.75,4053049.0,3742488.75,2575072.5,4892637.75,201201.0,3603349.75,-17267.25,2435933.5,0.0,0.0,0.0,0.0,9200441.25,0.0,9200441.25,1615363.75,5875870.0,243743.5,15320054.75,0.0,0.0,0.0,0.0,0.0,0.0,0.0,0.0,0.0,0.0,0.0,19589.5,1,2000.0,5.475701574264202,60.0,1.0,0,60.0,False,True,False,False,False,False,False,False,False,False,False,False,False,True,False,False,False,False,False,False,False,False,False,False,True,False,False,False,False,False,False,0.3242236024844721,0.3823884197828709
181,117,1,11,0,150,34,6.5,,,,,,,,,,,,,,,,,,,,,,,,,,,,,,,,,,,,,,,,,,,,,,,,,,,,,,,0,1620.0,4.435318275154004,36.0,1.0,0,36.0,False,False,False,False,False,False,True,False,False,False,False,False,False,False,False,False,False,False,True,False,False,False,False,False,False,False,False,False,False,True,False,0.012422360248447204,0.012062726176115802
182,4543,45,454,0,450,23,6.5,0.0,0.0,0.0,0.0,0.0,0.0,2335333.0,1177926.75,1157406.25,12959947.0,29621091.5,0.0,0.0,0.0,48625326.75,0.0,0.0,0.0,342592.25,50125325.25,22854367.5,43925.75,55668362.75,9489480.0,1705203.5,1015264.25,41878086.25,7740733.0,1359358.0,-286035.75,765264.5,0.0,0.0,0.0,0.0,5946190.25,776776.0,6722966.25,29809029.25,42267975.75,1134383.25,50125325.25,0.0,0.0,0.0,0.0,0.0,0.0,0.0,0.0,0.0,0.0,0.0,107730.5,0,3265.0,8.93908281998631,48.0,1.0,0,48.0,False,True,False,False,False,False,False,False,False,False,False,False,False,True,False,False,False,False,False,False,False,False,False,False,True,False,False,False,False,False,False,0.3242236024844721,0.3823884197828709
183,1742,17,174,2,0,24,5.0,0.0,0.0,0.0,0.0,0.0,0.0,1301800.5,862361.5,439439.0,150150.0,2361359.0,0.0,0.0,0.0,3325822.5,0.0,0.0,0.0,42042.0,3807303.5,3192689.5,3527023.5,3123120.0,821320.5,306806.5,241241.0,1558557.0,509008.5,204704.5,-44044.0,139139.0,0.0,0.0,0.0,0.0,1060059.0,0.0,1060059.0,297797.5,2740237.5,7007.0,3807303.5,0.0,0.0,0.0,0.0,0.0,0.0,0.0,0.0,0.0,0.0,0.0,6962.0,0,5684.0,15.561943874058864,120.0,1.0,0,120.0,False,True,False,False,False,False,False,False,False,False,False,False,False,True,False,False,False,False,False,False,False,False,False,False,True,False,False,False,False,False,False,0.3242236024844721,0.3823884197828709
184,1553,15,155,5,30,24,1.0,0.0,0.0,0.0,0.0,0.0,0.0,26770744.0,9222963.75,17547780.25,5144139.0,2110358.25,0.0,0.0,0.0,8384125.75,0.0,0.0,0.0,322071.75,26253977.75,22732.5,19637.0,28632854.25,7512505.0,3781277.5,3385632.25,16476209.75,3588835.25,1388387.0,-151651.5,992741.75,0.0,0.0,0.0,0.0,8565306.75,13638625.0,22203931.75,1891890.0,3720967.25,329078.75,26253977.75,0.0,0.0,0.0,0.0,0.0,0.0,0.0,0.0,0.0,0.0,0.0,57484.0,0,3285.0,8.993839835728952,60.0,1.0,0,60.0,False,True,False,False,False,False,False,False,False,False,False,False,False,True,False,False,False,False,False,False,False,False,False,False,True,False,False,False,False,False,False,0.3242236024844721,0.3823884197828709
185,6033,60,603,4,100,24,1.0,0.0,0.0,0.0,0.0,0.0,0.0,23217194.0,15558543.0,7658651.0,1356355.0,24974199.25,0.0,0.0,0.0,28220192.0,0.0,0.0,0.0,47047.0,35925890.0,39227438.25,31032751.75,38427639.25,11367856.5,6405148.75,2624371.75,13069556.5,4778774.0,1083332.25,-506255.75,650149.5,0.0,0.0,0.0,0.0,7319812.5,3253.25,7323065.75,11873862.0,23594070.5,5008753.75,35925890.0,0.0,0.0,0.0,0.0,0.0,0.0,0.0,0.0,0.0,0.0,0.0,76778.5,0,7761.0,21.248459958932237,48.0,1.0,0,48.0,False,True,False,False,False,False,False,False,False,False,False,False,False,True,False,False,False,False,False,False,False,False,False,False,True,False,False,False,False,False,False,0.3242236024844721,0.3823884197828709
186,6033,60,603,7,100,24,5.0,0.0,0.0,0.0,0.0,0.0,0.0,23217194.0,15558543.0,7658651.0,1356355.0,24974199.25,0.0,0.0,0.0,28220192.0,0.0,0.0,0.0,47047.0,35925890.0,39227438.25,31032751.75,38427639.25,11367856.5,6405148.75,2624371.75,13069556.5,4778774.0,1083332.25,-506255.75,650149.5,0.0,0.0,0.0,0.0,7319812.5,3253.25,7323065.75,11873862.0,23594070.5,5008753.75,35925890.0,0.0,0.0,0.0,0.0,0.0,0.0,0.0,0.0,0.0,0.0,0.0,76778.5,1,8248.0,22.581793292265573,60.0,1.0,0,60.0,False,True,False,False,False,False,False,False,False,False,False,False,False,True,False,False,False,False,False,False,False,False,False,False,True,False,False,False,False,False,False,0.3242236024844721,0.3823884197828709
187,6033,60,603,4,14,23,5.0,,,,,,,,,,,,,,,,,,,,,,,,,,,,,,,,,,,,,,,,,,,,,,,,,,,,,,,0,5894.0,16.136892539356605,48.0,1.0,0,48.0,False,True,False,False,False,False,False,False,False,False,False,False,False,True,False,False,False,False,False,False,False,False,False,False,True,False,False,False,False,False,False,0.3242236024844721,0.3823884197828709
188,1412,14,141,3,220,24,1.0,0.0,0.0,0.0,0.0,0.0,0.0,15456441.0,5796540.75,9659900.25,328328.0,5711706.0,0.0,0.0,0.0,13275262.0,0.0,0.0,0.0,126126.0,23061288.25,27740.5,19801.25,38519731.25,3566312.75,3327824.5,1979227.25,29358329.0,122622.5,1346345.0,-681180.5,-22772.75,0.0,0.0,0.0,0.0,8041033.0,630880.25,8671913.25,3280277.0,5350094.75,9039280.25,23061288.25,0.0,0.0,0.0,0.0,0.0,0.0,0.0,0.0,0.0,0.0,0.0,76694.0,0,2553.0,6.9897330595482545,48.0,1.0,0,48.0,False,False,False,False,False,False,False,False,True,False,False,False,False,True,False,False,False,False,False,False,False,False,False,False,False,False,False,True,False,False,False,0.009937888198757764,0.3823884197828709
189,8512,85,851,2,13,24,5.0,0.0,0.0,0.0,0.0,0.0,0.0,1564563.0,573573.0,990990.0,74074.0,0.0,0.0,0.0,0.0,104604.5,0.0,0.0,0.0,10010.0,1105604.5,1156655.5,1207.5,2759757.0,676175.5,275275.0,135635.5,576576.0,367867.5,149149.0,-10510.5,9509.5,0.0,0.0,0.0,0.0,642642.0,0.0,642642.0,59559.5,352352.0,110610.5,1105604.5,0.0,0.0,0.0,0.0,0.0,0.0,0.0,0.0,0.0,0.0,0.0,5514.0,0,8771.0,24.01368925393566,96.0,1.0,0,96.0,False,False,False,False,False,False,False,False,False,True,False,False,False,False,False,False,False,False,False,False,False,True,False,False,False,False,False,False,True,False,False,0.02111801242236025,0.016887816646562123
190,4529,45,452,10,22,25,8.0,0.0,0.0,0.0,0.0,0.0,0.0,3426423.0,2427925.5,998497.5,9059550.5,2958956.0,0.0,0.0,0.0,12361349.0,0.0,0.0,0.0,235735.5,13595582.0,3847343.5,7693686.0,6319813.5,866866.0,505505.0,268268.0,5145640.5,350350.0,207707.5,-4004.0,-29529.5,0.0,0.0,0.0,0.0,11081070.0,258258.0,11339328.0,509008.5,2256254.0,0.0,13595582.0,0.0,0.0,0.0,0.0,0.0,0.0,0.0,0.0,0.0,0.0,0.0,12687.0,0,5530.0,15.14031485284052,48.0,1.0,0,48.0,False,False,False,True,False,False,False,False,False,False,False,False,False,False,False,True,False,False,False,False,False,False,False,False,False,False,False,True,False,False,False,0.016149068322981366,0.015681544028950542
191,4529,45,452,10,22,25,8.0,0.0,0.0,0.0,0.0,0.0,0.0,3426423.0,2427925.5,998497.5,9059550.5,2958956.0,0.0,0.0,0.0,12361349.0,0.0,0.0,0.0,235735.5,13595582.0,3847343.5,7693686.0,6319813.5,866866.0,505505.0,268268.0,5145640.5,350350.0,207707.5,-4004.0,-29529.5,0.0,0.0,0.0,0.0,11081070.0,258258.0,11339328.0,509008.5,2256254.0,0.0,13595582.0,0.0,0.0,0.0,0.0,0.0,0.0,0.0,0.0,0.0,0.0,0.0,12687.0,1,5580.0,15.277207392197125,48.0,1.0,0,48.0,False,False,False,True,False,False,False,False,False,False,False,False,False,False,False,True,False,False,False,False,False,False,False,False,False,False,False,True,False,False,False,0.016149068322981366,0.015681544028950542
192,5162,51,516,0,80,22,1.0,0.0,0.0,0.0,0.0,0.0,0.0,28535757.25,8664405.75,19871351.5,1867365.5,6797290.5,0.0,0.0,0.0,11779017.25,0.0,0.0,0.0,300300.0,31950668.75,7246972.75,14622.25,16225709.5,4342838.5,3581077.5,2555803.25,9664404.75,724223.5,1736735.0,-708958.25,703452.75,0.0,0.0,0.0,0.0,6339082.75,12983220.25,19322303.0,5897892.0,7955948.0,4672417.75,31950668.75,0.0,0.0,0.0,0.0,0.0,0.0,0.0,0.0,0.0,0.0,0.0,31507.0,0,3308.0,9.05681040383299,36.0,1.0,0,36.0,False,False,False,False,True,False,False,False,False,False,False,False,False,False,False,False,True,False,False,False,False,False,False,False,False,True,False,False,False,False,False,0.06459627329192547,0.06031363088057901
193,127,1,12,5,18,7,5.5,,,,,,,,,,,,,,,,,,,,,,,,,,,,,,,,,,,,,,,,,,,,,,,,,,,,,,,0,4104.0,11.236139630390143,84.0,12.0,0,7.0,False,False,False,False,False,False,False,False,False,False,False,False,False,False,False,False,True,False,False,False,False,False,False,False,False,True,False,False,False,False,False,,0.013268998793727383
194,127,1,12,5,18,7,5.5,,,,,,,,,,,,,,,,,,,,,,,,,,,,,,,,,,,,,,,,,,,,,,,,,,,,,,,0,4104.0,11.236139630390143,24.0,12.0,0,2.0,False,False,False,False,False,False,False,False,False,False,False,False,False,False,False,False,True,False,False,False,False,False,False,False,False,True,False,False,False,False,False,,0.013268998793727383
195,127,1,12,5,18,7,5.5,,,,,,,,,,,,,,,,,,,,,,,,,,,,,,,,,,,,,,,,,,,,,,,,,,,,,,,0,4104.0,11.236139630390143,84.0,12.0,0,7.0,False,False,False,False,False,False,False,False,False,False,False,False,False,False,False,False,True,False,False,False,False,False,False,False,False,True,False,False,False,False,False,,0.013268998793727383
196,127,1,12,5,18,7,5.5,,,,,,,,,,,,,,,,,,,,,,,,,,,,,,,,,,,,,,,,,,,,,,,,,,,,,,,0,4104.0,11.236139630390143,24.0,12.0,0,2.0,False,False,False,False,False,False,False,False,False,False,False,False,False,False,False,False,True,False,False,False,False,False,False,False,False,True,False,False,False,False,False,,0.013268998793727383
197,127,1,12,5,18,7,5.5,,,,,,,,,,,,,,,,,,,,,,,,,,,,,,,,,,,,,,,,,,,,,,,,,,,,,,,0,4104.0,11.236139630390143,84.0,12.0,0,7.0,False,False,False,False,False,False,False,False,False,False,False,False,False,False,False,False,True,False,False,False,False,False,False,False,False,True,False,False,False,False,False,,0.013268998793727383
198,127,1,12,5,18,7,5.5,,,,,,,,,,,,,,,,,,,,,,,,,,,,,,,,,,,,,,,,,,,,,,,,,,,,,,,0,4104.0,11.236139630390143,24.0,12.0,0,2.0,False,False,False,False,False,False,False,False,False,False,False,False,False,False,False,False,True,False,False,False,False,False,False,False,False,True,False,False,False,False,False,,0.013268998793727383
199,127,1,12,5,18,7,5.5,,,,,,,,,,,,,,,,,,,,,,,,,,,,,,,,,,,,,,,,,,,,,,,,,,,,,,,0,4104.0,11.236139630390143,84.0,12.0,0,7.0,False,False,False,False,False,False,False,False,False,False,False,False,False,False,False,False,True,False,False,False,False,False,False,False,False,True,False,False,False,False,False,,0.013268998793727383
200,127,1,12,5,18,7,5.5,,,,,,,,,,,,,,,,,,,,,,,,,,,,,,,,,,,,,,,,,,,,,,,,,,,,,,,0,4104.0,11.236139630390143,84.0,12.0,0,7.0,False,False,False,False,False,False,False,False,False,False,False,False,False,False,False,False,True,False,False,False,False,False,False,False,False,True,False,False,False,False,False,,0.013268998793727383
201,127,1,12,5,18,7,5.5,,,,,,,,,,,,,,,,,,,,,,,,,,,,,,,,,,,,,,,,,,,,,,,,,,,,,,,0,4104.0,11.236139630390143,84.0,12.0,0,7.0,False,False,False,False,False,False,False,False,False,False,False,False,False,False,False,False,True,False,False,False,False,False,False,False,False,True,False,False,False,False,False,,0.013268998793727383
202,127,1,12,5,18,7,5.5,,,,,,,,,,,,,,,,,,,,,,,,,,,,,,,,,,,,,,,,,,,,,,,,,,,,,,,0,4104.0,11.236139630390143,84.0,12.0,0,7.0,False,False,False,False,False,False,False,False,False,False,False,False,False,False,False,False,True,False,False,False,False,False,False,False,False,True,False,False,False,False,False,,0.013268998793727383
203,127,1,12,5,18,7,5.5,,,,,,,,,,,,,,,,,,,,,,,,,,,,,,,,,,,,,,,,,,,,,,,,,,,,,,,0,4104.0,11.236139630390143,84.0,12.0,0,7.0,False,False,False,False,False,False,False,False,False,False,False,False,False,False,False,False,True,False,False,False,False,False,False,False,False,True,False,False,False,False,False,,0.013268998793727383
204,4523,45,452,0,400,25,8.0,0.0,0.0,0.0,0.0,0.0,0.0,6064558.5,1590589.0,4473969.5,15663648.0,27457179.75,0.0,0.0,0.0,44625581.0,0.0,0.0,0.0,166166.0,49265716.5,28593.75,24946.0,36799763.0,6726970.25,2113611.5,658407.75,25016992.0,4497493.0,1837085.25,-857106.25,381881.5,0.0,0.0,0.0,0.0,8079821.75,0.0,8079821.75,6384127.75,17125608.5,24060286.25,49265716.5,0.0,0.0,0.0,0.0,0.0,0.0,0.0,0.0,0.0,0.0,0.0,71011.0,0,5019.0,13.741273100616016,48.0,1.0,0,48.0,False,False,False,False,False,False,False,False,False,True,False,False,False,False,False,False,False,False,False,False,False,True,False,False,False,False,False,False,True,False,False,0.07204968944099378,0.007237635705669481
205,5531,55,553,0,110,24,1.0,0.0,0.0,0.0,0.0,0.0,0.0,9465456.0,4112358.25,5353097.75,294544.25,198948.75,0.0,0.0,0.0,15642376.75,0.0,0.0,0.0,359859.5,21355334.0,18815.75,17548.0,22278005.75,6462205.75,1561560.0,1904903.0,9921161.25,4834830.0,490990.5,703953.25,739739.0,0.0,0.0,0.0,0.0,3741988.25,1971219.25,5713207.5,12809797.0,13822308.5,1819818.0,21355334.0,0.0,0.0,0.0,0.0,0.0,0.0,0.0,0.0,0.0,0.0,0.0,43902.5,0,2323.0,6.360027378507871,60.0,1.0,0,60.0,False,False,False,False,False,False,False,False,True,False,False,False,False,True,False,False,False,False,False,False,False,False,False,False,False,False,False,True,False,False,False,0.08074534161490683,0.3823884197828709
206,7421,74,742,2,7,24,5.0,0.0,0.0,0.0,0.0,0.0,0.0,317317.0,104604.5,212712.5,319319.0,1208707.5,0.0,0.0,0.0,2290288.0,0.0,0.0,0.0,1001.0,2504001.5,2006504.5,990990.0,3592589.0,575575.0,487987.5,483483.0,2764762.0,87587.5,450950.5,0.0,446446.0,0.0,0.0,0.0,0.0,789288.5,80580.5,869869.0,94594.5,1135634.5,498498.0,2504001.5,0.0,0.0,0.0,0.0,0.0,0.0,0.0,0.0,0.0,0.0,0.0,7178.0,0,2239.0,6.1300479123887746,120.0,1.0,0,120.0,False,True,False,False,False,False,False,False,False,False,False,False,False,True,False,False,False,False,False,False,False,False,False,False,True,False,False,False,False,False,False,0.3242236024844721,0.3823884197828709
207,4543,45,454,3,193,24,5.0,0.0,0.0,0.0,0.0,0.0,0.0,2419667.25,836585.75,1583081.5,8647138.5,11029268.25,0.0,0.0,0.0,20827056.25,0.0,0.0,0.0,726475.75,23136613.5,16890373.5,9021132.25,18670401.75,5071316.25,1128377.25,774523.75,12496484.0,3928174.25,924423.5,-199449.25,575074.5,0.0,0.0,0.0,0.0,2626624.0,0.0,2626624.0,7444937.5,17456939.5,3053050.0,23136613.5,0.0,0.0,0.0,0.0,0.0,0.0,0.0,0.0,0.0,0.0,0.0,32473.5,1,6007.0,16.44626967830253,60.0,1.0,0,60.0,False,False,False,False,False,False,False,False,False,True,False,False,False,True,False,False,False,False,False,False,False,False,False,False,False,False,False,False,True,False,False,0.07204968944099378,0.3823884197828709
208,5533,55,553,10,220,6,7.0,0.0,0.0,0.0,0.0,0.0,0.0,20562792.25,8594586.0,11968206.25,1211460.25,449699.25,0.0,0.0,0.0,4954699.75,0.0,0.0,0.0,751500.75,17674406.75,34547262.75,33758474.75,34155121.0,13943179.25,4750245.5,3286783.5,11732721.0,8585827.25,3513760.25,-204704.5,1998496.5,0.0,0.0,0.0,0.0,7464457.0,3656653.0,11121110.0,4247743.5,5374869.5,1178427.25,17674406.75,0.0,0.0,0.0,0.0,0.0,0.0,0.0,0.0,0.0,0.0,0.0,68247.0,0,7325.0,20.05475701574264,48.0,1.0,0,48.0,False,False,False,False,False,False,False,False,False,True,False,False,False,False,False,False,False,False,False,False,False,True,False,False,False,False,False,False,True,False,False,0.07204968944099378,0.05066344993968637
209,2722,27,272,64,120,3,4.16,0.0,0.0,0.0,0.0,0.0,0.0,96139043.0,33670136.5,62468906.5,34986451.5,31416635.25,0.0,0.0,0.0,86399062.75,0.0,0.0,0.0,3693439.75,152561409.0,30075179.75,30939645.5,74615541.0,9036777.75,3363360.0,289167.4360575,61690629.0,5434679.25,352730.9360575,-3560056.5,-2641260.0639425,0.0,0.0,0.0,0.0,16080564.5,49464164.75,65544729.25,35460675.25,48749450.75,38267229.0,152561409.0,0.0,0.0,0.0,0.0,0.0,0.0,0.0,0.0,0.0,0.0,0.0,141490.0,0,15319.0,41.94113620807666,84.0,3.0,0,28.0,False,False,False,False,False,False,False,False,False,False,False,True,False,False,False,False,False,False,False,False,False,False,False,True,False,False,False,False,False,True,False,0.07080745341614907,0.054282267792521106
210,5161,51,516,0,19,23,1.0,0.0,0.0,0.0,0.0,0.0,0.0,6118112.0,2522520.0,3595592.0,3739485.75,11468206.75,0.0,0.0,0.0,16765749.0,0.0,0.0,0.0,9759.75,20371100.75,26786.25,24395.25,28003976.0,7475217.75,2901398.5,2556303.75,17629361.75,4433679.25,1072321.25,-398398.0,279779.5,0.0,0.0,0.0,0.0,3080827.75,1482981.5,4563809.25,5981225.25,11492230.75,4315811.5,20371851.5,0.0,0.0,0.0,0.0,0.0,0.0,0.0,0.0,0.0,0.0,0.0,55952.0,0,7410.0,20.28747433264887,60.0,1.0,0,60.0,False,True,False,False,False,False,False,False,False,False,False,False,False,True,False,False,False,False,False,False,False,False,False,False,True,False,False,False,False,False,False,0.3242236024844721,0.3823884197828709
211,4521,45,452,200,300,22,8.0,0.0,0.0,0.0,0.0,0.0,0.0,9949439.5,6779773.0,3169666.5,19986466.5,59257198.0,0.0,0.0,0.0,87824987.25,0.0,0.0,0.0,1704202.5,92698856.25,78956627.75,37486777.75,107920062.25,14138874.75,6062556.5,2157155.0,83746663.0,7951944.0,5361856.5,-2281779.5,1456455.0,0.0,0.0,0.0,0.0,18295777.5,0.0,18295777.5,31116835.75,51289488.25,23113590.5,92698856.25,0.0,0.0,0.0,0.0,0.0,0.0,0.0,0.0,0.0,0.0,0.0,210527.0,1,5861.0,16.046543463381244,36.0,1.0,0,36.0,False,False,False,False,False,False,False,False,True,False,False,False,False,False,False,False,False,False,False,False,True,False,False,False,False,False,False,True,False,False,False,0.08074534161490683,0.07117008443908324
212,6033,60,603,4,0,24,5.3,0.0,0.0,0.0,0.0,0.0,0.0,16084568.5,3888885.0,12195683.5,0.0,11726715.0,0.0,0.0,0.0,14134620.5,0.0,0.0,0.0,1288287.0,27618591.0,24819294.5,0.0,27402875.5,3357854.5,2944942.0,2937935.0,22987464.5,355855.5,1238237.0,-7007.0,1231230.0,0.0,0.0,0.0,0.0,7903395.5,0.0,7903395.5,12217205.0,19715195.5,0.0,27618591.0,0.0,0.0,0.0,0.0,0.0,0.0,0.0,0.0,0.0,0.0,0.0,54751.0,1,2496.0,6.833675564681725,48.0,1.0,0,48.0,False,True,False,False,False,False,False,False,False,False,False,False,False,True,False,False,False,False,False,False,False,False,False,False,False,False,False,False,False,False,True,0.3242236024844721,0.3823884197828709
213,6033,60,603,6,0,20,5.3,0.0,0.0,0.0,0.0,0.0,0.0,16084568.5,3888885.0,12195683.5,0.0,11726715.0,0.0,0.0,0.0,14134620.5,0.0,0.0,0.0,1288287.0,27618591.0,24819294.5,0.0,27402875.5,3357854.5,2944942.0,2937935.0,22987464.5,355855.5,1238237.0,-7007.0,1231230.0,0.0,0.0,0.0,0.0,7903395.5,0.0,7903395.5,12217205.0,19715195.5,0.0,27618591.0,0.0,0.0,0.0,0.0,0.0,0.0,0.0,0.0,0.0,0.0,0.0,54751.0,0,2497.0,6.836413415468857,36.0,1.0,0,36.0,False,True,False,False,False,False,False,False,False,False,False,False,False,True,False,False,False,False,False,False,False,False,False,False,False,False,False,False,False,False,True,0.3242236024844721,0.3823884197828709
214,6062,60,606,0,85,24,6.0,0.0,0.0,0.0,0.0,0.0,0.0,12646634.0,5998492.5,6648141.5,126126.0,10995234.25,0.0,0.0,0.0,16877861.0,0.0,0.0,0.0,141141.0,23667143.5,26858.75,17332.75,38269981.75,6529773.25,3910656.75,3032279.25,23693419.75,2435433.0,1892891.0,-677677.0,1014763.75,0.0,0.0,0.0,0.0,4617613.0,1188937.75,5806550.75,14266752.5,16705438.75,1155154.0,23667143.5,0.0,0.0,0.0,0.0,0.0,0.0,0.0,0.0,0.0,0.0,0.0,76463.5,0,2905.0,7.953456536618754,48.0,1.0,0,48.0,False,False,False,False,False,False,False,False,False,False,False,True,False,True,False,False,False,False,False,False,False,False,False,False,False,False,False,False,False,True,False,0.07080745341614907,0.3823884197828709
215,6062,60,606,0,85,24,6.0,0.0,0.0,0.0,0.0,0.0,0.0,12646634.0,5998492.5,6648141.5,126126.0,10995234.25,0.0,0.0,0.0,16877861.0,0.0,0.0,0.0,141141.0,23667143.5,26858.75,17332.75,38269981.75,6529773.25,3910656.75,3032279.25,23693419.75,2435433.0,1892891.0,-677677.0,1014763.75,0.0,0.0,0.0,0.0,4617613.0,1188937.75,5806550.75,14266752.5,16705438.75,1155154.0,23667143.5,0.0,0.0,0.0,0.0,0.0,0.0,0.0,0.0,0.0,0.0,0.0,76463.5,0,2915.0,7.9808350444900755,48.0,1.0,0,48.0,False,False,False,False,False,False,False,False,False,False,False,True,False,True,False,False,False,False,False,False,False,False,False,False,False,False,False,False,False,True,False,0.07080745341614907,0.3823884197828709
216,6062,60,606,0,85,24,6.0,0.0,0.0,0.0,0.0,0.0,0.0,12646634.0,5998492.5,6648141.5,126126.0,10995234.25,0.0,0.0,0.0,16877861.0,0.0,0.0,0.0,141141.0,23667143.5,26858.75,17332.75,38269981.75,6529773.25,3910656.75,3032279.25,23693419.75,2435433.0,1892891.0,-677677.0,1014763.75,0.0,0.0,0.0,0.0,4617613.0,1188937.75,5806550.75,14266752.5,16705438.75,1155154.0,23667143.5,0.0,0.0,0.0,0.0,0.0,0.0,0.0,0.0,0.0,0.0,0.0,76463.5,0,2915.0,7.9808350444900755,48.0,1.0,0,48.0,False,False,False,False,False,False,False,False,False,False,False,True,False,True,False,False,False,False,False,False,False,False,False,False,False,False,False,False,False,True,False,0.07080745341614907,0.3823884197828709
217,6062,60,606,5,85,23,5.5,0.0,0.0,0.0,0.0,0.0,0.0,12646634.0,5998492.5,6648141.5,126126.0,10995234.25,0.0,0.0,0.0,16877861.0,0.0,0.0,0.0,141141.0,23667143.5,26858.75,17332.75,38269981.75,6529773.25,3910656.75,3032279.25,23693419.75,2435433.0,1892891.0,-677677.0,1014763.75,0.0,0.0,0.0,0.0,4617613.0,1188937.75,5806550.75,14266752.5,16705438.75,1155154.0,23667143.5,0.0,0.0,0.0,0.0,0.0,0.0,0.0,0.0,0.0,0.0,0.0,76463.5,0,3015.0,8.254620123203285,48.0,1.0,0,48.0,False,False,False,False,False,False,False,False,False,False,False,True,False,True,False,False,False,False,False,False,False,False,False,False,False,False,False,False,False,True,False,0.07080745341614907,0.3823884197828709
218,6111,61,611,1,120,23,1.0,0.0,0.0,0.0,0.0,0.0,0.0,18540522.0,3226223.0,15314299.0,67817.75,17726458.75,0.0,0.0,0.0,19815045.25,0.0,0.0,0.0,268268.0,35397612.25,65377.5,59879.75,68275457.25,13615602.0,4709705.0,3661908.25,49001202.25,8556047.5,4956701.75,-758257.5,2058806.75,0.0,0.0,0.0,0.0,7737479.75,7731223.5,15468703.25,11833071.25,15417151.75,4511757.25,35397612.25,0.0,0.0,0.0,0.0,0.0,0.0,0.0,0.0,0.0,0.0,0.0,136414.5,0,8862.0,24.262833675564682,48.0,1.0,0,48.0,False,True,False,False,False,False,False,False,False,False,False,False,False,True,False,False,False,False,False,False,False,False,False,False,False,False,True,False,False,False,False,0.3242236024844721,0.3823884197828709
219,8022,80,802,0,314,36,6.0,,,,,,,,,,,,,,,,,,,,,,,,,,,,,,,,,,,,,,,,,,,,,,,,,,,,,,,0,2285.0,6.2559890485968515,72.0,1.0,0,72.0,False,False,False,False,False,False,False,False,False,True,False,False,False,False,False,False,False,False,False,False,False,True,False,False,False,False,False,False,True,False,False,0.011180124223602485,0.010856453558504222
220,6024,60,602,27,30,24,7.0,0.0,0.0,0.0,0.0,0.0,0.0,2856353.5,2048046.0,808307.5,193193.0,4527523.0,0.0,0.0,0.0,6594588.0,0.0,0.0,0.0,6006.0,7408901.5,0.0,0.0,10472462.0,969468.5,-375375.0,438938.5,7387880.5,982481.5,-1064063.0,-94094.0,-249749.5,0.0,0.0,0.0,0.0,1217716.5,0.0,1217716.5,3782278.5,4658654.0,1532531.0,7408901.5,0.0,0.0,0.0,0.0,0.0,0.0,0.0,0.0,0.0,0.0,0.0,20924.0,1,3746.0,10.255989048596852,48.0,1.0,0,48.0,False,False,False,False,False,False,False,False,False,False,True,False,False,False,False,False,False,False,False,False,False,False,True,False,False,False,False,False,False,False,False,0.04720496894409938,0.04945717732207479
221,2852,28,285,5,0,4,5.5,0.0,0.0,0.0,0.0,0.0,0.0,4172668.5,1757756.0,2414912.5,3355602.25,6653146.5,0.0,0.0,0.0,11028017.0,0.0,0.0,0.0,2615362.75,16058292.25,5804261.75,9400.0,12681669.0,4449695.25,-222222.0,-266015.75,6752495.75,4609605.0,-115615.5,-48798.75,-454954.5,0.0,0.0,0.0,0.0,2859606.75,2267014.75,5126621.5,5447442.0,9625866.25,1741072.6666666667,16058292.25,0.0,0.0,0.0,0.0,0.0,0.0,0.0,0.0,0.0,0.0,0.0,22707.0,0,4312.0,11.80561259411362,84.0,1.0,0,84.0,False,False,False,False,False,False,False,False,False,False,False,False,False,False,False,False,False,False,False,False,False,False,False,False,True,False,False,False,False,False,False,,
222,6031,60,603,1,128,24,5.0,0.0,0.0,0.0,0.0,0.0,0.0,2477725.25,867616.75,1610108.5,176176.0,3164411.25,0.0,0.0,0.0,3963459.5,0.0,0.0,0.0,75575.5,5649143.5,5794.75,5399.5,9677417.75,2058056.0,930179.25,518017.5,3312809.5,1191940.75,724473.75,-13763.75,312312.0,0.0,0.0,0.0,0.0,2047295.25,0.0,2047295.25,773773.0,3290287.0,311561.25,5649143.5,0.0,0.0,0.0,0.0,0.0,0.0,0.0,0.0,0.0,0.0,0.0,19335.5,0,4096.0,11.214236824093087,48.0,1.0,0,48.0,False,False,False,False,False,False,False,True,False,False,False,False,False,True,False,False,False,False,False,False,False,False,False,False,False,False,True,False,False,False,False,0.02608695652173913,0.3823884197828709
223,4543,45,454,50,90,35,6.0,0.0,0.0,0.0,0.0,0.0,0.0,3751497.75,864363.5,2887134.25,3317814.5,8646387.75,0.0,0.0,0.0,13879615.75,0.0,0.0,0.0,7007.0,16773757.0,14213.5,14198.75,9065056.0,1157156.0,-1041540.5,-1467466.0,7187430.25,2126124.0,-967716.75,-372872.5,-1580078.5,0.0,0.0,0.0,0.0,2720467.75,0.0,2720467.75,4903899.0,10973212.25,3080077.0,16773757.0,0.0,0.0,0.0,0.0,0.0,0.0,0.0,0.0,0.0,0.0,0.0,17858.0,0,6599.0,18.067077344284737,120.0,1.0,0,120.0,False,True,False,False,False,False,False,False,False,False,False,False,False,True,False,False,False,False,False,False,False,False,False,False,True,False,False,False,False,False,False,0.3242236024844721,0.3823884197828709
224,5131,51,513,0,32,23,7.5,0.0,0.0,0.0,0.0,0.0,0.0,0.0,0.0,0.0,0.0,0.0,0.0,0.0,0.0,0.0,0.0,0.0,0.0,0.0,0.0,11173083.75,1328244.75,0.0,0.0,0.0,0.0,0.0,0.0,0.0,0.0,0.0,0.0,0.0,0.0,0.0,0.0,0.0,0.0,0.0,0.0,0.0,0.0,0.0,0.0,0.0,0.0,0.0,0.0,0.0,0.0,0.0,0.0,0.0,0.0,1,1287.0,3.5236139630390144,60.0,1.0,0,60.0,False,False,False,False,False,False,False,False,False,False,False,True,False,False,False,False,False,False,False,False,False,False,False,True,False,False,False,False,False,True,False,0.07080745341614907,0.054282267792521106
225,1825,18,182,90,10,5,5.62,0.0,0.0,0.0,0.0,0.0,0.0,25780254.5,10640880.25,15139374.25,4350846.5,16358842.5,0.0,0.0,0.0,26293767.5,0.0,0.0,0.0,1591089.5,43024231.25,24728603.75,47626.25,48798499.75,10122612.5,3687684.0,2132130.0,35180645.5,6172166.0,2892139.25,-1258006.75,1341590.25,0.0,0.0,0.0,0.0,16649382.75,2174672.5,18824055.25,9344835.5,12754742.0,11445434.0,43024231.25,0.0,0.0,0.0,0.0,0.0,0.0,0.0,0.0,0.0,0.0,0.0,97500.5,0,8891.0,24.34223134839151,120.0,1.0,0,120.0,False,True,False,False,False,False,False,False,False,False,False,False,False,True,False,False,False,False,False,False,False,False,False,False,True,False,False,False,False,False,False,0.3242236024844721,0.3823884197828709
226,121,1,12,0,0,7,5.5,,,,,,,,,,,,,,,,,,,,,,,,,,,,,,,,,,,,,,,,,,,,,,,,,,,,,,,0,3534.0,9.675564681724847,156.0,6.0,0,26.0,False,True,False,False,False,False,False,False,False,False,False,False,False,True,False,False,False,False,False,False,False,False,False,False,False,False,False,False,False,False,False,0.3242236024844721,0.3823884197828709
227,4522,45,452,2,90,24,0.0,0.0,0.0,0.0,0.0,0.0,0.0,27776999.25,16124608.5,11652390.75,1105354.25,13892378.5,0.0,0.0,0.0,17595077.5,0.0,0.0,0.0,314063.75,29561532.0,33491.75,29325.5,40189399.25,8332324.0,2404902.5,4685180.5,25737461.75,5586831.25,-865865.0,-325575.25,414914.5,0.0,0.0,0.0,0.0,4289034.75,887386.5,5176421.25,11410649.25,19111842.75,5273268.0,29561532.0,0.0,0.0,0.0,0.0,0.0,0.0,0.0,0.0,0.0,0.0,0.0,78917.0,0,4486.0,12.281998631074606,60.0,1.0,0,60.0,False,False,False,False,False,False,False,False,False,True,False,False,False,False,False,False,False,False,False,False,False,True,False,False,False,False,False,False,True,False,False,0.07204968944099378,0.007237635705669481
228,4522,45,452,0,90,24,0.0,0.0,0.0,0.0,0.0,0.0,0.0,27776999.25,16124608.5,11652390.75,1105354.25,13892378.5,0.0,0.0,0.0,17595077.5,0.0,0.0,0.0,314063.75,29561532.0,33491.75,29325.5,40189399.25,8332324.0,2404902.5,4685180.5,25737461.75,5586831.25,-865865.0,-325575.25,414914.5,0.0,0.0,0.0,0.0,4289034.75,887386.5,5176421.25,11410649.25,19111842.75,5273268.0,29561532.0,0.0,0.0,0.0,0.0,0.0,0.0,0.0,0.0,0.0,0.0,0.0,78917.0,0,4619.0,12.646132785763175,48.0,1.0,0,48.0,False,False,False,False,False,False,False,False,False,True,False,False,False,False,False,False,False,False,False,False,False,True,False,False,False,False,False,False,True,False,False,0.07204968944099378,0.007237635705669481
229,7023,70,702,0,5,24,1.0,,,,,,,,,,,,,,,,,,,,,,,,,,,,,,,,,,,,,,,,,,,,,,,,,,,,,,,1,1724.0,4.720054757015743,48.0,1.0,0,48.0,False,False,False,False,False,False,False,False,True,False,False,False,False,False,False,False,False,False,False,False,True,False,False,False,False,False,False,True,False,False,False,0.08074534161490683,0.07117008443908324
230,2733,27,273,7,32,23,6.0,0.0,0.0,0.0,0.0,0.0,0.0,2121619.5,389639.25,1731980.25,0.0,7586078.5,0.0,0.0,0.0,8349090.75,0.0,0.0,0.0,82332.25,10163403.25,4145719.5,8563.75,11913902.0,995744.75,268768.5,369369.0,8924916.0,703703.0,173173.0,-26276.25,273773.5,0.0,0.0,0.0,0.0,1991739.75,1875123.25,3866863.0,3709706.0,6092336.25,204204.0,10163403.25,0.0,0.0,0.0,0.0,0.0,0.0,0.0,0.0,0.0,0.0,0.0,23804.0,0,2933.0,8.030116358658454,48.0,1.0,0,48.0,False,True,False,False,False,False,False,False,False,False,False,False,False,True,False,False,False,False,False,False,False,False,False,False,True,False,False,False,False,False,False,0.3242236024844721,0.3823884197828709
231,124,1,12,0,8,7,6.5,0.0,0.0,0.0,0.0,0.0,0.0,3750747.0,151151.0,3637383.75,0.0,0.0,0.0,0.0,0.0,0.0,0.0,0.0,0.0,750.75,3638134.5,0.0,0.0,347847.5,-150150.0,-341341.0,-185935.75,350850.5,190440.25,-282782.5,-16016.0,-299048.75,0.0,0.0,0.0,0.0,-346596.25,0.0,-346596.25,416165.75,3078575.5,906155.25,3638134.5,0.0,0.0,0.0,0.0,0.0,0.0,0.0,0.0,0.0,0.0,0.0,695.0,0,1356.0,3.7125256673511293,120.0,12.0,0,10.0,False,False,False,False,True,False,False,False,False,False,False,False,False,False,False,False,True,False,False,False,False,False,False,False,False,True,False,False,False,False,False,0.06459627329192547,0.06031363088057901
232,2710,27,271,1,0,22,5.0,0.0,0.0,0.0,0.0,0.0,0.0,3495742.25,2487985.5,1007756.75,2097762.3333333335,23589816.25,0.0,0.0,0.0,32966433.5,0.0,0.0,0.0,1006255.25,34980445.5,34392.0,22366.25,38926888.0,4611607.0,1544793.25,911911.0,30831801.0,3011008.0,1312561.25,-433182.75,679679.0,0.0,0.0,0.0,0.0,4886131.25,0.0,4886131.25,20676906.25,26410384.0,3683930.25,34980445.5,0.0,0.0,0.0,0.0,0.0,0.0,0.0,0.0,0.0,0.0,0.0,77776.0,0,1969.0,5.390828199863107,60.0,1.0,0,60.0,False,True,False,False,False,False,False,False,False,False,False,False,False,True,False,False,False,False,False,False,False,False,False,False,True,False,False,False,False,False,False,0.024844720496894408,0.3823884197828709
233,2751,27,275,1,0,22,5.0,0.0,0.0,0.0,0.0,0.0,0.0,3495742.25,2487985.5,1007756.75,2097762.3333333335,23589816.25,0.0,0.0,0.0,32966433.5,0.0,0.0,0.0,1006255.25,34980445.5,34392.0,22366.25,38926888.0,4611607.0,1544793.25,911911.0,30831801.0,3011008.0,1312561.25,-433182.75,679679.0,0.0,0.0,0.0,0.0,4886131.25,0.0,4886131.25,20676906.25,26410384.0,3683930.25,34980445.5,0.0,0.0,0.0,0.0,0.0,0.0,0.0,0.0,0.0,0.0,0.0,77776.0,0,1984.0,5.431895961670089,60.0,1.0,0,60.0,False,True,False,False,False,False,False,False,False,False,False,False,False,True,False,False,False,False,False,False,False,False,False,False,True,False,False,False,False,False,False,0.024844720496894408,0.3823884197828709
234,4547,45,454,2,43,29,7.5,0.0,0.0,0.0,0.0,0.0,0.0,13904640.75,8210202.0,5694438.75,4112358.25,2762259.5,0.0,0.0,0.0,6874617.75,0.0,0.0,0.0,452452.0,13021508.5,8315806.5,13169.75,17195178.0,4831076.25,4549044.5,4213209.0,11646384.75,282031.75,3589586.0,-309309.0,3280277.0,0.0,0.0,0.0,0.0,5329324.0,1463211.75,6792535.75,1189938.75,4250746.5,1978226.25,13021508.5,0.0,0.0,0.0,0.0,0.0,0.0,0.0,0.0,0.0,0.0,0.0,34028.5,0,6504.0,17.806981519507186,60.0,3.0,0,20.0,False,False,False,False,False,False,False,True,False,False,False,False,False,False,False,False,False,False,False,True,False,False,False,False,False,False,True,False,False,False,False,0.02608695652173913,0.024125452352231604
235,7210,72,721,1,0,5,5.0,0.0,0.0,0.0,0.0,0.0,0.0,83583.5,23523.5,60060.0,126626.5,1159158.0,0.0,0.0,0.0,1610609.0,0.0,0.0,0.0,55055.0,1725724.0,1417916.5,1135134.0,2442440.0,571070.5,407407.0,325825.5,1817816.0,160660.5,407407.0,0.0,325825.5,0.0,0.0,0.0,0.0,515515.0,0.0,515515.0,589088.5,1210209.0,0.0,1725724.0,0.0,0.0,0.0,0.0,0.0,0.0,0.0,0.0,0.0,0.0,0.0,4880.0,0,3068.0,8.399726214921287,120.0,1.0,0,120.0,False,True,False,False,False,False,False,False,False,False,False,False,False,True,False,False,False,False,False,False,False,False,False,False,True,False,False,False,False,False,False,0.3242236024844721,0.3823884197828709
236,6062,60,606,4,21,24,1.0,100.0,100.0,0.0,100.0,100.0,0.0,5545561.333333333,5025020.0,520541.3333333333,0.0,4000838.0,100.0,100.0,0.0,5729891.0,100.0,100.0,0.0,647093.0,6897525.333333333,6030342.333333333,5219.333333333333,12139691.333333334,3176540.6666666665,1324889.6666666667,1179429.0,5559424.666666667,1683911.6666666667,801816.0,-57042.666666666664,656355.3333333334,100.0,100.0,0.0,2.0,2417391.0,393059.3333333333,2810450.3333333335,2566341.6666666665,4087075.0,0.0,6897525.333333333,51.0,51.0,0.0,39.9339,43.9017,0.0,37.8893,66.0,100.0,0.0,2.0,18074.0,0,2877.0,7.876796714579055,48.0,1.0,0,48.0,False,False,False,False,False,False,False,False,False,False,True,False,False,False,False,False,False,False,False,False,False,False,True,False,False,False,False,False,False,False,False,0.03229813664596273,0.007237635705669481
237,5154,51,515,6,40,25,8.0,0.0,0.0,0.0,0.0,0.0,0.0,9837858.28025,6571004.69025,3266853.59,5339932.0975,20421439.5385,0.0,0.0,0.0,26251318.34325,0.0,0.0,0.0,138738.6,29656910.53325,24829.022,25507.75,26072068.022,3911616.2084999997,1987996.76075,1312496.6855000001,18691382.71,1799631.58375,1051028.72875,-708879.171,375528.6535,0.0,0.0,0.0,0.0,8043380.09475,3642600.2112499997,11685980.306,2015932.4185000001,10744587.854,7226271.80275,29656839.962750003,0.0,0.0,0.0,0.0,0.0,0.0,0.0,0.0,0.0,0.0,0.0,52092.044,0,3071.0,8.407939767282683,48.0,1.0,0,48.0,False,True,False,False,False,False,False,False,False,False,False,False,False,True,False,False,False,False,False,False,False,False,False,False,True,False,False,False,False,False,False,0.3242236024844721,0.3823884197828709
238,2430,24,243,0,264,9,4.66,50.0,0.0,0.0,50.0,0.0,0.0,20110090.0,10231971.75,9878118.25,13480967.5,25195420.25,25.0,0.0,0.0,41362321.0,50.0,0.0,0.0,2182680.5,53423119.75,54485.75,56278.5,52298746.5,10845835.0,2894141.25,1769017.25,35541756.25,7749241.5,1791039.25,-774273.5,666916.25,50.0,0.0,0.0,0.5,28532253.75,682181.5,29214435.25,11992480.5,20230460.25,3978224.25,53423119.75,50.0,0.0,0.0,20.8511,0.0,0.0,23.08625,33.0,0.0,0.0,0.5,103694.0,0,6999.0,19.16221765913758,60.0,1.0,0,60.0,False,False,False,False,False,False,True,False,False,False,False,False,False,False,False,False,False,False,True,False,False,False,False,False,False,False,False,False,False,False,True,0.02608695652173913,0.018094089264173704
239,1421,14,142,0,0,23,6.0,,,,,,,,,,,,,,,,,,,,,,,,,,,,,,,,,,,,,,,,,,,,,,,,,,,,,,,0,2199.0,6.020533880903491,60.0,1.0,0,60.0,False,True,False,False,False,False,False,False,False,False,False,False,False,True,False,False,False,False,False,False,False,False,False,False,True,False,False,False,False,False,False,0.3242236024844721,0.3823884197828709
240,8021,80,802,46,28,2,5.0,0.0,0.0,0.0,0.0,0.0,0.0,2101599.5,284784.5,1816815.0,0.0,130630.5,0.0,0.0,0.0,130630.5,0.0,0.0,0.0,110610.5,2058056.0,615615.0,576075.5,713713.0,628628.0,416916.5,305805.5,35535.5,208208.0,295795.5,-108608.5,184684.5,0.0,0.0,0.0,0.0,503002.5,1432931.5,1935934.0,16016.0,122122.0,0.0,2058056.0,0.0,0.0,0.0,0.0,0.0,0.0,0.0,0.0,0.0,0.0,0.0,1426.0,0,1976.0,5.409993155373032,144.0,3.0,0,48.0,False,True,False,False,False,False,False,False,False,False,False,False,False,True,False,False,False,False,False,False,False,False,False,False,False,False,False,True,False,False,False,0.002484472049689441,0.0024125452352231603
241,1574,15,157,27,40,30,5.5,,,,,,,,,,,,,,,,,,,,,,,,,,,,,,,,,,,,,,,,,,,,,,,,,,,,,,,0,8746.0,23.94524298425736,84.0,3.0,0,28.0,False,False,False,False,False,False,False,False,True,False,False,False,False,False,False,False,False,False,False,False,True,False,False,False,False,False,False,True,False,False,False,0.08074534161490683,0.07117008443908324
242,5232,52,523,2,122,36,4.66,0.0,0.0,0.0,0.0,0.0,0.0,21541269.75,6222466.25,15318803.5,12129867.75,5368863.5,0.0,0.0,0.0,22805532.75,0.0,0.0,0.0,1707706.0,39832042.25,40005215.25,36632345.75,44873078.25,14173409.25,7234477.25,5380375.0,25613838.25,6421415.0,5883627.75,16516.5,4029525.5,0.0,0.0,0.0,0.0,29651872.25,0.0,29651872.25,6011505.5,9460951.5,719218.5,39832042.25,0.0,0.0,0.0,0.0,0.0,0.0,0.0,0.0,0.0,0.0,0.0,89656.5,0,10635.0,29.117043121149898,36.0,1.0,0,36.0,False,False,False,False,False,False,False,False,False,True,False,False,False,False,False,False,False,False,False,False,False,True,False,False,False,False,False,False,True,False,False,0.07204968944099378,0.05066344993968637
243,6025,60,602,2,16,25,5.0,0.0,0.0,0.0,0.0,0.0,0.0,5735229.5,5271766.5,463463.0,3114611.5,11321310.0,0.0,0.0,0.0,15116101.0,0.0,0.0,0.0,0.0,15579564.0,12747735.0,12960948.0,7634126.5,2489487.0,982982.0,254754.5,2981979.0,1431430.0,345845.5,-61061.0,254754.5,0.0,0.0,0.0,0.0,4517513.0,20520.5,4538033.5,1447446.0,10028518.5,1013012.0,15579564.0,0.0,0.0,0.0,0.0,0.0,0.0,0.0,0.0,0.0,0.0,0.0,15253.0,0,3075.0,8.41889117043121,60.0,1.0,0,60.0,False,True,False,False,False,False,False,False,False,False,False,False,False,True,False,False,False,False,False,False,False,False,False,False,True,False,False,False,False,False,False,0.3242236024844721,0.3823884197828709
244,2970,29,297,212,300,2,4.9,0.0,0.0,0.0,0.0,0.0,0.0,72679106.5,44527232.75,28151873.75,43956662.75,11474463.0,0.0,0.0,0.0,60819258.5,0.0,0.0,0.0,2257755.5,91228887.75,76690.0,74122.25,81433352.0,20199429.25,8213205.0,7616108.5,54196142.0,11563301.75,5991986.0,-2052800.75,1842841.0,0.0,0.0,0.0,0.0,43689896.25,10872862.0,54562758.25,9437928.5,15048533.5,21617596.0,91228887.75,0.0,0.0,0.0,0.0,0.0,0.0,0.0,0.0,0.0,0.0,0.0,157587.0,0,13866.0,37.96303901437371,84.0,1.0,0,84.0,False,True,False,False,False,False,False,False,False,False,False,False,False,True,False,False,False,False,False,False,False,False,False,False,True,False,False,False,False,False,False,0.3242236024844721,0.3823884197828709
245,5147,51,514,1,3,24,6.5,,,,,,,,,,,,,,,,,,,,,,,,,,,,,,,,,,,,,,,,,,,,,,,,,,,,,,,0,1953.0,5.347022587268994,120.0,1.0,0,120.0,False,True,False,False,False,False,False,False,False,False,False,False,False,True,False,False,False,False,False,False,False,False,False,False,True,False,False,False,False,False,False,0.3242236024844721,0.3823884197828709
246,6023,60,602,1,1000,24,1.0,0.0,0.0,0.0,0.0,0.0,0.0,71904833.0,32553270.75,39351562.25,1674923.25,63675862.25,0.0,0.0,0.0,93169076.0,0.0,0.0,0.0,278528.25,132799166.5,73409336.0,87357520.25,74731907.25,29984454.5,10209199.0,6608351.75,32182900.75,19188919.75,7121614.5,-1951699.75,3520767.25,0.0,0.0,0.0,0.0,29357578.25,22027755.75,51385334.0,28865837.0,69841021.25,11573562.0,132799917.25,0.0,0.0,0.0,0.0,0.0,0.0,0.0,0.0,0.0,0.0,0.0,149314.5,1,11913.0,32.616016427104725,60.0,1.0,0,60.0,False,False,False,False,False,False,False,True,False,False,False,False,False,False,False,False,False,False,False,True,False,False,False,False,False,False,True,False,False,False,False,0.02608695652173913,0.024125452352231604
247,6070,60,607,0,1000,24,0.0,0.0,0.0,0.0,0.0,0.0,0.0,71904833.0,32553270.75,39351562.25,1674923.25,63675862.25,0.0,0.0,0.0,93169076.0,0.0,0.0,0.0,278528.25,132799166.5,73409336.0,87357520.25,74731907.25,29984454.5,10209199.0,6608351.75,32182900.75,19188919.75,7121614.5,-1951699.75,3520767.25,0.0,0.0,0.0,0.0,29357578.25,22027755.75,51385334.0,28865837.0,69841021.25,11573562.0,132799917.25,0.0,0.0,0.0,0.0,0.0,0.0,0.0,0.0,0.0,0.0,0.0,149314.5,1,12322.0,33.73579739904175,48.0,1.0,0,48.0,False,False,False,False,False,False,False,True,False,False,False,False,False,False,False,False,False,False,False,True,False,False,False,False,False,False,True,False,False,False,False,0.02608695652173913,0.024125452352231604
248,3420,34,342,1,50,23,5.0,0.0,0.0,0.0,0.0,0.0,0.0,4273018.75,593593.0,3679425.75,3528274.75,6401895.5,0.0,0.0,0.0,11140129.0,0.0,0.0,0.0,78828.75,14898383.5,17882.75,10345.25,21439167.75,3228725.5,1095344.25,747997.25,16953937.0,2061059.0,923672.75,-239739.5,576325.75,0.0,0.0,0.0,0.0,2465713.25,2141889.75,4607603.0,4898894.0,8740481.75,1550298.75,14898383.5,0.0,0.0,0.0,0.0,0.0,0.0,0.0,0.0,0.0,0.0,0.0,41378.5,0,6707.0,18.362765229295004,60.0,1.0,0,60.0,False,True,False,False,False,False,False,False,False,False,False,False,False,True,False,False,False,False,False,False,False,False,False,False,True,False,False,False,False,False,False,0.3242236024844721,0.3823884197828709
249,4521,45,452,4,0,24,7.0,0.0,0.0,0.0,0.0,0.0,0.0,10460199.75,5478973.5,4981226.25,2190188.0,12390378.0,0.0,0.0,0.0,15778012.25,0.0,0.0,0.0,51551.5,20810790.0,11548177.75,23037.25,30784754.0,9219460.25,2905402.5,2608606.0,19995225.25,6263757.5,945694.75,-153653.5,686435.75,0.0,0.0,0.0,0.0,4746491.75,187937.75,4934429.5,5764759.0,14262498.25,1613862.25,20810790.0,0.0,0.0,0.0,0.0,0.0,0.0,0.0,0.0,0.0,0.0,0.0,63542.5,1,9373.0,25.661875427789184,48.0,1.0,0,48.0,False,True,False,False,False,False,False,False,False,False,False,False,False,True,False,False,False,False,False,False,False,False,False,False,False,False,False,True,False,False,False,0.3242236024844721,0.3823884197828709
250,4521,45,452,4,0,24,6.0,0.0,0.0,0.0,0.0,0.0,0.0,10460199.75,5478973.5,4981226.25,2190188.0,12390378.0,0.0,0.0,0.0,15778012.25,0.0,0.0,0.0,51551.5,20810790.0,11548177.75,23037.25,30784754.0,9219460.25,2905402.5,2608606.0,19995225.25,6263757.5,945694.75,-153653.5,686435.75,0.0,0.0,0.0,0.0,4746491.75,187937.75,4934429.5,5764759.0,14262498.25,1613862.25,20810790.0,0.0,0.0,0.0,0.0,0.0,0.0,0.0,0.0,0.0,0.0,0.0,63542.5,1,9402.0,25.741273100616016,48.0,1.0,0,48.0,False,True,False,False,False,False,False,False,False,False,False,False,False,True,False,False,False,False,False,False,False,False,False,False,False,False,False,True,False,False,False,0.3242236024844721,0.3823884197828709
251,6025,60,602,5,102,23,7.0,0.0,0.0,0.0,0.0,0.0,0.0,5176921.75,3781027.25,1395894.5,241241.0,15815299.5,0.0,0.0,0.0,18690421.75,0.0,0.0,0.0,107857.75,20194174.0,33566.75,27295.5,39003214.25,8313305.0,2033531.5,1165414.25,12406143.75,5879623.75,1162411.25,15015.0,342842.5,0.0,0.0,0.0,0.0,2273521.25,0.0,2273521.25,10020010.0,16355589.25,1565063.5,20194174.0,0.0,0.0,0.0,0.0,0.0,0.0,0.0,0.0,0.0,0.0,0.0,77855.5,0,4801.0,13.144421629021219,48.0,1.0,0,48.0,False,True,False,False,False,False,False,False,False,False,False,False,False,True,False,False,False,False,False,False,False,False,False,False,True,False,False,False,False,False,False,0.3242236024844721,0.3823884197828709
252,6025,60,602,3,102,23,7.0,0.0,0.0,0.0,0.0,0.0,0.0,5176921.75,3781027.25,1395894.5,241241.0,15815299.5,0.0,0.0,0.0,18690421.75,0.0,0.0,0.0,107857.75,20194174.0,33566.75,27295.5,39003214.25,8313305.0,2033531.5,1165414.25,12406143.75,5879623.75,1162411.25,15015.0,342842.5,0.0,0.0,0.0,0.0,2273521.25,0.0,2273521.25,10020010.0,16355589.25,1565063.5,20194174.0,0.0,0.0,0.0,0.0,0.0,0.0,0.0,0.0,0.0,0.0,0.0,77855.5,0,4863.0,13.314168377823409,48.0,1.0,0,48.0,False,True,False,False,False,False,False,False,False,False,False,False,False,True,False,False,False,False,False,False,False,False,False,False,True,False,False,False,False,False,False,0.3242236024844721,0.3823884197828709
253,6033,60,603,1,10,25,5.95,0.0,0.0,0.0,0.0,0.0,0.0,16800283.5,3996742.75,12803540.75,0.0,4468213.75,0.0,0.0,0.0,9219960.75,0.0,0.0,0.0,1707455.75,23730957.25,9608599.0,4489013.75,9988228.25,2011759.75,1734733.0,1728977.25,6756499.75,139889.75,323072.75,46296.25,317317.0,0.0,0.0,0.0,0.0,13362098.75,366115.75,13728214.5,1968967.0,5907902.0,4094840.75,23730957.25,0.0,0.0,0.0,0.0,0.0,0.0,0.0,0.0,0.0,0.0,0.0,19956.5,1,2797.0,7.657768651608487,60.0,1.0,0,60.0,False,True,False,False,False,False,False,False,False,False,False,False,False,True,False,False,False,False,False,False,False,False,False,False,False,False,True,False,False,False,False,0.3242236024844721,0.3823884197828709
254,7423,74,742,0,30,1,7.0,,,,,,,,,,,,,,,,,,,,,,,,,,,,,,,,,,,,,,,,,,,,,,,,,,,,,,,0,1339.0,3.6659822039698837,84.0,1.0,0,84.0,False,False,False,False,False,False,False,False,False,False,True,False,False,False,False,False,False,False,False,False,False,False,True,False,False,False,False,False,False,False,False,0.04720496894409938,0.04945717732207479
255,6062,60,606,0,52,20,6.0,0.0,0.0,0.0,0.0,0.0,0.0,4598093.5,1916915.0,2681178.5,2252.25,10488478.0,0.0,0.0,0.0,16763496.75,0.0,0.0,0.0,179429.25,19624104.5,18962693.75,22229457.25,13588575.0,4408904.5,914663.75,586085.5,5836831.0,3336583.25,376876.5,-313813.5,48298.25,0.0,0.0,0.0,0.0,4883628.75,1578326.75,6461955.5,8075817.75,9912903.0,3249246.0,19624104.5,0.0,0.0,0.0,0.0,0.0,0.0,0.0,0.0,0.0,0.0,0.0,27150.0,0,1481.0,4.054757015742642,120.0,1.0,0,120.0,False,True,False,False,False,False,False,False,False,False,False,False,False,True,False,False,False,False,False,False,False,False,False,False,True,False,False,False,False,False,False,0.3242236024844721,0.3823884197828709
256,116,1,11,0,500,20,6.0,0.0,0.0,0.0,0.0,0.0,0.0,22148376.25,11425414.0,13579315.75,1678677.0,128878.75,0.0,0.0,0.0,8026768.75,0.0,0.0,0.0,573573.0,22179657.5,72679607.0,67221904.75,84011427.5,14044030.0,3553550.0,2355353.0,58242684.5,10294784.5,1307556.25,-1015014.0,109359.25,0.0,0.0,0.0,0.0,3534030.5,1513762.25,5047792.75,3096343.25,17131864.75,0.0,22179657.5,0.0,0.0,0.0,0.0,0.0,0.0,0.0,0.0,0.0,0.0,0.0,170464.5,0,6553.0,17.94113620807666,48.0,1.0,0,48.0,False,False,False,False,False,False,False,False,False,False,False,True,False,False,False,False,False,False,False,False,False,False,False,True,False,False,False,False,False,True,False,0.0012422360248447205,0.0036188178528347406
257,2623,26,262,2,25,35,6.6,0.0,0.0,0.0,0.0,0.0,0.0,23402879.5,1967465.5,21435414.0,4052548.5,10386125.75,0.0,0.0,0.0,18790271.5,0.0,0.0,0.0,48298.25,40273983.75,25117.25,18069.25,29300271.0,2864361.5,2359106.75,1595594.0,23182909.75,487987.5,1528276.75,-536536.0,764764.0,0.0,0.0,0.0,0.0,6813807.0,12014752.75,18828559.75,10085075.0,16561044.5,4884379.5,40273983.75,0.0,0.0,0.0,0.0,0.0,0.0,0.0,0.0,0.0,0.0,0.0,58542.0,1,1663.0,4.553045859000685,48.0,1.0,0,48.0,False,True,False,False,False,False,False,False,False,False,False,False,False,True,False,False,False,False,False,False,False,False,False,False,False,False,False,True,False,False,False,0.012422360248447204,0.006031363088057901
258,3430,34,343,30,160,22,5.0,0.0,0.0,0.0,0.0,0.0,0.0,20445174.75,8985476.5,11459698.25,19637117.5,22238466.25,0.0,0.0,0.0,48768970.25,0.0,0.0,0.0,1920919.0,62149587.5,40672.25,44323.75,41451910.5,4939184.25,2392890.5,1953701.75,34107823.75,2390137.75,881881.0,-206956.75,442692.25,0.0,0.0,0.0,0.0,11771009.25,28797769.0,40568778.25,5552797.25,21580308.75,667.3333333333334,62149587.5,0.0,0.0,0.0,0.0,0.0,0.0,0.0,0.0,0.0,0.0,0.0,79811.5,0,2716.0,7.436002737850787,72.0,1.0,0,72.0,False,True,False,False,False,False,False,False,False,False,False,False,False,True,False,False,False,False,False,False,False,False,False,False,True,False,False,False,False,False,False,0.3242236024844721,0.3823884197828709
259,6025,60,602,2,20,22,0.0,,,,,,,,,,,,,,,,,,,,,,,,,,,,,,,,,,,,,,,,,,,,,,,,,,,,,,,1,1531.0,4.191649555099247,60.0,1.0,0,60.0,False,False,False,False,False,False,False,False,False,True,False,False,False,False,False,False,False,False,False,False,False,True,False,False,False,False,False,False,True,False,False,0.07204968944099378,0.007237635705669481
260,6025,60,602,1,20,24,0.0,,,,,,,,,,,,,,,,,,,,,,,,,,,,,,,,,,,,,,,,,,,,,,,,,,,,,,,0,1713.0,4.689938398357289,60.0,1.0,0,60.0,False,False,False,False,False,False,False,False,False,True,False,False,False,False,False,False,False,False,False,False,False,True,False,False,False,False,False,False,True,False,False,0.07204968944099378,0.007237635705669481
261,6042,60,604,3,0,24,9.0,,,,,,,11888000.0,6457000.0,5431000.0,0.0,386000.0,,,,1166000.0,,,,165000.0,6762000.0,7854000.0,7103000.0,9082000.0,3485000.0,2192000.0,1617000.0,477000.0,1257000.0,1118000.0,-37000.0,543000.0,,,,,1995000.0,115000.0,2110000.0,1303000.0,4652000.0,0.0,6762000.0,,,,,,,,,,,,,0,4806.0,13.158110882956878,54.0,1.0,0,54.0,False,False,False,False,False,False,False,False,True,False,False,False,False,False,False,False,False,False,False,False,False,False,False,False,False,False,False,True,False,False,False,0.08074534161490683,
262,6031,60,603,3,0,24,9.0,,,,,,,11888000.0,6457000.0,5431000.0,0.0,386000.0,,,,1166000.0,,,,165000.0,6762000.0,7854000.0,7103000.0,9082000.0,3485000.0,2192000.0,1617000.0,477000.0,1257000.0,1118000.0,-37000.0,543000.0,,,,,1995000.0,115000.0,2110000.0,1303000.0,4652000.0,0.0,6762000.0,,,,,,,,,,,,,0,4806.0,13.158110882956878,54.0,1.0,0,54.0,False,False,False,False,False,False,False,False,True,False,False,False,False,False,False,False,False,False,False,False,False,False,False,False,False,False,False,True,False,False,False,0.08074534161490683,
263,127,1,12,20,10,5,7.0,,,,,,,,,,,,,,,,,,,,,,,,,,,,,,,,,,,,,,,,,,,,,,,,,,,,,,,1,6744.0,18.46406570841889,48.0,1.0,0,48.0,False,False,False,False,False,False,False,False,False,False,True,False,False,False,False,False,False,False,False,False,False,False,True,False,False,False,False,False,False,False,False,0.0012422360248447205,0.0024125452352231603
264,3611,36,361,10,250,35,2.0,0.0,0.0,0.0,0.0,0.0,0.0,10682421.75,8280772.5,2401649.25,8809550.75,11641630.0,0.0,0.0,0.0,24278504.25,0.0,0.0,0.0,337837.5,27017991.0,21238.25,19071.25,23652629.0,4467212.75,2437184.75,768768.0,16249983.75,1913161.25,1805053.25,-1286034.75,139389.25,0.0,0.0,0.0,0.0,7705197.5,4904399.5,12609597.0,4866111.25,6761755.0,7646639.0,27017991.0,0.0,0.0,0.0,0.0,0.0,0.0,0.0,0.0,0.0,0.0,0.0,47609.0,0,11227.0,30.7378507871321,84.0,1.0,0,84.0,False,True,False,False,False,False,False,False,False,False,False,False,False,True,False,False,False,False,False,False,False,False,False,False,True,False,False,False,False,False,False,0.3242236024844721,0.3823884197828709
265,9214,92,921,9,98,6,5.0,0.0,0.0,0.0,0.0,0.0,0.0,154375971.75,76021195.25,78354776.5,252001.75,3882128.25,0.0,0.0,0.0,9778518.75,0.0,0.0,0.0,5660655.0,93793950.25,36121335.25,40530740.25,36505969.5,13850837.0,9738228.5,6282776.5,15085570.5,3662659.0,2857104.25,-1462711.25,-403653.25,0.0,0.0,0.0,0.0,30520490.0,21541269.75,52061759.75,8865606.75,41731940.25,0.0,93793700.0,0.0,0.0,0.0,0.0,0.0,0.0,0.0,0.0,0.0,0.0,0.0,72804.5,0,6524.0,17.861738535249827,84.0,1.0,0,84.0,False,True,False,False,False,False,False,False,False,False,False,False,False,True,False,False,False,False,False,False,False,False,False,False,False,False,False,False,True,False,False,0.3242236024844721,0.3823884197828709
266,9214,92,921,24,98,6,5.0,0.0,0.0,0.0,0.0,0.0,0.0,154375971.75,76021195.25,78354776.5,252001.75,3882128.25,0.0,0.0,0.0,9778518.75,0.0,0.0,0.0,5660655.0,93793950.25,36121335.25,40530740.25,36505969.5,13850837.0,9738228.5,6282776.5,15085570.5,3662659.0,2857104.25,-1462711.25,-403653.25,0.0,0.0,0.0,0.0,30520490.0,21541269.75,52061759.75,8865606.75,41731940.25,0.0,93793700.0,0.0,0.0,0.0,0.0,0.0,0.0,0.0,0.0,0.0,0.0,0.0,72804.5,0,6524.0,17.861738535249827,108.0,1.0,0,108.0,False,True,False,False,False,False,False,False,False,False,False,False,False,True,False,False,False,False,False,False,False,False,False,False,False,False,False,False,True,False,False,0.3242236024844721,0.3823884197828709
267,5162,51,516,3,101,22,1.0,0.0,0.0,0.0,0.0,0.0,0.0,5387882.5,4115611.5,1272271.0,1203702.5,2503751.25,0.0,0.0,0.0,6043037.0,0.0,0.0,0.0,0.0,7315308.0,19534169.75,17150101.0,56311505.25,1342341.0,1317566.25,893392.5,51847545.75,21521.5,1137636.5,-187437.25,713462.75,0.0,0.0,0.0,0.0,6311805.5,0.0,6311805.5,841090.25,841590.75,161911.75,7315308.0,0.0,0.0,0.0,0.0,0.0,0.0,0.0,0.0,0.0,0.0,0.0,110105.5,0,8429.0,23.077344284736483,48.0,1.0,0,48.0,False,True,False,False,False,False,False,False,False,False,False,False,False,True,False,False,False,False,False,False,False,False,False,False,True,False,False,False,False,False,False,0.008695652173913044,0.008443908323281062
268,5162,51,516,3,101,22,1.0,0.0,0.0,0.0,0.0,0.0,0.0,5387882.5,4115611.5,1272271.0,1203702.5,2503751.25,0.0,0.0,0.0,6043037.0,0.0,0.0,0.0,0.0,7315308.0,19534169.75,17150101.0,56311505.25,1342341.0,1317566.25,893392.5,51847545.75,21521.5,1137636.5,-187437.25,713462.75,0.0,0.0,0.0,0.0,6311805.5,0.0,6311805.5,841090.25,841590.75,161911.75,7315308.0,0.0,0.0,0.0,0.0,0.0,0.0,0.0,0.0,0.0,0.0,0.0,110105.5,0,8429.0,23.077344284736483,576.0,1.0,0,576.0,False,True,False,False,False,False,False,False,False,False,False,False,False,True,False,False,False,False,False,False,False,False,False,False,True,False,False,False,False,False,False,0.008695652173913044,0.008443908323281062
269,2524,25,252,0,0,23,1.0,0.0,0.0,0.0,0.0,0.0,0.0,3039036.0,561811.25,2477224.75,301801.5,4743739.0,0.0,0.0,0.0,6984727.75,0.0,0.0,0.0,27277.25,9489229.75,3240333.0,7667.5,4919664.75,323573.25,220220.0,53553.5,4438183.75,101601.5,217967.75,-64564.5,51301.25,0.0,0.0,0.0,0.0,4296292.0,638638.0,4934930.0,3188185.0,4191937.75,362362.0,9489229.75,0.0,0.0,0.0,0.0,0.0,0.0,0.0,0.0,0.0,0.0,0.0,9829.5,0,5748.0,15.737166324435318,60.0,1.0,0,60.0,False,False,False,False,True,False,False,False,False,False,False,False,False,False,False,False,True,False,False,False,False,False,False,False,False,True,False,False,False,False,False,0.06459627329192547,0.06031363088057901
270,7023,70,702,2,46,24,5.0,0.0,0.0,0.0,0.0,0.0,0.0,17362845.5,4355351.0,13007494.5,2418165.75,5431175.75,0.0,0.0,0.0,9235476.25,0.0,0.0,0.0,321321.0,22564291.75,4211707.5,2504.0,12113101.0,3198945.75,1726224.5,1723972.25,6325819.5,1358106.75,631380.75,-375625.25,629128.5,0.0,0.0,0.0,0.0,3734480.75,3956702.75,7691183.5,3103850.75,14873108.25,0.0,22564291.75,0.0,0.0,0.0,0.0,0.0,0.0,0.0,0.0,0.0,0.0,0.0,24202.0,1,2166.0,5.930184804928132,84.0,1.0,0,84.0,False,False,False,False,False,False,False,False,False,True,False,False,False,False,False,False,False,False,False,False,False,True,False,False,False,False,False,False,True,False,False,0.07204968944099378,0.05066344993968637
271,5227,52,522,3,0,3,7.0,,,,,,,,,,,,,,,,,,,,,,,,,,,,,,,,,,,,,,,,,,,,,,,,,,,,,,,0,5101.0,13.96577686516085,96.0,1.0,0,96.0,False,True,False,False,False,False,False,False,False,False,False,False,False,True,False,False,False,False,False,False,False,False,False,False,True,False,False,False,False,False,False,0.3242236024844721,0.3823884197828709
272,6062,60,606,0,20,23,7.0,0.0,0.0,0.0,0.0,0.0,0.0,4965210.25,2218466.25,2746744.0,0.0,3088085.0,0.0,0.0,0.0,6327070.75,0.0,0.0,0.0,95345.25,9169160.0,7781324.25,6807.5,15164649.5,870870.0,-1365614.25,-418418.0,9852092.25,2170918.75,-1532531.0,-215965.75,-585334.75,0.0,0.0,0.0,0.0,3125372.25,951700.75,4077073.0,3500497.0,3807804.0,1284283.0,9169160.0,0.0,0.0,0.0,0.0,0.0,0.0,0.0,0.0,0.0,0.0,0.0,30299.0,0,5408.0,14.806297056810404,720.0,1.0,0,720.0,False,False,False,False,False,False,False,False,False,False,False,True,False,False,False,False,False,False,False,False,False,False,False,True,False,False,False,False,False,True,False,0.07080745341614907,0.054282267792521106
273,502,5,50,0,15,1,5.0,,,,,,,,,,,,,,,,,,,,,,,,,,,,,,,,,,,,,,,,,,,,,,,,,,,,,,,0,4545.0,12.4435318275154,84.0,1.0,0,84.0,False,False,False,False,False,False,False,False,False,False,False,True,False,False,False,False,False,False,False,False,False,False,False,True,False,False,False,False,True,False,False,0.07080745341614907,0.054282267792521106
274,5170,51,517,2,32,24,5.0,0.0,0.0,0.0,0.0,0.0,0.0,2174422.25,567066.5,1607355.75,4367112.75,16037771.75,0.0,0.0,0.0,24486211.75,0.0,0.0,0.0,265765.5,26359333.0,13679970.25,22167.5,29202423.25,3723469.75,578828.25,55805.75,22573551.0,3108105.0,186686.5,-380129.75,-330079.75,0.0,0.0,0.0,0.0,2891889.0,0.0,2891889.0,6017011.0,13301538.25,10165905.75,26359333.0,0.0,0.0,0.0,0.0,0.0,0.0,0.0,0.0,0.0,0.0,0.0,57352.5,0,2786.0,7.627652292950034,60.0,1.0,0,60.0,False,False,False,False,False,False,False,False,False,True,False,False,False,True,False,False,False,False,False,False,False,False,False,False,False,False,False,False,True,False,False,0.07204968944099378,0.3823884197828709
275,8511,85,851,36,43,26,6.0,,,,,,,,,,,,,,,,,,,,,,,,,,,,,,,,,,,,,,,,,,,,,,,,,,,,,,,0,1531.0,4.191649555099247,144.0,3.0,0,48.0,False,False,False,False,False,False,False,False,False,False,False,False,False,False,False,False,False,False,False,False,False,False,True,False,False,False,False,False,False,False,False,,0.007237635705669481
276,1582,15,158,0,120,21,8.0,,,,,,,,,,,,,,,,,,,,,,,,,,,,,,,,,,,,,,,,,,,,,,,,,,,,,,,0,2657.0,7.274469541409993,60.0,1.0,0,60.0,False,False,False,False,False,False,False,False,False,False,False,True,False,True,False,False,False,False,False,False,False,False,False,False,False,False,False,False,False,True,False,0.07080745341614907,0.3823884197828709
277,1744,17,174,0,120,21,1.0,,,,,,,,,,,,,,,,,,,,,,,,,,,,,,,,,,,,,,,,,,,,,,,,,,,,,,,0,2953.0,8.084873374401095,48.0,1.0,0,48.0,False,False,False,False,False,False,False,False,False,False,False,True,False,True,False,False,False,False,False,False,False,False,False,False,False,False,False,False,False,True,False,0.07080745341614907,0.3823884197828709
278,1744,17,174,0,120,21,1.0,,,,,,,,,,,,,,,,,,,,,,,,,,,,,,,,,,,,,,,,,,,,,,,,,,,,,,,0,2953.0,8.084873374401095,48.0,1.0,0,48.0,False,False,False,False,False,False,False,False,False,False,False,True,False,True,False,False,False,False,False,False,False,False,False,False,False,False,False,False,False,True,False,0.07080745341614907,0.3823884197828709
279,1730,17,173,0,120,21,6.0,,,,,,,,,,,,,,,,,,,,,,,,,,,,,,,,,,,,,,,,,,,,,,,,,,,,,,,0,3055.0,8.36413415468857,48.0,1.0,0,48.0,False,False,False,False,False,False,False,False,False,False,False,True,False,True,False,False,False,False,False,False,False,False,False,False,False,False,False,False,False,True,False,0.07080745341614907,0.3823884197828709
280,1534,15,153,0,0,7,6.0,,,,,,,,,,,,,,,,,,,,,,,,,,,,,,,,,,,,,,,,,,,,,,,,,,,,,,,0,1805.0,4.941820670773443,84.0,12.0,0,7.0,False,False,False,False,False,False,False,False,False,True,False,False,False,False,False,False,False,False,False,False,False,True,False,False,False,False,False,False,True,False,False,0.0012422360248447205,0.0012062726176115801
281,5010,50,501,3,12,30,6.0,0.0,0.0,0.0,0.0,0.0,0.0,2457705.25,967967.0,1731730.0,1957205.25,132882.75,0.0,0.0,0.0,2328576.25,0.0,0.0,0.0,323072.75,4383379.0,4167721.5,6443.5,11556545.0,626375.75,377377.0,275024.75,10613853.25,193443.25,154654.5,-10760.75,52302.25,0.0,0.0,0.0,0.0,610610.0,1557556.0,2168166.0,1398647.25,2215213.0,0.0,4383379.0,0.0,0.0,0.0,0.0,0.0,0.0,0.0,0.0,0.0,0.0,0.0,23090.0,0,4061.0,11.118412046543463,84.0,1.0,0,84.0,False,False,False,False,False,False,False,False,True,False,False,False,False,False,False,False,False,False,False,False,True,False,False,False,False,False,False,True,False,False,False,0.08074534161490683,0.0048250904704463205
282,6031,60,603,6,23,26,9.25,65.0,100.0,0.0,100.0,100.0,0.0,4064560.5,458958.5,3605602.0,0.0,847847.0,100.0,100.0,0.0,890890.0,100.0,100.0,0.0,105105.0,4601597.0,319819.5,0.0,1869367.5,546546.0,418918.5,365865.5,329329.0,115115.0,-9009.0,-43043.0,-62062.0,100.0,100.0,0.0,2.0,1463462.0,2530027.5,3993489.5,384884.5,449449.0,158658.5,4601597.0,51.0,51.0,0.0,38.9339,39.9339,0.0,34.5893,66.0,66.0,0.0,2.0,3735.0,0,1098.0,3.0061601642710474,84.0,3.0,0,28.0,False,False,False,False,False,False,False,False,False,False,True,False,False,False,False,False,False,False,False,False,False,False,True,False,False,False,False,False,False,False,False,0.04720496894409938,0.04945717732207479
283,6042,60,604,4,23,25,0.5,65.0,100.0,0.0,100.0,100.0,0.0,4064560.5,458958.5,3605602.0,0.0,847847.0,100.0,100.0,0.0,890890.0,100.0,100.0,0.0,105105.0,4601597.0,319819.5,0.0,1869367.5,546546.0,418918.5,365865.5,329329.0,115115.0,-9009.0,-43043.0,-62062.0,100.0,100.0,0.0,2.0,1463462.0,2530027.5,3993489.5,384884.5,449449.0,158658.5,4601597.0,51.0,51.0,0.0,38.9339,39.9339,0.0,34.5893,66.0,66.0,0.0,2.0,3735.0,1,1488.0,4.073921971252567,60.0,1.0,0,60.0,False,False,False,False,False,False,False,False,False,False,True,False,False,False,False,False,False,False,False,False,False,False,True,False,False,False,False,False,False,False,False,0.04720496894409938,0.04945717732207479
284,6042,60,604,3,23,23,0.5,65.0,100.0,0.0,100.0,100.0,0.0,4064560.5,458958.5,3605602.0,0.0,847847.0,100.0,100.0,0.0,890890.0,100.0,100.0,0.0,105105.0,4601597.0,319819.5,0.0,1869367.5,546546.0,418918.5,365865.5,329329.0,115115.0,-9009.0,-43043.0,-62062.0,100.0,100.0,0.0,2.0,1463462.0,2530027.5,3993489.5,384884.5,449449.0,158658.5,4601597.0,51.0,51.0,0.0,38.9339,39.9339,0.0,34.5893,66.0,66.0,0.0,2.0,3735.0,1,1488.0,4.073921971252567,48.0,1.0,0,48.0,False,False,False,False,False,False,False,False,False,False,True,False,False,False,False,False,False,False,False,False,False,False,True,False,False,False,False,False,False,False,False,0.04720496894409938,0.04945717732207479
285,1744,17,174,0,530,24,7.0,0.0,0.0,0.0,0.0,0.0,0.0,10694433.75,4639134.5,6055299.25,3050547.5,2869616.75,0.0,0.0,0.0,34957172.25,0.0,0.0,0.0,19977958.0,60990429.5,152590187.75,138497108.75,148990091.25,28738960.25,6822315.5,5729223.5,113771908.25,21831059.25,5933177.25,524023.5,4840085.25,0.0,0.0,0.0,0.0,30766986.25,0.0,30766986.25,26932405.5,29423644.25,799799.0,60990429.5,0.0,0.0,0.0,0.0,0.0,0.0,0.0,0.0,0.0,0.0,0.0,298514.0,0,4570.0,12.511978097193703,48.0,1.0,0,48.0,False,False,False,False,False,False,False,False,False,False,False,True,False,False,False,False,False,False,False,False,False,False,False,True,False,False,False,False,False,True,False,0.07080745341614907,0.054282267792521106
286,7423,74,742,0,90,22,0.0,0.0,0.0,0.0,0.0,0.0,0.0,2509256.75,1886384.5,622872.25,2215963.75,16062046.0,0.0,0.0,0.0,18980711.75,0.0,0.0,0.0,4364109.75,23967693.75,21013.75,18297.75,21912140.25,14858343.5,3419666.25,2941688.75,3062309.25,11175664.5,3969465.5,-10760.75,2828075.25,0.0,0.0,0.0,0.0,15454439.0,0.0,15454439.0,1937685.75,8513254.75,0.0,23967693.75,0.0,0.0,0.0,0.0,0.0,0.0,0.0,0.0,0.0,0.0,0.0,43338.0,0,10201.0,27.928815879534564,48.0,1.0,0,48.0,False,False,False,False,False,False,False,False,False,True,False,False,False,False,False,False,False,False,False,False,False,True,False,False,False,False,False,False,True,False,False,0.07204968944099378,0.05066344993968637
287,1522,15,152,10,100,1,5.0,0.0,0.0,0.0,0.0,0.0,0.0,26370594.25,3553550.0,22817044.25,6424418.0,11117106.0,0.0,0.0,0.0,22312039.75,0.0,0.0,0.0,1893641.75,47022725.75,116876509.75,112512400.0,108644786.25,6271515.25,3907904.0,3418415.0,101482381.0,2281529.25,2248246.0,-489489.0,1758757.0,0.0,0.0,0.0,0.0,15636871.25,12543781.25,28180652.5,11191680.5,11315053.75,7527019.5,47022725.75,0.0,0.0,0.0,0.0,0.0,0.0,0.0,0.0,0.0,0.0,0.0,218235.5,1,2934.0,8.032854209445585,84.0,3.0,0,28.0,False,False,False,False,False,False,False,True,False,False,False,False,False,False,False,False,False,False,False,True,False,False,False,False,False,False,True,False,False,False,False,0.02608695652173913,0.024125452352231604
288,2661,26,266,0,52,33,4.95,100.0,0.0,0.0,100.0,0.0,0.0,18746227.5,17072055.0,1674172.5,5106101.0,14822808.0,100.0,0.0,0.0,22260738.5,100.0,0.0,0.0,127627.5,24062538.5,18319301.0,22726203.5,18847328.5,4131627.5,1981479.5,1517015.5,13630116.5,2104602.5,1578577.0,-66566.5,1114113.0,100.0,0.0,0.0,1.0,13530016.5,0.0,13530016.5,6002997.0,9265756.5,1266765.5,24062538.5,51.0,0.0,0.0,36.0828,0.0,0.0,46.1725,33.0,0.0,0.0,1.0,36148.0,0,6707.0,18.362765229295004,60.0,1.0,0,60.0,False,False,False,False,False,False,True,False,False,False,False,False,False,False,False,False,False,False,True,False,False,False,False,False,False,False,False,False,False,False,True,0.02608695652173913,0.018094089264173704
289,140,1,14,2,49,4,6.0,,,,,,,,,,,,,,,,,,,,,,,,,,,,,,,,,,,,,,,,,,,,,,,,,,,,,,,1,4606.0,12.61054072553046,84.0,3.0,0,28.0,False,True,False,False,False,False,False,False,False,False,False,False,False,True,False,False,False,False,False,False,False,False,False,False,True,False,False,False,False,False,False,0.3242236024844721,0.3823884197828709
290,5235,52,523,0,10,23,7.0,0.0,0.0,0.0,0.0,0.0,0.0,606606.0,62562.5,544043.5,4354850.5,1540789.25,0.0,0.0,0.0,6829572.75,0.0,0.0,0.0,108358.25,7481974.5,9619.5,6925.5,10571310.75,711210.5,475975.5,287537.25,7578320.75,209959.75,440440.0,-39789.75,252001.75,0.0,0.0,0.0,0.0,1783031.25,0.0,1783031.25,2095093.0,5030275.25,668668.0,7481974.5,0.0,0.0,0.0,0.0,0.0,0.0,0.0,0.0,0.0,0.0,0.0,21121.5,0,2560.0,7.008898015058179,60.0,1.0,0,60.0,False,False,False,False,False,False,False,False,False,False,False,True,False,True,False,False,False,False,False,False,False,False,False,False,False,False,False,False,False,True,False,0.07080745341614907,0.3823884197828709
291,6033,60,603,1,15,23,6.5,0.0,0.0,0.0,0.0,0.0,0.0,1217216.0,1189688.5,27527.5,0.0,6485729.25,0.0,0.0,0.0,6527521.0,0.0,0.0,0.0,325074.75,6880123.25,7831.25,7412.25,7495488.0,653152.5,375625.25,468968.5,5048543.5,265765.5,346095.75,-28028.0,439439.0,0.0,0.0,0.0,0.0,3276773.5,63813.75,3340587.25,3159156.0,3262259.0,277277.0,6880123.25,0.0,0.0,0.0,0.0,0.0,0.0,0.0,0.0,0.0,0.0,0.0,14976.0,0,4211.0,11.529089664613279,48.0,3.0,0,16.0,False,False,False,False,False,False,False,True,False,False,False,False,False,False,False,False,False,False,False,True,False,False,False,False,False,False,True,False,False,False,False,0.02608695652173913,0.024125452352231604
292,6042,60,604,3,2,23,5.0,,,,,,,,,,,,,,,,,,,,,,,,,,,,,,,,,,,,,,,,,,,,,,,,,,,,,,,0,6764.0,18.518822724161534,48.0,1.0,0,48.0,False,False,False,False,False,False,False,False,False,False,True,False,False,False,False,False,False,False,False,False,False,False,True,False,True,False,False,False,False,False,False,0.04720496894409938,0.04945717732207479
293,7210,72,721,1,25,35,5.9,,,,,,,,,,,,,,,,,,,,,,,,,,,,,,,,,,,,,,,,,,,,,,,,,,,,,,,0,7560.0,20.698151950718685,72.0,3.0,0,24.0,False,True,False,False,False,False,False,False,False,False,False,False,False,True,False,False,False,False,False,False,False,False,False,False,True,False,False,False,False,False,False,0.3242236024844721,0.3823884197828709
294,2215,22,221,68,75,35,4.95,0.0,0.0,0.0,0.0,0.0,0.0,9623363.75,3523520.0,6099843.75,2397895.5,6290033.75,0.0,0.0,0.0,13893629.75,0.0,0.0,0.0,33283.25,20026756.75,12449.75,9867.75,14166402.25,3991237.25,1641139.5,1308056.75,7940682.75,2247995.75,783282.5,-264264.0,450199.75,0.0,0.0,0.0,0.0,6503246.75,3323570.25,9826817.0,1379628.25,7816558.75,2383381.0,20026756.75,0.0,0.0,0.0,0.0,0.0,0.0,0.0,0.0,0.0,0.0,0.0,30182.0,0,1743.0,4.772073921971253,84.0,3.0,0,28.0,False,True,False,False,False,False,False,False,False,False,False,False,False,True,False,False,False,False,False,False,False,False,False,False,True,False,False,False,False,False,False,0.3242236024844721,0.020506634499396863
295,2225,22,222,2,75,24,6.5,0.0,0.0,0.0,0.0,0.0,0.0,9623363.75,3523520.0,6099843.75,2397895.5,6290033.75,0.0,0.0,0.0,13893629.75,0.0,0.0,0.0,33283.25,20026756.75,12449.75,9867.75,14166402.25,3991237.25,1641139.5,1308056.75,7940682.75,2247995.75,783282.5,-264264.0,450199.75,0.0,0.0,0.0,0.0,6503246.75,3323570.25,9826817.0,1379628.25,7816558.75,2383381.0,20026756.75,0.0,0.0,0.0,0.0,0.0,0.0,0.0,0.0,0.0,0.0,0.0,30182.0,0,2272.0,6.220396988364135,33.0,1.0,0,33.0,False,True,False,False,False,False,False,False,False,False,False,False,False,True,False,False,False,False,False,False,False,False,False,False,True,False,False,False,False,False,False,0.3242236024844721,0.020506634499396863
296,5030,50,503,8,7,29,7.25,,,,,,,,,,,,,,,,,,,,,,,,,,,,,,,,,,,,,,,,,,,,,,,,,,,,,,,0,2919.0,7.991786447638604,84.0,1.0,0,84.0,False,False,False,False,False,False,False,True,False,False,False,False,False,False,False,False,False,False,False,True,False,False,False,False,False,False,True,False,False,False,False,0.02608695652173913,0.024125452352231604
297,1543,15,154,0,545,7,6.5,0.0,0.0,0.0,0.0,0.0,0.0,44157446.666666664,5264926.333333333,38892520.333333336,3431261.1666666665,3875371.5,0.0,0.0,0.0,10032689.333333334,0.0,0.0,0.0,15015.0,48940224.666666664,4533702.666666667,2434994.0,14581066.5,2782613.1666666665,-1474306.1666666667,-2322653.6666666665,9489813.666666666,4179341.8333333335,-3344007.3333333335,-1248580.6666666667,-4484980.5,0.0,0.0,0.0,0.0,1507172.3333333333,28683154.5,30190326.833333332,5552380.166666667,13431251.166666666,5318646.666666667,48940224.666666664,0.0,0.0,0.0,0.0,0.0,0.0,0.0,0.0,0.0,0.0,0.0,20070.333333333332,1,1635.0,4.476386036960986,84.0,3.0,0,28.0,False,True,False,False,False,False,False,False,False,False,False,False,False,True,False,False,False,False,False,False,False,False,False,False,False,True,False,False,False,False,False,0.3242236024844721,0.3823884197828709
298,2222,22,222,0,45,25,0.0,0.0,0.0,0.0,0.0,0.0,0.0,4564810.25,971470.5,3593339.75,883883.0,5452697.25,0.0,0.0,0.0,7499742.25,0.0,0.0,0.0,16266.25,11109348.25,7526.75,5897.75,10255495.25,1423422.0,533282.75,350600.25,7965958.0,864113.25,347597.25,-97347.25,164914.75,0.0,0.0,0.0,0.0,2948695.75,0.0,2948695.75,6125619.5,7955197.25,205455.25,11109348.25,0.0,0.0,0.0,0.0,0.0,0.0,0.0,0.0,0.0,0.0,0.0,20265.5,0,3261.0,8.928131416837783,48.0,1.0,0,48.0,False,True,False,False,False,False,False,False,False,False,False,False,False,True,False,False,False,False,False,False,False,False,False,False,False,False,False,False,True,False,False,0.3242236024844721,0.3823884197828709
299,7023,70,702,5,0,4,5.62,,,,,,,,,,,,,,,,,,,,,,,,,,,,,,,,,,,,,,,,,,,,,,,,,,,,,,,0,-147.0,-0.4024640657084189,144.0,1.0,0,144.0,False,False,False,False,False,False,False,False,False,True,False,False,False,False,False,False,False,False,False,False,False,True,False,False,False,False,False,False,True,False,False,0.07204968944099378,0.05066344993968637
300,8511,85,851,20,0,24,5.0,,,,,,,,,,,,,,,,,,,,,,,,,,,,,,,,,,,,,,,,,,,,,,,,,,,,,,,0,-40.0,-0.10951403148528405,120.0,1.0,0,120.0,False,False,False,False,False,False,False,False,False,True,False,False,False,False,False,False,False,False,False,False,False,True,False,False,False,False,False,False,True,False,False,0.07204968944099378,0.05066344993968637
301,5213,52,521,0,13,23,1.0,0.0,0.0,0.0,0.0,0.0,0.0,2061059.0,1322070.75,738988.25,6750493.75,6036780.75,0.0,0.0,0.0,13570807.25,0.0,0.0,0.0,86836.75,14396632.25,6356721.25,12641.5,14679164.5,2051299.25,1259758.5,686936.25,11522511.0,728477.75,1124873.75,-407407.0,552051.5,0.0,0.0,0.0,0.0,2853350.5,704954.25,3558304.75,4926421.5,7502745.25,3335582.25,14396632.25,0.0,0.0,0.0,0.0,0.0,0.0,0.0,0.0,0.0,0.0,0.0,29329.0,0,4074.0,11.154004106776181,60.0,1.0,0,60.0,False,True,False,False,False,False,False,False,False,False,False,False,False,True,False,False,False,False,False,False,False,False,False,False,True,False,False,False,False,False,False,0.3242236024844721,0.3823884197828709
302,7132,71,713,2,7,24,6.5,0.0,0.0,0.0,0.0,0.0,0.0,4674169.5,1816815.0,2857354.5,1527025.5,8029521.5,0.0,0.0,0.0,11320058.75,0.0,0.0,0.0,263763.5,14441176.75,16029.0,16582.0,18566798.25,3735732.0,3333079.75,2764511.75,6118612.5,240740.5,2432930.5,-231231.0,1864362.5,0.0,0.0,0.0,0.0,7073566.5,0.0,7073566.5,2631378.75,4857853.0,2509757.25,14441176.75,0.0,0.0,0.0,0.0,0.0,0.0,0.0,0.0,0.0,0.0,0.0,36683.5,0,3996.0,10.940451745379876,60.0,1.0,0,60.0,False,True,False,False,False,False,False,False,False,False,False,False,False,True,False,False,False,False,False,False,False,False,False,False,True,False,False,False,False,False,False,0.3242236024844721,0.3823884197828709
303,117,1,11,0,15,7,,0.0,0.0,0.0,0.0,0.0,0.0,1125874.75,471220.75,654654.0,29836807.0,6872115.25,0.0,0.0,0.0,45114569.5,0.0,0.0,0.0,55055.0,45824278.5,73169.25,49999.25,101469868.5,3259005.75,2675172.5,1129628.5,96005659.75,190440.25,2497244.75,-891390.5,1013012.0,0.0,0.0,0.0,0.0,3136633.5,450450.0,3587083.5,25238963.75,27091564.5,15145630.5,45824278.5,0.0,0.0,0.0,0.0,0.0,0.0,0.0,0.0,0.0,0.0,0.0,202406.5,0,3518.0,9.631759069130732,60.0,,1,48.0,False,False,False,False,False,False,False,False,True,False,False,False,False,False,False,False,False,False,False,False,True,False,False,False,False,False,False,True,False,False,False,0.08074534161490683,0.07117008443908324
304,5512,55,551,0,24,7,6.0,0.0,0.0,0.0,0.0,0.0,0.0,0.0,0.0,0.0,3742238.5,692191.5,0.0,0.0,0.0,4434430.0,0.0,0.0,0.0,39039.0,4473469.0,0.0,0.0,0.0,-8508.5,-34534.5,-36036.0,0.0,26026.0,-34534.5,0.0,-36036.0,0.0,0.0,0.0,0.0,111111.0,2502500.0,2613611.0,106106.0,1859858.0,0.0,4473469.0,0.0,0.0,0.0,0.0,0.0,0.0,0.0,0.0,0.0,0.0,0.0,0.0,1,3792.0,10.381930184804927,120.0,6.0,0,20.0,False,False,False,False,False,False,False,False,False,False,False,True,False,False,False,False,False,False,False,False,False,False,False,True,False,False,False,False,False,True,False,0.0012422360248447205,0.0012062726176115801
305,5050,50,505,150,24,5,5.25,0.0,0.0,0.0,0.0,0.0,0.0,5228723.5,1425924.5,3802799.0,199949.75,9944935.0,0.0,0.0,0.0,13609846.25,0.0,0.0,0.0,2046544.5,19459189.75,34263690.0,45541.0,64387573.25,2124372.25,786035.25,1150399.25,60900089.25,1204703.5,478728.25,-26526.5,551300.75,0.0,0.0,0.0,0.0,4372618.25,2575823.25,6948441.5,10977466.5,12510498.0,250.25,19459189.75,0.0,0.0,0.0,0.0,0.0,0.0,0.0,0.0,0.0,0.0,0.0,128646.5,0,2435.0,6.666666666666667,60.0,3.0,0,20.0,False,False,False,False,False,False,False,False,False,False,True,False,False,False,False,False,False,False,False,False,False,False,True,False,False,False,False,False,False,False,False,0.04720496894409938,0.04945717732207479
306,5050,50,505,200,24,9,4.9,0.0,0.0,0.0,0.0,0.0,0.0,5228723.5,1425924.5,3802799.0,199949.75,9944935.0,0.0,0.0,0.0,13609846.25,0.0,0.0,0.0,2046544.5,19459189.75,34263690.0,45541.0,64387573.25,2124372.25,786035.25,1150399.25,60900089.25,1204703.5,478728.25,-26526.5,551300.75,0.0,0.0,0.0,0.0,4372618.25,2575823.25,6948441.5,10977466.5,12510498.0,250.25,19459189.75,0.0,0.0,0.0,0.0,0.0,0.0,0.0,0.0,0.0,0.0,0.0,128646.5,0,2442.0,6.685831622176591,60.0,3.0,0,20.0,False,False,False,False,False,False,False,False,False,False,True,False,False,False,False,False,False,False,False,False,False,False,True,False,False,False,False,False,False,False,False,0.04720496894409938,0.04945717732207479
307,5533,55,553,20,0,36,8.75,,,,,,,,,,,,,,,,,,,,,,,,,,,,,,,,,,,,,,,,,,,,,,,,,,,,,,,1,1983.0,5.429158110882957,83.0,1.0,0,83.0,False,False,False,False,False,False,False,False,False,True,False,False,False,False,False,False,False,False,False,False,False,True,False,False,False,False,False,False,True,False,False,0.07204968944099378,0.05066344993968637
308,5161,51,516,7,2,7,6.5,0.0,0.0,0.0,0.0,0.0,0.0,114614.5,31531.5,83083.0,75575.5,1568066.5,0.0,0.0,0.0,1722721.0,0.0,0.0,0.0,230230.0,2036034.0,1078577.5,517016.5,2159157.0,637136.5,449449.0,322822.5,1047546.5,187187.0,436436.0,-18018.0,309809.5,0.0,0.0,0.0,0.0,726726.0,0.0,726726.0,568568.0,1243242.0,66066.0,2036034.0,0.0,0.0,0.0,0.0,0.0,0.0,0.0,0.0,0.0,0.0,0.0,4314.0,0,1940.0,5.3114305270362765,36.0,12.0,0,3.0,False,False,False,False,False,False,False,False,True,False,False,False,False,False,False,False,False,False,False,False,True,False,False,False,False,False,False,True,False,False,False,0.08074534161490683,0.07117008443908324
309,4529,45,452,2,50,23,7.5,0.0,0.0,0.0,0.0,0.0,0.0,1170419.25,66066.0,1104353.25,2309056.75,945694.75,0.0,0.0,0.0,3562308.75,0.0,0.0,0.0,162662.5,4829324.5,5077.25,1319.5,8963704.75,1069068.0,580079.5,516516.0,7382124.75,488488.0,531030.5,-16516.5,467467.0,0.0,0.0,0.0,0.0,2398396.0,164164.0,2562560.0,1804803.0,2066814.75,266599.6666666667,4829324.5,0.0,0.0,0.0,0.0,0.0,0.0,0.0,0.0,0.0,0.0,0.0,16848.5,0,1883.0,5.155373032169747,48.0,1.0,0,48.0,False,False,False,False,False,False,False,False,True,False,False,False,False,False,False,False,False,False,False,False,True,False,False,False,False,False,False,True,False,False,False,0.08074534161490683,0.07117008443908324
310,6070,60,607,7,70,20,6.0,0.0,0.0,0.0,0.0,0.0,0.0,1073822.75,793793.0,280029.75,167917.75,4503248.75,0.0,0.0,0.0,5194439.25,0.0,0.0,0.0,512512.0,5986981.0,14315.75,13709.5,15721956.25,2476974.5,204204.0,274023.75,10901140.25,2156654.5,189439.25,-52552.5,173423.25,0.0,0.0,0.0,0.0,2299046.75,0.0,2299046.75,2112610.5,3072319.25,615615.0,5986981.0,0.0,0.0,0.0,0.0,0.0,0.0,0.0,0.0,0.0,0.0,0.0,31412.5,0,5734.0,15.698836413415469,60.0,1.0,0,60.0,False,True,False,False,False,False,False,False,False,False,False,False,False,True,False,False,False,False,False,False,False,False,False,False,True,False,False,False,False,False,False,0.3242236024844721,0.3823884197828709
311,114,1,11,0,2500,9,4.75,33.333333333333336,0.0,0.0,33.333333333333336,0.0,0.0,279038593.1666667,136904934.83333334,142133658.33333334,101342741.5,35090722.333333336,33.333333333333336,0.0,0.0,171368197.0,33.333333333333336,0.0,0.0,3477807.6666666665,316979663.0,73114084.83333333,177809.66666666666,226419693.5,75200291.83333333,22399543.833333332,20837149.666666668,134663195.33333334,52320935.333333336,6261255.0,-1827325.5,1279778.5,10.0,0.0,0.0,0.3333333333333333,49580197.333333336,147342195.0,196922392.33333334,66367301.0,75215140.0,44842130.666666664,316979663.0,33.333333333333336,0.0,0.0,14.946333333333333,0.0,0.0,12.9688,33.333333333333336,0.0,0.0,0.3333333333333333,430125.0,0,5753.0,15.75085557837098,72.0,3.0,0,24.0,False,False,False,False,False,False,False,False,False,False,True,False,False,False,False,False,False,False,False,False,False,False,True,False,False,False,False,False,False,False,False,0.03229813664596273,0.04945717732207479
312,1411,14,141,2,0,24,0.0,0.0,0.0,0.0,0.0,0.0,0.0,10574313.75,9687928.25,886385.5,472472.0,4511256.75,0.0,0.0,0.0,6095089.0,0.0,0.0,0.0,609859.25,7591333.75,6781.25,5808.75,7250993.75,2943190.25,1135884.75,1116615.5,3028275.25,1753752.0,463212.75,-6756.75,450450.0,0.0,0.0,0.0,0.0,4197943.75,672421.75,4870365.5,821070.25,2720968.25,0.0,7591333.75,0.0,0.0,0.0,0.0,0.0,0.0,0.0,0.0,0.0,0.0,0.0,14487.5,0,5138.0,14.067077344284737,48.0,1.0,0,48.0,False,False,False,False,False,False,False,False,False,True,False,False,False,True,False,False,False,False,False,False,False,False,False,False,False,False,False,False,True,False,False,0.07204968944099378,0.3823884197828709
313,2524,25,252,4,59,25,1.0,0.0,0.0,0.0,0.0,0.0,0.0,23450927.5,9326817.5,14124110.0,12838826.0,8173665.5,0.0,0.0,0.0,23413390.0,0.0,0.0,0.0,433433.0,37970933.0,17555037.5,13951437.5,21344823.5,4804299.5,2449447.0,2002000.0,14177663.5,2235733.5,1098597.5,-362862.5,651150.5,0.0,0.0,0.0,0.0,13242729.5,2303301.0,15546030.5,8546037.5,19942422.5,2482480.0,37970933.0,0.0,0.0,0.0,0.0,0.0,0.0,0.0,0.0,0.0,0.0,0.0,37266.0,0,5840.0,15.989048596851472,60.0,1.0,0,60.0,False,False,False,False,False,False,False,False,False,False,True,False,False,False,False,False,False,False,False,False,False,False,True,False,False,False,False,False,False,False,False,0.009937888198757764,0.008443908323281062
314,5222,52,522,8,10,26,6.25,,,,,,,,,,,,,,,,,,,,,,,,,,,,,,,,,,,,,,,,,,,,,,,,,,,,,,,0,4228.0,11.575633127994525,180.0,1.0,0,180.0,False,False,False,False,False,False,False,False,False,False,True,False,False,False,False,False,False,False,False,False,False,False,True,False,False,False,False,False,False,False,False,0.04720496894409938,0.04945717732207479
315,7484,74,748,20,50,36,4.95,0.0,0.0,0.0,0.0,0.0,0.0,15363598.25,2986984.0,12376614.25,0.0,4438434.0,0.0,0.0,0.0,6386129.75,0.0,0.0,0.0,307056.75,19069800.75,11580.0,5409.75,15817051.25,3687934.25,3142389.25,2729977.25,10452692.25,520019.5,1151650.5,-201451.25,739238.5,0.0,0.0,0.0,0.0,2875622.75,6854097.25,9729720.0,6637631.0,9340080.75,0.0,19069800.75,0.0,0.0,0.0,0.0,0.0,0.0,0.0,0.0,0.0,0.0,0.0,31485.5,0,1385.0,3.79192334017796,83.0,1.0,0,83.0,False,False,False,False,False,False,False,False,False,True,False,False,False,False,False,False,False,False,False,False,False,True,False,False,False,False,False,False,True,False,False,0.07204968944099378,0.05066344993968637
316,2661,26,266,2,0,24,6.0,100.0,0.0,0.0,100.0,0.0,0.0,10023513.5,7461954.5,2561559.0,6125119.0,29867838.0,100.0,0.0,0.0,49675125.5,0.0,0.0,0.0,1615614.0,53852298.5,49933383.5,30848818.0,53189636.5,4194690.5,3116613.5,3213710.5,48176628.5,1071070.0,536035.5,-1131630.5,633132.5,30.0,0.0,0.0,1.0,13037524.5,1762761.0,14800285.5,18387369.0,23514991.5,15537021.5,53852298.5,100.0,0.0,0.0,35.8712,0.0,0.0,41.6403,66.0,0.0,0.0,1.0,106725.0,0,4028.0,11.028062970568104,60.0,1.0,0,60.0,False,True,False,False,False,False,False,False,False,False,False,False,False,True,False,False,False,False,False,False,False,False,False,False,True,False,False,False,False,False,False,0.3242236024844721,0.3823884197828709
317,2661,26,266,0,0,24,6.0,100.0,0.0,0.0,100.0,0.0,0.0,10023513.5,7461954.5,2561559.0,6125119.0,29867838.0,100.0,0.0,0.0,49675125.5,0.0,0.0,0.0,1615614.0,53852298.5,49933383.5,30848818.0,53189636.5,4194690.5,3116613.5,3213710.5,48176628.5,1071070.0,536035.5,-1131630.5,633132.5,30.0,0.0,0.0,1.0,13037524.5,1762761.0,14800285.5,18387369.0,23514991.5,15537021.5,53852298.5,100.0,0.0,0.0,35.8712,0.0,0.0,41.6403,66.0,0.0,0.0,1.0,106725.0,0,4056.0,11.104722792607802,60.0,1.0,0,60.0,False,True,False,False,False,False,False,False,False,False,False,False,False,True,False,False,False,False,False,False,False,False,False,False,False,False,False,False,False,False,True,0.3242236024844721,0.3823884197828709
318,6062,60,606,0,400,24,6.5,0.0,0.0,0.0,0.0,0.0,0.0,155771616.0,21948927.0,133822689.0,1329828.5,53816512.75,0.0,0.0,0.0,93870276.5,0.0,0.0,0.0,5655149.5,233348115.0,79150337.75,132103.5,157500593.25,40524484.0,5766010.25,-2699196.5,88732393.75,33834801.0,167667.5,-1479728.25,-10655144.5,0.0,0.0,0.0,0.0,102692089.5,38678139.5,141370229.0,45191146.0,65945379.5,26032506.5,233348115.0,0.0,0.0,0.0,0.0,0.0,0.0,0.0,0.0,0.0,0.0,0.0,314686.5,0,8869.0,24.281998631074607,48.0,1.0,0,48.0,False,False,False,False,False,False,False,False,False,False,False,True,False,False,False,False,False,False,False,False,False,False,False,True,False,False,False,False,False,True,False,0.07080745341614907,0.054282267792521106
319,3613,36,361,0,120,1,5.0,0.0,0.0,0.0,0.0,0.0,0.0,49070771.75,30493713.25,18577058.5,17118601.5,13324811.5,0.0,0.0,0.0,46173377.25,0.0,0.0,0.0,840339.5,65590775.25,75877.75,68124.0,75475900.5,10762752.0,5536030.5,2801799.0,58731422.75,4704950.25,2099597.5,-1087836.75,636886.25,0.0,0.0,0.0,0.0,20936665.75,1841589.75,22778255.5,12573310.75,18068050.0,24744469.75,65590775.25,0.0,0.0,0.0,0.0,0.0,0.0,0.0,0.0,0.0,0.0,0.0,148363.0,1,9307.0,25.481177275838466,84.0,3.0,0,28.0,False,False,False,False,True,False,False,False,False,False,False,False,False,True,False,False,False,False,False,False,False,False,False,False,False,True,False,False,False,False,False,0.02981366459627329,0.3823884197828709
320,1931,19,193,0,0,4,5.25,0.0,0.0,0.0,0.0,0.0,0.0,7484977.5,4540285.75,2944691.75,1196945.75,5491235.75,0.0,0.0,0.0,11473211.75,0.0,0.0,0.0,244494.25,14662397.75,18470.25,14920.0,19243724.5,4673168.5,1209958.75,682431.75,13699936.25,3403149.75,895895.0,-304304.0,337587.25,0.0,0.0,0.0,0.0,4313058.75,732982.25,5046041.0,4801046.25,7158901.75,2457455.0,14662397.75,0.0,0.0,0.0,0.0,0.0,0.0,0.0,0.0,0.0,0.0,0.0,38782.0,0,15796.0,43.24709103353867,84.0,3.0,0,28.0,False,False,False,False,True,False,False,False,False,False,False,False,False,False,False,False,True,False,False,False,False,False,False,False,False,True,False,False,False,False,False,0.06459627329192547,0.06031363088057901
321,9002,90,900,51,27,28,7.0,,,,,,,,,,,,,,,,,,,,,,,,,,,,,,,,,,,,,,,,,,,,,,,,,,,,,,,0,5073.0,13.88911704312115,48.0,1.0,0,48.0,False,False,False,False,True,False,False,False,False,False,False,False,False,False,False,False,True,False,False,False,False,False,False,False,False,True,False,False,False,False,False,0.06459627329192547,0.06031363088057901
322,2710,27,271,0,124,22,1.0,0.0,0.0,0.0,0.0,0.0,0.0,46222926.75,14913648.75,31309278.0,29779750.0,49587538.0,0.0,0.0,0.0,92585493.0,0.0,0.0,0.0,278278.0,124173049.0,183468285.0,177070643.75,177387210.0,14821056.25,8084576.5,4724720.0,158308900.75,6173167.0,5626871.25,-3071818.75,1973721.75,0.0,0.0,0.0,0.0,32336053.75,2593591.0,34929644.75,57035979.0,65486421.0,23756983.25,124173049.0,0.0,0.0,0.0,0.0,0.0,0.0,0.0,0.0,0.0,0.0,0.0,379517.0,0,8251.0,22.590006844626966,48.0,1.0,0,48.0,False,False,False,False,True,False,False,False,False,False,False,False,False,False,False,False,True,False,False,False,False,False,False,False,False,True,False,False,False,False,False,0.06459627329192547,0.06031363088057901
323,4529,45,452,0,365,23,1.0,0.0,0.0,0.0,0.0,0.0,0.0,4043289.25,2431929.5,1611359.75,10553042.5,12080818.75,0.0,0.0,0.0,23195672.5,0.0,0.0,0.0,174924.75,24981957.0,21277.5,22128.5,25460685.25,4420666.25,870369.5,1490739.25,17964696.75,3431428.0,1473472.0,-716215.5,1231980.75,0.0,0.0,0.0,0.0,10252742.5,0.0,10252742.5,2540287.75,7499241.75,7229972.75,24981957.0,0.0,0.0,0.0,0.0,0.0,0.0,0.0,0.0,0.0,0.0,0.0,47524.0,0,9549.0,26.143737166324435,48.0,1.0,0,48.0,False,False,False,False,True,False,False,False,False,False,False,False,False,True,False,False,False,False,False,False,False,False,False,False,False,True,False,False,False,False,False,0.0037267080745341614,0.3823884197828709
324,6025,60,602,5,100,23,7.0,0.0,0.0,0.0,0.0,0.0,0.0,5733227.5,5194939.75,538287.75,220720.5,2305553.25,0.0,0.0,0.0,2970217.25,0.0,0.0,0.0,276276.0,3784781.0,11145.5,10799.25,11369358.0,4116362.25,292292.0,87337.25,-42792.75,3709455.75,168918.75,-109109.0,-36036.0,0.0,0.0,0.0,0.0,945694.75,0.0,945694.75,1439187.75,2108356.25,730730.0,3784781.0,0.0,0.0,0.0,0.0,0.0,0.0,0.0,0.0,0.0,0.0,0.0,22576.0,0,7971.0,21.82340862422998,48.0,1.0,0,48.0,False,True,False,False,False,False,False,False,False,False,False,False,False,True,False,False,False,False,False,False,False,False,False,False,True,False,False,False,False,False,False,0.3242236024844721,0.3823884197828709
325,4531,45,453,0,44,1,,0.0,0.0,0.0,0.0,0.0,0.0,697196.5,461210.75,235985.75,392141.75,6498241.75,0.0,0.0,0.0,8191433.25,0.0,0.0,0.0,43043.0,8470462.0,12869.75,9542.25,14456942.5,2543040.5,590089.5,270770.5,11452691.25,1739988.25,486986.5,-161411.25,216966.75,0.0,0.0,0.0,0.0,1772020.25,0.0,1772020.25,3248995.75,4829074.25,1869367.5,8470462.0,0.0,0.0,0.0,0.0,0.0,0.0,0.0,0.0,0.0,0.0,0.0,29466.0,0,12611.0,34.52703627652293,60.0,,1,48.0,False,False,False,False,False,False,False,False,False,True,False,False,False,True,False,False,False,False,False,False,False,False,False,False,True,False,False,False,False,False,False,0.07204968944099378,0.3823884197828709
326,4531,45,453,0,44,1,,0.0,0.0,0.0,0.0,0.0,0.0,697196.5,461210.75,235985.75,392141.75,6498241.75,0.0,0.0,0.0,8191433.25,0.0,0.0,0.0,43043.0,8470462.0,12869.75,9542.25,14456942.5,2543040.5,590089.5,270770.5,11452691.25,1739988.25,486986.5,-161411.25,216966.75,0.0,0.0,0.0,0.0,1772020.25,0.0,1772020.25,3248995.75,4829074.25,1869367.5,8470462.0,0.0,0.0,0.0,0.0,0.0,0.0,0.0,0.0,0.0,0.0,0.0,29466.0,0,12913.0,35.35386721423682,60.0,,1,48.0,False,False,False,False,False,False,False,False,False,True,False,False,False,True,False,False,False,False,False,False,False,False,False,False,False,False,False,False,True,False,False,0.07204968944099378,0.3823884197828709
327,4529,45,452,179,328,31,5.0,0.0,0.0,0.0,0.0,0.0,0.0,17328311.0,7743485.75,9584825.25,25174899.75,49376327.0,0.0,0.0,0.0,80636305.75,0.0,0.0,0.0,210710.5,90431841.5,36971538.5,65406.25,101344993.75,17945677.75,4464960.5,906155.25,82199367.25,13287274.0,3346843.5,-865614.75,-211961.75,0.0,0.0,0.0,0.0,16522756.25,10010000.0,26532756.25,16290023.75,54926872.0,8972213.25,90431841.5,0.0,0.0,0.0,0.0,0.0,0.0,0.0,0.0,0.0,0.0,0.0,197901.5,0,9665.0,26.46132785763176,84.0,3.0,0,28.0,False,False,False,True,False,False,False,False,False,False,False,False,False,False,False,True,False,False,False,False,False,False,False,False,False,True,False,False,False,False,False,0.004968944099378882,0.0048250904704463205
328,5154,51,515,2,16,22,5.0,0.0,0.0,0.0,0.0,0.0,0.0,766766.0,446195.75,320570.25,702952.25,2101099.0,0.0,0.0,0.0,3411157.75,0.0,0.0,0.0,171921.75,3903649.75,5621.0,4489.0,6874617.75,818818.0,579328.75,449449.0,5036781.75,218718.5,433683.25,-119369.25,303803.5,0.0,0.0,0.0,0.0,2471218.75,235235.0,2706453.75,256506.25,707456.75,489739.25,3903649.75,0.0,0.0,0.0,0.0,0.0,0.0,0.0,0.0,0.0,0.0,0.0,13735.5,1,2401.0,6.573579739904175,48.0,1.0,0,48.0,False,False,False,False,False,False,False,False,False,True,False,False,False,False,False,False,False,False,False,False,False,True,False,False,False,False,False,False,True,False,False,0.0012422360248447205,0.0012062726176115801
329,6033,60,603,4,40,23,5.3,0.0,0.0,0.0,0.0,0.0,0.0,10830569.75,4526271.75,6304298.0,0.0,6954197.25,0.0,0.0,0.0,10514754.25,0.0,0.0,0.0,168668.5,16987720.75,35962.75,30144.0,39516977.5,4886131.25,2532530.0,2453200.75,18059041.0,2138386.25,983232.25,-151651.5,903903.0,0.0,0.0,0.0,0.0,7668160.5,0.0,7668160.5,5423918.5,8882373.5,437186.75,16987720.75,0.0,0.0,0.0,0.0,0.0,0.0,0.0,0.0,0.0,0.0,0.0,78955.0,0,3475.0,9.514031485284052,48.0,1.0,0,48.0,False,False,True,False,False,False,False,False,False,False,False,False,False,False,True,False,False,False,False,False,False,False,False,False,False,False,True,False,False,False,False,0.011180124223602485,0.010856453558504222
330,4522,45,452,3,132,25,5.0,0.0,0.0,0.0,0.0,0.0,0.0,34290756.5,26682155.5,7608601.0,18017499.5,40510970.5,0.0,0.0,0.0,61597536.0,0.0,0.0,0.0,54804.75,69260941.75,48799.0,37931.25,47791243.5,11189428.25,6079823.75,4465961.5,29393864.5,4832327.5,1790038.25,-889889.0,176176.0,0.0,0.0,0.0,0.0,19936416.5,3716963.25,23653379.75,11296034.75,31665133.5,13942428.5,69260941.75,0.0,0.0,0.0,0.0,0.0,0.0,0.0,0.0,0.0,0.0,0.0,92156.5,0,5926.0,16.22450376454483,48.0,1.0,0,48.0,False,True,False,False,False,False,False,False,False,False,False,False,False,True,False,False,False,False,False,False,False,False,False,False,True,False,False,False,False,False,False,0.3242236024844721,0.3823884197828709
331,6062,60,606,7,27,5,7.5,0.0,0.0,0.0,0.0,0.0,0.0,521270.75,436185.75,85085.0,0.0,4695440.75,0.0,0.0,0.0,6936429.5,0.0,0.0,0.0,34284.25,7055798.75,9972.75,7783.75,10795534.75,1888386.5,644393.75,388638.25,6036530.5,1180179.0,603853.25,-131131.0,348097.75,0.0,0.0,0.0,0.0,1936184.25,307307.0,2243491.25,3503750.25,3691437.75,1120869.75,7055798.75,0.0,0.0,0.0,0.0,0.0,0.0,0.0,0.0,0.0,0.0,0.0,21569.5,0,2707.0,7.411362080766598,48.0,1.0,0,48.0,False,False,False,False,False,False,False,False,False,False,True,False,False,False,False,False,False,False,False,False,False,False,True,False,False,False,False,False,False,False,False,0.04720496894409938,0.04945717732207479
332,6062,60,606,4,27,23,6.5,0.0,0.0,0.0,0.0,0.0,0.0,521270.75,436185.75,85085.0,0.0,4695440.75,0.0,0.0,0.0,6936429.5,0.0,0.0,0.0,34284.25,7055798.75,9972.75,7783.75,10795534.75,1888386.5,644393.75,388638.25,6036530.5,1180179.0,603853.25,-131131.0,348097.75,0.0,0.0,0.0,0.0,1936184.25,307307.0,2243491.25,3503750.25,3691437.75,1120869.75,7055798.75,0.0,0.0,0.0,0.0,0.0,0.0,0.0,0.0,0.0,0.0,0.0,21569.5,0,2737.0,7.493497604380561,48.0,1.0,0,48.0,False,False,False,False,False,False,False,False,False,False,True,False,False,False,False,False,False,False,False,False,False,False,True,False,False,False,False,False,False,False,False,0.04720496894409938,0.04945717732207479
333,6024,60,602,0,35,25,1.0,100.0,100.0,100.0,100.0,100.0,100.0,1735734.0,759258.5,976475.5,569569.0,7051044.0,100.0,100.0,100.0,7621113.5,100.0,100.0,100.0,2502.5,8600091.5,8722213.5,8698690.0,9731221.5,1681179.5,-33033.0,-179679.5,5258253.0,1582080.5,-35535.5,-104104.0,-182182.0,100.0,100.0,100.0,1.0,2542540.0,631130.5,3173670.5,2068566.5,4151647.5,1274773.5,8600091.5,51.0,51.0,51.0,38.0667,38.0667,38.0667,38.9743,50.0,50.0,50.0,2.0,19443.0,0,7842.0,21.470225872689937,60.0,1.0,0,60.0,False,False,False,False,False,False,False,False,False,False,True,False,False,False,False,False,False,False,False,False,False,False,True,False,False,False,False,False,False,False,False,0.04720496894409938,0.04945717732207479
334,5163,51,516,1,6,23,7.0,,,,,,,,,,,,,,,,,,,,,,,,,,,,,,,,,,,,,,,,,,,,,,,,,,,,,,,1,2027.0,5.549623545516769,60.0,1.0,0,60.0,False,False,False,False,False,False,False,False,False,False,False,True,False,False,False,False,False,False,False,False,False,False,False,True,False,False,False,False,False,True,False,0.07080745341614907,0.054282267792521106
335,7210,72,721,15,56,23,0.1,0.0,0.0,0.0,0.0,0.0,0.0,3746242.5,2191689.5,1554553.0,294794.5,17421153.75,0.0,0.0,0.0,18650632.0,0.0,0.0,0.0,710209.5,20915394.5,17165.0,16149.25,18205187.0,8550041.5,2632129.5,1959207.25,6998491.5,5828072.25,2093341.25,-100100.0,1420419.0,0.0,0.0,0.0,0.0,10752491.75,544544.0,11297035.75,4425421.0,8911402.5,706956.25,20915394.5,0.0,0.0,0.0,0.0,0.0,0.0,0.0,0.0,0.0,0.0,0.0,36680.0,0,3593.0,9.83709787816564,48.0,1.0,0,48.0,False,True,False,False,False,False,False,False,False,False,False,False,False,True,False,False,False,False,False,False,False,False,False,False,True,False,False,False,False,False,False,0.024844720496894408,0.3823884197828709
336,4529,45,452,1,140,22,5.0,50.0,50.0,16.0,50.0,50.0,25.0,14156142.0,11789277.5,2366864.5,13678414.75,18015247.25,50.0,50.0,37.5,32857324.5,50.0,50.0,25.0,124874.75,35349063.75,39264.25,32856.75,42333291.0,5749493.75,1737485.75,1489488.0,30133103.0,3919916.0,989738.75,-72822.75,741741.0,50.0,50.0,17.5,1.0,10595585.0,150650.5,10746235.5,5218213.0,23094321.25,1508507.0,35349063.75,25.5,25.5,25.5,16.1742,16.1742,12.3011,18.4039,0.5,0.5,25.0,0.5,80857.5,0,3973.0,10.877481177275838,48.0,1.0,0,48.0,False,False,False,False,False,False,False,False,True,False,False,False,False,False,False,False,False,False,False,False,True,False,False,False,True,False,False,False,False,False,False,0.08074534161490683,0.07117008443908324
337,1920,19,192,0,70,23,0.0,0.0,0.0,0.0,0.0,0.0,0.0,4170666.5,1236485.25,2934181.25,545545.0,2719717.0,0.0,0.0,0.0,5608352.75,0.0,0.0,0.0,159909.75,8702443.75,4324779.25,9208.5,9870110.25,3058305.25,922421.5,467717.25,5870364.5,2065563.5,728728.0,-150400.25,274023.75,0.0,0.0,0.0,0.0,2152400.25,1286535.25,3438935.5,3934680.75,4314560.25,948948.0,8702443.75,0.0,0.0,0.0,0.0,0.0,0.0,0.0,0.0,0.0,0.0,0.0,18088.0,0,4455.0,12.19712525667351,576.0,1.0,0,576.0,False,False,False,False,True,False,False,False,False,False,False,False,False,True,False,False,False,False,False,False,False,False,False,False,False,True,False,False,False,False,False,0.06459627329192547,0.3823884197828709
338,1920,19,192,25,70,5,5.5,0.0,0.0,0.0,0.0,0.0,0.0,4170666.5,1236485.25,2934181.25,545545.0,2719717.0,0.0,0.0,0.0,5608352.75,0.0,0.0,0.0,159909.75,8702443.75,4324779.25,9208.5,9870110.25,3058305.25,922421.5,467717.25,5870364.5,2065563.5,728728.0,-150400.25,274023.75,0.0,0.0,0.0,0.0,2152400.25,1286535.25,3438935.5,3934680.75,4314560.25,948948.0,8702443.75,0.0,0.0,0.0,0.0,0.0,0.0,0.0,0.0,0.0,0.0,0.0,18088.0,0,4459.0,12.208076659822039,60.0,1.0,0,60.0,False,False,False,False,True,False,False,False,False,False,False,False,False,True,False,False,False,False,False,False,False,False,False,False,False,True,False,False,False,False,False,0.06459627329192547,0.3823884197828709
339,6033,60,603,10,32,23,6.0,0.0,0.0,0.0,0.0,0.0,0.0,2314312.0,1344843.5,969468.5,2317315.0,3955451.5,0.0,0.0,0.0,6457951.5,0.0,0.0,0.0,7007.0,7434427.0,7619612.0,5296791.5,10181171.0,1430929.5,547547.0,600600.0,5295790.5,879378.5,408908.5,146146.0,461961.5,0.0,0.0,0.0,0.0,2059557.5,3741237.5,5800795.0,507006.5,1005504.5,628127.5,7434427.0,0.0,0.0,0.0,0.0,0.0,0.0,0.0,0.0,0.0,0.0,0.0,19997.0,1,2571.0,7.039014373716633,60.0,1.0,0,60.0,False,False,False,False,False,False,True,False,False,False,False,False,False,False,False,False,False,False,True,False,False,False,False,False,False,False,False,False,False,False,True,0.02608695652173913,0.018094089264173704
340,5122,51,512,0,86,23,1.0,0.0,0.0,0.0,0.0,0.0,0.0,63599035.5,26224698.5,37374337.0,63570006.5,28867338.5,0.0,0.0,0.0,104009155.25,0.0,0.0,0.0,3636132.5,145019624.75,135025891.0,104377281.5,131178047.0,15118353.25,11895633.75,8021263.25,103880026.25,2927424.5,9132373.25,-3143640.5,5266511.25,0.0,0.0,0.0,0.0,34602067.5,11496234.75,46098302.25,35975189.25,46515218.75,52406103.75,145019624.75,0.0,0.0,0.0,0.0,0.0,0.0,0.0,0.0,0.0,0.0,0.0,262094.0,0,9653.0,26.428473648186174,60.0,1.0,0,60.0,False,True,False,False,False,False,False,False,False,False,False,False,False,True,False,False,False,False,False,False,False,False,False,False,True,False,False,False,False,False,False,0.3242236024844721,0.3823884197828709
341,2442,24,244,70,86,1,6.08,0.0,0.0,0.0,0.0,0.0,0.0,63599035.5,26224698.5,37374337.0,63570006.5,28867338.5,0.0,0.0,0.0,104009155.25,0.0,0.0,0.0,3636132.5,145019624.75,135025891.0,104377281.5,131178047.0,15118353.25,11895633.75,8021263.25,103880026.25,2927424.5,9132373.25,-3143640.5,5266511.25,0.0,0.0,0.0,0.0,34602067.5,11496234.75,46098302.25,35975189.25,46515218.75,52406103.75,145019624.75,0.0,0.0,0.0,0.0,0.0,0.0,0.0,0.0,0.0,0.0,0.0,262094.0,0,9741.0,26.6694045174538,120.0,3.0,0,40.0,False,True,False,False,False,False,False,False,False,False,False,False,False,True,False,False,False,False,False,False,False,False,False,False,True,False,False,False,False,False,False,0.3242236024844721,0.3823884197828709
342,5122,51,512,5,86,23,1.0,0.0,0.0,0.0,0.0,0.0,0.0,63599035.5,26224698.5,37374337.0,63570006.5,28867338.5,0.0,0.0,0.0,104009155.25,0.0,0.0,0.0,3636132.5,145019624.75,135025891.0,104377281.5,131178047.0,15118353.25,11895633.75,8021263.25,103880026.25,2927424.5,9132373.25,-3143640.5,5266511.25,0.0,0.0,0.0,0.0,34602067.5,11496234.75,46098302.25,35975189.25,46515218.75,52406103.75,145019624.75,0.0,0.0,0.0,0.0,0.0,0.0,0.0,0.0,0.0,0.0,0.0,262094.0,0,9986.0,27.340177960301162,60.0,1.0,0,60.0,False,True,False,False,False,False,False,False,False,False,False,False,False,True,False,False,False,False,False,False,False,False,False,False,True,False,False,False,False,False,False,0.3242236024844721,0.3823884197828709
343,6042,60,604,2,0,22,0.0,,,,,,,,,,,,,,,,,,,,,,,,,,,,,,,,,,,,,,,,,,,,,,,,,,,,,,,0,1465.0,4.010951403148528,48.0,1.0,0,48.0,False,False,False,False,False,False,False,False,False,True,False,False,False,False,False,False,False,False,False,False,False,True,False,False,False,False,False,False,True,False,False,0.011180124223602485,0.010856453558504222
344,6042,60,604,2,0,24,0.0,,,,,,,,,,,,,,,,,,,,,,,,,,,,,,,,,,,,,,,,,,,,,,,,,,,,,,,0,1611.0,4.4106776180698155,60.0,1.0,0,60.0,False,False,False,False,False,False,False,False,False,True,False,False,False,False,False,False,False,False,False,False,False,True,False,False,False,False,False,False,True,False,False,0.011180124223602485,0.010856453558504222
345,1562,15,156,120,85,4,6.0,0.0,0.0,0.0,0.0,0.0,0.0,2259757.5,257257.0,2002500.5,2135383.25,3577323.75,0.0,0.0,0.0,6013757.75,0.0,0.0,0.0,0.0,8016258.25,18192.5,18092.0,17777760.0,860359.5,525775.25,309058.75,16648131.5,334584.25,442191.75,-156156.0,225475.25,0.0,0.0,0.0,0.0,1189688.5,0.0,1189688.5,2407655.25,3264511.25,3562058.5,8016258.25,0.0,0.0,0.0,0.0,0.0,0.0,0.0,0.0,0.0,0.0,0.0,35520.0,0,1449.0,3.9671457905544147,83.0,3.0,0,27.666666666666668,False,False,False,False,False,False,False,False,False,False,False,True,False,True,False,False,False,False,False,False,False,False,False,False,False,False,False,False,False,True,False,0.07080745341614907,0.3823884197828709
346,2661,26,266,0,230,24,6.5,50.0,0.0,0.0,50.0,0.0,0.0,73887313.5,44704910.25,29182403.25,11464703.25,57503696.25,50.0,0.0,0.0,78692864.25,50.0,0.0,0.0,384384.0,108259651.5,63831.75,69082.5,75137562.5,16761494.75,6526520.0,3741487.75,47950402.5,9783774.0,3659405.75,-2179927.75,874373.5,50.0,0.0,0.0,0.5,25788763.0,9062303.25,34851066.25,26225949.75,45036241.25,28372344.0,108259651.5,25.5,0.0,0.0,19.96695,0.0,0.0,23.086249999999996,33.0,0.0,0.0,0.5,148797.0,0,9654.0,26.431211498973305,60.0,1.0,0,60.0,False,False,False,False,False,False,True,False,False,False,False,False,False,True,False,False,False,False,False,False,False,False,False,False,False,False,False,False,False,False,True,0.02608695652173913,0.3823884197828709
347,2661,26,266,0,230,24,6.0,50.0,0.0,0.0,50.0,0.0,0.0,73887313.5,44704910.25,29182403.25,11464703.25,57503696.25,50.0,0.0,0.0,78692864.25,50.0,0.0,0.0,384384.0,108259651.5,63831.75,69082.5,75137562.5,16761494.75,6526520.0,3741487.75,47950402.5,9783774.0,3659405.75,-2179927.75,874373.5,50.0,0.0,0.0,0.5,25788763.0,9062303.25,34851066.25,26225949.75,45036241.25,28372344.0,108259651.5,25.5,0.0,0.0,19.96695,0.0,0.0,23.086249999999996,33.0,0.0,0.0,0.5,148797.0,1,9863.0,27.003422313483917,88.0,1.0,0,88.0,False,False,False,False,False,False,True,False,False,False,False,False,False,True,False,False,False,False,False,False,False,False,False,False,False,False,False,False,False,False,True,0.02608695652173913,0.3823884197828709
348,2666,26,266,0,230,23,6.0,50.0,0.0,0.0,50.0,0.0,0.0,73887313.5,44704910.25,29182403.25,11464703.25,57503696.25,50.0,0.0,0.0,78692864.25,50.0,0.0,0.0,384384.0,108259651.5,63831.75,69082.5,75137562.5,16761494.75,6526520.0,3741487.75,47950402.5,9783774.0,3659405.75,-2179927.75,874373.5,50.0,0.0,0.0,0.5,25788763.0,9062303.25,34851066.25,26225949.75,45036241.25,28372344.0,108259651.5,25.5,0.0,0.0,19.96695,0.0,0.0,23.086249999999996,33.0,0.0,0.0,0.5,148797.0,1,10002.0,27.38398357289528,48.0,1.0,0,48.0,False,False,False,False,False,False,True,False,False,False,False,False,False,True,False,False,False,False,False,False,False,False,False,False,False,False,False,False,False,False,True,0.02608695652173913,0.3823884197828709
349,2661,26,266,0,230,24,6.0,50.0,0.0,0.0,50.0,0.0,0.0,73887313.5,44704910.25,29182403.25,11464703.25,57503696.25,50.0,0.0,0.0,78692864.25,50.0,0.0,0.0,384384.0,108259651.5,63831.75,69082.5,75137562.5,16761494.75,6526520.0,3741487.75,47950402.5,9783774.0,3659405.75,-2179927.75,874373.5,50.0,0.0,0.0,0.5,25788763.0,9062303.25,34851066.25,26225949.75,45036241.25,28372344.0,108259651.5,25.5,0.0,0.0,19.96695,0.0,0.0,23.086249999999996,33.0,0.0,0.0,0.5,148797.0,1,10037.0,27.479808350444902,60.0,1.0,0,60.0,False,False,False,False,False,False,True,False,False,False,False,False,False,True,False,False,False,False,False,False,False,False,False,False,False,False,False,False,False,False,True,0.02608695652173913,0.3823884197828709
350,2661,26,266,0,230,22,6.0,50.0,0.0,0.0,50.0,0.0,0.0,73887313.5,44704910.25,29182403.25,11464703.25,57503696.25,50.0,0.0,0.0,78692864.25,50.0,0.0,0.0,384384.0,108259651.5,63831.75,69082.5,75137562.5,16761494.75,6526520.0,3741487.75,47950402.5,9783774.0,3659405.75,-2179927.75,874373.5,50.0,0.0,0.0,0.5,25788763.0,9062303.25,34851066.25,26225949.75,45036241.25,28372344.0,108259651.5,25.5,0.0,0.0,19.96695,0.0,0.0,23.086249999999996,33.0,0.0,0.0,0.5,148797.0,1,10054.0,27.526351813826146,60.0,1.0,0,60.0,False,False,False,False,False,False,True,False,False,False,False,False,False,True,False,False,False,False,False,False,False,False,False,False,False,False,False,False,False,False,True,0.02608695652173913,0.3823884197828709
351,2666,26,266,0,230,20,6.0,50.0,0.0,0.0,50.0,0.0,0.0,73887313.5,44704910.25,29182403.25,11464703.25,57503696.25,50.0,0.0,0.0,78692864.25,50.0,0.0,0.0,384384.0,108259651.5,63831.75,69082.5,75137562.5,16761494.75,6526520.0,3741487.75,47950402.5,9783774.0,3659405.75,-2179927.75,874373.5,50.0,0.0,0.0,0.5,25788763.0,9062303.25,34851066.25,26225949.75,45036241.25,28372344.0,108259651.5,25.5,0.0,0.0,19.96695,0.0,0.0,23.086249999999996,33.0,0.0,0.0,0.5,148797.0,0,10151.0,27.79192334017796,60.0,1.0,0,60.0,False,False,False,False,False,False,True,False,False,False,False,False,False,True,False,False,False,False,False,False,False,False,False,False,False,False,False,False,False,False,True,0.02608695652173913,0.3823884197828709
352,4521,45,452,3,290,22,8.0,0.0,0.0,0.0,0.0,0.0,0.0,15814799.0,5505500.0,10309299.0,6202196.0,23901377.5,0.0,0.0,0.0,36331044.75,0.0,0.0,0.0,367367.0,47007710.75,51926.75,34424.25,81078497.5,10164904.75,4515010.5,3007504.5,62718906.25,5561556.0,2970968.0,-698948.25,1463462.0,0.0,0.0,0.0,0.0,8958950.0,229729.5,9188679.5,22110338.25,29558779.25,8260252.0,47007710.75,0.0,0.0,0.0,0.0,0.0,0.0,0.0,0.0,0.0,0.0,0.0,158600.0,0,2395.0,6.5571526351813825,60.0,1.0,0,60.0,False,False,False,False,False,False,False,False,True,False,False,False,False,False,False,False,False,False,False,False,True,False,False,False,False,False,False,True,False,False,False,0.08074534161490683,0.07117008443908324
353,1744,17,174,0,290,20,1.0,0.0,0.0,0.0,0.0,0.0,0.0,4383128.75,1492491.0,2890637.75,401901.5,1344593.25,0.0,0.0,0.0,3087084.0,0.0,0.0,0.0,32282.25,6010004.0,4935956.0,4114530.75,11557796.25,6806299.5,779278.5,491741.25,3477474.0,5963958.0,401901.5,-148898.75,114364.25,0.0,0.0,0.0,0.0,1896144.25,530530.0,2426674.25,1587836.25,2838085.25,745244.5,6010004.0,0.0,0.0,0.0,0.0,0.0,0.0,0.0,0.0,0.0,0.0,0.0,22895.5,0,2603.0,7.12662559890486,120.0,1.0,0,120.0,False,True,False,False,False,False,False,False,False,False,False,False,False,True,False,False,False,False,False,False,False,False,False,False,False,True,False,False,False,False,False,0.3242236024844721,0.3823884197828709
354,6062,60,606,1,12,23,1.0,,,,,,,,,,,,,,,,,,,,,,,,,,,,,,,,,,,,,,,,,,,,,,,,,,,,,,,0,2365.0,6.4750171115674195,48.0,1.0,0,48.0,False,False,False,False,False,False,False,False,False,False,True,False,False,False,False,False,False,False,False,False,False,False,True,False,False,False,False,False,False,False,False,0.03229813664596273,0.007237635705669481
355,1744,17,174,8,617,23,1.0,0.0,0.0,0.0,0.0,0.0,0.0,4020266.25,1434683.25,2585583.0,0.0,2250748.5,0.0,0.0,0.0,3767764.0,0.0,0.0,0.0,253002.75,6606349.75,9140174.25,14663.0,20469949.5,11923661.75,1264763.5,897646.75,7283025.75,10627867.25,869368.5,-90340.25,502251.75,0.0,0.0,0.0,0.0,2782029.25,8008.0,2790037.25,3436933.5,3815812.0,667.3333333333334,6606349.75,0.0,0.0,0.0,0.0,0.0,0.0,0.0,0.0,0.0,0.0,0.0,40899.0,0,2656.0,7.271731690622861,60.0,1.0,0,60.0,False,True,False,False,False,False,False,False,False,False,False,False,False,True,False,False,False,False,False,False,False,False,False,False,True,False,False,False,False,False,False,0.3242236024844721,0.3823884197828709
356,4529,45,452,4,20,25,0.0,0.0,0.0,0.0,0.0,0.0,0.0,5545540.0,1674422.75,3871117.25,1281029.75,6453447.0,0.0,0.0,0.0,7734476.75,0.0,0.0,0.0,2615863.25,14221457.25,25394.25,12241.25,39279490.25,6034528.5,3362859.5,3341838.5,31258977.75,2666664.0,2675673.0,-20770.75,2654652.0,0.0,0.0,0.0,0.0,11962700.75,0.0,11962700.75,1148147.0,2041789.75,216966.75,14221457.25,0.0,0.0,0.0,0.0,0.0,0.0,0.0,0.0,0.0,0.0,0.0,78480.5,0,1408.0,3.8548939082819986,48.0,1.0,0,48.0,False,False,False,False,False,False,False,True,False,False,False,False,False,False,False,False,False,False,False,True,False,False,False,False,False,False,True,False,False,False,False,0.02608695652173913,0.024125452352231604
357,4529,45,452,4,20,25,0.0,0.0,0.0,0.0,0.0,0.0,0.0,5545540.0,1674422.75,3871117.25,1281029.75,6453447.0,0.0,0.0,0.0,7734476.75,0.0,0.0,0.0,2615863.25,14221457.25,25394.25,12241.25,39279490.25,6034528.5,3362859.5,3341838.5,31258977.75,2666664.0,2675673.0,-20770.75,2654652.0,0.0,0.0,0.0,0.0,11962700.75,0.0,11962700.75,1148147.0,2041789.75,216966.75,14221457.25,0.0,0.0,0.0,0.0,0.0,0.0,0.0,0.0,0.0,0.0,0.0,78480.5,0,1408.0,3.8548939082819986,48.0,1.0,0,48.0,False,False,False,False,False,False,False,True,False,False,False,False,False,False,False,False,False,False,False,True,False,False,False,False,False,False,True,False,False,False,False,0.02608695652173913,0.024125452352231604
358,7110,71,711,3,15,24,7.5,0.0,0.0,0.0,0.0,0.0,0.0,13799285.5,3034031.0,10765254.5,0.0,1243242.0,0.0,0.0,0.0,5641636.0,0.0,0.0,0.0,55555.5,16462446.0,3779.0,3396.5,11879367.5,5024019.0,4377873.5,4137133.0,49049.0,316816.5,1031030.0,-858357.5,541541.0,0.0,0.0,0.0,0.0,8308800.5,5597091.5,13905892.0,2023021.0,2556554.0,0.0,16462446.0,0.0,0.0,0.0,0.0,0.0,0.0,0.0,0.0,0.0,0.0,0.0,23735.0,0,1399.0,3.8302532511978096,48.0,1.0,0,48.0,False,True,False,False,False,False,False,False,False,False,False,False,False,True,False,False,False,False,False,False,False,False,False,False,True,False,False,False,False,False,False,0.3242236024844721,0.3823884197828709
359,5162,51,516,5,56,24,1.0,,,,,,,,,,,,,,,,,,,,,,,,,,,,,,,,,,,,,,,,,,,,,,,,,,,,,,,0,5152.0,14.105407255304586,48.0,1.0,0,48.0,False,True,False,False,False,False,False,False,False,False,False,False,False,True,False,False,False,False,False,False,False,False,False,False,True,False,False,False,False,False,False,0.3242236024844721,0.3823884197828709
360,2663,26,266,2,56,24,7.0,,,,,,,,,,,,,,,,,,,,,,,,,,,,,,,,,,,,,,,,,,,,,,,,,,,,,,,0,5297.0,14.50239561943874,48.0,1.0,0,48.0,False,True,False,False,False,False,False,False,False,False,False,False,False,True,False,False,False,False,False,False,False,False,False,False,True,False,False,False,False,False,False,0.3242236024844721,0.3823884197828709
361,2663,26,266,5,56,23,5.7,,,,,,,,,,,,,,,,,,,,,,,,,,,,,,,,,,,,,,,,,,,,,,,,,,,,,,,0,5372.0,14.707734428473648,60.0,1.0,0,60.0,False,True,False,False,False,False,False,False,False,False,False,False,False,True,False,False,False,False,False,False,False,False,False,False,True,False,False,False,False,False,False,0.3242236024844721,0.3823884197828709
362,2663,26,266,3,56,23,6.0,,,,,,,,,,,,,,,,,,,,,,,,,,,,,,,,,,,,,,,,,,,,,,,,,,,,,,,0,5597.0,15.323750855578371,60.0,1.0,0,60.0,False,True,False,False,False,False,False,False,False,False,False,False,False,True,False,False,False,False,False,False,False,False,False,False,True,False,False,False,False,False,False,0.3242236024844721,0.3823884197828709
363,1522,15,152,0,0,22,6.0,0.0,0.0,0.0,0.0,0.0,0.0,12582319.75,6471965.5,6110354.25,1912660.75,8245987.75,0.0,0.0,0.0,16005489.5,0.0,0.0,0.0,812812.0,22928655.75,20427.0,17952.25,22724952.25,5618613.0,3719215.5,2277275.0,15038023.0,1839587.75,2833080.25,-192942.75,1382381.0,0.0,0.0,0.0,0.0,15290525.25,1623121.5,16913646.75,2329327.0,5709954.25,305054.75,22928655.75,0.0,0.0,0.0,0.0,0.0,0.0,0.0,0.0,0.0,0.0,0.0,45694.0,0,4984.0,13.645448323066393,60.0,1.0,0,60.0,False,True,False,False,False,False,False,False,False,False,False,False,False,True,False,False,False,False,False,False,False,False,False,False,True,False,False,False,False,False,False,0.024844720496894408,0.3823884197828709
364,6033,60,603,2,5,23,5.0,,,,,,,,,,,,,,,,,,,,,,,,,,,,,,,,,,,,,,,,,,,,,,,,,,,,,,,0,4036.0,,60.0,1.0,0,60.0,False,True,False,False,False,False,False,False,False,False,False,False,False,True,False,False,False,False,False,False,False,False,False,False,True,False,False,False,False,False,False,0.0012422360248447205,0.0012062726176115801
365,1552,15,155,2,185,35,4.95,0.0,0.0,0.0,0.0,0.0,0.0,13614100.5,6512255.75,7101844.75,4069065.0,8215957.75,0.0,0.0,0.0,17056539.5,0.0,0.0,0.0,815564.75,24973949.0,24244.5,20218.0,29817788.0,6795538.75,4386131.75,3799796.0,21249228.0,2368866.5,4406402.0,-968217.25,2780277.5,0.0,0.0,0.0,0.0,9375616.25,1040289.25,10415905.5,3739235.5,6200694.5,8357349.0,24973949.0,0.0,0.0,0.0,0.0,0.0,0.0,0.0,0.0,0.0,0.0,0.0,59333.5,0,7120.0,19.49349760438056,60.0,1.0,0,60.0,False,True,False,False,False,False,False,False,False,False,False,False,False,True,False,False,False,False,False,False,False,False,False,False,True,False,False,False,False,False,False,0.3242236024844721,0.3823884197828709
366,4521,45,452,2,11,23,5.5,0.0,0.0,0.0,0.0,0.0,0.0,6843837.0,4854850.0,1988987.0,6654147.5,8490982.5,0.0,0.0,0.0,15746981.25,0.0,0.0,0.0,41791.75,17777760.0,3063571.0,7010.5,13670907.25,2226724.5,669168.5,373873.5,9520761.25,1427175.75,356356.0,-196696.5,61061.0,0.0,0.0,0.0,0.0,5593337.75,1553552.0,7146889.75,1563562.0,4996741.75,5634128.5,17777760.0,0.0,0.0,0.0,0.0,0.0,0.0,0.0,0.0,0.0,0.0,0.0,21392.5,0,8748.0,23.95071868583162,60.0,1.0,0,60.0,False,False,False,False,True,False,False,False,False,False,False,False,False,False,False,False,True,False,False,False,False,False,False,False,False,True,False,False,False,False,False,0.06459627329192547,0.06031363088057901
367,4521,45,452,0,11,22,7.0,0.0,0.0,0.0,0.0,0.0,0.0,6843837.0,4854850.0,1988987.0,6654147.5,8490982.5,0.0,0.0,0.0,15746981.25,0.0,0.0,0.0,41791.75,17777760.0,3063571.0,7010.5,13670907.25,2226724.5,669168.5,373873.5,9520761.25,1427175.75,356356.0,-196696.5,61061.0,0.0,0.0,0.0,0.0,5593337.75,1553552.0,7146889.75,1563562.0,4996741.75,5634128.5,17777760.0,0.0,0.0,0.0,0.0,0.0,0.0,0.0,0.0,0.0,0.0,0.0,21392.5,0,8876.0,24.301163586584533,48.0,1.0,0,48.0,False,False,False,False,True,False,False,False,False,False,False,False,False,False,False,False,True,False,False,False,False,False,False,False,False,True,False,False,False,False,False,0.06459627329192547,0.06031363088057901
368,4529,45,452,0,11,20,0.0,0.0,0.0,0.0,0.0,0.0,0.0,6843837.0,4854850.0,1988987.0,6654147.5,8490982.5,0.0,0.0,0.0,15746981.25,0.0,0.0,0.0,41791.75,17777760.0,3063571.0,7010.5,13670907.25,2226724.5,669168.5,373873.5,9520761.25,1427175.75,356356.0,-196696.5,61061.0,0.0,0.0,0.0,0.0,5593337.75,1553552.0,7146889.75,1563562.0,4996741.75,5634128.5,17777760.0,0.0,0.0,0.0,0.0,0.0,0.0,0.0,0.0,0.0,0.0,0.0,21392.5,0,8883.0,24.320328542094455,48.0,1.0,0,48.0,False,False,False,False,True,False,False,False,False,False,False,False,False,False,False,False,True,False,False,False,False,False,False,False,False,True,False,False,False,False,False,0.06459627329192547,0.06031363088057901
369,4521,45,452,2,308,29,4.95,0.0,0.0,0.0,0.0,0.0,0.0,16168652.5,10117607.5,6051045.0,7853345.5,3981978.0,0.0,0.0,0.0,15194179.0,0.0,0.0,0.0,150650.5,21395874.5,22922900.0,31565534.0,16506490.0,4293289.0,3211208.0,2812810.0,10663152.5,889889.0,1598597.0,-398398.0,1200199.0,0.0,0.0,0.0,0.0,12322310.0,6792285.5,19114595.5,533032.5,906405.5,1374873.5,21395874.5,0.0,0.0,0.0,0.0,0.0,0.0,0.0,0.0,0.0,0.0,0.0,32980.0,1,12911.0,35.34839151266256,84.0,3.0,0,28.0,False,False,False,False,False,False,False,True,False,False,False,False,False,False,False,False,False,False,False,True,False,False,False,False,False,False,True,False,False,False,False,0.02608695652173913,0.024125452352231604
370,6062,60,606,2,22,23,5.0,,,,,,,182000.0,96000.0,86000.0,0.0,3769000.0,,,,6960000.0,,,,418000.0,7464000.0,16427000.0,13902000.0,21820000.0,2906000.0,-72000.0,391000.0,11190000.0,2850000.0,-195000.0,26000.0,268000.0,,,,,4431000.0,75000.0,4506000.0,1956000.0,2241000.0,717000.0,7464000.0,,,,,,,,,,,,,0,4857.0,13.297741273100616,48.0,1.0,0,48.0,False,True,False,False,False,False,False,False,False,False,False,False,False,True,False,False,False,False,False,False,False,False,False,False,True,False,False,False,False,False,False,0.3242236024844721,0.3823884197828709
371,6340,63,634,2,42,4,6.5,0.0,0.0,0.0,0.0,0.0,0.0,4270766.5,1214463.25,3056303.25,13513.5,6661905.25,0.0,0.0,0.0,6835578.75,0.0,0.0,0.0,944443.5,10836325.5,3989.75,2941.5,7707199.5,4284530.25,2044292.25,1375123.75,428428.0,2184182.0,1714212.5,9759.75,1045044.0,0.0,0.0,0.0,0.0,2518766.25,930679.75,3449446.0,5042787.75,7386879.5,0.0,10836325.5,0.0,0.0,0.0,0.0,0.0,0.0,0.0,0.0,0.0,0.0,0.0,15399.0,0,6308.0,17.270362765229294,60.0,3.0,0,20.0,False,True,False,False,False,False,False,False,False,False,False,False,False,True,False,False,False,False,False,False,False,False,False,False,True,False,False,False,False,False,False,0.3242236024844721,0.3823884197828709
372,4521,45,452,10,90,23,6.25,0.0,0.0,0.0,0.0,0.0,0.0,3747493.75,1860608.75,1886885.0,1100599.5,6179923.75,0.0,0.0,0.0,8668159.5,0.0,0.0,0.0,24774.75,10579819.25,13527263.75,11722711.0,11475714.25,1792791.0,742241.5,161161.0,8049291.25,991991.0,263263.0,-288788.5,-317817.5,0.0,0.0,0.0,0.0,4261507.25,166916.75,4428424.0,2813560.75,5081076.0,1070319.25,10579819.25,0.0,0.0,0.0,0.0,0.0,0.0,0.0,0.0,0.0,0.0,0.0,22023.0,0,4888.0,13.382614647501711,48.0,1.0,0,48.0,False,False,False,False,False,False,False,False,True,False,False,False,False,False,False,False,False,False,False,False,True,False,False,False,False,False,False,True,False,False,False,0.08074534161490683,0.07117008443908324
373,5166,51,516,20,0,1,5.5,0.0,0.0,0.0,0.0,0.0,0.0,1639137.5,686185.5,952952.0,4746992.25,3577323.75,0.0,0.0,0.0,9181422.25,0.0,0.0,0.0,355355.0,10489729.25,6137.75,6149.5,7700693.0,1218217.0,915664.75,715214.5,6251995.75,284033.75,825074.25,-13513.5,624624.0,0.0,0.0,0.0,0.0,3019766.75,0.0,3019766.75,829328.5,6876369.5,593593.0,10489729.25,0.0,0.0,0.0,0.0,0.0,0.0,0.0,0.0,0.0,0.0,0.0,15005.5,0,4308.0,11.794661190965092,84.0,1.0,0,84.0,False,True,False,False,False,False,False,False,False,False,False,False,False,True,False,False,False,False,False,False,False,False,False,False,True,False,False,False,False,False,False,0.3242236024844721,0.3823884197828709
374,5541,55,554,0,0,1,5.0,0.0,0.0,0.0,0.0,0.0,0.0,6884878.0,356356.0,6528522.0,76076.0,13013.0,0.0,0.0,0.0,1482981.5,0.0,0.0,0.0,243743.5,8255247.0,0.0,0.0,2728225.5,835334.5,496996.5,480980.5,1439438.0,330330.0,140640.5,0.0,124624.5,0.0,0.0,0.0,0.0,625124.5,0.0,625124.5,2812810.0,7630122.5,0.0,8255247.0,0.0,0.0,0.0,0.0,0.0,0.0,0.0,0.0,0.0,0.0,0.0,5451.0,1,1131.0,3.0965092402464065,60.0,1.0,0,60.0,False,False,False,False,False,False,False,False,False,False,False,True,False,False,False,False,False,False,False,False,False,False,False,True,False,False,False,False,False,True,False,0.07080745341614907,0.054282267792521106
375,4529,45,452,0,120,22,0.0,0.0,0.0,0.0,0.0,0.0,0.0,5596591.0,3483730.25,2112860.75,2330828.5,3326823.5,0.0,0.0,0.0,6447941.5,0.0,0.0,0.0,292292.0,8853094.25,5328523.25,14639.5,11785023.25,6959953.0,1063812.75,974473.5,2949947.0,5878873.0,459459.0,-61311.25,370119.75,0.0,0.0,0.0,0.0,3322319.0,1425173.75,4747492.75,1054553.5,3839335.5,266266.0,8853094.25,0.0,0.0,0.0,0.0,0.0,0.0,0.0,0.0,0.0,0.0,0.0,23546.5,0,3142.0,8.602327173169062,60.0,1.0,0,60.0,False,False,False,False,False,False,False,False,False,True,False,False,False,False,False,False,False,False,False,False,False,True,False,False,False,False,False,False,True,False,False,0.07204968944099378,0.05066344993968637
376,4529,45,452,0,120,22,0.0,0.0,0.0,0.0,0.0,0.0,0.0,5596591.0,3483730.25,2112860.75,2330828.5,3326823.5,0.0,0.0,0.0,6447941.5,0.0,0.0,0.0,292292.0,8853094.25,5328523.25,14639.5,11785023.25,6959953.0,1063812.75,974473.5,2949947.0,5878873.0,459459.0,-61311.25,370119.75,0.0,0.0,0.0,0.0,3322319.0,1425173.75,4747492.75,1054553.5,3839335.5,266266.0,8853094.25,0.0,0.0,0.0,0.0,0.0,0.0,0.0,0.0,0.0,0.0,0.0,23546.5,1,3449.0,9.442847364818617,60.0,1.0,0,60.0,False,False,False,False,False,False,False,False,False,True,False,False,False,False,False,False,False,False,False,False,False,True,False,False,False,False,False,False,True,False,False,0.07204968944099378,0.05066344993968637
377,4529,45,452,1,120,23,0.0,0.0,0.0,0.0,0.0,0.0,0.0,5596591.0,3483730.25,2112860.75,2330828.5,3326823.5,0.0,0.0,0.0,6447941.5,0.0,0.0,0.0,292292.0,8853094.25,5328523.25,14639.5,11785023.25,6959953.0,1063812.75,974473.5,2949947.0,5878873.0,459459.0,-61311.25,370119.75,0.0,0.0,0.0,0.0,3322319.0,1425173.75,4747492.75,1054553.5,3839335.5,266266.0,8853094.25,0.0,0.0,0.0,0.0,0.0,0.0,0.0,0.0,0.0,0.0,0.0,23546.5,0,3511.0,9.612594113620808,48.0,1.0,0,48.0,False,False,False,False,False,False,False,False,False,True,False,False,False,False,False,False,False,False,False,False,False,True,False,False,False,False,False,False,True,False,False,0.07204968944099378,0.05066344993968637
378,2663,26,266,35,30,23,1.0,100.0,0.0,0.0,100.0,0.0,0.0,20744473.75,17534016.5,3210457.25,2294292.0,8373865.5,100.0,0.0,0.0,11512250.75,100.0,0.0,0.0,465214.75,15187922.75,14092.75,13406.5,18542524.0,1481730.25,98598.5,559809.25,15303538.25,1052301.25,106606.5,-18518.5,-219469.25,30.0,0.0,0.0,1.0,1653902.25,7211204.0,8865106.25,4234480.25,6322816.5,0.0,15187922.75,51.0,0.0,0.0,31.8846,0.0,0.0,42.4728,17.0,0.0,0.0,1.0,40493.5,1,6303.0,17.256673511293634,48.0,1.0,0,48.0,False,False,False,False,False,False,False,False,False,False,True,False,False,False,False,False,False,False,False,False,False,False,True,False,False,False,False,False,False,False,False,0.04720496894409938,0.04945717732207479
379,6033,60,603,4,1,23,6.0,,,,,,,,,,,,,,,,,,,,,,,,,,,,,,,,,,,,,,,,,,,,,,,,,,,,,,,0,4202.0,11.50444900752909,48.0,1.0,0,48.0,False,False,False,False,False,False,False,False,False,False,False,True,False,False,False,False,False,False,False,False,False,False,False,True,False,False,False,False,False,True,False,0.07080745341614907,0.054282267792521106
380,6422,64,642,0,0,24,6.0,0.0,0.0,0.0,0.0,0.0,0.0,115245713.0,50122194.666666664,65123518.333333336,0.0,267195977.0,0.0,0.0,0.0,286919042.0,0.0,0.0,0.0,18379578.666666668,370422139.0,564078117.0,415512881.6666667,693902396.0,483954837.3333333,26552357.0,13430324.333333334,46121728.333333336,448960237.6666667,21509411.0,-4389172.666666667,8649499.0,0.0,0.0,0.0,0.0,122786624.33333333,0.0,122786624.33333333,113732803.0,201505558.0,46129956.666666664,370422139.0,0.0,0.0,0.0,0.0,0.0,0.0,0.0,0.0,0.0,0.0,0.0,988180.0,0,6321.0,17.305954825462013,60.0,1.0,0,60.0,False,True,False,False,False,False,False,False,False,False,False,False,False,True,False,False,False,False,False,False,False,False,False,False,True,False,False,False,False,False,False,0.3242236024844721,0.3823884197828709
381,6422,64,642,0,0,24,6.5,0.0,0.0,0.0,0.0,0.0,0.0,115245713.0,50122194.666666664,65123518.333333336,0.0,267195977.0,0.0,0.0,0.0,286919042.0,0.0,0.0,0.0,18379578.666666668,370422139.0,564078117.0,415512881.6666667,693902396.0,483954837.3333333,26552357.0,13430324.333333334,46121728.333333336,448960237.6666667,21509411.0,-4389172.666666667,8649499.0,0.0,0.0,0.0,0.0,122786624.33333333,0.0,122786624.33333333,113732803.0,201505558.0,46129956.666666664,370422139.0,0.0,0.0,0.0,0.0,0.0,0.0,0.0,0.0,0.0,0.0,0.0,988180.0,0,6321.0,17.305954825462013,48.0,1.0,0,48.0,False,True,False,False,False,False,False,False,False,False,False,False,False,True,False,False,False,False,False,False,False,False,False,False,True,False,False,False,False,False,False,0.3242236024844721,0.3823884197828709
382,6422,64,642,0,0,24,6.5,0.0,0.0,0.0,0.0,0.0,0.0,115245713.0,50122194.666666664,65123518.333333336,0.0,267195977.0,0.0,0.0,0.0,286919042.0,0.0,0.0,0.0,18379578.666666668,370422139.0,564078117.0,415512881.6666667,693902396.0,483954837.3333333,26552357.0,13430324.333333334,46121728.333333336,448960237.6666667,21509411.0,-4389172.666666667,8649499.0,0.0,0.0,0.0,0.0,122786624.33333333,0.0,122786624.33333333,113732803.0,201505558.0,46129956.666666664,370422139.0,0.0,0.0,0.0,0.0,0.0,0.0,0.0,0.0,0.0,0.0,0.0,988180.0,0,6321.0,17.305954825462013,60.0,1.0,0,60.0,False,True,False,False,False,False,False,False,False,False,False,False,False,True,False,False,False,False,False,False,False,False,False,False,True,False,False,False,False,False,False,0.3242236024844721,0.3823884197828709
383,6422,64,642,0,0,24,6.5,0.0,0.0,0.0,0.0,0.0,0.0,115245713.0,50122194.666666664,65123518.333333336,0.0,267195977.0,0.0,0.0,0.0,286919042.0,0.0,0.0,0.0,18379578.666666668,370422139.0,564078117.0,415512881.6666667,693902396.0,483954837.3333333,26552357.0,13430324.333333334,46121728.333333336,448960237.6666667,21509411.0,-4389172.666666667,8649499.0,0.0,0.0,0.0,0.0,122786624.33333333,0.0,122786624.33333333,113732803.0,201505558.0,46129956.666666664,370422139.0,0.0,0.0,0.0,0.0,0.0,0.0,0.0,0.0,0.0,0.0,0.0,988180.0,0,6340.0,17.357973990417523,60.0,1.0,0,60.0,False,True,False,False,False,False,False,False,False,False,False,False,False,True,False,False,False,False,False,False,False,False,False,False,True,False,False,False,False,False,False,0.3242236024844721,0.3823884197828709
384,6422,64,642,10,0,24,1.0,0.0,0.0,0.0,0.0,0.0,0.0,115245713.0,50122194.666666664,65123518.333333336,0.0,267195977.0,0.0,0.0,0.0,286919042.0,0.0,0.0,0.0,18379578.666666668,370422139.0,564078117.0,415512881.6666667,693902396.0,483954837.3333333,26552357.0,13430324.333333334,46121728.333333336,448960237.6666667,21509411.0,-4389172.666666667,8649499.0,0.0,0.0,0.0,0.0,122786624.33333333,0.0,122786624.33333333,113732803.0,201505558.0,46129956.666666664,370422139.0,0.0,0.0,0.0,0.0,0.0,0.0,0.0,0.0,0.0,0.0,0.0,988180.0,0,6721.0,18.401095140314855,60.0,1.0,0,60.0,False,True,False,False,False,False,False,False,False,False,False,False,False,True,False,False,False,False,False,False,False,False,False,False,True,False,False,False,False,False,False,0.3242236024844721,0.3823884197828709
385,5020,50,502,3,0,24,5.0,,,,,,,,,,,,,,,,,,,,,,,,,,,,,,,,,,,,,,,,,,,,,,,,,,,,,,,1,3366.0,9.215605749486652,120.0,1.0,0,120.0,False,False,False,False,False,False,False,False,False,True,False,False,False,False,False,False,False,False,False,False,False,True,False,False,False,False,False,False,True,False,False,0.07204968944099378,0.05066344993968637
386,4521,45,452,4,210,24,6.5,0.0,0.0,0.0,0.0,0.0,0.0,7454196.75,5502497.0,1951699.75,0.0,71169348.25,0.0,0.0,0.0,75260935.75,0.0,0.0,0.0,2752.75,77215388.25,45332.0,39667.75,61725914.25,7701443.75,2019017.0,1452951.5,48440642.25,5251996.75,1551800.25,-669919.25,985734.75,0.0,0.0,0.0,0.0,22731959.25,0.0,22731959.25,22963190.25,36741204.5,17742224.5,77215388.25,0.0,0.0,0.0,0.0,0.0,0.0,0.0,0.0,0.0,0.0,0.0,126301.0,0,4354.0,11.92060232717317,48.0,1.0,0,48.0,False,True,False,False,False,False,False,False,False,False,False,False,False,True,False,False,False,False,False,False,False,False,False,False,True,False,False,False,False,False,False,0.3242236024844721,0.3823884197828709
387,4532,45,453,2,30,4,5.5,0.0,0.0,0.0,0.0,0.0,0.0,4026022.0,1971970.0,2054052.0,25775.75,8130372.25,0.0,0.0,0.0,8473465.0,0.0,0.0,0.0,638137.5,11165654.5,12660.5,12441.0,16028512.5,2087335.25,738487.75,504754.25,13015002.0,1310559.25,564564.0,-48048.0,330830.5,0.0,0.0,0.0,0.0,3602599.0,575575.0,4178174.0,2886133.25,6180674.5,806806.0,11165654.5,0.0,0.0,0.0,0.0,0.0,0.0,0.0,0.0,0.0,0.0,0.0,32025.0,0,5785.0,15.838466803559205,84.0,1.0,0,84.0,False,True,False,False,False,False,False,False,False,False,False,False,False,True,False,False,False,False,False,False,False,False,False,False,True,False,False,False,False,False,False,0.024844720496894408,0.020506634499396863
388,5137,51,513,12,5,1,5.0,0.0,0.0,0.0,0.0,0.0,0.0,3296293.0,365365.0,2930928.0,0.0,4316312.0,0.0,0.0,0.0,4316312.0,0.0,0.0,0.0,590590.0,7837830.0,6138632.5,5198193.0,6629122.5,879378.5,789288.5,746746.0,5191686.5,90090.0,626626.0,-42542.5,584083.5,0.0,0.0,0.0,0.0,3946943.0,225225.0,4172168.0,312312.0,2714712.0,950950.0,7837830.0,0.0,0.0,0.0,0.0,0.0,0.0,0.0,0.0,0.0,0.0,0.0,13245.0,0,2569.0,7.0335386721423685,84.0,3.0,0,28.0,False,False,False,False,False,False,False,True,False,False,False,False,False,False,False,False,False,False,False,True,False,False,False,False,False,False,True,False,False,False,False,0.02608695652173913,0.024125452352231604
389,6070,60,607,0,12,22,6.0,0.0,0.0,0.0,0.0,0.0,0.0,5139384.25,2395643.25,2743741.0,3736482.75,1929928.0,0.0,0.0,0.0,5910905.0,0.0,0.0,0.0,310310.0,8964956.0,11039.25,10741.5,11326315.0,1530278.75,1395644.25,914413.5,6670664.0,113613.5,1055304.25,-337837.5,574073.5,0.0,0.0,0.0,0.0,2844341.5,2616614.0,5460955.5,439439.0,2422670.25,1081330.25,8964956.0,0.0,0.0,0.0,0.0,0.0,0.0,0.0,0.0,0.0,0.0,0.0,21237.0,0,2466.0,6.751540041067762,60.0,1.0,0,60.0,False,False,False,False,False,False,False,False,False,False,False,True,False,False,False,False,False,False,False,False,False,False,False,True,False,False,False,False,False,True,False,0.011180124223602485,0.010856453558504222
390,1730,17,173,0,0,4,6.0,,,,,,,,,,,,,,,,,,,,,,,,,,,,,,,,,,,,,,,,,,,,,,,,,,,,,,,0,2893.0,7.920602327173169,72.0,1.0,0,72.0,False,False,False,False,False,False,False,False,False,False,False,True,False,True,False,False,False,False,False,False,False,False,False,False,False,False,False,False,False,True,False,0.07080745341614907,0.3823884197828709
391,6033,60,603,5,40,25,6.8,0.0,0.0,0.0,0.0,0.0,0.0,6589332.75,2849346.5,3739986.25,479729.25,6422666.25,0.0,0.0,0.0,7863105.25,0.0,0.0,0.0,367367.0,11970458.5,14429.0,7372.5,22417645.25,2850597.75,1636384.75,1539538.0,15055040.0,1164413.25,839338.5,185185.0,742491.75,0.0,0.0,0.0,0.0,3425922.5,39539.5,3465462.0,6452946.5,8219211.0,285785.5,11970458.5,0.0,0.0,0.0,0.0,0.0,0.0,0.0,0.0,0.0,0.0,0.0,44790.5,0,2202.0,6.028747433264887,48.0,1.0,0,48.0,False,True,False,False,False,False,False,False,False,False,False,False,False,True,False,False,False,False,False,False,False,False,False,False,True,False,False,False,False,False,False,0.3242236024844721,0.3823884197828709
392,6062,60,606,0,10,23,7.0,,,,,,,,,,,,,,,,,,,,,,,,,,,,,,,,,,,,,,,,,,,,,,,,,,,,,,,0,4794.0,13.125256673511293,48.0,1.0,0,48.0,False,True,False,False,False,False,False,False,False,False,False,False,False,False,False,False,False,False,False,False,False,False,False,False,False,False,False,False,False,True,False,0.3242236024844721,
393,6062,60,606,5,10,23,5.0,,,,,,,,,,,,,,,,,,,,,,,,,,,,,,,,,,,,,,,,,,,,,,,,,,,,,,,0,5049.0,13.82340862422998,48.0,1.0,0,48.0,False,True,False,False,False,False,False,False,False,False,False,False,False,False,False,False,False,False,False,False,False,False,False,False,True,False,False,False,False,False,False,0.3242236024844721,
394,4529,45,452,2,270,1,7.0,0.0,0.0,0.0,0.0,0.0,0.0,16842826.0,5308553.25,11534272.75,2433180.75,13890126.25,0.0,0.0,0.0,18414646.25,0.0,0.0,0.0,3271268.0,33220187.0,34640.0,21279.75,52754702.0,8588079.5,3040037.0,1831079.25,41708667.0,5497992.5,2139887.75,-504504.0,930930.0,0.0,0.0,0.0,0.0,8556548.0,4075571.5,12632119.5,5582326.75,10363853.5,10224214.0,33220187.0,0.0,0.0,0.0,0.0,0.0,0.0,0.0,0.0,0.0,0.0,0.0,103335.0,0,5588.0,15.299110198494182,120.0,1.0,0,120.0,False,False,False,False,False,False,False,False,False,True,False,False,False,True,False,False,False,False,False,False,False,False,False,False,False,False,False,False,True,False,False,0.07204968944099378,0.3823884197828709
395,4529,45,452,2,270,24,5.0,0.0,0.0,0.0,0.0,0.0,0.0,16842826.0,5308553.25,11534272.75,2433180.75,13890126.25,0.0,0.0,0.0,18414646.25,0.0,0.0,0.0,3271268.0,33220187.0,34640.0,21279.75,52754702.0,8588079.5,3040037.0,1831079.25,41708667.0,5497992.5,2139887.75,-504504.0,930930.0,0.0,0.0,0.0,0.0,8556548.0,4075571.5,12632119.5,5582326.75,10363853.5,10224214.0,33220187.0,0.0,0.0,0.0,0.0,0.0,0.0,0.0,0.0,0.0,0.0,0.0,103335.0,0,5654.0,15.4798083504449,60.0,1.0,0,60.0,False,False,False,False,False,False,False,False,False,True,False,False,False,True,False,False,False,False,False,False,False,False,False,False,False,False,False,False,True,False,False,0.07204968944099378,0.3823884197828709
396,6062,60,606,2,4,32,8.75,,,,,,,,,,,,,,,,,,,,,,,,,,,,,,,,,,,,,,,,,,,,,,,,,,,,,,,0,1359.0,3.7207392197125255,84.0,1.0,0,84.0,False,False,False,False,False,False,True,False,False,False,False,False,False,False,False,False,False,False,True,False,False,False,False,False,False,False,False,False,False,False,True,0.012422360248447204,0.012062726176115802
397,4529,45,452,2,19,24,7.0,0.0,0.0,0.0,0.0,0.0,0.0,2329076.75,1193692.5,1135384.25,633132.5,9479970.5,0.0,0.0,0.0,11043532.5,0.0,0.0,0.0,36536.5,12215453.25,10046.75,5873.0,13313550.25,1757005.25,530530.0,334083.75,11000489.5,1205954.75,224724.5,-111111.0,28278.25,0.0,0.0,0.0,0.0,2187685.5,7507.5,2195193.0,3824320.5,9970210.25,50050.0,12215453.25,0.0,0.0,0.0,0.0,0.0,0.0,0.0,0.0,0.0,0.0,0.0,25360.0,1,4390.0,12.019164955509925,60.0,1.0,0,60.0,False,False,False,True,False,False,False,False,False,False,False,False,False,False,False,True,False,False,False,False,False,False,False,False,False,False,False,True,False,False,False,0.002484472049689441,0.0024125452352231603
398,4547,45,454,40,10,22,5.0,0.0,0.0,0.0,0.0,0.0,0.0,43072279.25,6876119.25,36196160.0,16013247.25,31363081.75,0.0,0.0,0.0,54997943.0,0.0,0.0,0.0,7090833.75,98284936.75,42976183.25,38796007.25,71562991.5,14030516.5,10824313.5,6008252.25,52845542.75,2995993.0,8061553.5,-2575072.5,2810307.5,0.0,0.0,0.0,0.0,21835313.5,28298019.75,50133333.25,19066297.25,33709926.25,14441677.25,98284936.75,0.0,0.0,0.0,0.0,0.0,0.0,0.0,0.0,0.0,0.0,0.0,142923.5,0,8067.0,22.086242299794662,96.0,1.0,0,96.0,False,True,False,False,False,False,False,False,False,False,False,False,False,True,False,False,False,False,False,False,False,False,False,False,True,False,False,False,False,False,False,0.3242236024844721,0.3823884197828709
399,6033,60,603,1,7,25,5.95,0.0,0.0,0.0,0.0,0.0,0.0,10724463.75,2279777.5,8444686.25,3680927.25,9436427.0,0.0,0.0,0.0,18394376.0,0.0,0.0,0.0,978477.5,27817539.75,9379620.25,4073738.25,11255744.5,977726.75,515014.5,265515.25,9374615.25,316065.75,512512.0,-213963.75,263012.75,0.0,0.0,0.0,0.0,17157140.0,0.0,17157140.0,4586582.0,8481723.25,2178676.5,27817539.75,0.0,0.0,0.0,0.0,0.0,0.0,0.0,0.0,0.0,0.0,0.0,20435.5,0,9141.0,25.026694045174537,60.0,1.0,0,60.0,False,True,False,False,False,False,False,False,False,False,False,False,False,True,False,False,False,False,False,False,False,False,False,False,False,False,True,False,False,False,False,0.3242236024844721,0.3823884197828709
400,3512,35,351,1,8,26,5.25,,,,,,,,,,,,,,,,,,,,,,,,,,,,,,,,,,,,,,,,,,,,,,,,,,,,,,,0,6521.0,17.853524982888434,60.0,3.0,0,20.0,False,False,False,False,False,True,False,False,False,False,False,False,False,False,False,False,False,True,False,False,False,False,False,False,False,False,True,False,False,False,False,0.0037267080745341614,0.0036188178528347406
401,2521,25,252,2,40,1,6.0,0.0,0.0,0.0,0.0,0.0,0.0,4386382.0,2276774.5,2109607.5,3915661.75,7345338.0,0.0,0.0,0.0,11661399.75,0.0,0.0,0.0,798547.75,14569555.0,20004.0,20312.0,20988217.25,4042788.75,2033781.75,1210209.0,15598082.5,1846845.0,1059058.0,-44294.25,423172.75,0.0,0.0,0.0,0.0,6606349.75,0.0,6606349.75,7333075.75,7914156.25,49049.0,14569555.0,0.0,0.0,0.0,0.0,0.0,0.0,0.0,0.0,0.0,0.0,0.0,42308.0,0,15884.0,43.488021902806295,84.0,1.0,0,84.0,False,True,False,False,False,False,False,False,False,False,False,False,False,True,False,False,False,False,False,False,False,False,False,False,True,False,False,False,False,False,False,0.3242236024844721,0.3823884197828709
402,5156,51,515,4,35,25,8.0,0.0,0.0,0.0,0.0,0.0,0.0,546295.75,213713.5,332582.25,140890.75,3287284.0,0.0,0.0,0.0,3678174.5,0.0,0.0,0.0,154654.5,4165411.25,5682.0,3731.0,6356600.25,1456705.25,388137.75,333583.25,4658403.75,1029528.5,338838.5,-6506.5,284284.0,0.0,0.0,0.0,0.0,1175674.5,67817.75,1243492.25,1144893.75,2921919.0,0.0,4165411.25,0.0,0.0,0.0,0.0,0.0,0.0,0.0,0.0,0.0,0.0,0.0,12801.5,0,4062.0,11.121149897330595,120.0,1.0,0,120.0,False,False,False,False,False,False,False,False,False,True,False,False,False,True,False,False,False,False,False,False,False,False,False,False,False,False,False,True,False,False,False,0.07204968944099378,0.3823884197828709
403,2912,29,291,23,24,2,6.5,0.0,0.0,0.0,0.0,0.0,0.0,4135881.75,778527.75,3357354.0,1079578.5,4113609.5,0.0,0.0,0.0,9943433.5,0.0,0.0,0.0,177677.5,13478465.0,11674.25,14645.75,13957443.5,1967966.0,816065.25,286536.25,10992231.25,1138637.5,675424.75,-369118.75,145895.75,0.0,0.0,0.0,0.0,3577574.0,250500.25,3828074.25,4912908.0,8328820.5,1321570.25,13478465.0,0.0,0.0,0.0,0.0,0.0,0.0,0.0,0.0,0.0,0.0,0.0,26625.5,0,4141.0,11.33744010951403,120.0,1.0,0,120.0,False,True,False,False,False,False,False,False,False,False,False,False,False,True,False,False,False,False,False,False,False,False,False,False,True,False,False,False,False,False,False,0.3242236024844721,0.3823884197828709
404,4529,45,452,0,40,26,8.57,0.0,0.0,0.0,0.0,0.0,0.0,8327819.5,1867866.0,6459953.5,943192.25,5252997.75,0.0,0.0,0.0,15055040.0,0.0,0.0,0.0,163913.75,21678907.25,4534428.0,9576835.75,12104592.5,3877874.0,2753751.0,2722970.25,7334327.0,1086585.5,2298296.0,-27777.75,2267515.25,0.0,0.0,0.0,0.0,14078564.5,600600.0,14679164.5,950699.75,6392135.75,607607.0,21678907.25,0.0,0.0,0.0,0.0,0.0,0.0,0.0,0.0,0.0,0.0,0.0,24185.0,0,4066.0,11.132101300479125,24.0,3.0,0,8.0,False,False,False,True,False,False,False,False,False,False,False,False,False,False,False,True,False,False,False,False,False,False,False,False,False,False,False,False,False,False,False,0.016149068322981366,0.015681544028950542
405,4531,45,453,0,25,22,0.0,,,,,,,,,,,,,,,,,,,,,,,,,,,,,,,,,,,,,,,,,,,,,,,,,,,,,,,0,8435.0,23.093771389459274,60.0,1.0,0,60.0,False,False,False,False,False,False,False,False,False,True,False,False,False,False,False,False,False,False,False,False,False,True,False,False,False,False,False,False,True,False,False,0.02111801242236025,0.016887816646562123
406,4521,45,452,20,22,25,1.0,50.0,50.0,0.0,50.0,50.0,0.0,2632630.0,1643642.0,988988.0,2119867.75,12740227.5,50.0,50.0,0.0,16759492.75,50.0,50.0,0.0,35285.25,17783766.0,12437925.5,8984976.0,15285770.5,3537784.25,1328827.5,510009.5,9479720.25,2178926.75,1153152.0,-729729.0,334334.0,50.0,50.0,0.0,1.0,3285031.75,683432.75,3968464.5,2277024.75,6434678.25,7380623.25,17783766.0,25.5,25.5,0.0,16.1742,18.0414,0.0,18.11215,0.5,16.5,0.0,1.0,27879.0,0,3136.0,8.58590006844627,60.0,1.0,0,60.0,False,False,False,False,False,False,False,False,False,False,True,False,False,False,False,False,False,False,False,False,False,False,True,False,False,False,False,False,False,False,False,0.04720496894409938,0.04945717732207479
407,4521,45,452,20,22,25,1.0,50.0,50.0,0.0,50.0,50.0,0.0,2632630.0,1643642.0,988988.0,2119867.75,12740227.5,50.0,50.0,0.0,16759492.75,50.0,50.0,0.0,35285.25,17783766.0,12437925.5,8984976.0,15285770.5,3537784.25,1328827.5,510009.5,9479720.25,2178926.75,1153152.0,-729729.0,334334.0,50.0,50.0,0.0,1.0,3285031.75,683432.75,3968464.5,2277024.75,6434678.25,7380623.25,17783766.0,25.5,25.5,0.0,16.1742,18.0414,0.0,18.11215,0.5,16.5,0.0,1.0,27879.0,1,3159.0,8.648870636550308,60.0,1.0,0,60.0,False,False,False,False,False,False,False,False,False,False,True,False,False,False,False,False,False,False,False,False,False,False,True,False,False,False,False,False,False,False,False,0.04720496894409938,0.04945717732207479
408,8021,80,802,0,0,28,6.5,,,,,,,,,,,,,,,,,,,,,,,,,,,,,,,,,,,,,,,,,,,,,,,,,,,,,,,0,7027.0,19.238877481177276,180.0,3.0,0,60.0,False,False,False,False,True,False,False,False,False,False,False,False,False,False,False,False,True,False,False,False,False,False,False,False,False,True,False,False,False,False,False,0.0037267080745341614,0.0024125452352231603
409,8021,80,802,4,0,34,6.25,,,,,,,,,,,,,,,,,,,,,,,,,,,,,,,,,,,,,,,,,,,,,,,,,,,,,,,0,4036.0,,84.0,1.0,0,84.0,False,False,False,False,False,False,False,False,False,False,False,False,False,False,False,False,False,False,False,False,False,False,False,False,False,False,False,False,False,True,False,,
410,9263,92,926,0,25,31,7.0,0.0,0.0,0.0,0.0,0.0,0.0,26440414.0,1921920.0,24518494.0,0.0,0.0,0.0,0.0,0.0,1723221.5,0.0,0.0,0.0,149149.0,26390864.5,0.0,0.0,1072571.5,238238.0,204204.0,-1007006.0,446946.5,0.0,-1104103.0,-47047.0,-2315313.0,0.0,0.0,0.0,0.0,15767752.0,8266758.5,24034510.5,772772.0,2353851.5,2502.5,26390864.5,0.0,0.0,0.0,0.0,0.0,0.0,0.0,0.0,0.0,0.0,0.0,2143.0,0,2030.0,5.557837097878165,84.0,12.0,0,7.0,False,False,False,False,True,False,False,False,False,False,False,False,False,False,False,False,True,False,False,False,False,False,False,False,False,True,False,False,False,False,False,0.02981366459627329,0.025331724969843185
411,1743,17,174,0,107,24,7.0,0.0,0.0,0.0,0.0,0.0,0.0,1992490.5,1367866.5,624624.0,630880.25,573823.25,0.0,0.0,0.0,2496994.5,0.0,0.0,0.0,92092.0,3213710.5,9419.5,6589.25,10218208.0,2473971.5,483483.0,352852.5,6818812.0,1953701.75,361110.75,-74324.25,230230.0,0.0,0.0,0.0,0.0,1303302.0,0.0,1303302.0,594343.75,1538286.75,372121.75,3213710.5,0.0,0.0,0.0,0.0,0.0,0.0,0.0,0.0,0.0,0.0,0.0,20170.0,1,3477.0,9.519507186858316,1440.0,1.0,0,1440.0,False,False,False,False,False,False,False,False,False,False,False,True,False,False,False,False,False,False,False,False,False,False,False,True,False,False,False,False,False,True,False,0.07080745341614907,0.054282267792521106
412,1553,15,155,8,200,22,1.0,0.0,0.0,0.0,0.0,0.0,0.0,22838065.25,10647136.5,12190928.75,7180923.75,2940437.5,0.0,0.0,0.0,11074313.25,0.0,0.0,0.0,16266.25,23281508.25,18102.5,13195.75,25293017.75,3264761.5,1589588.0,1563061.5,17681664.0,1526775.25,-987987.0,-10010.0,-1014513.5,0.0,0.0,0.0,0.0,9739980.25,0.0,9739980.25,4302548.25,10768007.25,2773520.75,23281508.25,0.0,0.0,0.0,0.0,0.0,0.0,0.0,0.0,0.0,0.0,0.0,43680.0,0,3407.0,9.32785763175907,60.0,1.0,0,60.0,False,True,False,False,False,False,False,False,False,False,False,False,False,True,False,False,False,False,False,False,False,False,False,False,True,False,False,False,False,False,False,0.024844720496894408,0.020506634499396863
413,1571,15,157,8,23,1,6.0,0.0,0.0,0.0,0.0,0.0,0.0,2665162.5,1594593.0,1070569.5,459959.5,1016015.0,0.0,0.0,0.0,1644142.5,0.0,0.0,0.0,7007.0,2721719.0,2170.5,2306.0,2737735.0,676175.5,385385.0,348348.0,1814813.0,251251.0,143143.0,-22022.0,106106.0,0.0,0.0,0.0,0.0,-40540.5,638638.0,598097.5,283283.0,1826324.5,297297.0,2721719.0,0.0,0.0,0.0,0.0,0.0,0.0,0.0,0.0,0.0,0.0,0.0,5447.0,0,3066.0,8.394250513347023,84.0,1.0,0,84.0,False,True,False,False,False,False,False,False,False,False,False,False,False,True,False,False,False,False,False,False,False,False,False,False,True,False,False,False,False,False,False,0.3242236024844721,0.3823884197828709
414,6031,60,603,0,27,24,1.0,,,,,,,,,,,,,,,,,,,,,,,,,,,,,,,,,,,,,,,,,,,,,,,,,,,,,,,0,4376.0,11.980835044490075,60.0,1.0,0,60.0,False,False,False,False,False,False,False,False,True,False,False,False,False,False,False,False,False,False,False,False,True,False,False,False,False,False,False,True,False,False,False,0.009937888198757764,0.0036188178528347406
415,3611,36,361,11,2,2,8.0,,,,,,,,,,,,,,,,,,,,,,,,,,,,,,,,,,,,,,,,,,,,,,,,,,,,,,,0,10112.0,27.685147159479808,144.0,3.0,0,48.0,False,True,False,False,False,False,False,False,False,False,False,False,False,True,False,False,False,False,False,False,False,False,False,False,True,False,False,False,False,False,False,0.3242236024844721,0.3823884197828709
416,2852,28,285,5,60,23,1.0,,,,,,,25122500.0,16231500.0,8891000.0,2176000.0,8922500.0,,,,20257000.0,,,,1480000.0,30628000.0,12831000.0,0.0,24353000.0,13095000.0,2149000.0,1739000.0,5449500.0,10569000.0,1239500.0,-285500.0,784000.0,,,,,10089000.0,0.0,10089000.0,6520000.0,20539000.0,0.0,30628000.0,,,,,,,,,,,,,0,4795.0,13.127994524298426,60.0,1.0,0,60.0,False,True,False,False,False,False,False,False,False,False,False,False,False,True,False,False,False,False,False,False,False,False,False,False,False,False,True,False,False,False,False,0.3242236024844721,0.3823884197828709
417,9001,90,900,2,0,24,0.0,,,,,,,,,,,,,,,,,,,,,,,,,,,,,,,,,,,,,,,,,,,,,,,,,,,,,,,0,8485.0,23.23066392881588,48.0,1.0,0,48.0,False,False,False,False,False,False,False,False,False,True,False,False,False,False,False,False,False,False,False,False,False,True,False,False,False,False,False,False,True,False,False,0.02111801242236025,0.016887816646562123
418,9001,90,900,2,0,22,0.0,,,,,,,,,,,,,,,,,,,,,,,,,,,,,,,,,,,,,,,,,,,,,,,,,,,,,,,0,8517.0,23.318275154004105,48.0,1.0,0,48.0,False,False,False,False,False,False,False,False,False,True,False,False,False,False,False,False,False,False,False,False,False,True,False,False,False,False,False,False,True,False,False,0.02111801242236025,0.016887816646562123
419,4529,45,452,2,0,24,0.0,,,,,,,,,,,,,,,,,,,,,,,,,,,,,,,,,,,,,,,,,,,,,,,,,,,,,,,0,8804.0,24.10403832991102,48.0,1.0,0,48.0,False,False,False,False,False,False,False,False,False,True,False,False,False,False,False,False,False,False,False,False,False,True,False,False,False,False,False,False,True,False,False,0.02111801242236025,0.016887816646562123
420,5522,55,552,13,50,26,6.25,0.0,0.0,0.0,0.0,0.0,0.0,84916331.5,50571020.5,34345311.0,257257.0,4776772.0,0.0,0.0,0.0,13377864.5,0.0,0.0,0.0,1171170.0,48894345.5,0.0,0.0,37653115.5,16217201.0,11554042.5,7931423.5,17413896.5,4373869.5,5078573.5,-3024021.0,1183182.0,0.0,0.0,0.0,0.0,14734219.5,21626605.0,36360824.5,3653650.0,10692682.0,1840839.0,48894345.5,0.0,0.0,0.0,0.0,0.0,0.0,0.0,0.0,0.0,0.0,0.0,69190.0,0,6723.0,18.406570841889117,84.0,4.0,0,21.0,False,False,False,False,False,False,False,False,False,False,True,False,False,False,False,False,False,False,False,False,False,False,True,False,False,False,False,False,False,False,False,0.04720496894409938,0.04945717732207479
421,5522,55,552,35,50,26,6.25,0.0,0.0,0.0,0.0,0.0,0.0,84916331.5,50571020.5,34345311.0,257257.0,4776772.0,0.0,0.0,0.0,13377864.5,0.0,0.0,0.0,1171170.0,48894345.5,0.0,0.0,37653115.5,16217201.0,11554042.5,7931423.5,17413896.5,4373869.5,5078573.5,-3024021.0,1183182.0,0.0,0.0,0.0,0.0,14734219.5,21626605.0,36360824.5,3653650.0,10692682.0,1840839.0,48894345.5,0.0,0.0,0.0,0.0,0.0,0.0,0.0,0.0,0.0,0.0,0.0,69190.0,0,6967.0,19.07460643394935,84.0,4.0,0,21.0,False,False,False,False,False,False,False,False,False,False,True,False,False,False,False,False,False,False,False,False,False,False,True,False,False,False,False,False,False,False,False,0.04720496894409938,0.04945717732207479
422,5522,55,552,0,50,22,1.0,0.0,0.0,0.0,0.0,0.0,0.0,84916331.5,50571020.5,34345311.0,257257.0,4776772.0,0.0,0.0,0.0,13377864.5,0.0,0.0,0.0,1171170.0,48894345.5,0.0,0.0,37653115.5,16217201.0,11554042.5,7931423.5,17413896.5,4373869.5,5078573.5,-3024021.0,1183182.0,0.0,0.0,0.0,0.0,14734219.5,21626605.0,36360824.5,3653650.0,10692682.0,1840839.0,48894345.5,0.0,0.0,0.0,0.0,0.0,0.0,0.0,0.0,0.0,0.0,0.0,69190.0,0,7204.0,19.72347707049966,60.0,1.0,0,60.0,False,False,False,False,False,False,False,False,False,False,True,False,False,False,False,False,False,False,False,False,False,False,True,False,False,False,False,False,False,False,False,0.04720496894409938,0.04945717732207479
423,3430,34,343,0,400,1,6.0,,,,,,,,,,,,,,,,,,,,,,,,,,,,,,,,,,,,,,,,,,,,,,,,,,,,,,,1,13946.0,38.182067077344286,60.0,1.0,0,60.0,False,False,False,False,False,False,False,False,False,False,False,True,False,False,False,False,False,False,False,False,False,False,False,True,False,False,False,False,False,True,False,0.07080745341614907,0.054282267792521106
424,6033,60,603,3,80,20,5.0,0.0,0.0,0.0,0.0,0.0,0.0,5805049.25,2604602.0,3200447.25,319569.25,14170156.0,0.0,0.0,0.0,20971450.5,0.0,0.0,0.0,94094.0,24265991.75,34699.75,27115.5,45733688.0,10303793.5,2108106.0,1390138.75,23146623.5,7892634.75,1309808.5,-319819.5,648898.25,0.0,0.0,0.0,0.0,7615858.25,0.0,7615858.25,8420912.5,11054293.25,5595840.25,24265991.75,0.0,0.0,0.0,0.0,0.0,0.0,0.0,0.0,0.0,0.0,0.0,90289.0,0,9076.0,24.84873374401095,60.0,1.0,0,60.0,False,True,False,False,False,False,False,False,False,False,False,False,False,True,False,False,False,False,False,False,False,False,False,False,True,False,False,False,False,False,False,0.3242236024844721,0.3823884197828709
425,7423,74,742,0,30,23,1.0,0.0,0.0,0.0,0.0,0.0,0.0,2270518.25,1149898.75,1120619.5,1189688.5,3488985.5,0.0,0.0,0.0,4894389.5,0.0,0.0,0.0,160410.25,6175419.25,4232.5,4286.5,5736480.75,2808305.5,594844.25,525525.0,1850598.75,2193441.25,295044.75,-39539.5,225725.5,0.0,0.0,0.0,0.0,2561559.0,96346.25,2657905.25,316065.75,3319816.5,197697.5,6175419.25,0.0,0.0,0.0,0.0,0.0,0.0,0.0,0.0,0.0,0.0,0.0,10332.5,1,1422.0,3.893223819301848,48.0,1.0,0,48.0,False,False,False,False,False,False,False,False,True,False,False,False,False,False,False,False,False,False,False,False,True,False,False,False,False,False,False,True,False,False,False,0.08074534161490683,0.07117008443908324
426,8031,80,803,0,7,34,6.25,0.0,0.0,0.0,0.0,0.0,0.0,1562060.5,377877.5,1184183.0,0.0,205205.0,0.0,0.0,0.0,275275.0,0.0,0.0,0.0,87587.5,1547045.5,1495994.5,1453452.0,1506004.5,1260759.5,686686.0,585084.5,93093.0,572572.0,583082.5,0.0,481481.0,0.0,0.0,0.0,0.0,1499998.5,0.0,1499998.5,6506.5,47047.0,0.0,1547045.5,0.0,0.0,0.0,0.0,0.0,0.0,0.0,0.0,0.0,0.0,0.0,3009.0,0,2008.0,5.49760438056126,180.0,1.0,0,180.0,False,False,False,False,False,False,False,False,False,False,False,True,False,False,False,False,False,False,False,False,False,False,False,True,False,False,False,False,False,True,False,0.07080745341614907,0.054282267792521106
427,7121,71,712,0,0,24,5.0,,,,,,,,,,,,,,,,,,,,,,,,,,,,,,,,,,,,,,,,,,,,,,,,,,,,,,,0,4665.0,12.772073921971252,60.0,1.0,0,60.0,False,True,False,False,False,False,False,False,False,False,False,False,False,True,False,False,False,False,False,False,False,False,False,False,True,False,False,False,False,False,False,0.3242236024844721,0.3823884197828709
428,5138,51,513,10,16,24,1.0,0.0,0.0,0.0,0.0,0.0,0.0,256756.5,3003.0,253753.5,385885.5,552051.5,0.0,0.0,0.0,1289288.0,0.0,0.0,0.0,3003.0,1546044.5,1325060.75,2097.75,2603601.0,75825.75,8758.75,-19269.25,2167415.25,65065.0,-21771.75,-13513.5,-49799.75,0.0,0.0,0.0,0.0,157157.0,0.0,157157.0,731981.25,1348597.25,40290.25,1546044.5,0.0,0.0,0.0,0.0,0.0,0.0,0.0,0.0,0.0,0.0,0.0,5202.0,0,1479.0,4.049281314168378,120.0,1.0,0,120.0,False,True,False,False,False,False,False,False,False,False,False,False,False,True,False,False,False,False,False,False,False,False,False,False,True,False,False,False,False,False,False,0.3242236024844721,0.3823884197828709
429,127,1,12,3,20,9,7.0,0.0,0.0,0.0,0.0,0.0,0.0,15137122.0,2398646.25,12738475.75,2768515.75,35535.5,0.0,0.0,0.0,2834331.5,0.0,0.0,0.0,1001.0,15573808.25,3158.0,2560.75,4350596.25,2659907.25,1033032.0,953953.0,1016265.25,1621870.25,226976.75,-87087.0,147897.75,0.0,0.0,0.0,0.0,1388387.0,4254250.0,5642637.0,594594.0,8068810.75,1862360.5,15573808.25,0.0,0.0,0.0,0.0,0.0,0.0,0.0,0.0,0.0,0.0,0.0,7107.0,0,2712.0,7.425051334702259,60.0,1.0,0,60.0,False,False,False,False,False,False,False,False,True,False,False,False,False,False,False,False,False,False,False,False,True,False,False,False,False,False,False,True,False,False,False,0.08074534161490683,0.07117008443908324
430,6031,60,603,7,0,23,5.3,,,,,,,,,,,,,,,,,,,,,,,,,,,,,,,,,,,,,,,,,,,,,,,,,,,,,,,0,9982.0,27.329226557152634,48.0,1.0,0,48.0,False,True,False,False,False,False,False,False,False,False,False,False,False,True,False,False,False,False,False,False,False,False,False,False,True,False,False,False,False,False,False,0.3242236024844721,0.3823884197828709
431,1320,13,132,3,411,24,1.0,0.0,0.0,0.0,0.0,0.0,0.0,5151396.25,626626.0,4524770.25,0.0,5317312.0,0.0,0.0,0.0,8481973.5,0.0,0.0,0.0,445194.75,13451938.5,17764.0,11725.0,25240465.25,12454191.75,572071.5,384133.75,8525767.25,11862600.75,790539.75,-216966.75,212962.75,0.0,0.0,0.0,0.0,3923419.5,0.0,3923419.5,4854349.5,7150393.25,2378125.75,13451938.5,0.0,0.0,0.0,0.0,0.0,0.0,0.0,0.0,0.0,0.0,0.0,52082.0,0,3904.0,10.688569472963723,48.0,1.0,0,48.0,False,False,False,False,False,False,False,False,False,False,True,False,False,False,False,False,False,False,False,False,False,False,True,False,False,False,False,False,False,False,False,0.04720496894409938,0.04945717732207479
432,1320,13,132,3,411,24,1.0,0.0,0.0,0.0,0.0,0.0,0.0,5151396.25,626626.0,4524770.25,0.0,5317312.0,0.0,0.0,0.0,8481973.5,0.0,0.0,0.0,445194.75,13451938.5,17764.0,11725.0,25240465.25,12454191.75,572071.5,384133.75,8525767.25,11862600.75,790539.75,-216966.75,212962.75,0.0,0.0,0.0,0.0,3923419.5,0.0,3923419.5,4854349.5,7150393.25,2378125.75,13451938.5,0.0,0.0,0.0,0.0,0.0,0.0,0.0,0.0,0.0,0.0,0.0,52082.0,0,3910.0,10.704996577686517,576.0,1.0,0,576.0,False,False,False,False,False,False,False,False,False,False,True,False,False,False,False,False,False,False,False,False,False,False,True,False,False,False,False,False,False,False,False,0.04720496894409938,0.04945717732207479
433,1320,13,132,15,411,23,1.0,0.0,0.0,0.0,0.0,0.0,0.0,5151396.25,626626.0,4524770.25,0.0,5317312.0,0.0,0.0,0.0,8481973.5,0.0,0.0,0.0,445194.75,13451938.5,17764.0,11725.0,25240465.25,12454191.75,572071.5,384133.75,8525767.25,11862600.75,790539.75,-216966.75,212962.75,0.0,0.0,0.0,0.0,3923419.5,0.0,3923419.5,4854349.5,7150393.25,2378125.75,13451938.5,0.0,0.0,0.0,0.0,0.0,0.0,0.0,0.0,0.0,0.0,0.0,52082.0,0,4040.0,11.06091718001369,48.0,1.0,0,48.0,False,False,False,False,False,False,False,False,False,False,True,False,False,False,False,False,False,False,False,False,False,False,True,False,False,False,False,False,False,False,False,0.04720496894409938,0.04945717732207479
434,4529,45,452,0,15,25,8.0,0.0,0.0,0.0,0.0,0.0,0.0,1037786.75,318067.75,719719.0,4856101.25,615364.75,0.0,0.0,0.0,6275269.0,0.0,0.0,0.0,371621.25,7366609.25,12020008.0,3859857.5,20817546.75,762011.25,606355.75,478978.5,19388369.0,148898.75,419419.0,-60810.75,292041.75,0.0,0.0,0.0,0.0,2913410.5,400900.5,3314311.0,1045294.25,3977723.75,99432.66666666667,7366609.25,0.0,0.0,0.0,0.0,0.0,0.0,0.0,0.0,0.0,0.0,0.0,41593.5,1,1172.0,3.2087611225188226,48.0,1.0,0,48.0,False,False,False,False,False,False,False,False,True,False,False,False,False,False,False,False,False,False,False,False,True,False,False,False,False,False,False,True,False,False,False,0.08074534161490683,0.07117008443908324
435,5132,51,513,0,36,23,1.0,50.0,0.0,0.0,50.0,0.0,0.0,9996736.75,5789283.5,4207453.25,9864104.25,29407127.75,50.0,0.0,0.0,40837296.5,50.0,0.0,0.0,282782.5,45327532.25,32643826.75,64451.25,71045224.25,4360356.0,2773270.5,782031.25,60912852.0,1421920.5,2308806.5,-1311560.25,317567.25,15.0,0.0,0.0,0.5,10280770.5,5816811.0,16097581.5,11320559.25,12876864.0,16353086.75,45327532.25,25.5,0.0,0.0,20.78535,0.0,0.0,19.7789,50.0,0.0,0.0,0.5,141948.5,0,9595.0,26.269678302532512,48.0,1.0,0,48.0,False,False,False,False,False,False,False,False,False,False,True,False,False,False,False,False,False,False,False,False,False,False,True,False,False,False,False,False,False,False,False,0.03229813664596273,0.007237635705669481
436,1822,18,182,0,1100,24,1.0,0.0,0.0,0.0,0.0,0.0,0.0,111000389.5,32784001.25,78216388.25,7542785.25,20407637.25,0.0,0.0,0.0,37148361.25,0.0,0.0,0.0,289789.5,115654539.0,112166554.5,91267926.75,127738110.5,73364040.75,12842079.25,11966204.25,9006998.0,59705145.5,9039780.75,-2740487.75,6844087.25,0.0,0.0,0.0,0.0,52067765.75,21656885.25,73724651.0,9901892.0,26001725.75,15928162.25,115654539.0,0.0,0.0,0.0,0.0,0.0,0.0,0.0,0.0,0.0,0.0,0.0,254762.0,0,9800.0,26.830937713894592,60.0,1.0,0,60.0,False,False,False,False,False,False,False,False,True,False,False,False,False,False,False,False,False,False,False,False,True,False,False,False,False,False,False,True,False,False,False,0.08074534161490683,0.07117008443908324
437,6022,60,602,6,300,24,0.0,0.0,0.0,0.0,0.0,0.0,0.0,14615601.0,7945187.25,6670413.75,449699.25,8033275.25,0.0,0.0,0.0,12879366.5,0.0,0.0,0.0,610860.25,20160640.5,28291.75,17014.0,41196405.25,10283523.25,4327323.0,2913911.0,22130608.5,5806801.0,2164912.75,-448448.0,751500.75,0.0,0.0,0.0,0.0,4938683.75,3870616.75,8809300.5,9574565.0,11256245.0,95095.0,20160640.5,0.0,0.0,0.0,0.0,0.0,0.0,0.0,0.0,0.0,0.0,0.0,82310.5,0,1156.0,3.164955509924709,48.0,1.0,0,48.0,False,False,False,False,False,False,False,False,False,True,False,False,False,False,False,False,False,False,False,False,False,True,False,False,False,False,False,False,True,False,False,0.07204968944099378,0.05066344993968637
438,6022,60,602,10,300,23,0.0,0.0,0.0,0.0,0.0,0.0,0.0,14615601.0,7945187.25,6670413.75,449699.25,8033275.25,0.0,0.0,0.0,12879366.5,0.0,0.0,0.0,610860.25,20160640.5,28291.75,17014.0,41196405.25,10283523.25,4327323.0,2913911.0,22130608.5,5806801.0,2164912.75,-448448.0,751500.75,0.0,0.0,0.0,0.0,4938683.75,3870616.75,8809300.5,9574565.0,11256245.0,95095.0,20160640.5,0.0,0.0,0.0,0.0,0.0,0.0,0.0,0.0,0.0,0.0,0.0,82310.5,0,1464.0,4.008213552361396,48.0,1.0,0,48.0,False,False,False,False,False,False,False,False,False,True,False,False,False,False,False,False,False,False,False,False,False,True,False,False,False,False,False,False,True,False,False,0.07204968944099378,0.05066344993968637
439,6022,60,602,6,300,24,0.0,0.0,0.0,0.0,0.0,0.0,0.0,14615601.0,7945187.25,6670413.75,449699.25,8033275.25,0.0,0.0,0.0,12879366.5,0.0,0.0,0.0,610860.25,20160640.5,28291.75,17014.0,41196405.25,10283523.25,4327323.0,2913911.0,22130608.5,5806801.0,2164912.75,-448448.0,751500.75,0.0,0.0,0.0,0.0,4938683.75,3870616.75,8809300.5,9574565.0,11256245.0,95095.0,20160640.5,0.0,0.0,0.0,0.0,0.0,0.0,0.0,0.0,0.0,0.0,0.0,82310.5,0,1575.0,4.312114989733059,60.0,1.0,0,60.0,False,False,False,False,False,False,False,False,False,True,False,False,False,False,False,False,False,False,False,False,False,True,False,False,False,False,False,False,True,False,False,0.07204968944099378,0.05066344993968637
440,6022,60,602,5,300,23,0.0,0.0,0.0,0.0,0.0,0.0,0.0,14615601.0,7945187.25,6670413.75,449699.25,8033275.25,0.0,0.0,0.0,12879366.5,0.0,0.0,0.0,610860.25,20160640.5,28291.75,17014.0,41196405.25,10283523.25,4327323.0,2913911.0,22130608.5,5806801.0,2164912.75,-448448.0,751500.75,0.0,0.0,0.0,0.0,4938683.75,3870616.75,8809300.5,9574565.0,11256245.0,95095.0,20160640.5,0.0,0.0,0.0,0.0,0.0,0.0,0.0,0.0,0.0,0.0,0.0,82310.5,0,1575.0,4.312114989733059,48.0,1.0,0,48.0,False,False,False,False,False,False,False,False,False,True,False,False,False,False,False,False,False,False,False,False,False,True,False,False,False,False,False,False,True,False,False,0.07204968944099378,0.05066344993968637
441,6022,60,602,10,300,23,0.0,0.0,0.0,0.0,0.0,0.0,0.0,14615601.0,7945187.25,6670413.75,449699.25,8033275.25,0.0,0.0,0.0,12879366.5,0.0,0.0,0.0,610860.25,20160640.5,28291.75,17014.0,41196405.25,10283523.25,4327323.0,2913911.0,22130608.5,5806801.0,2164912.75,-448448.0,751500.75,0.0,0.0,0.0,0.0,4938683.75,3870616.75,8809300.5,9574565.0,11256245.0,95095.0,20160640.5,0.0,0.0,0.0,0.0,0.0,0.0,0.0,0.0,0.0,0.0,0.0,82310.5,0,1750.0,4.791238877481177,48.0,1.0,0,48.0,False,False,False,False,False,False,False,False,False,True,False,False,False,False,False,False,False,False,False,False,False,True,False,False,False,False,False,False,True,False,False,0.07204968944099378,0.05066344993968637
442,4550,45,455,0,663,5,,0.0,0.0,0.0,0.0,0.0,0.0,6957200.25,3601347.75,3355852.5,1168167.0,47511464.0,0.0,0.0,0.0,56355799.5,0.0,0.0,0.0,4302798.5,64014450.5,54247.25,43299.0,65449884.5,10473212.75,3633630.0,2414662.25,51615814.25,6772015.25,2904651.75,-812311.5,1685684.0,0.0,0.0,0.0,0.0,8562804.25,583583.0,9146387.25,16960944.0,29306777.5,25561285.75,64014450.5,0.0,0.0,0.0,0.0,0.0,0.0,0.0,0.0,0.0,0.0,0.0,130654.5,0,1935.0,5.297741273100616,60.0,,1,48.0,False,True,False,False,False,False,False,False,False,False,False,False,False,True,False,False,False,False,False,False,False,False,False,False,False,True,False,False,False,False,False,0.3242236024844721,0.3823884197828709
443,4550,45,455,0,663,5,,0.0,0.0,0.0,0.0,0.0,0.0,6957200.25,3601347.75,3355852.5,1168167.0,47511464.0,0.0,0.0,0.0,56355799.5,0.0,0.0,0.0,4302798.5,64014450.5,54247.25,43299.0,65449884.5,10473212.75,3633630.0,2414662.25,51615814.25,6772015.25,2904651.75,-812311.5,1685684.0,0.0,0.0,0.0,0.0,8562804.25,583583.0,9146387.25,16960944.0,29306777.5,25561285.75,64014450.5,0.0,0.0,0.0,0.0,0.0,0.0,0.0,0.0,0.0,0.0,0.0,130654.5,0,1935.0,5.297741273100616,60.0,,1,48.0,False,True,False,False,False,False,False,False,False,False,False,False,False,True,False,False,False,False,False,False,False,False,False,False,False,True,False,False,False,False,False,0.3242236024844721,0.3823884197828709
444,4550,45,455,0,663,5,,0.0,0.0,0.0,0.0,0.0,0.0,6957200.25,3601347.75,3355852.5,1168167.0,47511464.0,0.0,0.0,0.0,56355799.5,0.0,0.0,0.0,4302798.5,64014450.5,54247.25,43299.0,65449884.5,10473212.75,3633630.0,2414662.25,51615814.25,6772015.25,2904651.75,-812311.5,1685684.0,0.0,0.0,0.0,0.0,8562804.25,583583.0,9146387.25,16960944.0,29306777.5,25561285.75,64014450.5,0.0,0.0,0.0,0.0,0.0,0.0,0.0,0.0,0.0,0.0,0.0,130654.5,0,1935.0,5.297741273100616,60.0,,1,48.0,False,True,False,False,False,False,False,False,False,False,False,False,False,True,False,False,False,False,False,False,False,False,False,False,False,True,False,False,False,False,False,0.3242236024844721,0.3823884197828709
445,4550,45,455,0,663,5,,0.0,0.0,0.0,0.0,0.0,0.0,6957200.25,3601347.75,3355852.5,1168167.0,47511464.0,0.0,0.0,0.0,56355799.5,0.0,0.0,0.0,4302798.5,64014450.5,54247.25,43299.0,65449884.5,10473212.75,3633630.0,2414662.25,51615814.25,6772015.25,2904651.75,-812311.5,1685684.0,0.0,0.0,0.0,0.0,8562804.25,583583.0,9146387.25,16960944.0,29306777.5,25561285.75,64014450.5,0.0,0.0,0.0,0.0,0.0,0.0,0.0,0.0,0.0,0.0,0.0,130654.5,0,1935.0,5.297741273100616,60.0,,1,48.0,False,True,False,False,False,False,False,False,False,False,False,False,False,True,False,False,False,False,False,False,False,False,False,False,False,True,False,False,False,False,False,0.3242236024844721,0.3823884197828709
446,5010,50,501,5,80,22,7.0,0.0,0.0,0.0,0.0,0.0,0.0,7272265.0,3655652.0,3616613.0,31118587.5,17655387.75,0.0,0.0,0.0,63389326.0,0.0,0.0,0.0,542542.0,67548481.0,116923556.75,97472625.25,126982355.5,5560054.5,3197444.25,2645893.25,117002385.5,4042288.25,2710958.25,-395144.75,1768016.25,0.0,0.0,0.0,0.0,11527516.0,3152649.5,14680165.5,39610070.5,47683886.25,5184429.25,67548481.0,0.0,0.0,0.0,0.0,0.0,0.0,0.0,0.0,0.0,0.0,0.0,253711.0,0,7171.0,19.633127994524298,120.0,1.0,0,120.0,False,False,False,False,False,False,False,False,True,False,False,False,False,False,False,False,False,False,False,False,True,False,False,False,False,False,False,True,False,False,False,0.08074534161490683,0.07117008443908324
447,1411,14,141,10,74,24,5.7,0.0,0.0,0.0,0.0,0.0,0.0,20698678.0,7882124.25,12816553.75,1541790.25,22351078.75,0.0,0.0,0.0,32803020.25,0.0,0.0,0.0,45295.25,45664869.25,30167.5,31053.0,31231700.5,6291285.0,3708204.5,3458455.0,14116352.25,2184432.25,1327326.0,11011.0,1077576.5,0.0,0.0,0.0,0.0,16064798.75,4554800.25,20619599.0,8732974.25,17836318.5,7208951.75,45664869.25,0.0,0.0,0.0,0.0,0.0,0.0,0.0,0.0,0.0,0.0,0.0,59416.5,0,4675.0,12.799452429842573,60.0,1.0,0,60.0,False,True,False,False,False,False,False,False,False,False,False,False,False,True,False,False,False,False,False,False,False,False,False,False,True,False,False,False,False,False,False,0.3242236024844721,0.3823884197828709
448,1521,15,152,70,112,7,6.5,0.0,0.0,0.0,0.0,0.0,0.0,18267249.0,3396142.75,14871106.25,1133132.0,10668658.0,0.0,0.0,0.0,11810298.5,0.0,0.0,0.0,651901.25,27333306.0,16640.0,5447.5,31163882.75,5236481.25,4486732.25,3279526.25,24605581.0,749749.0,2518766.25,-308808.5,2232980.75,0.0,0.0,0.0,0.0,14282017.75,2173671.5,16455689.25,1502000.5,6705949.25,4171667.5,27333306.0,0.0,0.0,0.0,0.0,0.0,0.0,0.0,0.0,0.0,0.0,0.0,61052.5,1,289.0,0.7912388774811773,84.0,3.0,0,28.0,False,False,True,False,False,False,False,False,False,False,False,False,False,False,True,False,False,False,False,False,False,False,False,False,False,False,True,False,False,False,False,0.011180124223602485,0.010856453558504222
449,6025,60,602,1,0,23,1.0,0.0,0.0,0.0,0.0,0.0,0.0,7543536.0,0.0,7543536.0,1417916.5,14437423.0,0.0,0.0,0.0,22978956.0,0.0,0.0,0.0,45045.0,30567537.0,32860.0,33050.0,31516485.0,6770263.5,1667666.0,1971469.5,16002987.0,4829324.5,-148148.0,-417917.5,155655.5,0.0,0.0,0.0,0.0,8117109.0,1237736.5,9354845.5,13922408.5,18925406.5,2287285.0,30567537.0,0.0,0.0,0.0,0.0,0.0,0.0,0.0,0.0,0.0,0.0,0.0,62970.0,0,5388.0,14.751540041067761,48.0,1.0,0,48.0,False,True,False,False,False,False,False,False,False,False,False,False,False,True,False,False,False,False,False,False,False,False,False,False,True,False,False,False,False,False,False,0.3242236024844721,0.3823884197828709
450,8511,85,851,1,200,39,6.0,0.0,0.0,0.0,0.0,0.0,0.0,161889227.5,5950945.0,155938282.5,0.0,4989985.0,0.0,0.0,0.0,7425918.5,0.0,0.0,0.0,874874.0,164239075.0,1561560.0,6690684.0,5356351.0,376376.0,-1076075.0,-474474.0,3324321.0,1438937.5,-3435932.5,-276276.0,-2834331.5,0.0,0.0,0.0,0.0,102508906.5,19176657.5,121685564.0,2069567.5,40051011.0,2502500.0,164239075.0,0.0,0.0,0.0,0.0,0.0,0.0,0.0,0.0,0.0,0.0,0.0,8238.0,1,1679.0,4.596851471594798,84.0,3.0,0,28.0,False,True,False,False,False,False,False,False,False,False,False,False,False,True,False,False,False,False,False,False,False,False,False,False,True,False,False,False,False,False,False,0.3242236024844721,0.3823884197828709
451,5534,55,553,10,1,33,6.25,,,,,,,,,,,,,,,,,,,,,,,,,,,,,,,,,,,,,,,,,,,,,,,,,,,,,,,1,2506.0,6.861054072553046,180.0,1.0,0,180.0,False,False,False,False,False,False,True,False,False,False,False,False,False,False,False,False,False,False,True,False,False,False,False,False,False,False,False,False,False,False,True,0.02608695652173913,0.018094089264173704
452,5511,55,551,0,2,4,6.5,,,,,,,,,,,,,,,,,,,,,,,,,,,,,,,,,,,,,,,,,,,,,,,,,,,,,,,0,1382.0,3.783709787816564,108.0,3.0,0,36.0,False,False,False,False,False,False,True,False,False,False,False,False,False,False,False,False,False,False,True,False,False,False,False,False,False,False,False,False,False,False,True,0.012422360248447204,0.012062726176115802
453,6062,60,606,1,0,23,7.0,,,,,,,,,,,,,,,,,,,,,,,,,,,,,,,,,,,,,,,,,,,,,,,,,,,,,,,1,4319.0,11.824777549623546,60.0,1.0,0,60.0,False,False,False,False,False,False,False,True,False,False,False,False,False,False,False,False,False,False,False,True,False,False,False,False,False,False,True,False,False,False,False,0.02608695652173913,0.024125452352231604
454,7470,74,747,6,5,30,8.0,0.0,0.0,0.0,0.0,0.0,0.0,2186684.5,1310309.0,876375.5,0.0,9486477.0,0.0,0.0,0.0,9712953.25,0.0,0.0,0.0,47297.25,10636626.0,18660.75,11831.0,20065795.75,12074812.75,520770.25,361110.75,1700198.5,11554042.5,391891.5,-49049.0,232232.0,0.0,0.0,0.0,0.0,3319065.75,26776.75,3345842.5,752501.75,6726219.5,564564.0,10636626.0,0.0,0.0,0.0,0.0,0.0,0.0,0.0,0.0,0.0,0.0,0.0,40091.5,0,350.0,0.9582477754962354,60.0,3.0,0,20.0,False,False,False,False,False,False,False,True,False,False,False,False,False,False,False,False,False,False,False,True,False,False,False,False,False,False,False,True,False,False,False,0.02608695652173913,0.024125452352231604
455,6330,63,633,2,0,24,7.0,,,,,,,,,,,,,,,,,,,,,,,,,,,,,,,,,,,,,,,,,,,,,,,,,,,,,,,0,10411.0,28.503764544832308,60.0,1.0,0,60.0,False,False,False,False,False,False,False,False,False,False,True,False,False,False,False,False,False,False,False,False,False,False,True,False,False,False,False,False,False,False,False,0.04720496894409938,0.04945717732207479
456,6053,60,605,0,0,24,8.0,,,,,,,,,,,,,,,,,,,,,,,,,,,,,,,,,,,,,,,,,,,,,,,,,,,,,,,0,4057.0,11.107460643394935,48.0,1.0,0,48.0,False,False,False,False,False,False,False,False,True,False,False,False,False,False,False,False,False,False,False,False,True,False,False,False,False,False,False,True,False,False,False,0.08074534161490683,0.07117008443908324
457,5164,51,516,15,0,26,5.5,0.0,0.0,0.0,0.0,0.0,0.0,6724217.5,568067.5,6156150.0,3272769.5,9423163.75,0.0,0.0,0.0,14345831.5,0.0,0.0,0.0,446195.75,20948177.25,31652.75,27290.5,33705171.5,2621118.5,1433181.75,875124.25,30812031.25,1149398.25,1375624.25,-243743.5,817566.75,0.0,0.0,0.0,0.0,2737234.5,3966712.75,6703947.25,8379621.25,13457193.75,787036.25,20948177.25,0.0,0.0,0.0,0.0,0.0,0.0,0.0,0.0,0.0,0.0,0.0,67343.0,0,4963.0,13.587953456536619,84.0,1.0,0,84.0,False,False,False,False,False,False,False,False,False,False,True,False,False,True,False,False,False,False,False,False,False,False,False,False,False,False,False,False,False,False,False,0.04720496894409938,0.3823884197828709
458,6024,60,602,7,27,23,6.0,,,,,,,,,,,,,,,,,,,,,,,,,,,,,,,,,,,,,,,,,,,,,,,,,,,,,,,0,7729.0,21.16084873374401,48.0,1.0,0,48.0,False,True,False,False,False,False,False,False,False,False,False,False,False,True,False,False,False,False,False,False,False,False,False,False,True,False,False,False,False,False,False,0.3242236024844721,0.3823884197828709
459,5030,50,503,15,0,22,10.0,0.0,0.0,0.0,0.0,0.0,0.0,6119113.0,1581830.25,4537282.75,22025253.25,8202694.5,0.0,0.0,0.0,35726440.75,0.0,0.0,0.0,402652.25,40666375.75,120345.5,82314.75,115340225.0,5796040.25,2251249.0,1119118.0,106571715.25,3330076.75,1602100.5,-449949.5,469969.5,0.0,0.0,0.0,0.0,8175167.0,0.0,8175167.0,22884361.5,24439415.0,8051793.75,40666375.75,0.0,0.0,0.0,0.0,0.0,0.0,0.0,0.0,0.0,0.0,0.0,229042.0,0,6850.0,18.754277891854894,120.0,1.0,0,120.0,False,False,False,False,True,False,False,False,False,False,False,False,False,False,False,False,True,False,False,False,False,False,False,False,False,True,False,False,False,False,False,0.06459627329192547,0.06031363088057901
460,1711,17,171,1,490,4,5.5,0.0,0.0,0.0,0.0,0.0,0.0,579427348.5,371421800.75,208005547.75,104699094.5,127439812.5,0.0,0.0,0.0,254509004.75,0.0,0.0,0.0,931931.0,463446483.5,228036058.25,213715752.25,204778323.75,40466426.0,10641130.5,1634883.25,146262366.25,28418640.25,-9275766.5,-6797040.25,-18082314.25,0.0,0.0,0.0,0.0,200553353.0,57041734.75,257595087.75,122136514.5,164499335.0,41352060.75,463446483.5,0.0,0.0,0.0,0.0,0.0,0.0,0.0,0.0,0.0,0.0,0.0,424811.5,0,10121.0,27.709787816564,84.0,3.0,0,28.0,False,True,False,False,False,False,False,False,False,False,False,False,False,True,False,False,False,False,False,False,False,False,False,False,True,False,False,False,False,False,False,0.002484472049689441,0.0024125452352231603
461,6070,60,607,20,19,30,7.75,,,,,,,,,,,,,,,,,,,,,,,,,,,,,,,,,,,,,,,,,,,,,,,,,,,,,,,0,3814.0,10.442162902121835,48.0,1.0,0,48.0,False,False,False,False,False,False,False,False,True,False,False,False,False,False,False,False,False,False,False,False,True,False,False,False,False,False,False,True,False,False,False,0.08074534161490683,0.07117008443908324
462,6042,60,604,7,19,23,8.0,,,,,,,,,,,,,,,,,,,,,,,,,,,,,,,,,,,,,,,,,,,,,,,,,,,,,,,0,3837.0,10.505133470225873,48.0,1.0,0,48.0,False,False,False,False,False,False,False,False,True,False,False,False,False,False,False,False,False,False,False,False,True,False,False,False,False,False,False,True,False,False,False,0.08074534161490683,0.07117008443908324
463,8021,80,802,73,140,1,6.5,50.0,0.0,0.0,50.0,0.0,0.0,2006004.0,1345594.25,660409.75,0.0,29529.5,50.0,0.0,0.0,801300.5,50.0,0.0,0.0,207707.5,1669417.75,898376.5,896.5,2007255.25,1584583.0,492492.0,439689.25,176176.0,1083582.5,346095.75,-2502.5,293293.0,15.0,0.0,0.0,1.0,1564563.0,0.0,1564563.0,1751.75,104854.75,0.0,1669417.75,50.0,0.0,0.0,22.4195,0.0,0.0,16.46215,50.0,0.0,0.0,1.0,4010.5,0,1669.0,4.569472963723477,120.0,1.0,0,120.0,False,False,False,False,False,False,False,False,False,False,True,False,False,False,False,False,False,False,False,False,False,False,True,False,False,False,False,False,False,False,False,0.04720496894409938,0.04945717732207479
464,8022,80,802,3,55,29,8.75,,,,,,,,,,,,,,,,,,,,,,,,,,,,,,,,,,,,,,,,,,,,,,,,,,,,,,,1,2983.0,8.167008898015059,84.0,1.0,0,84.0,False,False,False,False,False,False,False,True,False,False,False,False,False,False,False,False,False,False,False,True,False,False,False,False,False,False,True,False,False,False,False,0.02608695652173913,0.024125452352231604
465,1573,15,157,8,256,23,6.25,0.0,0.0,0.0,0.0,0.0,0.0,31423392.0,13133620.5,18289771.5,1507756.25,16006240.25,0.0,0.0,0.0,19483964.5,0.0,0.0,0.0,716465.75,38490201.75,41947.25,36964.25,49883083.25,7955948.0,4780275.5,3500246.75,28263235.0,3010757.75,2686934.25,-656656.0,1406905.5,0.0,0.0,0.0,0.0,10561300.75,3250247.0,13811547.75,12984221.25,17868600.75,6810053.25,38490201.75,0.0,0.0,0.0,0.0,0.0,0.0,0.0,0.0,0.0,0.0,0.0,99445.0,0,5279.0,14.453114305270363,48.0,1.0,0,48.0,False,True,False,False,False,False,False,False,False,False,False,False,False,True,False,False,False,False,False,False,False,False,False,False,True,False,False,False,False,False,False,0.3242236024844721,0.3823884197828709
466,1571,15,157,5,256,24,1.0,0.0,0.0,0.0,0.0,0.0,0.0,31423392.0,13133620.5,18289771.5,1507756.25,16006240.25,0.0,0.0,0.0,19483964.5,0.0,0.0,0.0,716465.75,38490201.75,41947.25,36964.25,49883083.25,7955948.0,4780275.5,3500246.75,28263235.0,3010757.75,2686934.25,-656656.0,1406905.5,0.0,0.0,0.0,0.0,10561300.75,3250247.0,13811547.75,12984221.25,17868600.75,6810053.25,38490201.75,0.0,0.0,0.0,0.0,0.0,0.0,0.0,0.0,0.0,0.0,0.0,99445.0,0,5485.0,15.017111567419576,48.0,1.0,0,48.0,False,True,False,False,False,False,False,False,False,False,False,False,False,True,False,False,False,False,False,False,False,False,False,False,True,False,False,False,False,False,False,0.3242236024844721,0.3823884197828709
467,1585,15,158,5,256,24,1.0,0.0,0.0,0.0,0.0,0.0,0.0,31423392.0,13133620.5,18289771.5,1507756.25,16006240.25,0.0,0.0,0.0,19483964.5,0.0,0.0,0.0,716465.75,38490201.75,41947.25,36964.25,49883083.25,7955948.0,4780275.5,3500246.75,28263235.0,3010757.75,2686934.25,-656656.0,1406905.5,0.0,0.0,0.0,0.0,10561300.75,3250247.0,13811547.75,12984221.25,17868600.75,6810053.25,38490201.75,0.0,0.0,0.0,0.0,0.0,0.0,0.0,0.0,0.0,0.0,0.0,99445.0,0,5488.0,15.025325119780971,48.0,1.0,0,48.0,False,True,False,False,False,False,False,False,False,False,False,False,False,True,False,False,False,False,False,False,False,False,False,False,True,False,False,False,False,False,False,0.3242236024844721,0.3823884197828709
468,1571,15,157,2,256,22,6.5,0.0,0.0,0.0,0.0,0.0,0.0,31423392.0,13133620.5,18289771.5,1507756.25,16006240.25,0.0,0.0,0.0,19483964.5,0.0,0.0,0.0,716465.75,38490201.75,41947.25,36964.25,49883083.25,7955948.0,4780275.5,3500246.75,28263235.0,3010757.75,2686934.25,-656656.0,1406905.5,0.0,0.0,0.0,0.0,10561300.75,3250247.0,13811547.75,12984221.25,17868600.75,6810053.25,38490201.75,0.0,0.0,0.0,0.0,0.0,0.0,0.0,0.0,0.0,0.0,0.0,99445.0,0,5538.0,15.162217659137577,48.0,1.0,0,48.0,False,True,False,False,False,False,False,False,False,False,False,False,False,True,False,False,False,False,False,False,False,False,False,False,True,False,False,False,False,False,False,0.3242236024844721,0.3823884197828709
469,1573,15,157,1,256,24,5.5,0.0,0.0,0.0,0.0,0.0,0.0,31423392.0,13133620.5,18289771.5,1507756.25,16006240.25,0.0,0.0,0.0,19483964.5,0.0,0.0,0.0,716465.75,38490201.75,41947.25,36964.25,49883083.25,7955948.0,4780275.5,3500246.75,28263235.0,3010757.75,2686934.25,-656656.0,1406905.5,0.0,0.0,0.0,0.0,10561300.75,3250247.0,13811547.75,12984221.25,17868600.75,6810053.25,38490201.75,0.0,0.0,0.0,0.0,0.0,0.0,0.0,0.0,0.0,0.0,0.0,99445.0,0,5706.0,15.62217659137577,48.0,1.0,0,48.0,False,True,False,False,False,False,False,False,False,False,False,False,False,True,False,False,False,False,False,False,False,False,False,False,True,False,False,False,False,False,False,0.3242236024844721,0.3823884197828709
470,1320,13,132,1,0,22,5.0,0.0,0.0,0.0,0.0,0.0,0.0,12045533.5,5311306.0,6734227.5,514514.0,4230726.5,0.0,0.0,0.0,9203694.5,0.0,0.0,0.0,152152.0,16090074.0,16505489.0,19718.5,18063545.5,5282277.0,4069565.5,3562058.5,4529024.5,968467.5,3713710.0,337337.0,3206203.0,0.0,0.0,0.0,0.0,7660653.0,5005.0,7665658.0,4149145.0,8097589.5,326826.5,16090074.0,0.0,0.0,0.0,0.0,0.0,0.0,0.0,0.0,0.0,0.0,0.0,38174.0,0,1386.0,3.7946611909650922,36.0,1.0,0,36.0,False,True,False,False,False,False,False,False,False,False,False,False,False,True,False,False,False,False,False,False,False,False,False,False,True,False,False,False,False,False,False,0.3242236024844721,0.3823884197828709
471,7023,70,702,0,0,3,6.0,,,,,,,,,,,,,,,,,,,,,,,,,,,,,,,,,,,,,,,,,,,,,,,,,,,,,,,0,8406.0,23.014373716632445,120.0,1.0,0,120.0,False,True,False,False,False,False,False,False,False,False,False,False,False,True,False,False,False,False,False,False,False,False,False,False,True,False,False,False,False,False,False,0.3242236024844721,0.3823884197828709
472,5138,51,513,0,18,23,6.0,,,,,,,,,,,,,,,,,,,,,,,,,,,,,,,,,,,,,,,,,,,,,,,,,,,,,,,0,2212.0,6.056125941136208,48.0,1.0,0,48.0,False,False,False,False,False,False,False,False,False,False,True,False,False,False,False,False,False,False,False,False,False,False,True,False,False,False,False,False,False,False,False,0.03229813664596273,0.04945717732207479
473,5138,51,513,4,18,23,5.0,,,,,,,,,,,,,,,,,,,,,,,,,,,,,,,,,,,,,,,,,,,,,,,,,,,,,,,0,2300.0,6.297056810403833,48.0,1.0,0,48.0,False,False,False,False,False,False,False,False,False,False,True,False,False,False,False,False,False,False,False,False,False,False,True,False,False,False,False,False,False,False,False,0.03229813664596273,0.04945717732207479
474,7033,70,703,3,0,3,5.9,,,,,,,,,,,,,,,,,,,,,,,,,,,,,,,,,,,,,,,,,,,,,,,,,,,,,,,0,1346.0,3.685147159479808,120.0,1.0,0,120.0,False,False,False,False,False,False,False,False,True,False,False,False,False,False,False,False,False,False,False,False,True,False,False,False,False,False,False,True,False,False,False,0.08074534161490683,0.07117008443908324
475,5167,51,516,5,87,4,6.5,0.0,0.0,0.0,0.0,0.0,0.0,24469945.5,4801546.75,19668398.75,21740719.0,8930421.5,0.0,0.0,0.0,32254472.25,0.0,0.0,0.0,988988.0,52911859.0,54543.0,50715.5,54191637.5,9540030.5,4944189.25,1871369.5,41892100.25,4501747.25,4419415.0,-799799.0,1273272.0,0.0,0.0,0.0,0.0,24438163.75,0.0,24438163.75,20934413.5,22803280.5,5670414.75,52911859.0,0.0,0.0,0.0,0.0,0.0,0.0,0.0,0.0,0.0,0.0,0.0,108275.0,0,10676.0,29.229295003422312,60.0,1.0,0,60.0,False,True,False,False,False,False,False,False,False,False,False,False,False,True,False,False,False,False,False,False,False,False,False,False,False,True,False,False,False,False,False,0.3242236024844721,0.3823884197828709
476,124,1,12,20,0,7,7.0,,,,,,,,,,,,,,,,,,,,,,,,,,,,,,,,,,,,,,,,,,,,,,,,,,,,,,,0,1452.0,3.975359342915811,144.0,12.0,0,12.0,False,True,False,False,False,False,False,False,False,False,False,False,False,True,False,False,False,False,False,False,False,False,False,False,True,False,False,False,False,False,False,0.3242236024844721,0.3823884197828709
477,3550,35,355,5,0,23,1.0,0.0,0.0,0.0,0.0,0.0,0.0,2365112.75,625625.0,1739487.75,6044538.5,11469958.5,0.0,0.0,0.0,22457685.25,0.0,0.0,0.0,1027026.0,25224199.0,40516.5,31972.0,48950151.25,4798794.0,2121619.5,1596344.75,40423132.75,2193941.75,1384883.5,-124374.25,855855.0,0.0,0.0,0.0,0.0,2838085.25,425925.5,3264010.75,18184166.0,20666646.0,1724723.0,25224199.0,0.0,0.0,0.0,0.0,0.0,0.0,0.0,0.0,0.0,0.0,0.0,98002.5,0,1558.0,4.265571526351814,60.0,1.0,0,60.0,False,True,False,False,False,False,False,False,False,False,False,False,False,True,False,False,False,False,False,False,False,False,False,False,True,False,False,False,False,False,False,0.3242236024844721,0.3823884197828709
478,5147,51,514,30,40,1,4.5,0.0,0.0,0.0,0.0,0.0,0.0,5363107.75,1234233.0,4128874.75,4065311.25,3235982.75,0.0,0.0,0.0,8178920.75,0.0,0.0,0.0,587587.0,12895382.5,18066.75,17526.75,18390872.5,3631628.0,1888887.0,1369868.5,13713449.75,1669417.75,1595343.75,-93593.5,1076325.25,0.0,0.0,0.0,0.0,6108352.25,1225724.5,7334076.75,4184680.5,5135630.5,425675.25,12895382.5,0.0,0.0,0.0,0.0,0.0,0.0,0.0,0.0,0.0,0.0,0.0,36745.0,0,6914.0,18.92950034223135,84.0,1.0,0,84.0,False,True,False,False,False,False,False,False,False,False,False,False,False,True,False,False,False,False,False,False,False,False,False,False,True,False,False,False,False,False,False,0.3242236024844721,0.3823884197828709
479,5121,51,512,25,14,1,6.0,0.0,0.0,0.0,0.0,0.0,0.0,12389877.5,3745992.25,8643885.25,8983224.25,9539780.25,0.0,0.0,0.0,22261989.75,0.0,0.0,0.0,451200.75,31357075.75,23973.5,27928.75,22122350.25,3190687.5,2066314.25,1703201.5,17322305.0,1009258.25,1315564.25,39539.5,952451.5,0.0,0.0,0.0,0.0,13027514.5,0.0,13027514.5,16766750.0,18119851.75,279612.6666666667,31357075.75,0.0,0.0,0.0,0.0,0.0,0.0,0.0,0.0,0.0,0.0,0.0,44310.5,0,12002.0,32.85968514715948,84.0,1.0,0,84.0,False,True,False,False,False,False,False,False,False,False,False,False,False,True,False,False,False,False,False,False,False,False,False,False,True,False,False,False,False,False,False,0.3242236024844721,0.3823884197828709
480,4526,45,452,0,120,23,9.0,0.0,0.0,0.0,0.0,0.0,0.0,3475472.0,867366.5,2608105.5,6068312.25,8507749.25,0.0,0.0,0.0,15944178.25,0.0,0.0,0.0,420920.5,18973204.25,5012295.0,8546.5,25288763.5,2613611.0,990739.75,588838.25,19746476.75,1606104.5,749749.0,-298047.75,328828.5,0.0,0.0,0.0,0.0,3657654.0,30030.0,3687684.0,7009002.0,8851342.5,6434177.75,18973204.25,0.0,0.0,0.0,0.0,0.0,0.0,0.0,0.0,0.0,0.0,0.0,41855.0,0,2702.0,7.397672826830938,48.0,1.0,0,48.0,False,False,False,False,False,False,False,False,True,False,False,False,False,False,False,False,False,False,False,False,True,False,False,False,False,False,False,True,False,False,False,0.08074534161490683,0.07117008443908324
481,4529,45,452,0,120,23,8.0,0.0,0.0,0.0,0.0,0.0,0.0,3475472.0,867366.5,2608105.5,6068312.25,8507749.25,0.0,0.0,0.0,15944178.25,0.0,0.0,0.0,420920.5,18973204.25,5012295.0,8546.5,25288763.5,2613611.0,990739.75,588838.25,19746476.75,1606104.5,749749.0,-298047.75,328828.5,0.0,0.0,0.0,0.0,3657654.0,30030.0,3687684.0,7009002.0,8851342.5,6434177.75,18973204.25,0.0,0.0,0.0,0.0,0.0,0.0,0.0,0.0,0.0,0.0,0.0,41855.0,0,2828.0,7.742642026009582,48.0,1.0,0,48.0,False,False,False,False,False,False,False,False,True,False,False,False,False,False,False,False,False,False,False,False,True,False,False,False,False,False,False,True,False,False,False,0.08074534161490683,0.07117008443908324
482,4529,45,452,0,120,23,1.0,0.0,0.0,0.0,0.0,0.0,0.0,3475472.0,867366.5,2608105.5,6068312.25,8507749.25,0.0,0.0,0.0,15944178.25,0.0,0.0,0.0,420920.5,18973204.25,5012295.0,8546.5,25288763.5,2613611.0,990739.75,588838.25,19746476.75,1606104.5,749749.0,-298047.75,328828.5,0.0,0.0,0.0,0.0,3657654.0,30030.0,3687684.0,7009002.0,8851342.5,6434177.75,18973204.25,0.0,0.0,0.0,0.0,0.0,0.0,0.0,0.0,0.0,0.0,0.0,41855.0,0,3081.0,8.435318275154003,48.0,1.0,0,48.0,False,False,False,False,False,False,False,False,True,False,False,False,False,False,False,False,False,False,False,False,True,False,False,False,False,False,False,True,False,False,False,0.08074534161490683,0.07117008443908324
483,4521,45,452,0,23,22,1.0,0.0,0.0,0.0,0.0,0.0,0.0,1714212.5,344594.25,1369618.25,0.0,18685917.25,0.0,0.0,0.0,19133364.25,0.0,0.0,0.0,733232.5,21236215.0,76691114.5,23265912.5,117612745.25,2886383.5,2380628.25,2377875.5,108845486.75,505755.25,2037785.75,-2752.75,2035033.0,0.0,0.0,0.0,0.0,10200940.75,0.0,10200940.75,7101844.75,11035274.25,0.0,21236215.0,0.0,0.0,0.0,0.0,0.0,0.0,0.0,0.0,0.0,0.0,0.0,234990.5,0,1120.0,3.0663928815879533,36.0,1.0,0,36.0,False,False,False,False,False,False,False,True,False,False,False,False,False,False,False,False,False,False,False,True,False,False,False,False,True,False,False,False,False,False,False,0.02608695652173913,0.024125452352231604
484,5162,51,516,0,10,1,,0.0,0.0,0.0,0.0,0.0,0.0,71571.5,7257.25,64314.25,480480.0,2342590.25,0.0,0.0,0.0,2973470.5,0.0,0.0,0.0,5755.75,3043540.5,3599099.75,4666.25,6119363.25,378878.5,210960.75,167667.5,5628372.75,167917.75,203703.5,-10510.5,160410.25,0.0,0.0,0.0,0.0,699949.25,36536.5,736485.75,712461.75,2184432.25,122622.5,3043540.5,0.0,0.0,0.0,0.0,0.0,0.0,0.0,0.0,0.0,0.0,0.0,12226.5,0,1672.0,4.577686516084873,60.0,,1,48.0,False,True,False,False,False,False,False,False,False,False,False,False,False,True,False,False,False,False,False,False,False,False,False,False,False,True,False,False,False,False,False,0.3242236024844721,0.3823884197828709
485,4529,45,452,5,60,24,1.0,,,,,,,,,,,,,,,,,,,,,,,,,,,,,,,,,,,,,,,,,,,,,,,,,,,,,,,0,1620.0,4.435318275154004,48.0,1.0,0,48.0,False,False,False,False,False,False,False,False,True,False,False,False,False,False,False,False,False,False,False,False,True,False,False,False,False,False,False,True,False,False,False,0.0037267080745341614,0.0048250904704463205
486,5164,51,516,5,35,20,1.0,0.0,0.0,0.0,0.0,0.0,0.0,2103601.5,1498997.5,604604.0,4151897.75,4235481.25,0.0,0.0,0.0,8797789.0,0.0,0.0,0.0,2013011.0,11415404.0,15808.25,15098.0,18257739.5,3741738.0,1759507.75,1359858.5,13047784.75,1939938.0,1327326.0,-86336.25,927676.75,0.0,0.0,0.0,0.0,6663657.0,532532.0,7196189.0,1827826.0,3698444.75,520770.25,11415404.0,0.0,0.0,0.0,0.0,0.0,0.0,0.0,0.0,0.0,0.0,0.0,36473.0,0,5650.0,15.468856947296372,84.0,1.0,0,84.0,False,True,False,False,False,False,False,False,False,False,False,False,False,True,False,False,False,False,False,False,False,False,False,False,True,False,False,False,False,False,False,0.3242236024844721,0.3823884197828709
487,8512,85,851,49,0,24,10.0,,,,,,,,,,,,,,,,,,,,,,,,,,,,,,,,,,,,,,,,,,,,,,,,,,,,,,,0,-923.0,-2.5270362765229293,60.0,1.0,0,60.0,False,False,False,False,False,False,False,False,False,False,False,False,False,False,False,False,True,False,False,False,False,False,False,False,False,True,False,False,False,False,False,,0.06031363088057901
488,8050,80,805,2,34,36,6.25,,,,,,,,,,,,,,,,,,,,,,,,,,,,,,,,,,,,,,,,,,,,,,,,,,,,,,,0,6199.0,16.971937029431896,120.0,1.0,0,120.0,False,False,False,False,False,False,False,False,False,True,False,False,False,False,False,False,False,False,False,False,False,True,False,False,False,False,False,False,True,False,False,0.02111801242236025,0.016887816646562123
489,1572,15,157,2,0,35,6.5,,,,,,,,,,,,,,,,,,,,,,,,,,,,,,,,,,,,,,,,,,,,,,,,,,,,,,,1,5791.0,15.854893908282,180.0,1.0,0,180.0,False,True,False,False,False,False,False,False,False,False,False,False,False,True,False,False,False,False,False,False,False,False,False,False,False,False,False,False,False,False,True,0.3242236024844721,0.3823884197828709
490,8021,80,802,40,0,29,5.25,,,,,,,,,,,,,,,,,,,,,,,,,,,,,,,,,,,,,,,,,,,,,,,,,,,,,,,1,1617.0,4.427104722792608,84.0,1.0,0,84.0,False,False,True,False,False,False,False,False,False,False,False,False,False,False,True,False,False,False,False,False,False,False,False,False,False,False,True,False,False,False,False,0.011180124223602485,0.010856453558504222
491,4521,45,452,167,0,30,6.5,0.0,0.0,0.0,0.0,0.0,0.0,5370114.75,77077.0,5312307.0,1792290.5,2200698.5,0.0,0.0,0.0,4386882.5,0.0,0.0,0.0,87837.75,9787027.25,72891.5,495.25,10510.5,2002.0,-54804.75,-56806.75,2502.5,55055.0,-76326.25,0.0,-78328.25,0.0,0.0,0.0,0.0,7633876.25,0.0,7633876.25,5505.5,2153151.0,0.0,9787027.25,0.0,0.0,0.0,0.0,0.0,0.0,0.0,0.0,0.0,0.0,0.0,155.5,0,5087.0,13.927446954140999,120.0,3.0,0,40.0,False,False,False,False,False,False,False,False,True,False,False,False,False,False,False,False,False,False,False,False,True,False,False,False,False,False,False,True,False,False,False,0.08074534161490683,0.07117008443908324
492,2722,27,272,5,80,24,5.0,0.0,0.0,0.0,0.0,0.0,0.0,14285771.5,11935173.25,2350598.25,11891629.75,25222197.0,0.0,0.0,0.0,42216424.25,0.0,0.0,0.0,413663.25,44980685.75,34365.75,41846.75,35937651.75,6119363.25,2943941.0,1016265.25,27185908.75,3124871.75,2429677.25,-1247746.5,502001.5,0.0,0.0,0.0,0.0,5586330.75,0.0,5586330.75,10467707.25,15379614.25,24014740.75,44980685.75,0.0,0.0,0.0,0.0,0.0,0.0,0.0,0.0,0.0,0.0,0.0,65767.0,0,12914.0,35.356605065023956,48.0,1.0,0,48.0,False,True,False,False,False,False,False,False,False,False,False,False,False,True,False,False,False,False,False,False,False,False,False,False,False,True,False,False,False,False,False,0.3242236024844721,0.3823884197828709
493,5131,51,513,20,150,4,6.0,0.0,0.0,0.0,0.0,0.0,0.0,3738484.75,663996.6666666666,3240487.25,71404.66666666667,5218213.0,0.0,0.0,0.0,6335829.5,0.0,0.0,0.0,1685183.5,11261500.25,36007721.75,41832290.5,36683647.0,6798291.5,1708707.0,1052801.75,24543769.25,4978974.0,1639888.25,-112862.75,983983.0,0.0,0.0,0.0,0.0,4964459.5,708958.25,5673417.75,4295791.5,5560054.5,27777.75,11261250.0,0.0,0.0,0.0,0.0,0.0,0.0,0.0,0.0,0.0,0.0,0.0,73294.0,0,5127.0,14.036960985626283,60.0,3.0,0,20.0,False,False,False,False,False,False,False,False,False,True,False,False,False,False,False,False,False,False,False,False,False,True,False,False,False,False,False,False,True,False,False,0.07204968944099378,0.007237635705669481
494,7440,74,744,3,32,23,6.25,0.0,0.0,0.0,0.0,0.0,0.0,2178926.75,921670.75,1257256.0,0.0,9340581.25,0.0,0.0,0.0,11206695.5,0.0,0.0,0.0,486736.25,12950687.75,19545.25,16197.25,19767998.25,6768011.25,1157406.25,851600.75,10391381.0,5461706.25,897646.75,-40290.25,591841.25,0.0,0.0,0.0,0.0,2756754.0,0.0,2756754.0,7868610.75,10193933.75,0.0,12950687.75,0.0,0.0,0.0,0.0,0.0,0.0,0.0,0.0,0.0,0.0,0.0,39496.5,0,3069.0,8.402464065708418,60.0,1.0,0,60.0,False,True,False,False,False,False,False,False,False,False,False,False,False,True,False,False,False,False,False,False,False,False,False,False,True,False,False,False,False,False,False,0.3242236024844721,0.3823884197828709
495,5010,50,501,2,8,26,7.0,50.0,50.0,0.0,50.0,50.0,0.0,2052800.75,659909.25,1392891.5,3024271.25,3585331.75,50.0,50.0,0.0,7550543.0,50.0,50.0,0.0,119119.0,9062553.5,7159.5,8508.25,6282025.75,970970.0,814814.0,611110.5,5177422.25,142142.0,749248.5,-66066.0,545545.0,50.0,50.0,0.0,0.5,4978974.0,843092.25,5822066.25,1598597.0,2932179.25,308308.0,9062553.5,25.5,25.5,0.0,21.95085,16.1742,0.0,19.48715,50.0,0.5,0.0,1.0,12551.5,0,5375.0,14.715947980835045,84.0,1.0,0,84.0,False,False,False,True,False,False,False,False,False,False,False,False,False,False,False,True,False,False,False,False,False,False,False,False,False,False,False,False,False,False,False,0.016149068322981366,0.015681544028950542
496,1534,15,153,30,20,33,5.95,0.0,0.0,0.0,0.0,0.0,0.0,6830323.5,1205954.75,5624368.75,857857.0,891891.0,0.0,0.0,0.0,5757251.5,0.0,0.0,0.0,1231480.25,12613100.5,9616301.75,5450.5,18040522.5,2303551.25,856856.0,627877.25,12010498.5,1031780.75,248248.0,-277777.5,19269.25,0.0,0.0,0.0,0.0,192442.25,2836083.25,3028525.5,3836082.25,6491985.5,3092589.5,12613100.5,0.0,0.0,0.0,0.0,0.0,0.0,0.0,0.0,0.0,0.0,0.0,36045.0,0,6661.0,18.236824093086927,60.0,12.0,0,5.0,False,False,False,False,False,False,True,False,False,False,False,False,False,False,False,False,False,False,True,False,False,False,False,False,False,False,False,False,False,False,True,0.0037267080745341614,0.0024125452352231603
497,6041,60,604,0,0,22,1.0,,,,,,,,,,,,,,,,,,,,,,,,,,,,,,,,,,,,,,,,,,,,,,,,,,,,,,,0,1393.0,3.813826146475017,60.0,1.0,0,60.0,False,False,False,False,False,False,False,False,False,True,False,False,False,False,False,False,False,False,False,False,False,True,False,False,False,False,False,False,True,False,False,0.07204968944099378,0.05066344993968637
498,122,1,12,0,0,28,7.0,,,,,,,,,,,,,,,,,,,,,,,,,,,,,,,,,,,,,,,,,,,,,,,,,,,,,,,0,4036.0,,84.0,12.0,0,7.0,False,False,False,False,False,False,False,False,False,False,False,False,False,False,False,False,True,False,False,False,False,False,False,False,False,True,False,False,False,False,False,,0.06031363088057901
499,1522,15,152,125,0,29,4.9,0.0,0.0,0.0,0.0,0.0,0.0,85057222.25,5984728.75,79072493.5,34380095.75,15160145.0,0.0,0.0,0.0,49597548.0,0.0,0.0,0.0,0.0,128670041.5,1560058.5,0.0,45742697.0,12517755.25,12337575.25,11071560.5,31266485.25,180180.0,5578823.25,-1263011.75,4312808.5,0.0,0.0,0.0,0.0,11717706.0,52999196.25,64716902.25,6166660.5,42329537.25,21623602.0,128670041.5,0.0,0.0,0.0,0.0,0.0,0.0,0.0,0.0,0.0,0.0,0.0,91394.0,0,6525.0,17.864476386036962,84.0,3.0,0,28.0,False,False,True,False,False,False,False,False,False,False,False,False,False,False,True,False,False,False,False,False,False,False,False,False,False,False,True,False,False,False,False,0.011180124223602485,0.010856453558504222
500,5050,50,505,23,0,29,8.2,,,,,,,,,,,,,,,,,,,,,,,,,,,,,,,,,,,,,,,,,,,,,,,,,,,,,,,0,5411.0,14.8145106091718,120.0,3.0,0,40.0,False,False,True,False,False,False,False,False,False,False,False,False,False,False,True,False,False,False,False,False,False,False,False,False,False,False,True,False,False,False,False,0.011180124223602485,0.010856453558504222
501,2521,25,252,0,9,35,7.95,0.0,0.0,0.0,0.0,0.0,0.0,4885380.5,696195.5,4189185.0,2091089.0,3155652.5,0.0,0.0,0.0,6151145.0,0.0,0.0,0.0,63063.0,10403393.0,4535030.5,4010006.0,5243238.0,1464963.5,526025.5,336336.0,3584581.0,879378.5,466966.5,-145145.0,277277.0,0.0,0.0,0.0,0.0,2604101.5,2007505.5,4611607.0,3500997.5,4342338.0,1449448.0,10403393.0,0.0,0.0,0.0,0.0,0.0,0.0,0.0,0.0,0.0,0.0,0.0,9452.0,1,9942.0,27.21971252566735,84.0,1.0,0,84.0,False,True,False,False,False,False,False,False,False,False,False,False,False,True,False,False,False,False,False,False,False,False,False,False,True,False,False,False,False,False,False,0.3242236024844721,0.3823884197828709
502,2521,25,252,0,9,22,7.0,0.0,0.0,0.0,0.0,0.0,0.0,4885380.5,696195.5,4189185.0,2091089.0,3155652.5,0.0,0.0,0.0,6151145.0,0.0,0.0,0.0,63063.0,10403393.0,4535030.5,4010006.0,5243238.0,1464963.5,526025.5,336336.0,3584581.0,879378.5,466966.5,-145145.0,277277.0,0.0,0.0,0.0,0.0,2604101.5,2007505.5,4611607.0,3500997.5,4342338.0,1449448.0,10403393.0,0.0,0.0,0.0,0.0,0.0,0.0,0.0,0.0,0.0,0.0,0.0,9452.0,1,10046.0,27.50444900752909,60.0,1.0,0,60.0,False,True,False,False,False,False,False,False,False,False,False,False,False,True,False,False,False,False,False,False,False,False,False,False,True,False,False,False,False,False,False,0.3242236024844721,0.3823884197828709
503,2452,24,245,10,7,1,4.66,0.0,0.0,0.0,0.0,0.0,0.0,76686610.0,21886865.0,54799745.0,23207934.75,38583294.75,0.0,0.0,0.0,70172852.75,0.0,0.0,0.0,15174659.5,140147257.25,136759873.25,135313428.25,163389226.0,29337808.5,22227955.75,16609342.75,122419046.75,6899392.5,16927410.5,-3047794.75,11574563.0,0.0,0.0,0.0,0.0,39020231.25,34826291.5,73846522.75,29436156.75,43410867.5,22889867.0,140147257.25,0.0,0.0,0.0,0.0,0.0,0.0,0.0,0.0,0.0,0.0,0.0,327923.5,0,1120.0,3.0663928815879533,84.0,3.0,0,28.0,False,True,False,False,False,False,False,False,False,False,False,False,False,True,False,False,False,False,False,False,False,False,False,False,True,False,False,False,False,False,False,0.3242236024844721,0.006031363088057901
504,5511,55,551,200,0,3,5.25,,,,,,,,,,,,,,,,,,,,,,,,,,,,,,,,,,,,,,,,,,,,,,,,,,,,,,,0,3984.0,10.907597535934292,144.0,3.0,0,48.0,False,False,False,False,False,False,False,False,True,False,False,False,False,False,False,False,False,False,False,False,True,False,False,False,False,False,False,True,False,False,False,0.08074534161490683,0.07117008443908324
505,1725,17,172,4,20,22,1.0,,,,,,,,,,,,,,,,,,,,,,,,,,,,,,,,,,,,,,,,,,,,,,,,,,,,,,,0,11543.0,31.603011635865844,48.0,1.0,0,48.0,False,True,False,False,False,False,False,False,False,False,False,False,False,True,False,False,False,False,False,False,False,False,False,False,True,False,False,False,False,False,False,0.3242236024844721,0.3823884197828709
506,151,1,15,10,321,7,6.0,0.0,0.0,0.0,0.0,0.0,0.0,22723200.5,2498746.25,20224454.25,704704.0,4491737.25,0.0,0.0,0.0,19795025.25,0.0,0.0,0.0,90090.0,40109569.5,18266.75,5219.0,34051017.0,1636134.5,-840589.75,-21521.5,28775747.0,2404902.5,-906655.75,-455204.75,-1539287.75,0.0,0.0,0.0,0.0,1745744.0,13221708.5,14967452.5,14959444.5,21195174.0,3946943.0,40109569.5,0.0,0.0,0.0,0.0,0.0,0.0,0.0,0.0,0.0,0.0,0.0,68034.0,0,529.0,1.4483230663928817,84.0,12.0,0,7.0,False,False,False,False,False,False,False,False,False,False,True,False,False,False,False,False,False,False,False,False,False,False,True,False,False,False,False,False,False,False,False,0.007453416149068323,0.007237635705669481
507,151,1,15,406,321,7,6.0,0.0,0.0,0.0,0.0,0.0,0.0,22723200.5,2498746.25,20224454.25,704704.0,4491737.25,0.0,0.0,0.0,19795025.25,0.0,0.0,0.0,90090.0,40109569.5,18266.75,5219.0,34051017.0,1636134.5,-840589.75,-21521.5,28775747.0,2404902.5,-906655.75,-455204.75,-1539287.75,0.0,0.0,0.0,0.0,1745744.0,13221708.5,14967452.5,14959444.5,21195174.0,3946943.0,40109569.5,0.0,0.0,0.0,0.0,0.0,0.0,0.0,0.0,0.0,0.0,0.0,68034.0,1,697.0,1.9082819986310746,84.0,12.0,0,7.0,False,False,False,False,False,False,False,False,False,False,True,False,False,False,False,False,False,False,False,False,False,False,True,False,False,False,False,False,False,False,False,0.007453416149068323,0.007237635705669481
508,151,1,15,11,0,35,6.5,,,,,,,,,,,,,,,,,,,,,,,,,,,,,,,,,,,,,,,,,,,,,,,,,,,,,,,0,1229.0,3.3648186173853527,120.0,3.0,0,40.0,False,True,False,False,False,False,False,False,False,False,False,False,False,True,False,False,False,False,False,False,False,False,False,False,True,False,False,False,False,False,False,0.024844720496894408,0.020506634499396863
509,5030,50,503,20,12,22,1.0,50.0,0.0,0.0,50.0,0.0,0.0,1824322.5,655905.25,1168417.25,3243490.25,3660406.75,50.0,0.0,0.0,7779772.0,50.0,0.0,0.0,152652.5,9100841.75,5451946.5,2501283.75,6550544.0,643392.75,338087.75,241241.0,5629624.0,292041.75,205205.0,-49799.75,108358.25,15.0,0.0,0.0,2.0,1591590.0,387387.0,1978977.0,3998744.75,5484228.75,1637636.0,9100841.75,25.0,0.0,0.0,17.8345,0.0,0.0,19.57015,25.0,0.0,0.0,0.5,13088.0,1,4029.0,11.030800821355236,60.0,1.0,0,60.0,False,False,False,False,False,False,False,False,False,False,True,False,False,False,False,False,False,False,False,False,False,False,True,False,False,False,False,False,False,False,False,0.03229813664596273,0.013268998793727383
510,5030,50,503,25,12,23,1.0,50.0,0.0,0.0,50.0,0.0,0.0,1824322.5,655905.25,1168417.25,3243490.25,3660406.75,50.0,0.0,0.0,7779772.0,50.0,0.0,0.0,152652.5,9100841.75,5451946.5,2501283.75,6550544.0,643392.75,338087.75,241241.0,5629624.0,292041.75,205205.0,-49799.75,108358.25,15.0,0.0,0.0,2.0,1591590.0,387387.0,1978977.0,3998744.75,5484228.75,1637636.0,9100841.75,25.0,0.0,0.0,17.8345,0.0,0.0,19.57015,25.0,0.0,0.0,0.5,13088.0,1,4032.0,11.039014373716633,60.0,1.0,0,60.0,False,False,False,False,False,False,False,False,False,False,True,False,False,False,False,False,False,False,False,False,False,False,True,False,False,False,False,False,False,False,False,0.03229813664596273,0.013268998793727383
511,5030,50,503,7,12,25,1.0,50.0,0.0,0.0,50.0,0.0,0.0,1824322.5,655905.25,1168417.25,3243490.25,3660406.75,50.0,0.0,0.0,7779772.0,50.0,0.0,0.0,152652.5,9100841.75,5451946.5,2501283.75,6550544.0,643392.75,338087.75,241241.0,5629624.0,292041.75,205205.0,-49799.75,108358.25,15.0,0.0,0.0,2.0,1591590.0,387387.0,1978977.0,3998744.75,5484228.75,1637636.0,9100841.75,25.0,0.0,0.0,17.8345,0.0,0.0,19.57015,25.0,0.0,0.0,0.5,13088.0,1,4044.0,11.071868583162217,60.0,1.0,0,60.0,False,False,False,False,False,False,False,False,False,False,True,False,False,False,False,False,False,False,False,False,False,False,True,False,False,False,False,False,False,False,False,0.03229813664596273,0.013268998793727383
512,1534,15,153,11,0,9,6.5,,,,,,,,,,,,,,,,,,,,,,,,,,,,,,,,,,,,,,,,,,,,,,,,,,,,,,,1,1574.0,4.309377138945927,84.0,1.0,0,84.0,False,True,False,False,False,False,False,False,False,False,False,False,False,True,False,False,False,False,False,False,False,False,False,False,True,False,False,False,False,False,False,0.008695652173913044,0.008443908323281062
513,2222,22,222,3,90,23,1.0,,,,,,,,,,,,,,,,,,,,,,,,,,,,,,,,,,,,,,,,,,,,,,,,,,,,,,,0,9121.0,24.971937029431896,60.0,1.0,0,60.0,False,True,False,False,False,False,False,False,False,False,False,False,False,True,False,False,False,False,False,False,False,False,False,False,True,False,False,False,False,False,False,0.3242236024844721,0.3823884197828709
514,5531,55,553,10,0,33,7.75,65.0,0.0,0.0,100.0,0.0,0.0,619619.0,284784.5,334834.5,256756.5,242742.5,100.0,0.0,0.0,602101.5,100.0,0.0,0.0,67567.5,1004503.5,442442.0,0.0,1042041.0,653152.5,536035.5,368368.0,354854.5,116116.0,536035.5,-2502.5,368368.0,70.0,0.0,0.0,2.0,738738.0,0.0,738738.0,96596.5,265765.5,0.0,1004503.5,51.0,0.0,0.0,36.0677,0.0,0.0,40.7565,50.0,0.0,0.0,2.0,2082.0,1,3996.0,10.940451745379876,84.0,1.0,0,84.0,False,False,False,False,False,False,True,False,False,False,False,False,False,False,False,False,False,False,True,False,False,False,False,False,False,False,False,False,False,False,True,0.0037267080745341614,0.0024125452352231603
515,7134,71,713,0,3,22,5.0,0.0,0.0,0.0,0.0,0.0,0.0,1315314.0,487487.0,827827.0,1041040.0,3796793.0,0.0,0.0,0.0,5843337.5,0.0,0.0,0.0,10510.5,6681675.0,7681.0,4463.5,5966961.0,944443.5,241741.5,282282.0,4219215.0,687687.0,113113.0,-2002.0,153653.5,0.0,0.0,0.0,0.0,1811810.0,25025.0,1836835.0,4129625.5,4844840.0,0.0,6681675.0,0.0,0.0,0.0,0.0,0.0,0.0,0.0,0.0,0.0,0.0,0.0,12308.0,0,4816.0,13.1854893908282,60.0,1.0,0,60.0,False,True,False,False,False,False,False,False,False,False,False,False,False,True,False,False,False,False,False,False,False,False,False,False,True,False,False,False,False,False,False,0.3242236024844721,0.3823884197828709
516,6022,60,602,4,0,24,1.0,,,,,,,,,,,,,,,,,,,,,,,,,,,,,,,,,,,,,,,,,,,,,,,,,,,,,,,0,2400.0,6.570841889117043,48.0,1.0,0,48.0,False,True,False,False,False,False,False,False,False,False,False,False,False,True,False,False,False,False,False,False,False,False,False,False,True,False,False,False,False,False,False,0.3242236024844721,0.3823884197828709
517,6022,60,602,2,0,24,1.0,,,,,,,,,,,,,,,,,,,,,,,,,,,,,,,,,,,,,,,,,,,,,,,,,,,,,,,0,2408.0,6.5927446954141,48.0,1.0,0,48.0,False,True,False,False,False,False,False,False,False,False,False,False,False,True,False,False,False,False,False,False,False,False,False,False,True,False,False,False,False,False,False,0.3242236024844721,0.3823884197828709
518,6022,60,602,2,0,24,1.0,,,,,,,,,,,,,,,,,,,,,,,,,,,,,,,,,,,,,,,,,,,,,,,,,,,,,,,0,2408.0,6.5927446954141,48.0,1.0,0,48.0,False,True,False,False,False,False,False,False,False,False,False,False,False,True,False,False,False,False,False,False,False,False,False,False,True,False,False,False,False,False,False,0.3242236024844721,0.3823884197828709
519,2125,21,212,35,400,9,6.0,0.0,0.0,0.0,0.0,0.0,0.0,32857574.75,10142132.0,22715442.75,38302013.75,22453431.0,0.0,0.0,0.0,63083770.75,0.0,0.0,0.0,350099.75,86149313.25,43248.25,42205.75,43897603.75,10866856.0,2371118.75,1240739.5,29742713.0,8336578.25,1636384.75,-1451700.25,506005.5,0.0,0.0,0.0,0.0,48009211.25,4551046.5,52560257.75,16000734.75,18700932.25,14888123.25,86149313.25,0.0,0.0,0.0,0.0,0.0,0.0,0.0,0.0,0.0,0.0,0.0,87973.0,0,6558.0,17.95482546201232,120.0,1.0,0,120.0,False,True,False,False,False,False,False,False,False,False,False,False,False,True,False,False,False,False,False,False,False,False,False,False,True,False,False,False,False,False,False,0.3242236024844721,0.3823884197828709
520,2125,21,212,15,300,9,6.0,0.0,0.0,0.0,0.0,0.0,0.0,24425901.5,17103086.0,7322815.5,24003479.5,21561039.5,0.0,0.0,0.0,48022474.5,0.0,0.0,0.0,83083.0,55428373.0,20175.0,28200.0,27348821.5,4583078.5,2963460.5,1449948.5,21962440.5,1559558.0,1858356.5,-1433932.5,344844.5,0.0,0.0,0.0,0.0,17600583.0,3549546.0,21150129.0,12705693.0,21161640.5,13116603.5,55428373.0,0.0,0.0,0.0,0.0,0.0,0.0,0.0,0.0,0.0,0.0,0.0,54497.0,1,5357.0,14.666666666666666,120.0,1.0,0,120.0,False,True,False,False,False,False,False,False,False,False,False,False,False,True,False,False,False,False,False,False,False,False,False,False,True,False,False,False,False,False,False,0.3242236024844721,0.3823884197828709
521,2441,24,244,0,150,1,5.0,0.0,0.0,0.0,0.0,0.0,0.0,11373612.25,2093341.25,9280271.0,11200439.25,5132377.25,0.0,0.0,0.0,17437420.0,0.0,0.0,0.0,112862.75,26830553.75,3978.75,0.0,23455682.25,1418417.0,340089.75,181181.0,21725704.0,1043792.75,-989238.25,-87587.5,-1148147.0,0.0,0.0,0.0,0.0,954453.5,8909901.0,9864354.5,5732727.0,16931664.75,34534.5,26830553.75,0.0,0.0,0.0,0.0,0.0,0.0,0.0,0.0,0.0,0.0,0.0,46864.5,0,1603.0,4.388774811772758,60.0,3.0,0,20.0,False,False,False,False,True,False,False,False,False,False,False,False,False,False,False,False,True,False,False,False,False,False,False,False,False,True,False,False,False,False,False,0.06459627329192547,0.06031363088057901
522,8021,80,802,23,23,34,7.25,,,,,,,,,,,,,,,,,,,,,,,,,,,,,,,,,,,,,,,,,,,,,,,,,,,,,,,0,3452.0,9.451060917180014,144.0,1.0,0,144.0,False,False,False,False,False,False,False,False,False,False,False,True,False,False,False,False,False,False,False,False,False,False,False,True,False,False,False,False,False,True,False,0.07080745341614907,0.054282267792521106
523,6033,60,603,5,40,23,1.0,,,,,,,,,,,,,,,,,,,,,,,,,,,,,,,,,,,,,,,,,,,,,,,,,,,,,,,0,5415.0,14.825462012320328,48.0,1.0,0,48.0,False,False,False,True,False,False,False,False,False,False,False,False,False,False,False,True,False,False,False,False,False,False,False,False,False,False,False,True,False,False,False,0.002484472049689441,0.0024125452352231603
524,5512,55,551,28,15,6,7.0,,,,,,,,,,,,,,,,,,,,,,,,,,,,,,,,,,,,,,,,,,,,,,,,,,,,,,,1,1820.0,4.982888432580425,84.0,3.0,0,28.0,False,False,True,False,False,False,False,False,False,False,False,False,False,False,True,False,False,False,False,False,False,False,False,False,False,False,True,False,False,False,False,0.011180124223602485,0.010856453558504222
525,2524,25,252,62,14,7,6.5,,,,,,,,,,,,,,,,,,,,,,,,,,,,,,,,,,,,,,,,,,,,,,,,,,,,,,,1,2373.0,6.496919917864476,120.0,3.0,0,40.0,False,False,False,False,False,False,False,False,False,False,True,False,False,False,False,False,False,False,False,False,False,False,True,False,False,False,False,False,False,False,False,0.04720496894409938,0.04945717732207479
526,9002,90,900,6,14,22,1.0,,,,,,,,,,,,,,,,,,,,,,,,,,,,,,,,,,,,,,,,,,,,,,,,,,,,,,,0,2422.0,6.631074606433949,48.0,1.0,0,48.0,False,False,False,False,False,False,False,False,False,False,True,False,False,False,False,False,False,False,False,False,False,False,True,False,False,False,False,False,False,False,False,0.04720496894409938,0.04945717732207479
527,1586,15,158,102,100,35,5.0,0.0,0.0,0.0,0.0,0.0,0.0,95619273.75,27519992.5,68099281.25,13178165.0,18388870.5,0.0,0.0,0.0,35498212.75,0.0,0.0,0.0,6269012.75,109866506.75,50256165.5,86871.5,98062965.0,16700433.75,11922660.75,8032024.0,71465394.0,4592337.75,5074319.25,-2725973.25,1183682.5,0.0,0.0,0.0,0.0,19723954.25,49763213.5,69487167.75,19619349.75,23444921.5,16934417.5,109866506.75,0.0,0.0,0.0,0.0,0.0,0.0,0.0,0.0,0.0,0.0,0.0,200316.5,0,1935.0,5.297741273100616,72.0,1.0,0,72.0,False,True,False,False,False,False,False,False,False,False,False,False,False,True,False,False,False,False,False,False,False,False,False,False,True,False,False,False,False,False,False,0.3242236024844721,0.3823884197828709
528,9999,99,999,0,0,22,7.0,0.0,0.0,0.0,0.0,0.0,0.0,759258.5,197697.5,561561.0,158158.0,0.0,0.0,0.0,0.0,186686.5,0.0,0.0,0.0,13513.5,761761.0,2394892.5,2050548.5,3040537.5,306806.5,149649.5,136636.5,2511509.0,148648.5,149649.5,0.0,136636.5,0.0,0.0,0.0,0.0,756255.5,0.0,756255.5,0.0,5505.5,0.0,761761.0,0.0,0.0,0.0,0.0,0.0,0.0,0.0,0.0,0.0,0.0,0.0,6075.0,1,3691.0,10.105407255304586,60.0,1.0,0,60.0,False,False,False,False,True,False,False,False,False,False,False,False,False,False,False,False,True,False,False,False,False,False,False,False,False,True,False,False,False,False,False,0.06459627329192547,0.06031363088057901
529,6031,60,603,4,0,24,5.5,0.0,0.0,0.0,0.0,0.0,0.0,759258.5,197697.5,561561.0,158158.0,0.0,0.0,0.0,0.0,186686.5,0.0,0.0,0.0,13513.5,761761.0,2394892.5,2050548.5,3040537.5,306806.5,149649.5,136636.5,2511509.0,148648.5,149649.5,0.0,136636.5,0.0,0.0,0.0,0.0,756255.5,0.0,756255.5,0.0,5505.5,0.0,761761.0,0.0,0.0,0.0,0.0,0.0,0.0,0.0,0.0,0.0,0.0,0.0,6075.0,1,3780.0,10.349075975359343,48.0,1.0,0,48.0,False,False,False,False,True,False,False,False,False,False,False,False,False,False,False,False,True,False,False,False,False,False,False,False,False,True,False,False,False,False,False,0.06459627329192547,0.06031363088057901
530,4529,45,452,0,0,24,5.0,0.0,0.0,0.0,0.0,0.0,0.0,759258.5,197697.5,561561.0,158158.0,0.0,0.0,0.0,0.0,186686.5,0.0,0.0,0.0,13513.5,761761.0,2394892.5,2050548.5,3040537.5,306806.5,149649.5,136636.5,2511509.0,148648.5,149649.5,0.0,136636.5,0.0,0.0,0.0,0.0,756255.5,0.0,756255.5,0.0,5505.5,0.0,761761.0,0.0,0.0,0.0,0.0,0.0,0.0,0.0,0.0,0.0,0.0,0.0,6075.0,1,4156.0,11.378507871321013,48.0,1.0,0,48.0,False,False,False,False,True,False,False,False,False,False,False,False,False,False,False,False,True,False,False,False,False,False,False,False,False,True,False,False,False,False,False,0.06459627329192547,0.06031363088057901
531,1755,17,175,1,72,22,5.0,0.0,0.0,0.0,0.0,0.0,0.0,17706939.25,13911647.75,3795291.5,12910397.5,5490985.5,0.0,0.0,0.0,21167646.5,0.0,0.0,0.0,414414.0,25377352.0,9607624.0,21024.0,18908389.5,5241986.75,1842590.75,1190689.5,11701690.0,3326323.0,1328076.75,-441441.0,648898.25,0.0,0.0,0.0,0.0,10982972.0,0.0,10982972.0,3728975.25,6142136.0,8252244.0,25377352.0,0.0,0.0,0.0,0.0,0.0,0.0,0.0,0.0,0.0,0.0,0.0,38174.0,0,6850.0,18.754277891854894,48.0,1.0,0,48.0,False,True,False,False,False,False,False,False,False,False,False,False,False,True,False,False,False,False,False,False,False,False,False,False,True,False,False,False,False,False,False,0.008695652173913044,0.008443908323281062
532,2442,24,244,10,72,2,5.25,0.0,0.0,0.0,0.0,0.0,0.0,17706939.25,13911647.75,3795291.5,12910397.5,5490985.5,0.0,0.0,0.0,21167646.5,0.0,0.0,0.0,414414.0,25377352.0,9607624.0,21024.0,18908389.5,5241986.75,1842590.75,1190689.5,11701690.0,3326323.0,1328076.75,-441441.0,648898.25,0.0,0.0,0.0,0.0,10982972.0,0.0,10982972.0,3728975.25,6142136.0,8252244.0,25377352.0,0.0,0.0,0.0,0.0,0.0,0.0,0.0,0.0,0.0,0.0,0.0,38174.0,1,7283.0,19.939767282683093,84.0,3.0,0,28.0,False,True,False,False,False,False,False,False,False,False,False,False,False,True,False,False,False,False,False,False,False,False,False,False,True,False,False,False,False,False,False,0.008695652173913044,0.008443908323281062
533,6710,67,671,22,24,4,5.75,,,,,,,,,,,,,,,,,,,,,,,,,,,,,,,,,,,,,,,,,,,,,,,,,,,,,,,0,4314.0,11.811088295687885,36.0,1.0,0,36.0,False,False,False,False,False,False,False,False,False,False,True,False,False,False,False,False,False,False,False,False,False,False,True,False,False,False,False,False,False,False,False,0.04720496894409938,0.04945717732207479
534,6023,60,602,5,15,23,5.0,0.0,0.0,0.0,0.0,0.0,0.0,3200697.5,2374872.5,825825.0,0.0,4097593.5,0.0,0.0,0.0,4794289.5,0.0,0.0,0.0,29529.5,5649644.0,2352350.0,1557.5,8014506.5,2282280.0,1692190.5,367867.5,2452950.5,565565.0,461961.5,-195195.0,98098.0,0.0,0.0,0.0,0.0,856856.0,0.0,856856.0,3472969.5,4193689.5,599098.5,5649644.0,0.0,0.0,0.0,0.0,0.0,0.0,0.0,0.0,0.0,0.0,0.0,16013.0,0,2747.0,7.520876112251882,60.0,1.0,0,60.0,False,True,False,False,False,False,False,False,False,False,False,False,False,True,False,False,False,False,False,False,False,False,False,False,True,False,False,False,False,False,False,0.012422360248447204,0.006031363088057901
535,6023,60,602,2,15,23,7.5,0.0,0.0,0.0,0.0,0.0,0.0,3200697.5,2374872.5,825825.0,0.0,4097593.5,0.0,0.0,0.0,4794289.5,0.0,0.0,0.0,29529.5,5649644.0,2352350.0,1557.5,8014506.5,2282280.0,1692190.5,367867.5,2452950.5,565565.0,461961.5,-195195.0,98098.0,0.0,0.0,0.0,0.0,856856.0,0.0,856856.0,3472969.5,4193689.5,599098.5,5649644.0,0.0,0.0,0.0,0.0,0.0,0.0,0.0,0.0,0.0,0.0,0.0,16013.0,0,2891.0,7.915126625598905,60.0,1.0,0,60.0,False,True,False,False,False,False,False,False,False,False,False,False,False,True,False,False,False,False,False,False,False,False,False,False,True,False,False,False,False,False,False,0.012422360248447204,0.006031363088057901
536,6024,60,602,5,30,25,5.3,0.0,0.0,0.0,0.0,0.0,0.0,5394639.25,1192441.25,4202198.0,0.0,15788773.0,0.0,0.0,0.0,16985718.75,0.0,0.0,0.0,3295041.75,24482958.5,13961447.5,5657652.0,16282516.25,3878624.75,1348847.5,1043792.75,10113353.25,2447194.75,658157.5,-22272.25,353102.75,0.0,0.0,0.0,0.0,10622111.5,0.0,10622111.5,7440933.5,13860847.0,0.0,24482958.5,0.0,0.0,0.0,0.0,0.0,0.0,0.0,0.0,0.0,0.0,0.0,32532.5,1,1140.0,3.1211498973305956,60.0,1.0,0,60.0,False,True,False,False,False,False,False,False,False,False,False,False,False,True,False,False,False,False,False,False,False,False,False,False,True,False,False,False,False,False,False,0.024844720496894408,0.020506634499396863
537,9261,92,926,5,0,9,5.0,0.0,0.0,0.0,0.0,0.0,0.0,1294293.0,250250.0,1044043.0,0.0,261261.0,0.0,0.0,0.0,724724.0,0.0,0.0,0.0,15015.0,1783782.0,1839337.5,0.0,2006004.0,1252251.0,739739.0,650149.5,484484.0,510009.5,626626.0,0.0,537036.5,0.0,0.0,0.0,0.0,690189.5,0.0,690189.5,244744.5,1093592.5,0.0,1783782.0,0.0,0.0,0.0,0.0,0.0,0.0,0.0,0.0,0.0,0.0,0.0,4008.0,0,1297.0,3.5509924709103355,120.0,1.0,0,120.0,False,True,False,False,False,False,False,False,False,False,False,False,False,True,False,False,False,False,False,False,False,False,False,False,True,False,False,False,False,False,False,0.3242236024844721,0.3823884197828709
538,6033,60,603,2,32,23,0.0,0.0,0.0,0.0,0.0,0.0,0.0,3202699.5,1463211.75,1739487.75,0.0,10606846.25,0.0,0.0,0.0,11125864.75,0.0,0.0,0.0,22772.75,12888125.25,6132675.75,6094.25,15213448.25,1696945.25,1113362.25,884383.5,11140879.75,511511.0,580830.25,-149399.25,351851.5,0.0,0.0,0.0,0.0,842591.75,1009758.75,1852350.5,3376373.0,10989979.0,45795.75,12888125.25,0.0,0.0,0.0,0.0,0.0,0.0,0.0,0.0,0.0,0.0,0.0,30396.5,0,2520.0,6.899383983572895,48.0,1.0,0,48.0,False,False,False,False,False,False,False,False,False,True,False,False,False,False,False,False,False,False,False,False,False,True,False,False,False,False,False,False,True,False,False,0.07204968944099378,0.05066344993968637
539,6062,60,606,5,65,23,6.5,0.0,0.0,0.0,0.0,0.0,0.0,1686434.75,1272020.75,414414.0,0.0,3620366.75,0.0,0.0,0.0,8412153.75,0.0,0.0,0.0,15265.25,8841833.0,20288268.0,8898890.0,26772245.5,3528024.5,1944692.75,1447696.25,19311792.5,1469217.75,1278026.75,-115865.75,762762.0,0.0,0.0,0.0,0.0,2269267.0,288538.25,2557805.25,5728222.5,5951195.25,332832.5,8841833.0,0.0,0.0,0.0,0.0,0.0,0.0,0.0,0.0,0.0,0.0,0.0,53519.0,0,3750.0,10.26694045174538,48.0,1.0,0,48.0,False,False,False,False,False,False,False,False,False,False,True,False,False,False,False,False,False,False,False,False,False,False,True,False,True,False,False,False,False,False,False,0.03229813664596273,0.013268998793727383
540,4531,45,453,5,400,22,0.1,0.0,0.0,0.0,0.0,0.0,0.0,6802295.5,1268517.25,5533778.25,3916162.25,36924888.0,0.0,0.0,0.0,46751204.5,0.0,0.0,0.0,284784.5,52569767.25,51905.75,36816.0,77140813.75,7372865.5,2733480.75,1155154.0,62868806.0,4520265.75,2382129.75,5505.5,811811.0,0.0,0.0,0.0,0.0,8089331.25,83583.5,8172914.75,32516984.5,44306762.5,120120.0,52569767.25,0.0,0.0,0.0,0.0,0.0,0.0,0.0,0.0,0.0,0.0,0.0,155131.0,0,3507.0,9.60164271047228,60.0,1.0,0,60.0,False,True,False,False,False,False,False,False,False,False,False,False,False,True,False,False,False,False,False,False,False,False,False,False,True,False,False,False,False,False,False,0.3242236024844721,0.3823884197828709
541,6422,64,642,21,50,1,5.0,0.0,0.0,0.0,0.0,0.0,0.0,3662909.25,981981.0,2680928.25,1182431.25,15158143.0,0.0,0.0,0.0,17678661.0,0.0,0.0,0.0,845344.5,21204933.75,6671.5,2333.5,18124356.25,6011005.0,3403900.5,2438185.75,11376615.25,2567815.25,2879376.5,-115365.25,1913661.75,0.0,0.0,0.0,0.0,2291789.5,1821069.25,4112858.75,9096087.0,13931918.0,3160157.0,21204933.75,0.0,0.0,0.0,0.0,0.0,0.0,0.0,0.0,0.0,0.0,0.0,36212.5,0,1609.0,4.405201916495551,60.0,3.0,0,20.0,False,True,False,False,False,False,False,False,False,False,False,False,False,True,False,False,False,False,False,False,False,False,False,False,True,False,False,False,False,False,False,0.3242236024844721,0.3823884197828709
542,5133,51,513,2,60,22,6.5,0.0,0.0,0.0,0.0,0.0,0.0,4929424.5,2254001.75,2675422.75,4203199.0,14171907.75,0.0,0.0,0.0,20102082.0,0.0,0.0,0.0,77577.5,22855082.25,11316660.25,11698.25,22047525.5,2244742.5,1230479.25,1004253.25,18356087.75,986735.75,726475.75,-112362.25,500249.75,0.0,0.0,0.0,0.0,2924421.5,38788.75,2963210.25,9520260.75,19171652.5,720219.5,22855082.25,0.0,0.0,0.0,0.0,0.0,0.0,0.0,0.0,0.0,0.0,0.0,43649.5,0,3618.0,9.905544147843942,60.0,1.0,0,60.0,False,True,False,False,False,False,False,False,False,False,False,False,False,True,False,False,False,False,False,False,False,False,False,False,True,False,False,False,False,False,False,0.3242236024844721,0.3823884197828709
543,5511,55,551,30,0,1,6.5,100.0,0.0,0.0,100.0,0.0,0.0,0.0,0.0,0.0,0.0,0.0,100.0,0.0,0.0,0.0,100.0,0.0,0.0,0.0,0.0,0.0,0.0,0.0,0.0,0.0,0.0,0.0,0.0,0.0,0.0,0.0,30.0,0.0,0.0,1.0,0.0,0.0,0.0,0.0,0.0,0.0,0.0,100.0,0.0,0.0,44.839,0.0,0.0,41.6403,100.0,0.0,0.0,1.0,0.0,0,9998.0,27.37303216974675,84.0,3.0,0,28.0,False,False,False,False,False,False,False,False,True,False,False,False,False,False,False,False,False,False,False,False,True,False,False,False,False,False,False,False,False,False,False,0.002484472049689441,0.0024125452352231603
544,1725,17,172,4,100,23,0.1,0.0,0.0,0.0,0.0,0.0,0.0,23348575.25,14005992.0,9342583.25,8452444.0,3954200.25,0.0,0.0,0.0,14454940.5,0.0,0.0,0.0,294794.5,24092318.25,5886949.5,11639.75,11991229.25,4335080.75,980229.25,1346595.25,6034528.5,3252249.0,-323323.0,-94594.5,43043.0,0.0,0.0,0.0,0.0,6416660.25,12426414.0,18843074.25,3502248.75,5065810.75,183433.25,24092318.25,0.0,0.0,0.0,0.0,0.0,0.0,0.0,0.0,0.0,0.0,0.0,23053.0,0,16238.0,44.45722108145106,60.0,1.0,0,60.0,False,True,False,False,False,False,False,False,False,False,False,False,False,True,False,False,False,False,False,False,False,False,False,False,True,False,False,False,False,False,False,0.3242236024844721,0.3823884197828709
545,1744,17,174,5,0,23,0.1,0.0,0.0,0.0,0.0,0.0,0.0,1315814.5,510009.5,805805.0,187937.75,1948196.25,0.0,0.0,0.0,2485733.25,0.0,0.0,0.0,53553.5,3345091.75,2904994.0,4821.75,6597591.0,1042291.25,579829.25,508007.5,5013258.25,457206.75,443443.0,-16266.25,371621.25,0.0,0.0,0.0,0.0,1146645.5,14014.0,1160659.5,1440689.25,2122370.25,62062.0,3345091.75,0.0,0.0,0.0,0.0,0.0,0.0,0.0,0.0,0.0,0.0,0.0,13182.0,0,1354.0,3.707049965776865,60.0,1.0,0,60.0,False,True,False,False,False,False,False,False,False,False,False,False,False,True,False,False,False,False,False,False,False,False,False,False,True,False,False,False,False,False,False,0.3242236024844721,0.3823884197828709
546,5030,50,503,1,1,3,6.5,,,,,,,,,,,,,,,,,,,,,,,,,,,,,,,,,,,,,,,,,,,,,,,,,,,,,,,0,9809.0,26.855578370978783,120.0,1.0,0,120.0,False,False,False,False,False,False,False,False,False,True,False,False,False,False,False,False,False,False,False,False,False,True,False,False,False,False,False,False,True,False,False,0.07204968944099378,0.05066344993968637
547,8511,85,851,1,10,24,5.0,0.0,0.0,0.0,0.0,0.0,0.0,7994987.0,6440934.5,1554052.5,715715.0,5749744.0,0.0,0.0,0.0,6476970.5,0.0,0.0,0.0,1025524.5,9056547.5,10936926.0,10512001.5,11042531.5,2895893.0,718718.0,-703703.0,5167662.5,2177175.0,417417.0,-5505.5,-1005004.0,0.0,0.0,0.0,0.0,3533029.5,0.0,3533029.5,2538536.0,5320815.5,202702.5,9056547.5,0.0,0.0,0.0,0.0,0.0,0.0,0.0,0.0,0.0,0.0,0.0,22063.0,0,4634.0,12.687200547570157,576.0,1.0,0,576.0,False,False,False,False,False,False,False,False,False,True,False,False,False,False,False,False,False,False,False,False,False,True,False,False,False,False,False,False,True,False,False,0.07204968944099378,0.05066344993968637
548,5010,50,501,15,1,4,6.5,,,,,,,,,,,,,,,,,,,,,,,,,,,,,,,,,,,,,,,,,,,,,,,,,,,,,,,0,1210.0,3.3127994524298425,84.0,1.0,0,84.0,False,False,False,False,False,False,True,False,False,False,False,False,False,False,False,False,False,False,True,False,False,False,False,False,False,False,False,False,False,False,True,0.012422360248447204,0.012062726176115802
549,7470,74,747,10,0,24,0.1,,,,,,,,,,,,,,,,,,,,,,,,,,,,,,,,,,,,,,,,,,,,,,,,,,,,,,,0,1250.0,3.4223134839151266,120.0,1.0,0,120.0,False,True,False,False,False,False,False,False,False,False,False,False,False,True,False,False,False,False,False,False,False,False,False,False,True,False,False,False,False,False,False,0.3242236024844721,0.3823884197828709
550,2223,22,222,2,0,22,0.1,0.0,0.0,0.0,0.0,0.0,0.0,2912409.5,0.0,2912409.5,400400.0,1313312.0,0.0,0.0,0.0,1898396.5,0.0,0.0,0.0,2002.0,4812808.0,1851349.5,754.0,2557555.0,435935.5,192692.5,179679.5,1623121.5,181681.5,-95095.0,0.0,-108108.0,0.0,0.0,0.0,0.0,48548.5,0.0,48548.5,1833331.5,4631627.0,132632.5,4812808.0,0.0,0.0,0.0,0.0,0.0,0.0,0.0,0.0,0.0,0.0,0.0,5453.0,0,1362.0,3.728952772073922,60.0,1.0,0,60.0,False,True,False,False,False,False,False,False,False,False,False,False,False,True,False,False,False,False,False,False,False,False,False,False,True,False,False,False,False,False,False,0.3242236024844721,0.3823884197828709
551,5050,50,505,1,12,22,1.0,0.0,0.0,0.0,0.0,0.0,0.0,955955.0,784784.0,171171.0,925925.0,6079073.0,0.0,0.0,0.0,7048041.0,0.0,0.0,0.0,1020519.5,8239731.5,23595572.0,8886377.5,58866307.5,1201700.5,1088587.5,1088587.5,57395338.0,113113.0,883382.5,0.0,883382.5,0.0,0.0,0.0,0.0,1869367.5,142642.5,2012010.0,6054048.0,6227721.5,0.0,8239731.5,0.0,0.0,0.0,0.0,0.0,0.0,0.0,0.0,0.0,0.0,0.0,117615.0,0,1626.0,4.4517453798767965,48.0,1.0,0,48.0,False,False,True,False,False,False,False,False,False,False,False,False,False,False,True,False,False,False,False,False,False,False,False,False,False,False,True,False,False,False,False,0.011180124223602485,0.010856453558504222
552,8031,80,803,77,77,4,6.0,,,,,,,,,,,,,,,,,,,,,,,,,,,,,,,,,,,,,,,,,,,,,,,,,,,,,,,0,2849.0,7.800136892539356,84.0,1.0,0,84.0,False,True,False,False,False,False,False,False,False,False,False,False,False,True,False,False,False,False,False,False,False,False,False,False,True,False,False,False,False,False,False,0.3242236024844721,0.3823884197828709
553,2522,25,252,5,0,23,0.1,0.0,0.0,0.0,0.0,0.0,0.0,10146636.5,6726219.5,3420417.0,2840838.0,1647395.75,0.0,0.0,0.0,5015010.0,0.0,0.0,0.0,187687.5,8623114.5,5322567.25,2756991.25,4753248.5,1488236.75,463463.0,333833.5,2772019.25,962711.75,296796.5,-127877.75,167167.0,0.0,0.0,0.0,0.0,4971967.0,480730.25,5452697.25,1730478.75,2465713.25,704704.0,8623114.5,0.0,0.0,0.0,0.0,0.0,0.0,0.0,0.0,0.0,0.0,0.0,10104.0,0,16647.0,45.57700205338809,60.0,1.0,0,60.0,False,True,False,False,False,False,False,False,False,False,False,False,False,True,False,False,False,False,False,False,False,False,False,False,True,False,False,False,False,False,False,0.3242236024844721,0.3823884197828709
554,5233,52,523,0,12,1,6.5,,,,,,,,,,,,,,,,,,,,,,,,,,,,,,,,,,,,,,,,,,,,,,,,,,,,,,,0,6027.0,16.501026694045173,72.0,3.0,0,24.0,False,True,False,False,False,False,False,False,False,False,False,False,False,True,False,False,False,False,False,False,False,False,False,False,True,False,False,False,False,False,False,0.3242236024844721,0.3823884197828709
555,8511,85,851,0,0,24,6.5,,,,,,,,,,,,,,,,,,,,,,,,,,,,,,,,,,,,,,,,,,,,,,,,,,,,,,,0,2047.0,5.604380561259411,60.0,1.0,0,60.0,False,False,False,False,False,False,True,False,False,False,False,False,False,False,False,False,False,False,True,False,False,False,False,False,False,False,False,False,False,False,True,0.02608695652173913,0.018094089264173704
556,114,1,11,30,41,7,5.5,0.0,0.0,0.0,0.0,0.0,0.0,23906132.25,7750743.0,16155389.25,2273271.0,489989.5,0.0,0.0,0.0,3289786.5,0.0,0.0,0.0,1205954.75,20651130.5,11481.0,8559.75,17309792.5,12122610.5,5113858.75,4533779.25,4403649.25,6989732.75,1767015.25,-361611.25,1187686.5,0.0,0.0,0.0,0.0,5099594.5,4267263.0,9366857.5,6695939.25,7449191.75,3835081.25,20651130.5,0.0,0.0,0.0,0.0,0.0,0.0,0.0,0.0,0.0,0.0,0.0,30403.5,1,9657.0,26.439425051334702,48.0,12.0,0,4.0,False,False,False,False,False,False,False,False,False,False,True,False,False,False,False,False,False,False,False,False,False,False,True,False,False,False,False,False,False,False,False,0.04720496894409938,0.04945717732207479
557,4531,45,453,0,0,23,7.0,,,,,,,,,,,,,,,,,,,,,,,,,,,,,,,,,,,,,,,,,,,,,,,,,,,,,,,0,1763.0,4.826830937713894,60.0,1.0,0,60.0,False,False,False,False,False,False,False,False,False,False,False,True,False,False,False,False,False,False,False,False,False,False,False,True,False,False,False,False,False,True,False,0.07080745341614907,0.054282267792521106
558,6061,60,606,4,48,22,7.5,,,,,,,,,,,,,,,,,,,,,,,,,,,,,,,,,,,,,,,,,,,,,,,,,,,,,,,0,1144.0,3.132101300479124,48.0,1.0,0,48.0,False,False,False,False,False,False,True,False,False,False,False,False,False,False,False,False,False,False,True,False,False,False,False,False,False,False,False,False,False,False,True,0.02608695652173913,0.018094089264173704
559,6061,60,606,0,48,23,5.0,,,,,,,,,,,,,,,,,,,,,,,,,,,,,,,,,,,,,,,,,,,,,,,,,,,,,,,0,1268.0,3.4715947980835042,576.0,1.0,0,576.0,False,False,False,False,False,False,True,False,False,False,False,False,False,False,False,False,False,False,True,False,False,False,False,False,False,False,False,False,False,False,True,0.02608695652173913,0.018094089264173704
560,6062,60,606,4,0,23,6.5,,,,,,,,,,,,,,,,,,,,,,,,,,,,,,,,,,,,,,,,,,,,,,,,,,,,,,,0,4036.0,,60.0,1.0,0,60.0,False,True,False,False,False,False,False,False,False,False,False,False,False,True,False,False,False,False,False,False,False,False,False,False,True,False,False,False,False,False,False,0.3242236024844721,0.3823884197828709
561,7440,74,744,5,0,24,5.0,0.0,0.0,0.0,0.0,0.0,0.0,2543541.0,0.0,2543541.0,0.0,28272744.5,0.0,0.0,0.0,32907875.0,0.0,0.0,0.0,57557.5,35508973.5,21900.0,21665.0,23932909.0,11417906.5,3431428.0,2567064.5,8008500.5,2162660.5,2692189.5,-55555.5,1827826.0,0.0,0.0,0.0,0.0,20600079.5,0.0,20600079.5,2448946.5,12190678.5,2718215.5,35508973.5,0.0,0.0,0.0,0.0,0.0,0.0,0.0,0.0,0.0,0.0,0.0,47818.0,0,6889.0,18.861054072553046,60.0,1.0,0,60.0,False,True,False,False,False,False,False,False,False,False,False,False,False,True,False,False,False,False,False,False,False,False,False,False,True,False,False,False,False,False,False,0.3242236024844721,0.3823884197828709
562,7440,74,744,2,0,24,6.5,0.0,0.0,0.0,0.0,0.0,0.0,2543541.0,0.0,2543541.0,0.0,28272744.5,0.0,0.0,0.0,32907875.0,0.0,0.0,0.0,57557.5,35508973.5,21900.0,21665.0,23932909.0,11417906.5,3431428.0,2567064.5,8008500.5,2162660.5,2692189.5,-55555.5,1827826.0,0.0,0.0,0.0,0.0,20600079.5,0.0,20600079.5,2448946.5,12190678.5,2718215.5,35508973.5,0.0,0.0,0.0,0.0,0.0,0.0,0.0,0.0,0.0,0.0,0.0,47818.0,0,6993.0,19.145790554414784,60.0,1.0,0,60.0,False,True,False,False,False,False,False,False,False,False,False,False,False,True,False,False,False,False,False,False,False,False,False,False,True,False,False,False,False,False,False,0.3242236024844721,0.3823884197828709
563,8513,85,851,0,0,23,8.0,,,,,,,,,,,,,,,,,,,,,,,,,,,,,,,,,,,,,,,,,,,,,,,,,,,,,,,0,4036.0,,60.0,1.0,0,60.0,False,False,False,False,False,False,False,False,False,False,False,True,False,False,False,False,False,False,False,False,False,False,False,True,False,False,False,False,False,True,False,0.07080745341614907,0.054282267792521106
564,4521,45,452,0,60,23,0.7,0.0,0.0,0.0,0.0,0.0,0.0,5786530.75,1719217.5,4067313.25,3202949.75,13259246.0,0.0,0.0,0.0,17474707.25,0.0,0.0,0.0,113613.5,21655634.0,22807.5,17015.75,27723696.0,4726221.5,1558807.25,1111110.0,20426406.0,3143390.25,1085334.25,-208958.75,637637.0,0.0,0.0,0.0,0.0,8298290.0,268518.25,8566808.25,2388636.25,7532775.25,5556050.5,21655634.0,0.0,0.0,0.0,0.0,0.0,0.0,0.0,0.0,0.0,0.0,0.0,54607.5,0,6129.0,16.78028747433265,60.0,1.0,0,60.0,False,False,False,False,True,False,False,False,False,False,False,False,False,True,False,False,False,False,False,False,False,False,False,False,False,True,False,False,False,False,False,0.06459627329192547,0.3823884197828709
565,4521,45,452,0,60,23,7.0,0.0,0.0,0.0,0.0,0.0,0.0,5786530.75,1719217.5,4067313.25,3202949.75,13259246.0,0.0,0.0,0.0,17474707.25,0.0,0.0,0.0,113613.5,21655634.0,22807.5,17015.75,27723696.0,4726221.5,1558807.25,1111110.0,20426406.0,3143390.25,1085334.25,-208958.75,637637.0,0.0,0.0,0.0,0.0,8298290.0,268518.25,8566808.25,2388636.25,7532775.25,5556050.5,21655634.0,0.0,0.0,0.0,0.0,0.0,0.0,0.0,0.0,0.0,0.0,0.0,54607.5,0,6167.0,16.88432580424367,576.0,1.0,0,576.0,False,False,False,False,True,False,False,False,False,False,False,False,False,True,False,False,False,False,False,False,False,False,False,False,False,True,False,False,False,False,False,0.06459627329192547,0.3823884197828709
566,5532,55,553,0,0,1,5.5,0.0,0.0,0.0,0.0,0.0,0.0,8400892.5,2840337.5,5560555.0,511010.5,741240.5,0.0,0.0,0.0,2820818.0,0.0,0.0,0.0,2858856.0,11240229.0,15465950.5,14484470.0,15330815.5,4378374.0,2041039.0,1734232.5,5635630.0,2194692.5,1023022.0,0.0,716215.5,0.0,0.0,0.0,0.0,6619613.0,0.0,6619613.0,1834332.5,4620616.0,0.0,11240229.0,0.0,0.0,0.0,0.0,0.0,0.0,0.0,0.0,0.0,0.0,0.0,30631.0,0,1528.0,4.183436002737851,72.0,1.0,0,72.0,False,True,False,False,False,False,False,False,False,False,False,False,False,True,False,False,False,False,False,False,False,False,False,False,True,False,False,False,False,False,False,0.3242236024844721,0.3823884197828709
567,6062,60,606,16,37,24,5.95,0.0,0.0,0.0,0.0,0.0,0.0,4943688.75,3699195.5,1244493.25,0.0,6468462.0,0.0,0.0,0.0,11182171.0,0.0,0.0,0.0,208458.25,12635122.5,17160.75,13975.25,20649128.5,3369866.5,1743992.25,1553552.0,13202939.75,1513261.75,1218217.0,-81831.75,1027776.75,0.0,0.0,0.0,0.0,5646140.5,0.0,5646140.5,5188183.0,6988982.0,0.0,12635122.5,0.0,0.0,0.0,0.0,0.0,0.0,0.0,0.0,0.0,0.0,0.0,41257.0,0,2619.0,7.170431211498974,60.0,1.0,0,60.0,False,False,False,False,False,False,False,False,False,False,True,False,False,True,False,False,False,False,False,False,False,False,False,False,False,False,False,False,False,False,False,0.03229813664596273,0.0036188178528347406
568,6062,60,606,8,37,24,1.0,0.0,0.0,0.0,0.0,0.0,0.0,4943688.75,3699195.5,1244493.25,0.0,6468462.0,0.0,0.0,0.0,11182171.0,0.0,0.0,0.0,208458.25,12635122.5,17160.75,13975.25,20649128.5,3369866.5,1743992.25,1553552.0,13202939.75,1513261.75,1218217.0,-81831.75,1027776.75,0.0,0.0,0.0,0.0,5646140.5,0.0,5646140.5,5188183.0,6988982.0,0.0,12635122.5,0.0,0.0,0.0,0.0,0.0,0.0,0.0,0.0,0.0,0.0,0.0,41257.0,0,2710.0,7.4195756331279945,60.0,1.0,0,60.0,False,False,False,False,False,False,False,False,False,False,True,False,False,True,False,False,False,False,False,False,False,False,False,False,False,False,False,False,False,False,False,0.03229813664596273,0.0036188178528347406
569,6062,60,606,8,37,24,1.0,0.0,0.0,0.0,0.0,0.0,0.0,4943688.75,3699195.5,1244493.25,0.0,6468462.0,0.0,0.0,0.0,11182171.0,0.0,0.0,0.0,208458.25,12635122.5,17160.75,13975.25,20649128.5,3369866.5,1743992.25,1553552.0,13202939.75,1513261.75,1218217.0,-81831.75,1027776.75,0.0,0.0,0.0,0.0,5646140.5,0.0,5646140.5,5188183.0,6988982.0,0.0,12635122.5,0.0,0.0,0.0,0.0,0.0,0.0,0.0,0.0,0.0,0.0,0.0,41257.0,0,2710.0,7.4195756331279945,60.0,1.0,0,60.0,False,False,False,False,False,False,False,False,False,False,True,False,False,True,False,False,False,False,False,False,False,False,False,False,False,False,False,False,False,False,False,0.03229813664596273,0.0036188178528347406
570,1931,19,193,30,300,23,8.0,0.0,0.0,0.0,0.0,0.0,0.0,20953933.0,17390623.25,3563309.75,12310047.75,5670665.0,0.0,0.0,0.0,19193424.25,0.0,0.0,0.0,1225224.0,23981958.0,49828.5,32967.0,58082024.0,11711199.5,819318.5,-454704.25,44445401.0,10768007.25,-220720.5,-493993.5,-1022021.0,0.0,0.0,0.0,0.0,4998493.5,25025.0,5023518.5,12964952.0,14192428.25,4766011.25,23981958.0,0.0,0.0,0.0,0.0,0.0,0.0,0.0,0.0,0.0,0.0,0.0,116048.0,0,14571.0,39.893223819301845,48.0,1.0,0,48.0,False,True,False,False,False,False,False,False,False,False,False,False,False,True,False,False,False,False,False,False,False,False,False,False,True,False,False,False,False,False,False,0.3242236024844721,0.3823884197828709
571,4521,45,452,5,3200,24,1.0,0.0,0.0,0.0,0.0,0.0,0.0,492104863.25,173182759.75,318922103.5,292233191.25,352780428.0,0.0,0.0,0.0,684864430.25,0.0,0.0,0.0,224724.5,1004011258.25,397604457.25,415690275.0,354113259.5,94409064.75,18730712.0,8129871.75,206732275.75,72011189.25,-11432421.0,-18801532.75,-22033261.25,0.0,0.0,0.0,0.0,375347222.25,95038944.0,470386166.25,193443750.5,314347783.75,219277308.25,1004011258.25,0.0,0.0,0.0,0.0,0.0,0.0,0.0,0.0,0.0,0.0,0.0,728021.5,1,11592.0,31.737166324435318,48.0,1.0,0,48.0,False,True,False,False,False,False,False,False,False,False,False,False,False,True,False,False,False,False,False,False,False,False,False,False,True,False,False,False,False,False,False,0.3242236024844721,0.3823884197828709
572,2441,24,244,70,40,1,4.62,0.0,0.0,0.0,0.0,0.0,0.0,155336181.0,19647628.0,135688553.0,5616611.0,78468890.5,0.0,0.0,0.0,110221111.0,0.0,0.0,0.0,7788781.0,253698445.0,30810279.5,26262236.0,50603553.0,15066551.5,5534529.0,4493989.5,22866844.0,9473964.5,3382379.0,938938.0,3233230.0,0.0,0.0,0.0,0.0,217784567.0,8407399.0,226191966.0,18734215.5,25418893.5,2087585.5,253698445.0,0.0,0.0,0.0,0.0,0.0,0.0,0.0,0.0,0.0,0.0,0.0,96881.0,0,6803.0,18.625598904859686,120.0,3.0,0,40.0,False,False,False,False,False,False,False,False,False,False,False,True,False,False,False,False,False,False,False,False,False,False,False,True,False,False,False,False,False,True,False,0.07080745341614907,0.054282267792521106
573,2442,24,244,70,40,24,6.0,0.0,0.0,0.0,0.0,0.0,0.0,155336181.0,19647628.0,135688553.0,5616611.0,78468890.5,0.0,0.0,0.0,110221111.0,0.0,0.0,0.0,7788781.0,253698445.0,30810279.5,26262236.0,50603553.0,15066551.5,5534529.0,4493989.5,22866844.0,9473964.5,3382379.0,938938.0,3233230.0,0.0,0.0,0.0,0.0,217784567.0,8407399.0,226191966.0,18734215.5,25418893.5,2087585.5,253698445.0,0.0,0.0,0.0,0.0,0.0,0.0,0.0,0.0,0.0,0.0,0.0,96881.0,0,7088.0,19.405886379192335,60.0,1.0,0,60.0,False,False,False,False,False,False,False,False,False,False,False,True,False,False,False,False,False,False,False,False,False,False,False,True,False,False,False,False,False,True,False,0.07080745341614907,0.054282267792521106
574,1532,15,153,10,5,4,6.5,,,,,,,,,,,,,,,,,,,,,,,,,,,,,,,,,,,,,,,,,,,,,,,,,,,,,,,0,2675.0,7.323750855578371,83.0,1.0,0,83.0,False,True,False,False,False,False,False,False,False,False,False,False,False,True,False,False,False,False,False,False,False,False,False,False,True,False,False,False,False,False,False,0.3242236024844721,0.0012062726176115801
575,4522,45,452,4,55,24,0.0,0.0,0.0,0.0,0.0,0.0,0.0,6280774.5,5020265.25,1260509.25,2305052.75,27274997.75,0.0,0.0,0.0,34334049.75,0.0,0.0,0.0,12012.0,35606571.0,32117.25,30061.25,34274990.75,5692436.75,1122371.25,861110.25,26053777.75,4461707.25,1806304.5,-685434.75,684684.0,0.0,0.0,0.0,0.0,9846837.0,1095844.75,10942681.75,12170908.75,19916646.75,4747242.5,35606571.0,0.0,0.0,0.0,0.0,0.0,0.0,0.0,0.0,0.0,0.0,0.0,66145.0,0,8434.0,23.091033538672143,48.0,1.0,0,48.0,False,False,False,False,False,False,False,False,False,True,False,False,False,True,False,False,False,False,False,False,False,False,False,False,False,False,False,False,True,False,False,0.02111801242236025,0.3823884197828709
576,2521,25,252,145,83,4,4.66,0.0,0.0,0.0,0.0,0.0,0.0,53175872.75,21588316.75,31587556.0,9649890.25,39072533.5,0.0,0.0,0.0,58157599.5,0.0,0.0,0.0,2306804.5,92051960.0,43462.0,43558.25,43325282.0,7593335.75,5869113.25,8535276.75,34583549.0,1469968.5,-754003.25,-526025.5,1840588.75,0.0,0.0,0.0,0.0,18366348.0,15273508.25,33639856.25,49837788.0,58026218.25,388388.0,92054462.5,0.0,0.0,0.0,0.0,0.0,0.0,0.0,0.0,0.0,0.0,0.0,86564.0,0,8918.0,24.416153319644078,83.0,3.0,0,27.666666666666668,False,True,False,False,False,False,False,False,False,False,False,False,False,True,False,False,False,False,False,False,False,False,False,False,False,True,False,False,False,False,False,0.012422360248447204,0.3823884197828709
577,5050,50,505,30,10,5,6.5,,,,,,,,,,,,,,,,,,,,,,,,,,,,,,,,,,,,,,,,,,,,,,,,,,,,,,,1,3626.0,9.927446954140999,84.0,1.0,0,84.0,False,False,False,False,False,False,False,False,True,False,False,False,False,False,False,False,False,False,False,False,True,False,False,False,False,False,False,True,False,False,False,0.0037267080745341614,0.0048250904704463205
578,5533,55,553,140,143,9,4.85,0.0,0.0,0.0,0.0,0.0,0.0,9782272.5,1968967.0,7813305.5,485735.25,1424923.5,0.0,0.0,0.0,6715458.75,0.0,0.0,0.0,806806.0,15335570.25,9414271.0,9823.75,18922904.0,3857603.75,122122.0,-214964.75,5203448.25,3589586.0,-884133.25,-117367.25,-1219218.0,0.0,0.0,0.0,0.0,-547547.0,2479226.75,1931679.75,7949441.5,10776265.5,2627625.0,15335570.25,0.0,0.0,0.0,0.0,0.0,0.0,0.0,0.0,0.0,0.0,0.0,37576.0,0,2466.0,6.751540041067762,60.0,1.0,0,60.0,False,True,False,False,False,False,False,False,False,False,False,False,False,True,False,False,False,False,False,False,False,False,False,False,True,False,False,False,False,False,False,0.3242236024844721,0.3823884197828709
579,5511,55,551,0,400,30,6.0,0.0,0.0,0.0,0.0,0.0,0.0,62849286.5,20490970.5,42358316.0,216716.5,521521.0,0.0,0.0,0.0,3029026.0,0.0,0.0,0.0,106606.5,45493948.5,23727704.0,28283255.0,22173651.5,10585074.5,4629625.0,4132628.5,9428919.5,5782276.5,1056555.5,-922421.5,280280.0,0.0,0.0,0.0,0.0,20386866.5,11240229.0,31627095.5,5763257.5,12628616.0,1238237.0,45493948.5,0.0,0.0,0.0,0.0,0.0,0.0,0.0,0.0,0.0,0.0,0.0,44303.0,0,4999.0,13.686516084873375,84.0,3.0,0,28.0,False,False,False,False,False,False,False,False,True,False,False,False,False,False,False,False,False,False,False,False,True,False,False,False,False,False,False,True,False,False,False,0.08074534161490683,0.07117008443908324
580,5511,55,551,0,400,22,1.0,0.0,0.0,0.0,0.0,0.0,0.0,62849286.5,20490970.5,42358316.0,216716.5,521521.0,0.0,0.0,0.0,3029026.0,0.0,0.0,0.0,106606.5,45493948.5,23727704.0,28283255.0,22173651.5,10585074.5,4629625.0,4132628.5,9428919.5,5782276.5,1056555.5,-922421.5,280280.0,0.0,0.0,0.0,0.0,20386866.5,11240229.0,31627095.5,5763257.5,12628616.0,1238237.0,45493948.5,0.0,0.0,0.0,0.0,0.0,0.0,0.0,0.0,0.0,0.0,0.0,44303.0,1,5214.0,14.275154004106776,48.0,1.0,0,48.0,False,False,False,False,False,False,False,False,True,False,False,False,False,False,False,False,False,False,False,False,True,False,False,False,False,False,False,True,False,False,False,0.08074534161490683,0.07117008443908324
581,5511,55,551,0,400,22,1.0,0.0,0.0,0.0,0.0,0.0,0.0,62849286.5,20490970.5,42358316.0,216716.5,521521.0,0.0,0.0,0.0,3029026.0,0.0,0.0,0.0,106606.5,45493948.5,23727704.0,28283255.0,22173651.5,10585074.5,4629625.0,4132628.5,9428919.5,5782276.5,1056555.5,-922421.5,280280.0,0.0,0.0,0.0,0.0,20386866.5,11240229.0,31627095.5,5763257.5,12628616.0,1238237.0,45493948.5,0.0,0.0,0.0,0.0,0.0,0.0,0.0,0.0,0.0,0.0,0.0,44303.0,1,5214.0,14.275154004106776,60.0,1.0,0,60.0,False,False,False,False,False,False,False,False,True,False,False,False,False,False,False,False,False,False,False,False,True,False,False,False,False,False,False,True,False,False,False,0.08074534161490683,0.07117008443908324
582,8021,80,802,82,60,5,5.75,0.0,0.0,0.0,0.0,0.0,0.0,11974462.5,1799047.25,10175415.25,0.0,215465.25,0.0,0.0,0.0,471721.25,0.0,0.0,0.0,274524.25,10921660.75,8661903.25,6424418.0,8962703.75,7594837.25,1243992.75,999748.75,433433.0,6243987.75,593593.0,-109359.25,349349.0,0.0,0.0,0.0,0.0,7278771.5,1414413.0,8693184.5,1371620.25,1880378.5,348097.75,10921660.75,0.0,0.0,0.0,0.0,0.0,0.0,0.0,0.0,0.0,0.0,0.0,17907.5,0,869.0,2.379192334017796,84.0,3.0,0,28.0,False,False,False,False,False,False,False,False,False,False,True,False,False,False,False,False,False,False,False,False,False,False,True,False,False,False,False,True,False,False,False,0.04720496894409938,0.04945717732207479
583,5139,51,513,0,43,23,8.0,0.0,0.0,0.0,0.0,0.0,0.0,2805302.5,1543792.25,1261510.25,5992236.25,50245945.75,0.0,0.0,0.0,63723159.5,0.0,0.0,0.0,7299542.25,72284212.0,109055196.25,95495400.0,122635012.5,10397136.75,8201193.0,5573067.5,106674067.5,1990989.0,8047289.25,-95595.5,5401646.25,0.0,0.0,0.0,0.0,32190408.25,12012.0,32202420.25,28898870.0,38341803.5,1739988.25,72284212.0,0.0,0.0,0.0,0.0,0.0,0.0,0.0,0.0,0.0,0.0,0.0,244939.0,0,8568.0,23.457905544147845,48.0,1.0,0,48.0,False,False,False,False,False,False,False,False,True,False,False,False,False,False,False,False,False,False,False,False,True,False,False,False,False,False,False,True,False,False,False,0.08074534161490683,0.07117008443908324
584,5050,50,505,14,22,4,5.75,,,,,,,,,,,,,,,,,,,,,,,,,,,,,,,,,,,,,,,,,,,,,,,,,,,,,,,0,1325.0,3.6276522929500343,108.0,1.0,0,108.0,False,True,False,False,False,False,False,False,False,False,False,False,False,False,False,False,False,False,True,False,False,False,False,False,False,False,False,False,False,False,True,0.3242236024844721,0.018094089264173704
585,1744,17,174,10,50,22,6.0,0.0,0.0,0.0,0.0,0.0,0.0,10086576.5,8759250.5,1327326.0,4272017.75,4302798.5,0.0,0.0,0.0,10706946.25,0.0,0.0,0.0,382131.75,12416404.0,16008.75,12289.5,17914897.0,8609350.75,623372.75,646896.25,7391133.75,7881874.0,225475.25,-195695.5,256256.0,0.0,0.0,0.0,0.0,4220466.25,985985.0,5206451.25,3323570.25,5800544.75,1409408.0,12416404.0,0.0,0.0,0.0,0.0,0.0,0.0,0.0,0.0,0.0,0.0,0.0,34939.5,0,11533.0,31.575633127994525,60.0,1.0,0,60.0,False,True,False,False,False,False,False,False,False,False,False,False,False,True,False,False,False,False,False,False,False,False,False,False,True,False,False,False,False,False,False,0.3242236024844721,0.3823884197828709
586,9305,93,930,4,1,35,6.25,,,,,,,,,,,,,,,,,,,,,,,,,,,,,,,,,,,,,,,,,,,,,,,,,,,,,,,0,12752.0,34.913073237508556,84.0,1.0,0,84.0,False,True,False,False,False,False,False,False,False,False,False,False,False,True,False,False,False,False,False,False,False,False,False,False,True,False,False,False,False,False,False,0.3242236024844721,0.3823884197828709
587,8514,85,851,5,0,22,6.0,,,,,,,,,,,,,,,,,,,,,,,,,,,,,,,,,,,,,,,,,,,,,,,,,,,,,,,0,9040.0,24.750171115674195,84.0,1.0,0,84.0,False,False,False,False,False,False,False,False,False,False,False,True,False,False,False,False,False,False,False,False,False,False,False,True,False,False,False,False,False,True,False,0.07080745341614907,0.054282267792521106
588,8514,85,851,10,0,23,7.0,,,,,,,,,,,,,,,,,,,,,,,,,,,,,,,,,,,,,,,,,,,,,,,,,,,,,,,0,9145.0,25.037645448323065,84.0,1.0,0,84.0,False,False,False,False,False,False,False,False,False,False,False,True,False,False,False,False,False,False,False,False,False,False,False,True,False,False,False,False,False,True,False,0.07080745341614907,0.054282267792521106
589,8514,85,851,10,0,23,7.0,,,,,,,,,,,,,,,,,,,,,,,,,,,,,,,,,,,,,,,,,,,,,,,,,,,,,,,0,9145.0,25.037645448323065,60.0,1.0,0,60.0,False,False,False,False,False,False,False,False,False,False,False,True,False,False,False,False,False,False,False,False,False,False,False,True,False,False,False,False,False,True,False,0.07080745341614907,0.054282267792521106
590,6062,60,606,0,120,23,6.0,0.0,0.0,0.0,0.0,0.0,0.0,4894639.75,2792539.75,2102100.0,0.0,3999996.0,0.0,0.0,0.0,6021015.0,0.0,0.0,0.0,379629.25,8502744.25,12044.5,10098.75,13118355.25,2693440.75,1540539.0,1536785.25,7176419.25,1107106.0,598347.75,-24274.25,594594.0,0.0,0.0,0.0,0.0,2060308.25,1789537.75,3849846.0,4520516.0,4641887.25,14681.333333333334,8502744.25,0.0,0.0,0.0,0.0,0.0,0.0,0.0,0.0,0.0,0.0,0.0,26210.5,0,4036.0,,60.0,1.0,0,60.0,False,False,False,False,False,False,False,False,False,False,False,True,False,True,False,False,False,False,False,False,False,False,False,False,False,False,False,False,False,True,False,0.07080745341614907,0.3823884197828709
591,8031,80,803,13,58,1,6.0,,,,,,,,,,,,,,,,,,,,,,,,,,,,,,,,,,,,,,,,,,,,,,,,,,,,,,,0,7252.0,19.854893908281998,84.0,3.0,0,28.0,False,True,False,False,False,False,False,False,False,False,False,False,False,True,False,False,False,False,False,False,False,False,False,False,True,False,False,False,False,False,False,0.3242236024844721,0.3823884197828709
592,1585,15,158,5,0,21,6.5,0.0,0.0,0.0,0.0,0.0,0.0,166166.0,36536.5,129629.5,139639.5,1963962.0,0.0,0.0,0.0,2357855.5,0.0,0.0,0.0,2502.5,2489987.5,1135634.5,0.0,2464962.5,590590.0,58558.5,45545.5,1585083.5,530029.5,45545.5,0.0,32532.5,0.0,0.0,0.0,0.0,285785.5,0.0,285785.5,1447446.0,2061559.5,142642.5,2489987.5,0.0,0.0,0.0,0.0,0.0,0.0,0.0,0.0,0.0,0.0,0.0,4925.0,0,1707.0,4.673511293634497,120.0,1.0,0,120.0,False,True,False,False,False,False,False,False,False,False,False,False,False,True,False,False,False,False,False,False,False,False,False,False,True,False,False,False,False,False,False,0.3242236024844721,0.3823884197828709
593,6070,60,607,0,35,23,7.0,0.0,0.0,0.0,0.0,0.0,0.0,1159908.75,1055304.25,104604.5,0.0,6283777.5,0.0,0.0,0.0,10662401.75,0.0,0.0,0.0,174174.0,10941180.25,3939816.75,3540963.75,14412648.25,1176675.5,438438.0,393142.75,8947939.0,654904.25,362862.5,-11761.75,317567.25,0.0,0.0,0.0,0.0,1796544.75,0.0,1796544.75,8492233.75,9080571.5,85418.66666666667,10941180.25,0.0,0.0,0.0,0.0,0.0,0.0,0.0,0.0,0.0,0.0,0.0,28796.5,0,4408.0,12.068446269678303,48.0,1.0,0,48.0,False,False,False,False,False,False,False,False,False,False,False,True,False,False,False,False,False,False,False,False,False,False,False,True,False,False,False,False,False,True,False,0.07080745341614907,0.054282267792521106
594,6062,60,606,2,35,23,7.0,0.0,0.0,0.0,0.0,0.0,0.0,1159908.75,1055304.25,104604.5,0.0,6283777.5,0.0,0.0,0.0,10662401.75,0.0,0.0,0.0,174174.0,10941180.25,3939816.75,3540963.75,14412648.25,1176675.5,438438.0,393142.75,8947939.0,654904.25,362862.5,-11761.75,317567.25,0.0,0.0,0.0,0.0,1796544.75,0.0,1796544.75,8492233.75,9080571.5,85418.66666666667,10941180.25,0.0,0.0,0.0,0.0,0.0,0.0,0.0,0.0,0.0,0.0,0.0,28796.5,0,4520.0,12.375085557837098,48.0,1.0,0,48.0,False,False,False,False,False,False,False,False,False,False,False,True,False,False,False,False,False,False,False,False,False,False,False,True,False,False,False,False,False,True,False,0.07080745341614907,0.054282267792521106
595,6062,60,606,0,35,23,6.0,0.0,0.0,0.0,0.0,0.0,0.0,1159908.75,1055304.25,104604.5,0.0,6283777.5,0.0,0.0,0.0,10662401.75,0.0,0.0,0.0,174174.0,10941180.25,3939816.75,3540963.75,14412648.25,1176675.5,438438.0,393142.75,8947939.0,654904.25,362862.5,-11761.75,317567.25,0.0,0.0,0.0,0.0,1796544.75,0.0,1796544.75,8492233.75,9080571.5,85418.66666666667,10941180.25,0.0,0.0,0.0,0.0,0.0,0.0,0.0,0.0,0.0,0.0,0.0,28796.5,0,4602.0,12.59958932238193,48.0,1.0,0,48.0,False,False,False,False,False,False,False,False,False,False,False,True,False,False,False,False,False,False,False,False,False,False,False,True,False,False,False,False,False,True,False,0.07080745341614907,0.054282267792521106
596,6062,60,606,0,35,24,6.0,0.0,0.0,0.0,0.0,0.0,0.0,1159908.75,1055304.25,104604.5,0.0,6283777.5,0.0,0.0,0.0,10662401.75,0.0,0.0,0.0,174174.0,10941180.25,3939816.75,3540963.75,14412648.25,1176675.5,438438.0,393142.75,8947939.0,654904.25,362862.5,-11761.75,317567.25,0.0,0.0,0.0,0.0,1796544.75,0.0,1796544.75,8492233.75,9080571.5,85418.66666666667,10941180.25,0.0,0.0,0.0,0.0,0.0,0.0,0.0,0.0,0.0,0.0,0.0,28796.5,0,4701.0,12.870636550308008,48.0,1.0,0,48.0,False,False,False,False,False,False,False,False,False,False,False,True,False,False,False,False,False,False,False,False,False,False,False,True,False,False,False,False,False,True,False,0.07080745341614907,0.054282267792521106
597,7485,74,748,50,0,23,5.7,0.0,0.0,0.0,0.0,0.0,0.0,11765754.0,6218712.5,5547041.5,0.0,18882113.25,0.0,0.0,0.0,36091055.0,0.0,0.0,0.0,928928.0,42567024.5,68170102.0,46608311.75,86919833.0,15348583.25,7497990.5,6308552.25,48570772.25,6608852.25,6134878.75,-57807.75,4945440.5,0.0,0.0,0.0,0.0,28216688.5,7007.0,28223695.5,13361348.0,14343329.0,0.0,42567024.5,0.0,0.0,0.0,0.0,0.0,0.0,0.0,0.0,0.0,0.0,0.0,173666.0,0,3780.0,10.349075975359343,36.0,1.0,0,36.0,False,True,False,False,False,False,False,False,False,False,False,False,False,True,False,False,False,False,False,False,False,False,False,False,True,False,False,False,False,False,False,0.3242236024844721,0.3823884197828709
598,7485,74,748,50,0,23,5.7,0.0,0.0,0.0,0.0,0.0,0.0,11765754.0,6218712.5,5547041.5,0.0,18882113.25,0.0,0.0,0.0,36091055.0,0.0,0.0,0.0,928928.0,42567024.5,68170102.0,46608311.75,86919833.0,15348583.25,7497990.5,6308552.25,48570772.25,6608852.25,6134878.75,-57807.75,4945440.5,0.0,0.0,0.0,0.0,28216688.5,7007.0,28223695.5,13361348.0,14343329.0,0.0,42567024.5,0.0,0.0,0.0,0.0,0.0,0.0,0.0,0.0,0.0,0.0,0.0,173666.0,0,3992.0,10.929500342231348,48.0,1.0,0,48.0,False,True,False,False,False,False,False,False,False,False,False,False,False,True,False,False,False,False,False,False,False,False,False,False,True,False,False,False,False,False,False,0.3242236024844721,0.3823884197828709
599,4521,45,452,0,136,25,1.0,50.0,0.0,0.0,50.0,0.0,0.0,7452695.25,4148894.75,3303800.5,3054551.5,12363351.0,50.0,0.0,0.0,16256240.0,50.0,0.0,0.0,748998.25,20309038.75,12773.75,12081.5,17716949.25,2127625.5,1008007.0,664664.0,14843829.0,1011760.75,701200.5,-136886.75,357857.5,15.0,0.0,0.0,1.0,3824570.75,20270.25,3844841.0,10580570.0,13745231.5,2718966.25,20309038.75,25.5,0.0,0.0,20.78535,0.0,0.0,19.44515,50.0,0.0,0.0,0.5,36885.0,0,7445.0,20.383299110198493,60.0,1.0,0,60.0,True,False,False,False,False,False,False,False,False,False,False,False,True,False,False,False,False,False,False,False,False,False,False,False,False,False,False,False,False,False,False,0.002484472049689441,0.0024125452352231603
600,5110,51,511,12,0,30,7.5,,,,,,,,,,,,,,,,,,,,,,,,,,,,,,,,,,,,,,,,,,,,,,,,,,,,,,,0,9355.0,25.61259411362081,120.0,3.0,0,40.0,False,False,False,False,False,False,False,False,True,False,False,False,False,False,False,False,False,False,False,False,True,False,False,False,False,False,False,True,False,False,False,0.0037267080745341614,0.0048250904704463205
601,6062,60,606,2,10,22,6.0,,,,,,,,,,,,,,,,,,,,,,,,,,,,,,,,,,,,,,,,,,,,,,,,,,,,,,,0,1566.0,4.287474332648871,48.0,1.0,0,48.0,False,False,False,False,False,False,False,False,False,False,False,True,False,False,False,False,False,False,False,False,False,False,False,True,False,False,False,False,False,True,False,0.07080745341614907,0.054282267792521106
602,6033,60,603,1,40,25,5.95,0.0,0.0,0.0,0.0,0.0,0.0,22673901.25,6326069.75,16347831.5,0.0,6014008.0,0.0,0.0,0.0,9556296.75,0.0,0.0,0.0,1507255.75,27411384.0,3707704.0,0.0,8594085.5,3781778.0,3513259.75,3373620.25,4097593.5,229229.0,428177.75,-93343.25,288538.25,0.0,0.0,0.0,0.0,15714448.75,2583080.5,18297529.25,2348846.5,7068061.0,2045793.75,27411384.0,0.0,0.0,0.0,0.0,0.0,0.0,0.0,0.0,0.0,0.0,0.0,17171.0,0,1552.0,4.249144421629021,60.0,1.0,0,60.0,False,True,False,False,False,False,False,False,False,False,False,False,False,True,False,False,False,False,False,False,False,False,False,False,False,False,True,False,False,False,False,0.3242236024844721,0.3823884197828709
603,7412,74,741,0,41,34,6.25,,,,,,,,,,,,,,,,,,,,,,,,,,,,,,,,,,,,,,,,,,,,,,,,,,,,,,,0,1953.0,5.347022587268994,180.0,1.0,0,180.0,False,False,False,False,False,False,False,False,False,False,False,True,False,False,False,False,False,False,False,False,False,False,False,True,False,False,False,False,False,True,False,0.07080745341614907,0.054282267792521106
604,5154,51,515,2,2,23,5.5,,,,,,,,,,,,,,,,,,,,,,,,,,,,,,,,,,,,,,,,,,,,,,,,,,,,,,,0,6415.0,17.56331279945243,48.0,1.0,0,48.0,False,False,False,True,False,False,False,False,False,False,False,False,False,False,False,True,False,False,False,False,False,False,False,False,False,True,False,False,False,False,False,0.004968944099378882,0.0048250904704463205
605,5162,51,516,0,2,23,7.0,,,,,,,,,,,,,,,,,,,,,,,,,,,,,,,,,,,,,,,,,,,,,,,,,,,,,,,0,6559.0,17.95756331279945,60.0,1.0,0,60.0,False,False,False,True,False,False,False,False,False,False,False,False,False,False,False,True,False,False,False,False,False,False,False,False,False,True,False,False,False,False,False,0.004968944099378882,0.0048250904704463205
606,6062,60,606,3,0,23,6.0,,,,,,,,,,,,,,,,,,,,,,,,,,,,,,,,,,,,,,,,,,,,,,,,,,,,,,,0,2070.0,5.66735112936345,48.0,1.0,0,48.0,False,False,False,False,False,False,False,False,False,False,False,True,False,False,False,False,False,False,False,False,False,False,False,True,False,False,False,False,False,True,False,0.07080745341614907,0.054282267792521106
607,1582,15,158,10,400,20,1.0,0.0,0.0,0.0,0.0,0.0,0.0,110251641.5,80127547.5,30124094.0,49785986.25,26784507.75,0.0,0.0,0.0,97037440.5,0.0,0.0,0.0,7999741.75,135161276.25,99521922.5,104226122.0,100398798.5,18442173.75,-426676.25,254003.75,56172366.25,18343325.0,-4463459.0,-343092.75,-4284780.5,0.0,0.0,0.0,0.0,73272199.0,630129.5,73902328.5,28252224.0,41147856.75,20111091.0,135161276.25,0.0,0.0,0.0,0.0,0.0,0.0,0.0,0.0,0.0,0.0,0.0,195717.5,0,21622.0,59.19780971937029,60.0,1.0,0,60.0,False,True,False,False,False,False,False,False,False,False,False,False,False,True,False,False,False,False,False,False,False,False,False,False,True,False,False,False,False,False,False,0.3242236024844721,0.3823884197828709
608,8514,85,851,2,0,23,6.25,,,,,,,,,,,,,,,,,,,,,,,,,,,,,,,,,,,,,,,,,,,,,,,,,,,,,,,0,9435.0,25.831622176591377,36.0,1.0,0,36.0,False,True,False,False,False,False,False,False,False,False,False,False,False,True,False,False,False,False,False,False,False,False,False,False,True,False,False,False,False,False,False,0.3242236024844721,0.3823884197828709
609,6023,60,602,2,0,24,5.0,,,,,,,,,,,,,,,,,,,,,,,,,,,,,,,,,,,,,,,,,,,,,,,,,,,,,,,1,4785.0,13.100616016427105,60.0,1.0,0,60.0,False,True,False,False,False,False,False,False,False,False,False,False,False,True,False,False,False,False,False,False,False,False,False,False,True,False,False,False,False,False,False,0.3242236024844721,0.3823884197828709
610,7023,70,702,40,0,4,6.0,,,,,,,,,,,,,,,,,,,,,,,,,,,,,,,,,,,,,,,,,,,,,,,,,,,,,,,0,1664.0,4.555783709787817,108.0,1.0,0,108.0,False,False,False,False,False,False,False,False,False,False,False,True,False,False,False,False,False,False,False,False,False,False,False,True,False,False,False,False,False,True,False,0.011180124223602485,0.010856453558504222
611,1771,17,177,0,400,23,6.5,,,,,,,,,,,,,,,,,,,,,,,,,,,,,,,,,,,,,,,,,,,,,,,,,,,,,,,1,11798.0,32.30116358658453,60.0,1.0,0,60.0,False,True,False,False,False,False,False,False,False,False,False,False,False,True,False,False,False,False,False,False,False,False,False,False,True,False,False,False,False,False,False,0.3242236024844721,0.3823884197828709
612,6062,60,606,7,0,23,5.9,0.0,0.0,0.0,0.0,0.0,0.0,211961.75,15765.75,196196.0,0.0,7206949.75,0.0,0.0,0.0,7910652.75,0.0,0.0,0.0,202702.5,8309551.25,16205.5,14603.0,19766747.0,1348597.25,708207.5,565565.0,17136369.25,598598.0,577076.5,-8508.5,528027.5,0.0,0.0,0.0,0.0,1848596.75,408157.75,2256754.5,5588332.75,6052796.75,0.0,8309551.25,0.0,0.0,0.0,0.0,0.0,0.0,0.0,0.0,0.0,0.0,0.0,39494.0,0,1428.0,3.909650924024641,48.0,1.0,0,48.0,False,False,False,False,False,False,False,False,False,False,False,True,False,True,False,False,False,False,False,False,False,False,False,False,False,False,False,False,False,True,False,0.07080745341614907,0.3823884197828709
613,6330,63,633,8,0,24,1.0,,,,,,,,,,,,,,,,,,,,,,,,,,,,,,,,,,,,,,,,,,,,,,,,,,,,,,,0,2856.0,7.819301848049282,120.0,1.0,0,120.0,False,True,False,False,False,False,False,False,False,False,False,False,False,True,False,False,False,False,False,False,False,False,False,False,True,False,False,False,False,False,False,0.3242236024844721,0.3823884197828709
614,5166,51,516,1,20,35,8.75,,,,,,,,,,,,,,,,,,,,,,,,,,,,,,,,,,,,,,,,,,,,,,,,,,,,,,,0,9066.0,24.82135523613963,84.0,1.0,0,84.0,False,True,False,False,False,False,False,False,False,False,False,False,False,True,False,False,False,False,False,False,False,False,False,False,True,False,False,False,False,False,False,0.3242236024844721,0.3823884197828709
615,8511,85,851,15,0,9,5.75,,,,,,,,,,,,,,,,,,,,,,,,,,,,,,,,,,,,,,,,,,,,,,,,,,,,,,,0,9082.0,24.865160848733744,84.0,1.0,0,84.0,False,False,False,False,False,False,True,False,False,False,False,False,False,False,False,False,False,False,True,False,False,False,False,False,False,False,False,False,False,False,True,0.02608695652173913,0.018094089264173704
616,6025,60,602,4,70,22,1.0,0.0,0.0,0.0,0.0,0.0,0.0,4093589.5,0.0,4093589.5,1896394.5,23780506.75,0.0,0.0,0.0,28063535.5,0.0,0.0,0.0,9759.75,32166884.75,53364.0,36056.0,69326006.75,1993491.5,1471970.5,1025774.75,64741176.5,468217.75,681681.0,-307807.5,204704.5,0.0,0.0,0.0,0.0,3397644.25,147897.75,3545542.0,10694934.25,24380606.25,4240736.5,32166884.75,0.0,0.0,0.0,0.0,0.0,0.0,0.0,0.0,0.0,0.0,0.0,138513.5,0,2722.0,7.452429842573579,36.0,1.0,0,36.0,False,False,False,False,False,False,False,False,False,False,True,False,False,False,False,False,False,False,False,False,False,False,True,False,False,False,False,False,False,False,False,0.04720496894409938,0.04945717732207479
617,6042,60,604,8,160,24,1.0,0.0,0.0,0.0,0.0,0.0,0.0,15039274.25,4070566.5,10968707.75,22772.75,19708438.75,0.0,0.0,0.0,22652630.0,0.0,0.0,0.0,86836.75,33708174.5,17311421.5,25628.25,34268984.75,5378623.25,905905.0,1079078.0,14529515.0,4223969.75,521270.75,-305054.75,641140.5,0.0,0.0,0.0,0.0,6489483.0,191691.5,6681174.5,15098583.5,22044772.75,4982227.25,33708174.5,0.0,0.0,0.0,0.0,0.0,0.0,0.0,0.0,0.0,0.0,0.0,68469.5,0,9460.0,25.900068446269678,48.0,1.0,0,48.0,False,False,False,False,False,False,False,False,True,False,False,False,False,False,False,False,False,False,False,False,True,False,False,False,False,False,False,True,False,False,False,0.08074534161490683,0.07117008443908324
618,5142,51,514,0,20,2,7.75,,,,,,,,,,,,,,,,,,,,,,,,,,,,,,,,,,,,,,,,,,,,,,,,,,,,,,,1,1563.0,4.2792607802874745,84.0,1.0,0,84.0,False,True,False,False,False,False,False,False,False,False,False,False,False,True,False,False,False,False,False,False,False,False,False,False,True,False,False,False,False,False,False,0.3242236024844721,0.3823884197828709
619,9999,99,999,2,18,22,7.0,0.0,0.0,0.0,0.0,0.0,0.0,6709452.75,3610356.75,3099096.0,11505744.25,563312.75,0.0,0.0,0.0,12547785.25,0.0,0.0,0.0,23523.5,15670404.75,10840830.0,5517011.5,10265755.5,1663912.25,1060059.0,439689.25,7816308.5,545545.0,589088.5,-577076.5,-35785.75,0.0,0.0,0.0,0.0,4249745.5,182932.75,4432678.25,246246.0,2400648.25,8837078.25,15670404.75,0.0,0.0,0.0,0.0,0.0,0.0,0.0,0.0,0.0,0.0,0.0,15373.5,0,4078.0,11.16495550992471,48.0,1.0,0,48.0,False,False,False,False,True,False,False,False,False,False,False,False,False,False,False,False,True,False,False,False,False,False,False,False,False,True,False,False,False,False,False,0.06459627329192547,0.06031363088057901
620,8021,80,802,62,62,32,7.95,,,,,,,,,,,,,,,,,,,,,,,,,,,,,,,,,,,,,,,,,,,,,,,,,,,,,,,0,1173.0,3.2114989733059547,83.0,1.0,0,83.0,False,False,False,False,False,False,True,False,False,False,False,False,False,False,False,False,False,False,True,False,False,False,False,False,False,False,False,False,False,False,True,0.012422360248447204,0.012062726176115802
621,2524,25,252,7,35,23,1.0,0.0,0.0,0.0,0.0,0.0,0.0,2784531.75,238238.0,2546293.75,1623872.25,3400897.5,0.0,0.0,0.0,6140134.0,0.0,0.0,0.0,106106.0,8792533.75,3387.5,2686.0,5106101.0,1512010.5,871370.5,627376.75,2937684.75,596095.5,744994.25,-128128.0,498498.0,0.0,0.0,0.0,0.0,3227724.5,155905.75,3383630.25,3813559.75,4013759.75,1395143.75,8792533.75,0.0,0.0,0.0,0.0,0.0,0.0,0.0,0.0,0.0,0.0,0.0,9994.0,0,4882.0,13.366187542778919,60.0,1.0,0,60.0,False,False,False,False,False,False,False,False,False,False,True,False,False,False,False,False,False,False,False,False,False,False,True,False,False,False,False,False,False,False,False,0.03229813664596273,0.0024125452352231603
622,6024,60,602,0,0,24,7.0,,,,,,,,,,,,,,,,,,,,,,,,,,,,,,,,,,,,,,,,,,,,,,,,,,,,,,,0,1282.0,3.509924709103354,48.0,1.0,0,48.0,False,False,False,False,True,False,False,False,False,False,False,False,False,False,False,False,False,False,False,False,False,False,False,False,False,True,False,False,False,False,False,0.06459627329192547,
623,6033,60,603,2,0,25,9.0,0.0,0.0,0.0,0.0,0.0,0.0,767767.0,259759.5,508007.5,632632.0,1903902.0,0.0,0.0,0.0,2726724.0,0.0,0.0,0.0,14014.0,3248745.5,3759255.5,0.0,5835329.5,691691.0,554554.0,477477.0,3851848.0,98098.0,415915.5,-7507.5,338838.5,0.0,0.0,0.0,0.0,815314.5,79079.0,894393.5,843342.5,2016014.0,338338.0,3248745.5,0.0,0.0,0.0,0.0,0.0,0.0,0.0,0.0,0.0,0.0,0.0,11659.0,0,2219.0,6.075290896646133,48.0,1.0,0,48.0,False,False,False,False,False,False,False,False,False,True,False,False,False,False,False,False,False,False,False,False,False,True,False,False,False,False,False,False,True,False,False,0.02111801242236025,0.016887816646562123
624,7110,71,711,0,12,20,0.0,0.0,0.0,0.0,0.0,0.0,0.0,1001.0,0.0,1001.0,0.0,93093.0,0.0,0.0,0.0,235235.0,0.0,0.0,0.0,106106.0,342342.0,59059.0,6506.5,566065.5,166166.0,143643.5,139139.0,19019.0,0.0,143643.5,-1501.5,139139.0,0.0,0.0,0.0,0.0,164664.5,0.0,164664.5,10010.0,177677.5,0.0,342342.0,0.0,0.0,0.0,0.0,0.0,0.0,0.0,0.0,0.0,0.0,0.0,1131.0,0,7602.0,20.813141683778234,60.0,1.0,0,60.0,False,False,False,False,False,False,False,False,False,True,False,False,False,False,False,False,False,False,False,False,False,True,False,False,False,False,False,False,True,False,False,0.07204968944099378,0.05066344993968637
625,7110,71,711,0,12,20,0.0,0.0,0.0,0.0,0.0,0.0,0.0,1001.0,0.0,1001.0,0.0,93093.0,0.0,0.0,0.0,235235.0,0.0,0.0,0.0,106106.0,342342.0,59059.0,6506.5,566065.5,166166.0,143643.5,139139.0,19019.0,0.0,143643.5,-1501.5,139139.0,0.0,0.0,0.0,0.0,164664.5,0.0,164664.5,10010.0,177677.5,0.0,342342.0,0.0,0.0,0.0,0.0,0.0,0.0,0.0,0.0,0.0,0.0,0.0,1131.0,0,7736.0,21.180013689253936,60.0,1.0,0,60.0,False,False,False,False,False,False,False,False,False,True,False,False,False,False,False,False,False,False,False,False,False,True,False,False,False,False,False,False,True,False,False,0.07204968944099378,0.05066344993968637
626,2225,22,222,2,62,24,0.7,,,,,,,,,,,,,,,,,,,,,,,,,,,,,,,,,,,,,,,,,,,,,,,,,,,,,,,0,6876.0,18.82546201232033,48.0,1.0,0,48.0,False,True,False,False,False,False,False,False,False,False,False,False,False,True,False,False,False,False,False,False,False,False,False,False,False,True,False,False,False,False,False,0.3242236024844721,0.3823884197828709
627,6033,60,603,1,0,7,7.0,,,,,,,,,,,,,,,,,,,,,,,,,,,,,,,,,,,,,,,,,,,,,,,,,,,,,,,1,8054.0,22.050650239561943,84.0,1.0,0,84.0,False,True,False,False,False,False,False,False,False,False,False,False,False,True,False,False,False,False,False,False,False,False,False,False,True,False,False,False,False,False,False,0.3242236024844721,0.3823884197828709
628,8021,80,802,20,0,4,5.0,,,,,,,,,,,,,,,,,,,,,,,,,,,,,,,,,,,,,,,,,,,,,,,,,,,,,,,0,1282.0,3.509924709103354,120.0,3.0,0,40.0,False,False,False,False,False,False,True,False,False,False,False,False,False,False,False,False,False,False,True,False,False,False,False,False,False,False,False,False,False,False,True,0.02608695652173913,0.018094089264173704
629,2875,28,287,2,0,24,5.0,0.0,0.0,0.0,0.0,0.0,0.0,7971463.5,3145642.5,4825821.0,4885881.0,21820799.0,0.0,0.0,0.0,32776243.5,0.0,0.0,0.0,283283.0,37885347.5,14314300.0,14748.0,16808291.5,3962959.0,1757255.5,739739.0,11915403.5,2148146.0,1564062.5,-544043.5,546546.0,0.0,0.0,0.0,0.0,14604590.0,0.0,14604590.0,4821817.0,12005994.0,11274763.5,37885347.5,0.0,0.0,0.0,0.0,0.0,0.0,0.0,0.0,0.0,0.0,0.0,30967.0,1,15731.0,43.069130732375086,48.0,1.0,0,48.0,False,True,False,False,False,False,False,False,False,False,False,False,False,True,False,False,False,False,False,False,False,False,False,False,True,False,False,False,False,False,False,0.3242236024844721,0.3823884197828709
630,5154,51,515,0,0,7,7.0,,,,,,,,,,,,,,,,,,,,,,,,,,,,,,,,,,,,,,,,,,,,,,,,,,,,,,,0,3082.0,8.438056125941136,84.0,1.0,0,84.0,False,False,False,False,False,False,False,False,False,True,False,False,False,False,False,False,False,False,False,False,False,True,False,False,False,False,False,False,True,False,False,0.07204968944099378,0.05066344993968637
631,2222,22,222,1,20,23,7.0,,,,,,,,,,,,,,,,,,,,,,,,,,,,,,,,,,,,,,,,,,,,,,,,,,,,,,,0,9619.0,26.33538672142368,60.0,1.0,0,60.0,False,True,False,False,False,False,False,False,False,False,False,False,False,True,False,False,False,False,False,False,False,False,False,False,True,False,False,False,False,False,False,0.3242236024844721,0.3823884197828709
632,4521,45,452,0,5,28,6.25,,,,,,,,,,,,,,,,,,,,,,,,,,,,,,,,,,,,,,,,,,,,,,,,,,,,,,,0,1783.0,4.8815879534565365,180.0,1.0,0,180.0,False,False,False,False,True,False,False,False,False,False,False,False,False,False,False,False,True,False,False,False,False,False,False,False,False,True,False,False,False,False,False,0.06459627329192547,0.06031363088057901
633,4529,45,452,0,1225,20,0.0,0.0,0.0,0.0,0.0,0.0,0.0,15072057.0,12955442.5,2116614.5,9881872.0,139401762.5,0.0,0.0,0.0,167680012.5,0.0,0.0,0.0,169669.5,169966296.5,150274374.25,188446258.0,178557629.25,39119830.75,6927420.5,3747994.25,133575942.5,32146364.25,6437931.5,-1989988.0,2629627.0,0.0,0.0,0.0,0.0,29971441.5,0.0,29971441.5,70096776.75,116381765.5,23612839.25,169966046.25,0.0,0.0,0.0,0.0,0.0,0.0,0.0,0.0,0.0,0.0,0.0,354562.0,0,4795.0,13.127994524298426,48.0,1.0,0,48.0,False,False,False,False,False,False,False,False,False,True,False,False,False,False,False,False,False,False,False,False,False,True,False,False,False,False,False,False,True,False,False,0.07204968944099378,0.05066344993968637
634,4529,45,452,0,1225,20,1.0,0.0,0.0,0.0,0.0,0.0,0.0,15072057.0,12955442.5,2116614.5,9881872.0,139401762.5,0.0,0.0,0.0,167680012.5,0.0,0.0,0.0,169669.5,169966296.5,150274374.25,188446258.0,178557629.25,39119830.75,6927420.5,3747994.25,133575942.5,32146364.25,6437931.5,-1989988.0,2629627.0,0.0,0.0,0.0,0.0,29971441.5,0.0,29971441.5,70096776.75,116381765.5,23612839.25,169966046.25,0.0,0.0,0.0,0.0,0.0,0.0,0.0,0.0,0.0,0.0,0.0,354562.0,0,5067.0,13.872689938398358,36.0,1.0,0,36.0,False,False,False,False,False,False,False,False,False,True,False,False,False,False,False,False,False,False,False,False,False,True,False,False,False,False,False,False,True,False,False,0.07204968944099378,0.05066344993968637
635,4521,45,452,0,30,24,1.0,0.0,0.0,0.0,0.0,0.0,0.0,7125868.75,4247993.75,2877875.0,10843082.25,7981473.5,0.0,0.0,0.0,19959189.25,0.0,0.0,0.0,41541.5,22878605.75,12673.0,8601.0,24934910.0,4115611.5,1827075.25,1442441.0,17750482.75,2171419.25,552552.0,-158908.75,167917.75,0.0,0.0,0.0,0.0,5191936.75,7862855.0,13054791.75,5022017.0,6960203.25,2863610.75,22878605.75,0.0,0.0,0.0,0.0,0.0,0.0,0.0,0.0,0.0,0.0,0.0,43107.5,1,1593.0,4.361396303901437,48.0,1.0,0,48.0,False,False,False,False,True,False,False,False,False,False,False,False,False,True,False,False,False,False,False,False,False,False,False,False,False,True,False,False,False,False,False,0.02981366459627329,0.3823884197828709
636,4522,45,452,0,30,23,1.0,0.0,0.0,0.0,0.0,0.0,0.0,7125868.75,4247993.75,2877875.0,10843082.25,7981473.5,0.0,0.0,0.0,19959189.25,0.0,0.0,0.0,41541.5,22878605.75,12673.0,8601.0,24934910.0,4115611.5,1827075.25,1442441.0,17750482.75,2171419.25,552552.0,-158908.75,167917.75,0.0,0.0,0.0,0.0,5191936.75,7862855.0,13054791.75,5022017.0,6960203.25,2863610.75,22878605.75,0.0,0.0,0.0,0.0,0.0,0.0,0.0,0.0,0.0,0.0,0.0,43107.5,0,1687.0,4.618754277891855,60.0,1.0,0,60.0,False,False,False,False,True,False,False,False,False,False,False,False,False,True,False,False,False,False,False,False,False,False,False,False,False,True,False,False,False,False,False,0.02981366459627329,0.3823884197828709
637,5533,55,553,12,70,39,6.0,,,,,,,,,,,,,,,,,,,,,,,,,,,,,,,,,,,,,,,,,,,,,,,,,,,,,,,0,6262.0,17.144421629021217,60.0,1.0,0,60.0,False,False,False,False,False,False,False,False,False,True,False,False,False,False,False,False,False,False,False,False,False,True,False,False,False,False,False,False,True,False,False,0.07204968944099378,0.05066344993968637
638,5152,51,515,0,0,34,6.25,,,,,,,,,,,,,,,,,,,,,,,,,,,,,,,,,,,,,,,,,,,,,,,,,,,,,,,0,2524.0,6.910335386721424,180.0,1.0,0,180.0,False,False,False,False,False,False,False,False,False,False,False,True,False,False,False,False,False,False,False,False,False,False,False,True,False,False,False,False,False,True,False,0.07080745341614907,0.054282267792521106
639,5164,51,516,0,0,34,5.5,0.0,0.0,0.0,0.0,0.0,0.0,3118615.5,152152.0,2966463.5,641140.5,18590071.5,0.0,0.0,0.0,22155633.5,0.0,0.0,0.0,176676.5,25298773.5,22655.5,22279.0,22626604.0,1015014.0,571070.5,390890.5,20983462.5,420920.5,496496.0,-62062.0,316316.0,0.0,0.0,0.0,0.0,2516514.0,1616615.0,4133129.0,18039521.5,21165644.5,0.0,25298773.5,0.0,0.0,0.0,0.0,0.0,0.0,0.0,0.0,0.0,0.0,0.0,45208.0,0,2505.0,6.8583162217659135,84.0,1.0,0,84.0,False,True,False,False,False,False,False,False,False,False,False,False,False,False,False,False,False,False,False,False,False,False,False,True,False,False,False,False,False,True,False,0.3242236024844721,0.054282267792521106
640,122,1,12,0,22,7,5.5,,,,,,,,,,,,,,,,,,,,,,,,,,,,,,,,,,,,,,,,,,,,,,,,,,,,,,,1,3366.0,9.215605749486652,60.0,3.0,0,20.0,False,False,False,False,False,False,False,False,True,False,False,False,False,False,False,False,False,False,False,False,True,False,False,False,True,False,False,False,False,False,False,0.08074534161490683,0.07117008443908324
641,4529,45,452,0,0,22,1.0,,,,,,,,,,,,,,,,,,,,,,,,,,,,,,,,,,,,,,,,,,,,,,,,,,,,,,,0,3939.0,10.784394250513348,48.0,1.0,0,48.0,False,False,False,False,False,False,False,False,False,False,False,True,False,False,False,False,False,False,False,False,False,False,False,True,False,False,False,False,False,True,False,0.011180124223602485,0.010856453558504222
642,1825,18,182,1,1000,23,5.0,0.0,0.0,0.0,0.0,0.0,0.0,16691174.5,8761502.75,7929671.75,9175916.75,21963441.5,0.0,0.0,0.0,33898865.0,0.0,0.0,0.0,1305804.5,43134341.25,110137527.5,95771175.5,107762905.25,30109079.0,7163156.0,5176921.75,73605782.25,22718946.25,5764258.5,-652652.0,3190187.0,0.0,0.0,0.0,0.0,18902383.5,3378375.0,22280758.5,18095827.75,20208938.75,644644.0,43134341.25,0.0,0.0,0.0,0.0,0.0,0.0,0.0,0.0,0.0,0.0,0.0,216081.5,0,4304.0,11.783709787816564,48.0,1.0,0,48.0,False,True,False,False,False,False,False,False,False,False,False,False,False,True,False,False,False,False,False,False,False,False,False,False,True,False,False,False,False,False,False,0.3242236024844721,0.3823884197828709
643,5151,51,515,120,30,22,1.0,0.0,0.0,0.0,0.0,0.0,0.0,43850056.25,12918405.5,30931650.75,438438.0,108088730.75,0.0,0.0,0.0,244788293.75,0.0,0.0,0.0,8491733.25,284211677.75,213573360.0,225825600.0,245298803.75,7250743.5,3651147.5,1092091.0,226642916.5,2990237.25,-1256004.75,-2351098.75,-3885882.0,0.0,0.0,0.0,0.0,22883610.75,5051046.0,27934656.75,79054976.0,216468252.0,39808769.0,284211677.75,0.0,0.0,0.0,0.0,0.0,0.0,0.0,0.0,0.0,0.0,0.0,490107.5,0,6604.0,18.080766598220396,48.0,1.0,0,48.0,False,True,False,False,False,False,False,False,False,False,False,False,False,True,False,False,False,False,False,False,False,False,False,False,True,False,False,False,False,False,False,0.3242236024844721,0.3823884197828709
644,5151,51,515,120,30,22,1.0,0.0,0.0,0.0,0.0,0.0,0.0,43850056.25,12918405.5,30931650.75,438438.0,108088730.75,0.0,0.0,0.0,244788293.75,0.0,0.0,0.0,8491733.25,284211677.75,213573360.0,225825600.0,245298803.75,7250743.5,3651147.5,1092091.0,226642916.5,2990237.25,-1256004.75,-2351098.75,-3885882.0,0.0,0.0,0.0,0.0,22883610.75,5051046.0,27934656.75,79054976.0,216468252.0,39808769.0,284211677.75,0.0,0.0,0.0,0.0,0.0,0.0,0.0,0.0,0.0,0.0,0.0,490107.5,0,6608.0,18.091718001368925,48.0,1.0,0,48.0,False,True,False,False,False,False,False,False,False,False,False,False,False,True,False,False,False,False,False,False,False,False,False,False,True,False,False,False,False,False,False,0.3242236024844721,0.3823884197828709
645,4529,45,452,1,119,22,1.0,0.0,0.0,0.0,0.0,0.0,0.0,3578324.75,1444443.0,2133881.75,0.0,3773770.0,0.0,0.0,0.0,4469715.25,0.0,0.0,0.0,3974720.75,10578317.75,1705954.25,3956452.5,7813305.5,2070818.75,1344593.25,1282281.0,4365861.5,726225.5,951450.5,-15765.75,935684.75,0.0,0.0,0.0,0.0,7409151.75,14014.0,7423165.75,2861608.75,3141638.5,13513.5,10578317.75,0.0,0.0,0.0,0.0,0.0,0.0,0.0,0.0,0.0,0.0,0.0,15611.0,0,2567.0,7.028062970568104,60.0,3.0,0,20.0,False,False,False,False,False,False,False,True,False,False,False,False,False,False,False,False,False,False,False,True,False,False,False,False,False,False,True,False,False,False,False,0.002484472049689441,0.0024125452352231603
646,4529,45,452,1,119,22,1.0,0.0,0.0,0.0,0.0,0.0,0.0,3578324.75,1444443.0,2133881.75,0.0,3773770.0,0.0,0.0,0.0,4469715.25,0.0,0.0,0.0,3974720.75,10578317.75,1705954.25,3956452.5,7813305.5,2070818.75,1344593.25,1282281.0,4365861.5,726225.5,951450.5,-15765.75,935684.75,0.0,0.0,0.0,0.0,7409151.75,14014.0,7423165.75,2861608.75,3141638.5,13513.5,10578317.75,0.0,0.0,0.0,0.0,0.0,0.0,0.0,0.0,0.0,0.0,0.0,15611.0,0,2567.0,7.028062970568104,60.0,3.0,0,20.0,False,False,False,False,False,False,False,True,False,False,False,False,False,False,False,False,False,False,False,True,False,False,False,False,False,False,True,False,False,False,False,0.002484472049689441,0.0024125452352231603
647,4529,45,452,10,0,23,6.5,0.0,0.0,0.0,0.0,0.0,0.0,677176.5,68568.5,608608.0,1078077.0,2262760.5,0.0,0.0,0.0,3981477.5,0.0,0.0,0.0,97597.5,4687683.0,948948.0,0.0,8518510.0,1164163.0,549048.5,472472.0,7301794.5,605104.5,480480.0,0.0,403903.5,0.0,0.0,0.0,0.0,959458.5,0.0,959458.5,2817314.5,3607604.0,120620.5,4687683.0,0.0,0.0,0.0,0.0,0.0,0.0,0.0,0.0,0.0,0.0,0.0,15888.0,0,1399.0,3.8302532511978096,60.0,1.0,0,60.0,False,False,False,False,False,False,False,False,False,False,False,True,False,False,False,False,False,False,False,False,False,False,False,True,False,False,False,False,False,True,False,0.011180124223602485,0.010856453558504222
648,123,1,12,3,0,7,5.5,65.0,0.0,0.0,100.0,0.0,0.0,0.0,0.0,0.0,0.0,0.0,50.0,0.0,0.0,0.0,100.0,0.0,0.0,0.0,0.0,0.0,0.0,0.0,0.0,0.0,0.0,0.0,0.0,0.0,0.0,0.0,30.0,0.0,0.0,1.0,0.0,0.0,0.0,0.0,0.0,0.0,0.0,100.0,0.0,0.0,32.0201,0.0,0.0,42.4875,33.0,0.0,0.0,1.0,0.0,0,1819.0,4.980150581793292,60.0,12.0,0,5.0,False,False,False,False,False,False,False,False,False,False,False,False,False,False,False,True,False,False,False,False,False,False,False,False,False,True,False,False,False,False,False,,0.020506634499396863
649,123,1,12,3,0,7,5.5,65.0,0.0,0.0,100.0,0.0,0.0,0.0,0.0,0.0,0.0,0.0,50.0,0.0,0.0,0.0,100.0,0.0,0.0,0.0,0.0,0.0,0.0,0.0,0.0,0.0,0.0,0.0,0.0,0.0,0.0,0.0,30.0,0.0,0.0,1.0,0.0,0.0,0.0,0.0,0.0,0.0,0.0,100.0,0.0,0.0,32.0201,0.0,0.0,42.4875,33.0,0.0,0.0,1.0,0.0,0,1834.0,5.021218343600274,24.0,12.0,0,2.0,False,False,False,False,False,False,False,False,False,False,False,False,False,False,False,True,False,False,False,False,False,False,False,False,False,True,False,False,False,False,False,,0.020506634499396863
650,123,1,12,3,0,7,5.5,65.0,0.0,0.0,100.0,0.0,0.0,0.0,0.0,0.0,0.0,0.0,50.0,0.0,0.0,0.0,100.0,0.0,0.0,0.0,0.0,0.0,0.0,0.0,0.0,0.0,0.0,0.0,0.0,0.0,0.0,0.0,30.0,0.0,0.0,1.0,0.0,0.0,0.0,0.0,0.0,0.0,0.0,100.0,0.0,0.0,32.0201,0.0,0.0,42.4875,33.0,0.0,0.0,1.0,0.0,1,1834.0,5.021218343600274,60.0,12.0,0,5.0,False,False,False,False,False,False,False,False,False,False,False,False,False,False,False,True,False,False,False,False,False,False,False,False,False,True,False,False,False,False,False,,0.020506634499396863
651,123,1,12,3,0,7,5.5,65.0,0.0,0.0,100.0,0.0,0.0,0.0,0.0,0.0,0.0,0.0,50.0,0.0,0.0,0.0,100.0,0.0,0.0,0.0,0.0,0.0,0.0,0.0,0.0,0.0,0.0,0.0,0.0,0.0,0.0,0.0,30.0,0.0,0.0,1.0,0.0,0.0,0.0,0.0,0.0,0.0,0.0,100.0,0.0,0.0,32.0201,0.0,0.0,42.4875,33.0,0.0,0.0,1.0,0.0,0,1834.0,5.021218343600274,24.0,12.0,0,2.0,False,False,False,False,False,False,False,False,False,False,False,False,False,False,False,True,False,False,False,False,False,False,False,False,False,True,False,False,False,False,False,,0.020506634499396863
652,123,1,12,3,0,7,5.5,65.0,0.0,0.0,100.0,0.0,0.0,0.0,0.0,0.0,0.0,0.0,50.0,0.0,0.0,0.0,100.0,0.0,0.0,0.0,0.0,0.0,0.0,0.0,0.0,0.0,0.0,0.0,0.0,0.0,0.0,0.0,30.0,0.0,0.0,1.0,0.0,0.0,0.0,0.0,0.0,0.0,0.0,100.0,0.0,0.0,32.0201,0.0,0.0,42.4875,33.0,0.0,0.0,1.0,0.0,1,1834.0,5.021218343600274,60.0,12.0,0,5.0,False,False,False,False,False,False,False,False,False,False,False,False,False,False,False,True,False,False,False,False,False,False,False,False,False,True,False,False,False,False,False,,0.020506634499396863
653,123,1,12,3,0,7,5.5,65.0,0.0,0.0,100.0,0.0,0.0,0.0,0.0,0.0,0.0,0.0,50.0,0.0,0.0,0.0,100.0,0.0,0.0,0.0,0.0,0.0,0.0,0.0,0.0,0.0,0.0,0.0,0.0,0.0,0.0,0.0,30.0,0.0,0.0,1.0,0.0,0.0,0.0,0.0,0.0,0.0,0.0,100.0,0.0,0.0,32.0201,0.0,0.0,42.4875,33.0,0.0,0.0,1.0,0.0,0,1834.0,5.021218343600274,24.0,12.0,0,2.0,False,False,False,False,False,False,False,False,False,False,False,False,False,False,False,True,False,False,False,False,False,False,False,False,False,True,False,False,False,False,False,,0.020506634499396863
654,123,1,12,3,0,7,5.5,65.0,0.0,0.0,100.0,0.0,0.0,0.0,0.0,0.0,0.0,0.0,50.0,0.0,0.0,0.0,100.0,0.0,0.0,0.0,0.0,0.0,0.0,0.0,0.0,0.0,0.0,0.0,0.0,0.0,0.0,0.0,30.0,0.0,0.0,1.0,0.0,0.0,0.0,0.0,0.0,0.0,0.0,100.0,0.0,0.0,32.0201,0.0,0.0,42.4875,33.0,0.0,0.0,1.0,0.0,1,1834.0,5.021218343600274,60.0,12.0,0,5.0,False,False,False,False,False,False,False,False,False,False,False,False,False,False,False,True,False,False,False,False,False,False,False,False,False,True,False,False,False,False,False,,0.020506634499396863
655,123,1,12,3,0,7,5.5,65.0,0.0,0.0,100.0,0.0,0.0,0.0,0.0,0.0,0.0,0.0,50.0,0.0,0.0,0.0,100.0,0.0,0.0,0.0,0.0,0.0,0.0,0.0,0.0,0.0,0.0,0.0,0.0,0.0,0.0,0.0,30.0,0.0,0.0,1.0,0.0,0.0,0.0,0.0,0.0,0.0,0.0,100.0,0.0,0.0,32.0201,0.0,0.0,42.4875,33.0,0.0,0.0,1.0,0.0,0,1834.0,5.021218343600274,24.0,12.0,0,2.0,False,False,False,False,False,False,False,False,False,False,False,False,False,False,False,True,False,False,False,False,False,False,False,False,False,True,False,False,False,False,False,,0.020506634499396863
656,123,1,12,3,0,7,5.5,65.0,0.0,0.0,100.0,0.0,0.0,0.0,0.0,0.0,0.0,0.0,50.0,0.0,0.0,0.0,100.0,0.0,0.0,0.0,0.0,0.0,0.0,0.0,0.0,0.0,0.0,0.0,0.0,0.0,0.0,0.0,30.0,0.0,0.0,1.0,0.0,0.0,0.0,0.0,0.0,0.0,0.0,100.0,0.0,0.0,32.0201,0.0,0.0,42.4875,33.0,0.0,0.0,1.0,0.0,1,1834.0,5.021218343600274,60.0,12.0,0,5.0,False,False,False,False,False,False,False,False,False,False,False,False,False,False,False,True,False,False,False,False,False,False,False,False,False,True,False,False,False,False,False,,0.020506634499396863
657,123,1,12,3,0,7,5.5,65.0,0.0,0.0,100.0,0.0,0.0,0.0,0.0,0.0,0.0,0.0,50.0,0.0,0.0,0.0,100.0,0.0,0.0,0.0,0.0,0.0,0.0,0.0,0.0,0.0,0.0,0.0,0.0,0.0,0.0,0.0,30.0,0.0,0.0,1.0,0.0,0.0,0.0,0.0,0.0,0.0,0.0,100.0,0.0,0.0,32.0201,0.0,0.0,42.4875,33.0,0.0,0.0,1.0,0.0,0,1834.0,5.021218343600274,24.0,12.0,0,2.0,False,False,False,False,False,False,False,False,False,False,False,False,False,False,False,True,False,False,False,False,False,False,False,False,False,True,False,False,False,False,False,,0.020506634499396863
658,123,1,12,3,0,7,5.5,65.0,0.0,0.0,100.0,0.0,0.0,0.0,0.0,0.0,0.0,0.0,50.0,0.0,0.0,0.0,100.0,0.0,0.0,0.0,0.0,0.0,0.0,0.0,0.0,0.0,0.0,0.0,0.0,0.0,0.0,0.0,30.0,0.0,0.0,1.0,0.0,0.0,0.0,0.0,0.0,0.0,0.0,100.0,0.0,0.0,32.0201,0.0,0.0,42.4875,33.0,0.0,0.0,1.0,0.0,1,1834.0,5.021218343600274,60.0,12.0,0,5.0,False,False,False,False,False,False,False,False,False,False,False,False,False,False,False,True,False,False,False,False,False,False,False,False,False,True,False,False,False,False,False,,0.020506634499396863
659,2121,21,212,10,6,36,8.5,,,,,,,,,,,,,,,,,,,,,,,,,,,,,,,,,,,,,,,,,,,,,,,,,,,,,,,1,1472.0,4.030116358658453,144.0,1.0,0,144.0,False,False,False,False,False,False,False,False,False,True,False,False,False,False,False,False,False,False,False,False,False,True,False,False,False,False,False,False,True,False,False,0.011180124223602485,0.010856453558504222
660,5166,51,516,15,0,9,6.5,,,,,,,,,,,,,,,,,,,,,,,,,,,,,,,,,,,,,,,,,,,,,,,,,,,,,,,0,5473.0,14.984257357973991,120.0,1.0,0,120.0,False,True,False,False,False,False,False,False,False,False,False,False,False,True,False,False,False,False,False,False,False,False,False,False,True,False,False,False,False,False,False,0.3242236024844721,0.3823884197828709
661,5131,51,513,6,18,24,1.0,,,,,,,,,,,,,,,,,,,,,,,,,,,,,,,,,,,,,,,,,,,,,,,,,,,,,,,1,5133.0,14.053388090349076,120.0,1.0,0,120.0,False,False,False,False,False,False,False,False,True,False,False,False,False,False,False,False,False,False,False,False,True,False,False,False,False,False,False,True,False,False,False,0.08074534161490683,0.07117008443908324
662,3613,36,361,0,40,23,1.0,0.0,0.0,0.0,0.0,0.0,0.0,1571069.5,855855.0,715214.5,4384129.75,2223971.75,0.0,0.0,0.0,7471714.25,0.0,0.0,0.0,52802.75,8239731.5,5775487.5,12855.25,13953439.5,1527025.5,549298.75,250750.5,10567306.75,936936.0,468968.5,-139389.25,156906.75,0.0,0.0,0.0,0.0,552802.25,36786.75,589589.0,4963959.0,6386630.25,1263512.25,8239731.5,0.0,0.0,0.0,0.0,0.0,0.0,0.0,0.0,0.0,0.0,0.0,25957.0,1,4923.0,13.478439425051334,48.0,1.0,0,48.0,False,False,False,False,True,False,False,False,False,False,False,False,False,False,False,False,True,False,False,False,False,False,False,False,False,True,False,False,False,False,False,0.06459627329192547,0.06031363088057901
663,5020,50,502,3,0,2,5.5,,,,,,,,,,,,,,,,,,,,,,,,,,,,,,,,,,,,,,,,,,,,,,,,,,,,,,,0,6306.0,17.26488706365503,120.0,1.0,0,120.0,False,True,False,False,False,False,False,False,False,False,False,False,False,True,False,False,False,False,False,False,False,False,False,False,True,False,False,False,False,False,False,0.0012422360248447205,0.0012062726176115801
664,1564,15,156,61,120,1,4.82,0.0,0.0,0.0,0.0,0.0,0.0,39182997.268415,7516141.888255,31666855.38016,5715710.0,35900865.0,0.0,0.0,0.0,55246691.5,0.0,0.0,0.0,171671.5,87085218.38015999,38767.0,38978.0,77473896.5,4752748.0,3454951.5,1002001.0,69947878.0,1158157.0,3065562.5,-2066064.0,612612.0,0.0,0.0,0.0,0.0,17468451.0,7507500.0,24975951.0,36951915.0,46439393.0,15669654.0,87084998.0,0.0,0.0,0.0,0.0,0.0,0.0,0.0,0.0,0.0,0.0,0.0,154735.0,0,12037.0,32.955509924709105,84.0,1.0,0,84.0,False,False,False,False,False,False,False,False,False,False,True,False,False,False,False,False,False,False,False,False,False,False,True,False,False,False,False,False,False,False,False,0.009937888198757764,0.008443908323281062
665,1564,15,156,61,120,1,4.82,0.0,0.0,0.0,0.0,0.0,0.0,39182997.268415,7516141.888255,31666855.38016,5715710.0,35900865.0,0.0,0.0,0.0,55246691.5,0.0,0.0,0.0,171671.5,87085218.38015999,38767.0,38978.0,77473896.5,4752748.0,3454951.5,1002001.0,69947878.0,1158157.0,3065562.5,-2066064.0,612612.0,0.0,0.0,0.0,0.0,17468451.0,7507500.0,24975951.0,36951915.0,46439393.0,15669654.0,87084998.0,0.0,0.0,0.0,0.0,0.0,0.0,0.0,0.0,0.0,0.0,0.0,154735.0,0,11801.0,32.309377138945926,84.0,1.0,0,84.0,False,False,False,False,False,False,False,False,False,False,True,False,False,False,False,False,False,False,False,False,False,False,True,False,False,False,False,False,False,False,False,0.009937888198757764,0.008443908323281062
666,5170,51,517,0,0,1,8.5,,,,,,,,,,,,,,,,,,,,,,,,,,,,,,,,,,,,,,,,,,,,,,,,,,,,,,,1,1557.0,4.262833675564682,60.0,1.0,0,60.0,False,False,False,True,False,False,False,False,False,False,False,False,False,False,False,True,False,False,False,False,False,False,False,False,False,True,False,False,False,False,False,0.004968944099378882,0.020506634499396863
667,8511,85,851,11,40,23,1.0,,,,,,,,,,,,,,,,,,,,,,,,,,,,,,,,,,,,,,,,,,,,,,,,,,,,,,,0,8835.0,24.188911704312115,48.0,1.0,0,48.0,False,False,False,True,False,False,False,False,False,False,False,False,False,False,False,True,False,False,False,False,False,False,False,False,False,False,False,False,False,False,False,0.016149068322981366,0.015681544028950542
668,1521,15,152,12,4,4,6.0,,,,,,,,,,,,,,,,,,,,,,,,,,,,,,,,,,,,,,,,,,,,,,,,,,,,,,,0,1830.0,5.0102669404517455,72.0,1.0,0,72.0,False,False,False,False,False,False,False,False,False,False,True,False,False,False,False,False,False,False,False,False,False,False,True,False,False,False,False,False,False,False,False,0.04720496894409938,0.007237635705669481
669,5166,51,516,1,30,1,5.0,,,,,,,,,,,,,,,,,,,,,,,,,,,,,,,,,,,,,,,,,,,,,,,,,,,,,,,0,3864.0,10.57905544147844,84.0,1.0,0,84.0,False,True,False,False,False,False,False,False,False,False,False,False,False,True,False,False,False,False,False,False,False,False,False,False,True,False,False,False,False,False,False,0.3242236024844721,0.3823884197828709
670,1725,17,172,0,471,22,0.5,0.0,0.0,0.0,0.0,0.0,0.0,198936988.25,124662538.0,74274450.25,79603023.5,84977642.75,0.0,0.0,0.0,186364678.5,0.0,0.0,0.0,662912.25,261302041.0,112425813.5,107084477.5,104513158.75,25920895.0,5805549.75,7266259.0,67377810.5,19603834.25,142392.25,-3934680.75,1603101.5,0.0,0.0,0.0,0.0,115229614.5,8580071.5,123809686.0,50572021.5,75935860.0,61556495.0,261302041.0,0.0,0.0,0.0,0.0,0.0,0.0,0.0,0.0,0.0,0.0,0.0,204158.0,1,27711.0,75.86858316221766,48.0,1.0,0,48.0,False,False,False,False,True,False,False,False,False,False,False,False,False,False,False,False,True,False,False,False,False,False,False,False,False,True,False,False,False,False,False,0.02981366459627329,0.025331724969843185
671,4521,45,452,5,0,33,8.2,,,,,,,,,,,,,,,,,,,,,,,,,,,,,,,,,,,,,,,,,,,,,,,,,,,,,,,1,1534.0,4.199863107460644,120.0,3.0,0,40.0,False,False,False,False,False,False,True,False,False,False,False,False,False,False,False,False,False,False,True,False,False,False,False,False,False,False,False,False,False,False,True,0.02608695652173913,0.018094089264173704
672,6062,60,606,2,14,23,1.0,100.0,0.0,0.0,100.0,0.0,0.0,2998245.25,1893641.75,1104603.5,0.0,935184.25,100.0,0.0,0.0,1515013.5,100.0,0.0,0.0,17267.25,2636884.25,1245400.75,2172.25,3233230.0,990739.75,762011.25,714964.25,1668416.75,206956.75,162412.25,-38788.75,115365.25,30.0,0.0,0.0,2.0,1351600.25,622371.75,1973972.0,530029.5,641641.0,21271.25,2636884.25,51.0,0.0,0.0,35.79405,0.0,0.0,40.5553,50.5,0.0,0.0,1.0,6460.0,0,1824.0,4.993839835728953,48.0,1.0,0,48.0,False,False,False,False,False,False,False,False,False,False,True,False,False,True,False,False,False,False,False,False,False,False,False,False,False,False,False,False,False,False,False,0.03229813664596273,0.3823884197828709
673,123,1,12,14,0,7,7.0,,,,,,,,,,,,,,,,,,,,,,,,,,,,,,,,,,,,,,,,,,,,,,,,,,,,,,,0,6237.0,17.075975359342916,120.0,12.0,0,10.0,False,False,False,False,False,False,False,False,False,False,False,False,False,False,False,False,True,False,False,False,False,False,False,False,False,True,False,False,False,False,False,,0.0024125452352231603
674,6042,60,604,2,15,25,1.0,100.0,100.0,0.0,100.0,100.0,0.0,1992991.0,638638.0,1354353.0,97597.5,205705.5,100.0,100.0,0.0,546546.0,100.0,100.0,0.0,40040.0,1940939.0,344344.0,84584.5,963963.0,183683.5,61061.0,-25525.5,327827.5,121121.0,-301801.5,-81581.5,-388388.0,100.0,100.0,0.0,2.0,272272.0,780279.5,1052551.5,110110.0,888387.5,0.0,1940939.0,51.0,51.0,0.0,40.5667,40.5667,0.0,36.2243,50.0,50.0,0.0,2.0,1926.0,1,1638.0,4.484599589322382,60.0,1.0,0,60.0,False,False,False,False,False,False,False,False,False,False,True,False,False,False,False,False,False,False,False,False,False,False,True,False,False,False,False,False,False,False,False,0.04720496894409938,0.04945717732207479
675,7023,70,702,0,0,1,6.5,,,,,,,,,,,,,,,,,,,,,,,,,,,,,,,,,,,,,,,,,,,,,,,,,,,,,,,0,8578.0,23.485284052019164,72.0,1.0,0,72.0,False,False,False,False,False,False,False,False,False,False,False,True,False,False,False,False,False,False,False,False,False,False,False,True,False,False,False,False,False,True,False,0.07080745341614907,0.054282267792521106
676,5136,51,513,0,14,23,6.5,,,,,,,,,,,,,,,,,,,,,,,,,,,,,,,,,,,,,,,,,,,,,,,,,,,,,,,0,2168.0,5.935660506502396,96.0,1.0,0,96.0,False,False,False,False,False,False,False,False,False,False,False,True,False,False,False,False,False,False,False,False,False,False,False,True,False,False,False,False,False,True,False,0.07080745341614907,0.054282267792521106
677,8511,85,851,0,0,24,1.0,,,,,,,,,,,,,,,,,,,,,,,,,,,,,,,,,,,,,,,,,,,,,,,,,,,,,,,0,1124.0,3.077344284736482,60.0,1.0,0,60.0,True,False,False,False,False,False,False,False,False,False,False,False,True,False,False,False,False,False,False,False,False,False,False,False,False,False,False,True,False,False,False,0.0012422360248447205,0.0012062726176115801
678,4521,45,452,0,59,22,1.0,0.0,0.0,0.0,0.0,0.0,0.0,3512008.5,2917915.0,594093.5,2868866.0,7424166.75,0.0,0.0,0.0,10408398.0,0.0,0.0,0.0,21271.25,11023762.75,3179.5,3710.25,3064061.0,1109858.75,353603.25,295044.75,427427.0,712712.0,161911.75,-43293.25,103353.25,0.0,0.0,0.0,0.0,1310309.0,14264.25,1324573.25,2492239.75,9350591.25,348598.25,11023762.75,0.0,0.0,0.0,0.0,0.0,0.0,0.0,0.0,0.0,0.0,0.0,6126.5,0,3478.0,9.522245037645447,60.0,1.0,0,60.0,False,False,False,False,True,False,False,False,False,False,False,False,False,False,False,False,True,False,False,False,False,False,False,False,False,True,False,False,False,False,False,0.004968944099378882,0.06031363088057901
679,7411,74,741,4,0,2,6.25,,,,,,,,,,,,,,,,,,,,,,,,,,,,,,,,,,,,,,,,,,,,,,,,,,,,,,,0,1198.0,3.2799452429842573,180.0,1.0,0,180.0,False,True,False,False,False,False,False,False,False,False,False,False,False,True,False,False,False,False,False,False,False,False,False,False,True,False,False,False,False,False,False,0.3242236024844721,0.3823884197828709
680,5531,55,553,0,0,30,6.25,,,,,,,,,,,,,,,,,,,,,,,,,,,,,,,,,,,,,,,,,,,,,,,,,,,,,,,0,2891.0,7.915126625598905,144.0,3.0,0,48.0,False,False,False,False,False,False,False,False,True,False,False,False,False,False,False,False,False,False,False,False,True,False,False,False,False,False,False,True,False,False,False,0.08074534161490683,0.07117008443908324
681,1522,15,152,1,66,1,5.0,0.0,0.0,0.0,0.0,0.0,0.0,46916619.75,11534773.25,35381846.5,11859597.75,51339538.25,0.0,0.0,0.0,78263185.0,0.0,0.0,0.0,401651.25,114046682.75,56863056.25,48472173.75,64401086.75,16357341.0,10221461.25,9994985.0,41950408.5,6127621.5,8998990.0,-182682.5,8772513.75,0.0,0.0,0.0,0.0,54381827.5,8830571.75,63212399.25,16977460.5,45419123.75,5415159.75,114046682.75,0.0,0.0,0.0,0.0,0.0,0.0,0.0,0.0,0.0,0.0,0.0,129995.5,1,7291.0,19.96167008898015,84.0,1.0,0,84.0,False,False,False,False,False,False,False,True,False,False,False,False,False,False,False,False,False,False,False,True,False,False,False,False,False,False,True,False,False,False,False,0.02608695652173913,0.024125452352231604
682,6025,60,602,0,10,23,7.0,0.0,0.0,0.0,0.0,0.0,0.0,678678.0,76076.0,602602.0,0.0,1894893.0,0.0,0.0,0.0,2176174.0,0.0,0.0,0.0,65065.0,2843841.0,3210207.0,4133629.5,3958454.5,465465.0,184184.0,158158.0,2205203.0,219719.5,145645.5,0.0,119619.5,0.0,0.0,0.0,0.0,610610.0,161161.0,771771.0,1686685.0,2072070.0,0.0,2843841.0,0.0,0.0,0.0,0.0,0.0,0.0,0.0,0.0,0.0,0.0,0.0,7909.0,0,1637.0,4.48186173853525,48.0,1.0,0,48.0,False,False,False,False,False,False,False,False,False,True,False,False,False,False,False,False,False,False,False,False,False,True,False,False,False,False,False,False,True,False,False,0.02111801242236025,0.016887816646562123
683,5534,55,553,3,7,2,6.25,,,,,,,,,,,,,,,,,,,,,,,,,,,,,,,,,,,,,,,,,,,,,,,,,,,,,,,1,1453.0,3.978097193702943,84.0,1.0,0,84.0,False,True,False,False,False,False,False,False,False,False,False,False,False,True,False,False,False,False,False,False,False,False,False,False,True,False,False,False,False,False,False,0.3242236024844721,0.3823884197828709
684,8040,80,804,6,0,1,5.75,0.0,0.0,0.0,0.0,0.0,0.0,663162.5,217217.0,445945.5,0.0,49049.0,0.0,0.0,0.0,108608.5,0.0,0.0,0.0,220220.0,774774.0,760259.5,460460.0,2017515.5,1151650.5,498998.5,426926.5,81081.0,612612.0,432932.5,0.0,360860.5,0.0,0.0,0.0,0.0,447447.0,0.0,447447.0,62562.5,327327.0,0.0,774774.0,0.0,0.0,0.0,0.0,0.0,0.0,0.0,0.0,0.0,0.0,0.0,4031.0,0,1863.0,5.100616016427105,84.0,1.0,0,84.0,False,False,False,False,False,False,False,False,False,False,False,True,False,False,False,False,False,False,False,False,False,False,False,True,False,False,False,False,False,True,False,0.07080745341614907,0.054282267792521106
685,1320,13,132,0,36,22,1.0,0.0,0.0,0.0,0.0,0.0,0.0,12295283.0,3814060.25,8481222.75,7437430.0,11712951.25,0.0,0.0,0.0,20393373.0,0.0,0.0,0.0,100600.5,28975196.25,7994147.75,13387.75,19404885.5,3339836.5,1590839.25,1318317.0,11154143.0,1394643.25,1204953.75,-133383.25,635635.0,0.0,0.0,0.0,0.0,14662648.0,0.0,14662648.0,7091084.0,9745485.75,4567062.5,28975196.25,0.0,0.0,0.0,0.0,0.0,0.0,0.0,0.0,0.0,0.0,0.0,36029.5,0,8531.0,23.356605065023956,60.0,1.0,0,60.0,False,False,False,False,True,False,False,False,False,False,False,False,False,False,False,False,True,False,False,False,False,False,False,False,False,True,False,False,False,False,False,0.02981366459627329,0.025331724969843185
686,6033,60,603,3,10,23,5.0,,,,,,,,,,,,,,,,,,,,,,,,,,,,,,,,,,,,,,,,,,,,,,,,,,,,,,,0,1977.0,5.412731006160164,48.0,1.0,0,48.0,False,True,False,False,False,False,False,False,False,False,False,False,False,True,False,False,False,False,False,False,False,False,False,False,True,False,False,False,False,False,False,0.3242236024844721,0.3823884197828709
687,8021,80,802,24,36,7,8.0,,,,,,,,,,,,,,,,,,,,,,,,,,,,,,,,,,,,,,,,,,,,,,,,,,,,,,,1,1905.0,5.215605749486653,144.0,1.0,0,144.0,True,False,False,False,False,False,False,False,False,False,False,False,True,False,False,False,False,False,False,False,False,False,False,False,False,False,False,True,False,False,False,0.0012422360248447205,0.0012062726176115801
688,4529,45,452,1,0,23,9.0,0.0,0.0,0.0,0.0,0.0,0.0,1809307.5,666165.5,1143142.0,838838.0,372872.5,0.0,0.0,0.0,1361360.0,0.0,0.0,0.0,16016.0,2520518.0,3932929.0,0.0,3731728.0,1256755.5,909408.5,903402.5,1826825.0,330830.5,684183.5,-6006.0,678177.5,0.0,0.0,0.0,0.0,1866364.5,115115.0,1981479.5,252252.0,538037.5,1001.0,2520518.0,0.0,0.0,0.0,0.0,0.0,0.0,0.0,0.0,0.0,0.0,0.0,7456.0,1,2150.0,5.886379192334018,48.0,1.0,0,48.0,False,False,False,False,False,False,False,True,False,False,False,False,False,False,False,False,False,False,False,True,False,False,False,False,False,False,True,False,False,False,False,0.02608695652173913,0.024125452352231604
689,7134,71,713,0,0,22,0.0,0.0,0.0,0.0,0.0,0.0,0.0,12508746.25,8003495.5,4505250.75,945444.5,4838583.75,0.0,0.0,0.0,7703445.75,0.0,0.0,0.0,117117.0,12325813.5,7369098.25,14983.25,15210695.5,4576822.25,2210708.5,2058306.25,3433930.5,2308556.25,686435.75,-10010.0,534033.5,0.0,0.0,0.0,0.0,5469964.5,0.0,5469964.5,2038036.0,5717962.25,1137886.75,12325813.5,0.0,0.0,0.0,0.0,0.0,0.0,0.0,0.0,0.0,0.0,0.0,30391.0,0,5266.0,14.417522245037645,48.0,1.0,0,48.0,False,False,False,False,False,False,False,False,False,True,False,False,False,False,False,False,False,False,False,False,False,True,False,False,False,True,False,False,False,False,False,0.0012422360248447205,0.0012062726176115801
690,4529,45,452,0,90,24,1.0,0.0,0.0,0.0,0.0,0.0,0.0,8086828.75,2644391.75,5442437.0,0.0,14333319.0,0.0,0.0,0.0,17796278.5,0.0,0.0,0.0,41791.75,23280507.25,7946028.0,17210.0,31767485.75,3160157.0,2078326.25,1482981.5,23590066.5,996495.5,1317065.75,-352602.25,721721.0,0.0,0.0,0.0,0.0,4020266.25,68818.75,4089085.0,10975714.75,17794777.0,1396645.25,23280507.25,0.0,0.0,0.0,0.0,0.0,0.0,0.0,0.0,0.0,0.0,0.0,49335.5,0,3184.0,8.71731690622861,60.0,1.0,0,60.0,False,False,False,False,False,False,False,False,True,False,False,False,False,True,False,False,False,False,False,False,False,False,False,False,False,False,False,True,False,False,False,0.009937888198757764,0.3823884197828709
691,4550,45,455,0,90,24,1.0,0.0,0.0,0.0,0.0,0.0,0.0,8086828.75,2644391.75,5442437.0,0.0,14333319.0,0.0,0.0,0.0,17796278.5,0.0,0.0,0.0,41791.75,23280507.25,7946028.0,17210.0,31767485.75,3160157.0,2078326.25,1482981.5,23590066.5,996495.5,1317065.75,-352602.25,721721.0,0.0,0.0,0.0,0.0,4020266.25,68818.75,4089085.0,10975714.75,17794777.0,1396645.25,23280507.25,0.0,0.0,0.0,0.0,0.0,0.0,0.0,0.0,0.0,0.0,0.0,49335.5,0,3283.0,8.988364134154688,48.0,1.0,0,48.0,False,False,False,False,False,False,False,False,True,False,False,False,False,True,False,False,False,False,False,False,False,False,False,False,False,False,False,True,False,False,False,0.009937888198757764,0.3823884197828709
692,4550,45,455,0,90,23,1.0,0.0,0.0,0.0,0.0,0.0,0.0,8086828.75,2644391.75,5442437.0,0.0,14333319.0,0.0,0.0,0.0,17796278.5,0.0,0.0,0.0,41791.75,23280507.25,7946028.0,17210.0,31767485.75,3160157.0,2078326.25,1482981.5,23590066.5,996495.5,1317065.75,-352602.25,721721.0,0.0,0.0,0.0,0.0,4020266.25,68818.75,4089085.0,10975714.75,17794777.0,1396645.25,23280507.25,0.0,0.0,0.0,0.0,0.0,0.0,0.0,0.0,0.0,0.0,0.0,49335.5,0,3259.0,8.922655715263518,48.0,1.0,0,48.0,False,False,False,False,False,False,False,False,True,False,False,False,False,True,False,False,False,False,False,False,False,False,False,False,False,False,False,True,False,False,False,0.009937888198757764,0.3823884197828709
693,4529,45,452,3,90,24,7.0,0.0,0.0,0.0,0.0,0.0,0.0,8086828.75,2644391.75,5442437.0,0.0,14333319.0,0.0,0.0,0.0,17796278.5,0.0,0.0,0.0,41791.75,23280507.25,7946028.0,17210.0,31767485.75,3160157.0,2078326.25,1482981.5,23590066.5,996495.5,1317065.75,-352602.25,721721.0,0.0,0.0,0.0,0.0,4020266.25,68818.75,4089085.0,10975714.75,17794777.0,1396645.25,23280507.25,0.0,0.0,0.0,0.0,0.0,0.0,0.0,0.0,0.0,0.0,0.0,49335.5,1,3452.0,9.451060917180014,60.0,1.0,0,60.0,False,False,False,False,False,False,False,False,True,False,False,False,False,True,False,False,False,False,False,False,False,False,False,False,False,False,False,True,False,False,False,0.009937888198757764,0.3823884197828709
694,1743,17,174,0,170,23,6.0,,,,,,,,,,,,,,,,,,,,,,,,,,,,,,,,,,,,,,,,,,,,,,,,,,,,,,,1,2198.0,6.017796030116359,60.0,1.0,0,60.0,False,False,False,False,False,False,False,False,False,False,False,True,False,False,False,False,False,False,False,False,False,False,False,True,False,False,False,False,False,True,False,0.07080745341614907,0.054282267792521106
695,5138,51,513,10,25,23,1.0,,,,,,,,,,,,,,,,,,,,,,,,,,,,,,,,,,,,,,,,,,,,,,,,,,,,,,,0,4269.0,11.68788501026694,48.0,1.0,0,48.0,False,False,False,False,False,False,False,False,False,False,True,False,False,False,False,False,False,False,False,False,False,False,True,False,False,False,False,False,False,False,False,0.009937888198757764,0.008443908323281062
696,5142,51,514,0,4,5,7.0,,,,,,,,,,,,,,,,,,,,,,,,,,,,,,,,,,,,,,,,,,,,,,,,,,,,,,,0,4439.0,12.153319644079398,180.0,1.0,0,180.0,False,False,False,False,False,False,False,False,False,False,False,False,False,False,False,False,False,False,False,False,False,False,False,False,False,False,False,False,False,True,False,,
697,1571,15,157,2,27,20,1.0,0.0,0.0,0.0,0.0,0.0,0.0,6844838.0,5924418.5,920419.5,648147.5,9213204.0,0.0,0.0,0.0,14523008.5,0.0,0.0,0.0,1826324.5,17269752.5,15386871.5,14809.0,18161643.5,7617109.5,4244740.5,2531529.0,8043035.0,3372369.0,4022018.0,-770770.0,2308806.5,0.0,0.0,0.0,0.0,8114606.5,0.0,8114606.5,5780775.0,9155146.0,0.0,17269752.5,0.0,0.0,0.0,0.0,0.0,0.0,0.0,0.0,0.0,0.0,0.0,36287.0,0,8654.0,23.693360711841205,84.0,1.0,0,84.0,False,True,False,False,False,False,False,False,False,False,False,False,False,True,False,False,False,False,False,False,False,False,False,False,True,False,False,False,False,False,False,0.3242236024844721,0.3823884197828709
698,6053,60,605,0,0,22,1.0,0.0,0.0,0.0,0.0,0.0,0.0,1176122.0,811663.5,364458.5,0.0,9661628.5,0.0,0.0,0.0,24328687.0,0.0,0.0,0.0,205339.5,24898485.0,26244944.0,26441665.25,31246941.0,6515439.25,2106847.5,1465078.5,8475029.25,4153728.0,2007081.75,-142573.25,1365312.75,0.0,0.0,0.0,0.0,19857455.0,0.0,19857455.0,3600304.5,4446436.0,792792.0,24898485.0,0.0,0.0,0.0,0.0,0.0,0.0,0.0,0.0,0.0,0.0,0.0,31382.0,0,1247.0,3.4140999315537304,48.0,1.0,0,48.0,False,False,False,True,False,False,False,False,False,False,False,False,False,False,False,True,False,False,False,False,False,False,False,False,False,False,False,False,False,False,False,0.016149068322981366,0.015681544028950542
699,4529,45,452,2,89,22,7.0,0.0,0.0,0.0,0.0,0.0,0.0,738738.0,342342.0,396396.0,1248247.0,4372117.75,0.0,0.0,0.0,5996490.5,0.0,0.0,0.0,342842.5,6735729.0,2584.5,3834.75,4810055.25,1475724.25,266766.5,262512.25,2953951.0,1208957.75,266766.5,-2252.25,262512.25,0.0,0.0,0.0,0.0,3547043.5,30030.0,3577073.5,1038037.0,2870868.0,287787.5,6735729.0,0.0,0.0,0.0,0.0,0.0,0.0,0.0,0.0,0.0,0.0,0.0,8112.5,0,7982.0,21.853524982888434,48.0,1.0,0,48.0,True,False,False,False,False,False,False,False,False,False,False,False,True,False,False,False,False,False,False,False,False,False,False,False,False,False,False,True,False,False,False,0.002484472049689441,0.0024125452352231603
700,6031,60,603,2,15,24,8.0,0.0,0.0,0.0,0.0,0.0,0.0,333333.0,9509.5,323823.5,0.0,0.0,0.0,0.0,0.0,1147646.5,0.0,0.0,0.0,1501.5,1472971.5,0.0,0.0,3963960.0,138638.5,-499499.0,-535535.0,1838837.0,618618.0,-570069.5,-10510.5,-606105.5,0.0,0.0,0.0,0.0,-444944.5,0.0,-444944.5,472972.5,1789287.5,128628.5,1472971.5,0.0,0.0,0.0,0.0,0.0,0.0,0.0,0.0,0.0,0.0,0.0,7920.0,0,1165.0,3.189596167008898,48.0,1.0,0,48.0,False,False,False,False,False,False,True,False,False,False,False,False,False,False,False,False,False,False,True,False,False,False,False,False,False,False,False,False,False,False,True,0.012422360248447204,0.012062726176115802
701,6061,60,606,2,15,24,9.0,0.0,0.0,0.0,0.0,0.0,0.0,333333.0,9509.5,323823.5,0.0,0.0,0.0,0.0,0.0,1147646.5,0.0,0.0,0.0,1501.5,1472971.5,0.0,0.0,3963960.0,138638.5,-499499.0,-535535.0,1838837.0,618618.0,-570069.5,-10510.5,-606105.5,0.0,0.0,0.0,0.0,-444944.5,0.0,-444944.5,472972.5,1789287.5,128628.5,1472971.5,0.0,0.0,0.0,0.0,0.0,0.0,0.0,0.0,0.0,0.0,0.0,7920.0,0,1449.0,3.9671457905544147,60.0,1.0,0,60.0,False,False,False,False,False,False,True,False,False,False,False,False,False,False,False,False,False,False,True,False,False,False,False,False,False,False,False,False,False,False,True,0.012422360248447204,0.012062726176115802
702,5154,51,515,4,12,23,5.3,0.0,0.0,0.0,0.0,0.0,0.0,2160658.5,2150648.5,10010.0,113613.5,843843.0,0.0,0.0,0.0,1156655.5,0.0,0.0,0.0,1252751.5,2419417.0,14977462.5,14984970.0,13755742.0,484484.0,219719.5,121621.5,13203690.5,246246.0,219719.5,0.0,121621.5,0.0,0.0,0.0,0.0,2119117.0,0.0,2119117.0,143143.0,300300.0,0.0,2419417.0,0.0,0.0,0.0,0.0,0.0,0.0,0.0,0.0,0.0,0.0,0.0,27484.0,0,5976.0,16.361396303901437,48.0,1.0,0,48.0,False,False,False,False,False,False,False,False,False,False,False,True,False,False,False,False,False,False,False,False,False,False,False,True,False,False,False,False,False,False,True,0.002484472049689441,0.0024125452352231603
703,5138,51,513,6,4,25,8.0,,,,,,,3187000.0,1530000.0,1657000.0,2997000.0,15030000.0,,,,22901000.0,,,,277000.0,24835000.0,20951000.0,0.0,21827000.0,1385000.0,246000.0,549000.0,18832000.0,879000.0,41000.0,-63000.0,344000.0,,,,,4236000.0,344000.0,4580000.0,10158000.0,20255000.0,0.0,24835000.0,,,,,,,,,,,,,0,8814.0,24.13141683778234,120.0,1.0,0,120.0,False,True,False,False,False,False,False,False,False,False,False,False,False,True,False,False,False,False,False,False,False,False,False,False,True,False,False,False,False,False,False,0.3242236024844721,0.3823884197828709
704,5154,51,515,2,0,24,5.3,,,,,,,0.0,,0.0,,,,,,0.0,,,,,0.0,0.0,0.0,0.0,0.0,0.0,0.0,,,0.0,0.0,0.0,,,,,0.0,0.0,0.0,,0.0,,0.0,,,,,,,,,,,,,0,9490.0,25.982203969883642,120.0,1.0,0,120.0,False,False,False,False,False,False,True,False,False,False,False,False,False,False,False,False,False,False,True,False,False,False,False,False,False,False,False,False,False,False,True,0.0037267080745341614,0.0024125452352231603
705,7023,70,702,2,0,4,4.66,,,,,,,,,,,,,,,,,,,,,,,,,,,,,,,,,,,,,,,,,,,,,,,,,,,,,,,0,2828.0,7.742642026009582,83.0,3.0,0,27.666666666666668,False,False,False,False,False,False,False,False,False,True,False,False,False,False,False,False,False,False,False,False,False,True,False,False,False,False,False,False,True,False,False,0.07204968944099378,0.05066344993968637
706,1421,14,142,0,0,22,1.0,100.0,100.0,0.0,100.0,1.0,0.0,6468962.5,4005501.5,2463461.0,387387.0,4897893.0,100.0,100.0,0.0,5910905.0,100.0,100.0,0.0,25525.5,8399891.5,6215209.0,6346840.5,5531025.5,2300298.0,424924.5,746245.5,2525523.0,1005004.0,-99599.5,0.0,221721.5,100.0,100.0,0.0,2.0,4557553.0,626125.5,5183678.5,760760.0,2482480.0,733733.0,8399891.5,51.0,51.0,0.0,43.9017,35.6167,0.0,32.9243,100.0,50.0,0.0,2.0,10785.0,0,3095.0,8.473648186173854,48.0,1.0,0,48.0,False,False,False,False,False,False,False,False,False,False,True,False,False,False,False,False,False,False,False,False,False,False,True,False,False,False,False,False,False,False,False,0.03229813664596273,0.013268998793727383
707,7210,72,721,1,6,9,6.5,,,,,,,104000.0,61000.0,43000.0,466000.0,2072000.0,,,,2783000.0,,,,0.0,2826000.0,2718000.0,2173000.0,3463000.0,416000.0,161000.0,257000.0,2933000.0,255000.0,139000.0,-3000.0,235000.0,,,,,601000.0,0.0,601000.0,847000.0,2198000.0,27000.0,2826000.0,,,,,,,,,,,,,1,4450.0,12.183436002737851,120.0,1.0,0,120.0,False,True,False,False,False,False,False,False,False,False,False,False,False,True,False,False,False,False,False,False,False,False,False,False,True,False,False,False,False,False,False,0.3242236024844721,0.3823884197828709
708,6033,60,603,5,0,23,1.0,,,,,,,11248000.0,6780000.0,4468000.0,,7418000.0,,,,8372000.0,,,,87000.0,12927000.0,9448000.0,13180000.0,10579000.0,3487000.0,1121000.0,1363000.0,899000.0,2130000.0,52000.0,-12000.0,294000.0,,,,,721000.0,6753000.0,7474000.0,4154000.0,5453000.0,,12927000.0,,,,,,,,,,,,,0,4221.0,11.5564681724846,48.0,1.0,0,48.0,False,True,False,False,False,False,False,False,False,False,False,False,False,True,False,False,False,False,False,False,False,False,False,False,True,False,False,False,False,False,False,0.3242236024844721,0.3823884197828709
709,5233,52,523,3,4,36,8.75,,,,,,,,,,,,,,,,,,,,,,,,,,,,,,,,,,,,,,,,,,,,,,,,,,,,,,,0,4013.0,10.986995208761122,83.0,1.0,0,83.0,False,False,False,False,False,False,False,False,False,True,False,False,False,False,False,False,False,False,False,False,False,True,False,False,False,False,False,False,True,False,False,0.07204968944099378,0.05066344993968637
710,1542,15,154,0,110,23,7.0,0.0,0.0,0.0,0.0,0.0,0.0,7506749.25,73573.5,7433175.75,7881623.75,15250735.5,0.0,0.0,0.0,33066283.25,0.0,0.0,0.0,1584082.5,42083541.5,39006502.75,40642.5,83759175.5,1968716.75,1840338.5,1298547.25,74233659.5,76326.25,1811810.0,-204954.75,1270018.75,0.0,0.0,0.0,0.0,3434431.0,5182177.0,8616608.0,25615089.5,31992460.5,1474473.0,42083541.5,0.0,0.0,0.0,0.0,0.0,0.0,0.0,0.0,0.0,0.0,0.0,169393.0,1,3107.0,8.506502395619439,60.0,1.0,0,60.0,False,False,False,False,True,False,False,False,False,False,False,False,False,False,False,False,True,False,False,False,False,False,False,False,False,True,False,False,False,False,False,0.02981366459627329,0.025331724969843185
711,2742,27,274,5,40,24,6.25,0.0,0.0,0.0,0.0,0.0,0.0,2705202.5,1865864.0,839338.5,2473471.0,3931928.0,0.0,0.0,0.0,16312796.5,0.0,0.0,0.0,18018.0,17170153.0,12779266.5,14303289.0,9195186.0,833833.0,318318.0,305805.5,8158650.5,515014.5,117117.0,0.0,104604.5,0.0,0.0,0.0,0.0,2358356.0,0.0,2358356.0,4253749.5,14811797.0,0.0,17170153.0,0.0,0.0,0.0,0.0,0.0,0.0,0.0,0.0,0.0,0.0,0.0,18372.0,0,5451.0,14.924024640657084,60.0,1.0,0,60.0,False,True,False,False,False,False,False,False,False,False,False,False,False,True,False,False,False,False,False,False,False,False,False,False,True,False,False,False,False,False,False,0.3242236024844721,0.3823884197828709
712,5141,51,514,2,0,2,6.5,0.0,0.0,0.0,0.0,0.0,0.0,38038.0,6506.5,31531.5,16016.0,793292.5,0.0,0.0,0.0,870369.5,0.0,0.0,0.0,60060.0,961961.0,919919.0,479979.5,1102101.0,343843.5,327327.0,281781.5,755755.0,16016.0,323823.5,0.0,278278.0,0.0,0.0,0.0,0.0,768768.0,0.0,768768.0,0.0,192692.5,500.5,961961.0,0.0,0.0,0.0,0.0,0.0,0.0,0.0,0.0,0.0,0.0,0.0,2202.0,1,1260.0,3.4496919917864477,120.0,1.0,0,120.0,False,True,False,False,False,False,False,False,False,False,False,False,False,True,False,False,False,False,False,False,False,False,False,False,True,False,False,False,False,False,False,0.008695652173913044,0.008443908323281062
713,5542,55,554,30,41,5,6.0,0.0,0.0,0.0,0.0,0.0,0.0,2618115.5,182182.0,2435933.5,330330.0,0.0,0.0,0.0,0.0,571571.0,0.0,0.0,0.0,34534.5,3042039.0,471971.5,0.0,1179178.0,797296.5,105105.0,99099.0,284784.5,689689.0,105105.0,-6006.0,99099.0,0.0,0.0,0.0,0.0,-867867.0,2702199.5,1834332.5,968467.5,1178677.5,29029.0,3042039.0,0.0,0.0,0.0,0.0,0.0,0.0,0.0,0.0,0.0,0.0,0.0,2356.0,0,1483.0,4.060232717316906,36.0,1.0,0,36.0,False,False,False,False,False,False,False,False,True,False,False,False,False,False,False,False,False,False,False,False,True,False,False,False,False,False,False,True,False,False,False,0.08074534161490683,0.07117008443908324
714,1522,15,152,145,60,4,4.8,0.0,0.0,0.0,0.0,0.0,0.0,89225136.0,65557492.0,23667644.0,3951948.0,1659157.5,0.0,0.0,0.0,5611105.5,0.0,0.0,0.0,576576.0,29855325.5,65629063.5,61509948.5,41634593.0,9849339.5,6693186.5,6560554.0,28177649.5,3131128.0,5628623.0,-132632.5,5495990.5,0.0,0.0,0.0,0.0,23986963.0,0.0,23986963.0,1622120.5,1955453.5,3912909.0,29855325.5,0.0,0.0,0.0,0.0,0.0,0.0,0.0,0.0,0.0,0.0,0.0,86631.0,1,11142.0,30.50513347022587,84.0,3.0,0,28.0,False,False,False,False,False,False,False,True,False,False,False,False,False,False,False,False,False,False,False,True,False,False,False,False,False,False,True,False,False,False,False,0.02608695652173913,0.024125452352231604
715,5512,55,551,10,10,26,9.2,100.0,100.0,0.0,100.0,100.0,0.0,4397071.0,293000.0,4104071.0,0.0,0.0,100.0,100.0,0.0,0.0,100.0,50.0,0.0,41374.666666666664,4145445.6666666665,0.0,0.0,0.0,0.0,0.0,0.0,0.0,0.0,0.0,0.0,0.0,100.0,100.0,0.0,1.0,200033.33333333334,1530666.6666666667,1730700.0,0.0,2414745.6666666665,0.0,4145445.6666666665,51.0,51.0,0.0,43.9017,32.3484,0.0,31.2754,100.0,1.0,0.0,2.0,0.0,0,2485.0,6.803559206023272,120.0,4.0,0,30.0,False,False,False,True,False,False,False,False,False,False,False,False,False,False,False,True,False,False,False,False,False,False,False,False,False,False,False,False,False,False,False,0.016149068322981366,0.015681544028950542
716,1532,15,153,40,0,9,6.0,100.0,100.0,0.0,100.0,100.0,0.0,2866363.5,145645.5,2720718.0,1039038.0,446946.5,100.0,100.0,0.0,2575072.5,100.0,100.0,0.0,132632.5,5428423.0,2994491.5,4984980.0,3428425.0,305305.0,112612.5,96096.0,2722219.5,187187.0,67567.5,-13513.5,51051.0,100.0,100.0,0.0,1.0,835334.5,0.0,835334.5,3792288.5,4593088.5,0.0,5428423.0,51.0,51.0,0.0,43.9017,43.9017,0.0,47.8375,100.0,100.0,0.0,1.0,3651.0,0,1758.0,4.813141683778234,84.0,1.0,0,84.0,False,False,False,False,False,False,True,False,False,False,False,False,False,False,False,False,False,False,True,False,False,False,False,False,False,False,False,False,False,False,True,0.02608695652173913,0.018094089264173704
717,4523,45,452,0,16,24,1.0,0.0,0.0,0.0,0.0,0.0,0.0,4253249.0,3335832.5,917416.5,3329826.5,6273267.0,0.0,0.0,0.0,10214204.0,0.0,0.0,0.0,8508.5,11140129.0,0.0,0.0,8177169.0,2076074.0,428928.5,444444.0,5073068.0,1566565.0,402902.5,-203203.0,234734.5,0.0,0.0,0.0,0.0,2548045.5,513513.0,3061558.5,987987.0,5273768.5,2804802.0,11140129.0,0.0,0.0,0.0,0.0,0.0,0.0,0.0,0.0,0.0,0.0,0.0,14872.0,0,13677.0,37.445585215605746,120.0,1.0,0,120.0,False,False,False,False,False,False,False,False,True,False,False,False,False,True,False,False,False,False,False,False,False,False,False,False,False,False,False,True,False,False,False,0.08074534161490683,0.3823884197828709
718,114,1,11,5,13,7,6.75,50.0,0.0,0.0,0.5,0.0,0.0,13435672.25,942441.5,12493230.75,2534782.25,1737736.0,50.0,0.0,0.0,9612853.25,50.0,0.0,0.0,723222.5,22829306.5,11503273.75,23616.5,27471944.5,5694438.75,2258256.0,1124123.0,19984464.5,2938435.5,1516264.75,-337587.25,382131.75,15.0,0.0,0.0,1.0,2445693.25,1851850.0,4297543.25,6854347.5,14789024.25,3742739.0,22829306.5,25.5,0.0,0.0,18.31035,0.0,0.0,20.27765,50.0,0.0,0.0,0.5,54889.0,0,2793.0,7.646817248459959,72.0,6.0,0,12.0,False,False,False,False,False,False,False,False,False,False,True,False,False,False,False,False,False,False,False,False,False,False,True,False,False,False,False,False,False,False,False,0.03229813664596273,0.013268998793727383
719,9263,92,926,5,60,31,6.25,0.0,0.0,0.0,0.0,0.0,0.0,12783020.25,8766507.75,4016512.5,351351.0,3514260.75,0.0,0.0,0.0,4108354.25,0.0,0.0,0.0,16266.25,8141133.0,7595.75,7367.25,7512755.25,3132379.25,1131880.75,1018267.25,2177925.75,1778777.0,314814.5,-41791.75,201201.0,0.0,0.0,0.0,0.0,4882127.25,593092.5,5475219.75,529278.75,2274522.25,391391.0,8141133.0,0.0,0.0,0.0,0.0,0.0,0.0,0.0,0.0,0.0,0.0,0.0,15010.5,0,4096.0,11.214236824093087,84.0,1.0,0,84.0,False,False,False,False,True,False,False,False,False,False,False,False,False,False,False,False,True,False,False,False,False,False,False,False,False,True,False,False,False,False,False,0.02981366459627329,0.025331724969843185
720,4521,45,452,20,0,33,7.25,32.5,0.0,0.0,50.0,0.0,0.0,7055298.25,4376372.0,2678926.25,849598.75,16394628.25,50.0,0.0,0.0,18244976.75,33.0,0.0,0.0,27777.75,20951680.75,11705694.0,11668907.25,11978716.75,2956453.5,1767515.75,1341089.75,8289531.25,1169918.75,867116.25,-306806.5,438688.25,15.0,0.0,0.0,1.0,3787283.5,5930174.25,9717457.75,4158154.0,8235977.75,2998245.25,20951680.75,25.5,0.0,0.0,14.2759,0.0,0.0,18.11215,16.5,0.0,0.0,1.0,23039.0,1,3240.0,8.870636550308008,84.0,1.0,0,84.0,False,False,False,False,False,False,True,False,False,False,False,False,False,False,False,False,False,False,True,False,False,False,False,False,False,False,False,False,False,False,True,0.02608695652173913,0.018094089264173704
721,8013,80,801,81,0,1,5.5,0.0,0.0,0.0,0.0,0.0,0.0,0.0,0.0,0.0,0.0,0.0,0.0,0.0,0.0,0.0,0.0,0.0,0.0,0.0,0.0,0.0,0.0,0.0,0.0,0.0,0.0,0.0,0.0,0.0,0.0,0.0,0.0,0.0,0.0,0.0,0.0,0.0,0.0,0.0,0.0,0.0,0.0,0.0,0.0,0.0,0.0,0.0,0.0,0.0,0.0,0.0,0.0,0.0,0.0,0,5482.0,15.008898015058179,84.0,3.0,0,28.0,False,True,False,False,False,False,False,False,False,False,False,False,False,True,False,False,False,False,False,False,False,False,False,False,True,False,False,False,False,False,False,0.3242236024844721,0.3823884197828709
722,151,1,15,0,60,23,5.0,50.0,0.0,0.0,50.0,0.0,0.0,7517510.0,1151150.0,6366360.0,0.0,5059554.5,50.0,0.0,0.0,9562052.5,50.0,0.0,0.0,437687.25,16366099.75,12530.25,4365.25,13802789.0,1932430.5,1478727.25,1226225.0,10006496.5,1419668.25,872872.0,-50300.25,620369.75,35.0,0.0,0.0,0.0,1607856.25,8796287.5,10404143.75,4541537.0,5447692.25,514263.75,16366099.75,50.0,0.0,0.0,23.0855,0.0,0.0,0.0,50.0,0.0,0.0,0.0,27578.0,0,1844.0,5.048596851471594,60.0,1.0,0,60.0,False,False,False,False,False,False,False,False,False,False,True,False,False,True,False,False,False,False,False,False,False,False,False,False,False,False,False,False,True,False,False,0.03229813664596273,0.3823884197828709
723,6062,60,606,5,0,24,1.0,100.0,100.0,100.0,1.0,1.0,1.0,865865.0,158158.0,707707.0,0.0,0.0,100.0,100.0,100.0,280280.0,100.0,100.0,100.0,204704.5,1192691.5,139639.5,0.0,805805.0,254254.0,189189.0,189189.0,521521.0,65065.0,77577.5,0.0,77577.5,70.0,100.0,100.0,4.0,131631.5,0.0,131631.5,0.0,1061060.0,0.0,1192691.5,51.0,51.0,51.0,30.1338,31.1328,31.1328,38.1393,33.0,33.0,33.0,2.0,1610.0,1,2123.0,5.812457221081451,60.0,1.0,0,60.0,False,False,False,False,False,False,False,False,False,False,True,False,False,False,False,False,False,False,False,False,False,False,True,False,False,False,False,False,False,False,False,0.009937888198757764,0.008443908323281062
724,123,1,12,90,0,7,5.5,0.0,0.0,0.0,0.0,0.0,0.0,11450939.5,201701.5,11249238.0,0.0,34534.5,0.0,0.0,0.0,566566.0,0.0,0.0,0.0,1501.5,11817305.5,165665.5,0.0,276776.5,275275.0,236736.5,111111.0,0.0,37537.5,157657.5,-122122.0,32032.0,0.0,0.0,0.0,0.0,1403902.5,4057053.0,5460955.5,1753251.5,5108603.5,1247746.5,11817305.5,0.0,0.0,0.0,0.0,0.0,0.0,0.0,0.0,0.0,0.0,0.0,553.0,0,3273.0,8.960985626283367,84.0,12.0,0,7.0,False,False,False,False,True,False,False,False,False,False,False,False,False,False,False,False,True,False,False,False,False,False,False,False,False,True,False,False,False,False,False,0.0012422360248447205,0.0024125452352231603
725,8512,85,851,5,0,23,1.0,0.0,0.0,0.0,0.0,0.0,0.0,0.0,0.0,0.0,0.0,0.0,0.0,0.0,0.0,0.0,0.0,0.0,0.0,0.0,0.0,0.0,0.0,0.0,0.0,0.0,0.0,0.0,0.0,0.0,0.0,0.0,0.0,0.0,0.0,0.0,0.0,0.0,0.0,0.0,0.0,0.0,0.0,0.0,0.0,0.0,0.0,0.0,0.0,0.0,0.0,0.0,0.0,0.0,0.0,1,1488.0,4.073921971252567,72.0,1.0,0,72.0,False,False,False,False,False,False,False,False,False,False,False,False,False,False,False,False,False,False,False,False,False,False,False,False,False,False,False,True,False,False,False,,
726,3420,34,342,10,0,35,5.75,0.0,0.0,0.0,0.0,0.0,0.0,221221.0,32032.0,189189.0,2661408.75,1415414.0,0.0,0.0,0.0,5082827.75,0.0,0.0,0.0,755087.6666666666,5838332.5,2854797.75,3560.0,2852850.0,232482.25,119369.25,100850.75,3437100.3333333335,150483.66666666666,119119.0,-4004.0,100600.5,0.0,0.0,0.0,0.0,1624623.0,0.0,1624623.0,2297962.3333333335,4198194.0,20687.333333333332,5838332.5,0.0,0.0,0.0,0.0,0.0,0.0,0.0,0.0,0.0,0.0,0.0,5700.0,0,1512.0,4.139630390143737,84.0,1.0,0,84.0,False,True,False,False,False,False,False,False,False,False,False,False,False,True,False,False,False,False,False,False,False,False,False,False,True,False,False,False,False,False,False,0.024844720496894408,0.020506634499396863
727,1522,15,152,0,53,23,1.0,50.0,50.0,0.0,50.0,50.0,0.0,3647393.75,510760.25,3136633.5,6260254.0,3396393.0,50.0,50.0,0.0,10626115.5,50.0,50.0,0.0,49549.5,13812298.5,28572.25,28156.5,36212676.5,2298546.25,983232.25,807556.75,32901118.25,1410659.25,1147646.5,-288037.75,615865.25,35.0,35.0,0.0,0.5,4804299.5,0.0,4804299.5,4063809.75,6473467.0,2534532.0,13812298.5,25.5,25.5,0.0,18.53385,17.5419,0.0,20.31965,25.0,16.5,0.0,1.0,67198.5,0,2319.0,6.349075975359343,48.0,1.0,0,48.0,False,False,False,False,False,False,False,False,False,False,True,False,False,True,False,False,False,False,False,False,False,False,False,False,False,False,False,False,False,False,False,0.04720496894409938,0.3823884197828709
728,6031,60,603,0,0,23,7.25,0.0,0.0,0.0,0.0,0.0,0.0,576075.5,291291.0,284784.5,0.0,308308.0,0.0,0.0,0.0,698698.0,0.0,0.0,0.0,19519.5,1003002.0,2206704.5,1482481.0,2338336.0,803803.0,207207.0,176176.0,1042041.0,591090.5,151651.5,-7007.0,120620.5,0.0,0.0,0.0,0.0,675174.5,58558.5,733733.0,91091.0,269269.0,0.0,1003002.0,0.0,0.0,0.0,0.0,0.0,0.0,0.0,0.0,0.0,0.0,0.0,4672.0,1,2097.0,5.7412731006160165,48.0,1.0,0,48.0,False,False,False,False,True,False,False,False,False,False,False,False,False,False,False,False,True,False,False,False,False,False,False,False,False,True,False,False,False,False,False,0.06459627329192547,0.06031363088057901
729,5532,55,553,10,0,30,6.7,0.0,0.0,0.0,0.0,0.0,0.0,6105099.0,943442.5,5161656.5,0.0,0.0,0.0,0.0,0.0,1043042.0,0.0,0.0,0.0,249749.5,6454448.0,6434428.0,1081080.0,5663658.0,1193192.0,1046545.5,961961.0,2900898.0,116616.5,384884.5,0.0,300300.0,0.0,0.0,0.0,0.0,1740238.5,1751249.5,3491488.0,1991990.0,2118616.5,844343.5,6454448.0,0.0,0.0,0.0,0.0,0.0,0.0,0.0,0.0,0.0,0.0,0.0,11316.0,0,1120.0,3.0663928815879533,120.0,3.0,0,40.0,False,False,False,False,False,False,False,False,True,False,False,False,False,False,False,False,False,False,False,False,True,False,False,False,False,False,False,True,False,False,False,0.08074534161490683,0.07117008443908324
730,5532,55,553,13,0,23,7.0,0.0,0.0,0.0,0.0,0.0,0.0,6105099.0,943442.5,5161656.5,0.0,0.0,0.0,0.0,0.0,1043042.0,0.0,0.0,0.0,249749.5,6454448.0,6434428.0,1081080.0,5663658.0,1193192.0,1046545.5,961961.0,2900898.0,116616.5,384884.5,0.0,300300.0,0.0,0.0,0.0,0.0,1740238.5,1751249.5,3491488.0,1991990.0,2118616.5,844343.5,6454448.0,0.0,0.0,0.0,0.0,0.0,0.0,0.0,0.0,0.0,0.0,0.0,11316.0,0,1306.0,3.575633127994524,84.0,1.0,0,84.0,False,False,False,False,False,False,False,False,True,False,False,False,False,False,False,False,False,False,False,False,True,False,False,False,False,False,False,True,False,False,False,0.08074534161490683,0.07117008443908324
731,124,1,12,15,0,7,5.5,0.0,0.0,0.0,0.0,0.0,0.0,257257.0,3503.5,253753.5,0.0,0.0,0.0,0.0,0.0,4004.0,0.0,0.0,0.0,192692.5,450450.0,0.0,0.0,0.0,-28528.5,-28528.5,-28528.5,0.0,0.0,-29529.5,0.0,-29529.5,0.0,0.0,0.0,0.0,67067.0,0.0,67067.0,153153.0,383383.0,0.0,450450.0,0.0,0.0,0.0,0.0,0.0,0.0,0.0,0.0,0.0,0.0,0.0,0.0,0,1926.0,5.2731006160164275,144.0,12.0,0,12.0,False,False,False,False,True,False,False,False,False,False,False,False,False,False,False,False,True,False,False,False,False,False,False,False,False,True,False,False,False,False,False,0.02981366459627329,0.025331724969843185
732,5246,52,524,1,3,4,6.5,0.0,0.0,0.0,0.0,0.0,0.0,1001.0,0.0,1001.0,260760.5,0.0,0.0,0.0,0.0,446946.5,0.0,0.0,0.0,3003.0,450950.5,609609.0,71571.5,1043542.5,210710.5,177677.5,146646.5,818317.5,33033.0,177177.0,0.0,146146.0,0.0,0.0,0.0,0.0,209709.5,0.0,209709.5,175175.0,241241.0,0.0,450950.5,0.0,0.0,0.0,0.0,0.0,0.0,0.0,0.0,0.0,0.0,0.0,2085.0,0,1327.0,3.6331279945242985,84.0,1.0,0,84.0,False,False,False,False,False,False,False,False,False,True,False,False,False,False,False,False,False,False,False,False,False,True,False,False,False,False,False,False,True,False,False,0.07204968944099378,0.05066344993968637
733,8511,85,851,40,0,7,6.0,0.0,0.0,0.0,0.0,0.0,0.0,0.0,0.0,0.0,0.0,0.0,0.0,0.0,0.0,0.0,0.0,0.0,0.0,0.0,0.0,0.0,0.0,0.0,0.0,0.0,0.0,0.0,0.0,0.0,0.0,0.0,0.0,0.0,0.0,0.0,0.0,0.0,0.0,0.0,0.0,0.0,0.0,0.0,0.0,0.0,0.0,0.0,0.0,0.0,0.0,0.0,0.0,0.0,0.0,0,4036.0,,84.0,3.0,0,28.0,False,False,False,False,False,False,False,False,False,False,False,False,False,False,False,False,False,False,False,False,False,False,False,False,False,False,False,True,False,False,False,,
734,5249,52,524,5,2,4,6.75,0.0,0.0,0.0,0.0,0.0,0.0,1009258.25,56056.0,953202.25,1279278.0,10010.0,0.0,0.0,0.0,1473221.75,0.0,0.0,0.0,19019.0,2445443.0,3276.25,2235.0,3988985.0,829078.25,543793.25,433433.0,2904651.75,265265.0,503252.75,-36286.25,392892.5,0.0,0.0,0.0,0.0,913913.0,565565.0,1479478.0,527026.5,906405.5,59559.5,2445443.0,0.0,0.0,0.0,0.0,0.0,0.0,0.0,0.0,0.0,0.0,0.0,7970.0,0,1711.0,4.684462696783025,120.0,1.0,0,120.0,False,False,False,False,False,False,False,False,False,False,False,True,False,False,False,False,False,False,False,False,False,False,False,True,False,False,False,False,False,True,False,0.011180124223602485,0.010856453558504222
735,7110,71,711,0,5,24,8.0,,,,,,,,,,,,,,,,,,,,,,,,,,,,,,,,,,,,,,,,,,,,,,,,,,,,,,,0,1514.0,4.145106091718001,48.0,1.0,0,48.0,False,False,False,False,False,False,False,False,True,False,False,False,False,False,False,False,False,False,False,False,True,False,False,False,False,False,False,True,False,False,False,0.08074534161490683,0.07117008443908324
736,7110,71,711,0,5,24,1.0,,,,,,,,,,,,,,,,,,,,,,,,,,,,,,,,,,,,,,,,,,,,,,,,,,,,,,,1,1681.0,4.602327173169062,48.0,1.0,0,48.0,False,False,False,False,False,False,False,False,True,False,False,False,False,False,False,False,False,False,False,False,True,False,False,False,False,False,False,True,False,False,False,0.08074534161490683,0.07117008443908324
737,116,1,11,5,64,24,1.0,,,,,,,,,,,,,,,,,,,,,,,,,,,,,,,,,,,,,,,,,,,,,,,,,,,,,,,1,3621.0,9.91375770020534,48.0,1.0,0,48.0,False,False,False,False,False,False,False,False,False,False,True,False,False,False,False,False,False,False,False,False,False,False,True,False,False,False,False,False,False,False,False,0.03229813664596273,0.007237635705669481
738,140,1,14,0,0,36,7.0,0.0,0.0,0.0,0.0,0.0,0.0,1534533.0,403903.5,1130629.5,669669.0,1910408.5,0.0,0.0,0.0,2580077.5,0.0,0.0,0.0,4004.0,3714711.0,11617606.0,11349338.0,12059047.0,850349.5,844343.5,698698.0,10926415.5,0.0,844343.5,-144644.5,698698.0,0.0,0.0,0.0,0.0,1527526.0,894894.0,2422420.0,47547.5,47547.5,1244243.0,3714210.5,0.0,0.0,0.0,0.0,0.0,0.0,0.0,0.0,0.0,0.0,0.0,24094.0,1,4036.0,,81.0,3.0,0,27.0,False,False,False,False,False,False,False,False,False,True,False,False,False,False,False,False,False,False,False,False,False,True,False,False,False,False,False,False,True,False,False,0.02111801242236025,0.016887816646562123
739,6070,60,607,0,0,23,6.0,0.0,0.0,0.0,0.0,0.0,0.0,5040035.0,2778275.5,2261759.5,0.0,0.0,0.0,0.0,0.0,891891.0,0.0,0.0,0.0,2219717.5,5373368.0,4605601.0,4059055.0,6122616.5,3174171.0,1710208.5,1557055.5,5005.0,1421420.0,751751.0,6006.0,598598.0,0.0,0.0,0.0,0.0,1282281.0,3003500.5,4285781.5,197197.0,1087586.5,0.0,5373368.0,0.0,0.0,0.0,0.0,0.0,0.0,0.0,0.0,0.0,0.0,0.0,12233.0,0,1845.0,5.0513347022587265,48.0,1.0,0,48.0,False,False,False,False,False,False,False,False,False,False,False,True,False,False,False,False,False,False,False,False,False,False,False,True,False,False,False,False,False,True,False,0.07080745341614907,0.054282267792521106
740,6062,60,606,1,0,23,7.5,0.0,0.0,0.0,0.0,0.0,0.0,5040035.0,2778275.5,2261759.5,0.0,0.0,0.0,0.0,0.0,891891.0,0.0,0.0,0.0,2219717.5,5373368.0,4605601.0,4059055.0,6122616.5,3174171.0,1710208.5,1557055.5,5005.0,1421420.0,751751.0,6006.0,598598.0,0.0,0.0,0.0,0.0,1282281.0,3003500.5,4285781.5,197197.0,1087586.5,0.0,5373368.0,0.0,0.0,0.0,0.0,0.0,0.0,0.0,0.0,0.0,0.0,0.0,12233.0,0,1975.0,5.4072553045859,48.0,1.0,0,48.0,False,False,False,False,False,False,False,False,False,False,False,True,False,False,False,False,False,False,False,False,False,False,False,True,False,False,False,False,False,True,False,0.07080745341614907,0.054282267792521106
741,4521,45,452,4,500,24,7.0,0.0,0.0,0.0,0.0,0.0,0.0,28715186.5,15768002.25,12947184.25,23002479.5,87100513.5,0.0,0.0,0.0,119139520.5,0.0,0.0,0.0,92842.75,132179547.5,77723646.0,41362070.75,91281440.25,29306527.25,4889134.25,3021518.5,50637086.5,24159635.5,3261258.0,-1687185.5,1393642.25,0.0,0.0,0.0,0.0,34679895.25,0.0,34679895.25,40073033.0,71292721.5,26206930.75,132179547.5,0.0,0.0,0.0,0.0,0.0,0.0,0.0,0.0,0.0,0.0,0.0,175475.5,0,4205.0,11.512662559890487,48.0,1.0,0,48.0,False,True,False,False,False,False,False,False,False,False,False,False,False,True,False,False,False,False,False,False,False,False,False,False,True,False,False,False,False,False,False,0.3242236024844721,0.3823884197828709
742,7432,74,743,3,0,22,1.0,0.0,0.0,0.0,0.0,0.0,0.0,4950445.5,1950949.0,2999496.5,0.0,34346312.0,0.0,0.0,0.0,37983946.0,0.0,0.0,0.0,461961.5,41445404.0,14189675.5,0.0,17024007.0,5199694.5,1197696.5,1101100.0,10917406.5,4000997.0,558558.0,0.0,462462.0,0.0,0.0,0.0,0.0,7681674.0,83083.0,7764757.0,6103597.5,33662629.0,18018.0,41445404.0,0.0,0.0,0.0,0.0,0.0,0.0,0.0,0.0,0.0,0.0,0.0,34014.0,0,4540.0,12.429842573579739,60.0,1.0,0,60.0,False,True,False,False,False,False,False,False,False,False,False,False,False,True,False,False,False,False,False,False,False,False,False,False,True,False,False,False,False,False,False,0.3242236024844721,0.3823884197828709
743,2812,28,281,5,13,4,6.5,,,,,,,1424000.0,715000.0,709000.0,1678000.0,1076000.0,,,,2457000.0,,,,123000.0,3289000.0,3420000.0,3121000.0,2496000.0,830000.0,296000.0,275000.0,1235000.0,512000.0,212000.0,0.0,191000.0,,,,,2163000.0,0.0,2163000.0,578000.0,1126000.0,0.0,3289000.0,,,,,,,,,,,,,0,4856.0,13.295003422313483,84.0,1.0,0,84.0,False,False,False,False,False,False,False,False,False,True,False,False,False,False,False,False,False,False,False,False,False,True,False,False,False,False,False,False,True,False,False,0.02111801242236025,0.016887816646562123
744,4529,45,452,0,32,22,0.0,0.0,0.0,0.0,0.0,0.0,0.0,4175921.75,2117615.5,2058306.25,3619365.75,4221717.5,0.0,0.0,0.0,8487228.75,0.0,0.0,0.0,233733.5,10779268.5,1939778.0,3659.75,5415660.25,961961.0,659158.5,531280.75,4152898.75,293543.25,299549.25,-11761.75,171671.5,0.0,0.0,0.0,0.0,3883129.25,0.0,3883129.25,2007755.75,5225720.5,1670418.75,10779268.5,0.0,0.0,0.0,0.0,0.0,0.0,0.0,0.0,0.0,0.0,0.0,9377.5,0,9255.0,25.338809034907598,60.0,1.0,0,60.0,False,False,False,True,False,False,False,False,False,False,False,False,False,False,False,True,False,False,False,False,False,False,False,False,False,True,False,False,False,False,False,0.004968944099378882,0.0048250904704463205
745,4529,45,452,4,20,25,8.0,0.0,0.0,0.0,0.0,0.0,0.0,1369368.0,136386.25,1232981.75,1658907.25,1237486.25,0.0,0.0,0.0,3388885.5,0.0,0.0,0.0,18768.75,4640636.0,4124.5,10.5,9239230.0,1160909.75,482732.25,411661.25,7662404.75,669168.5,372372.0,0.0,301301.0,0.0,0.0,0.0,0.0,989738.75,0.0,989738.75,2061809.75,3650897.25,0.0,4640636.0,0.0,0.0,0.0,0.0,0.0,0.0,0.0,0.0,0.0,0.0,0.0,16915.5,0,3102.0,8.492813141683778,48.0,1.0,0,48.0,False,False,False,False,False,False,False,False,False,True,False,False,False,False,False,False,False,False,False,False,False,True,False,False,False,False,False,False,False,True,False,0.011180124223602485,0.010856453558504222
746,4529,45,452,2,20,20,7.0,0.0,0.0,0.0,0.0,0.0,0.0,1369368.0,136386.25,1232981.75,1658907.25,1237486.25,0.0,0.0,0.0,3388885.5,0.0,0.0,0.0,18768.75,4640636.0,4124.5,10.5,9239230.0,1160909.75,482732.25,411661.25,7662404.75,669168.5,372372.0,0.0,301301.0,0.0,0.0,0.0,0.0,989738.75,0.0,989738.75,2061809.75,3650897.25,0.0,4640636.0,0.0,0.0,0.0,0.0,0.0,0.0,0.0,0.0,0.0,0.0,0.0,16915.5,0,3169.0,8.676249144421629,48.0,1.0,0,48.0,False,False,False,False,False,False,False,False,False,True,False,False,False,False,False,False,False,False,False,False,False,True,False,False,False,False,False,False,False,True,False,0.011180124223602485,0.010856453558504222
747,6025,60,602,2,3,25,1.0,,,,,,,,,,,,,,,,,,,,,,,,,,,,,,,,,,,,,,,,,,,,,,,,,,,,,,,0,1279.0,3.5017111567419574,48.0,1.0,0,48.0,False,True,False,False,False,False,False,False,False,False,False,False,False,True,False,False,False,False,False,False,False,False,False,False,True,False,False,False,False,False,False,0.3242236024844721,0.3823884197828709
748,6024,60,602,2,3,23,7.0,,,,,,,,,,,,,,,,,,,,,,,,,,,,,,,,,,,,,,,,,,,,,,,,,,,,,,,0,1437.0,3.9342915811088295,60.0,1.0,0,60.0,False,True,False,False,False,False,False,False,False,False,False,False,False,True,False,False,False,False,False,False,False,False,False,False,True,False,False,False,False,False,False,0.3242236024844721,0.3823884197828709
749,116,1,11,7,28,7,5.5,100.0,0.0,0.0,100.0,0.0,0.0,0.0,0.0,0.0,0.0,0.0,100.0,0.0,0.0,0.0,100.0,0.0,0.0,0.0,0.0,0.0,0.0,0.0,0.0,0.0,0.0,0.0,0.0,0.0,0.0,0.0,30.0,0.0,0.0,2.0,0.0,0.0,0.0,0.0,0.0,0.0,0.0,51.0,0.0,0.0,35.7357,0.0,0.0,40.5553,50.0,0.0,0.0,1.0,0.0,0,4036.0,,84.0,12.0,0,7.0,False,False,False,False,False,False,False,False,False,False,False,False,False,False,False,False,False,False,False,False,False,False,True,False,False,False,False,False,False,False,False,,0.04945717732207479
750,5231,52,523,1,0,26,6.25,65.0,0.0,0.0,100.0,0.0,0.0,150150.0,0.0,150150.0,54554.5,0.0,100.0,0.0,0.0,54554.5,100.0,0.0,0.0,31531.5,236236.0,422922.5,403903.5,396396.0,64564.5,29029.0,27027.0,313313.0,34534.5,29029.0,0.0,27027.0,30.0,0.0,0.0,2.0,177677.5,0.0,177677.5,55555.5,58558.5,0.0,236236.0,100.0,0.0,0.0,41.339,0.0,0.0,34.4914,100.0,0.0,0.0,1.0,792.0,0,1658.0,4.539356605065024,84.0,1.0,0,84.0,False,False,False,False,False,False,False,False,False,False,True,False,False,False,False,False,False,True,False,False,False,False,False,False,False,False,False,False,False,False,False,0.009937888198757764,0.0012062726176115801
751,4529,45,452,2,111,24,7.0,0.0,0.0,0.0,0.0,0.0,0.0,14252738.5,10861100.25,3391638.25,39646857.25,15426160.75,0.0,0.0,0.0,57197390.25,0.0,0.0,0.0,22272.25,60611300.75,24597823.25,25840314.5,22300027.75,2908655.75,-747747.0,19769.75,15718703.0,3477223.75,-1315814.5,-297297.0,-548297.75,0.0,0.0,0.0,0.0,23678404.75,938687.75,24617092.5,5642386.75,17177160.0,18817048.25,60611300.75,0.0,0.0,0.0,0.0,0.0,0.0,0.0,0.0,0.0,0.0,0.0,41369.5,1,9699.0,26.55441478439425,48.0,1.0,0,48.0,False,False,False,False,False,False,False,False,True,False,False,False,False,False,False,False,False,False,False,False,True,False,False,False,False,False,False,True,False,False,False,0.08074534161490683,0.07117008443908324
752,4529,45,452,2,111,24,7.0,0.0,0.0,0.0,0.0,0.0,0.0,14252738.5,10861100.25,3391638.25,39646857.25,15426160.75,0.0,0.0,0.0,57197390.25,0.0,0.0,0.0,22272.25,60611300.75,24597823.25,25840314.5,22300027.75,2908655.75,-747747.0,19769.75,15718703.0,3477223.75,-1315814.5,-297297.0,-548297.75,0.0,0.0,0.0,0.0,23678404.75,938687.75,24617092.5,5642386.75,17177160.0,18817048.25,60611300.75,0.0,0.0,0.0,0.0,0.0,0.0,0.0,0.0,0.0,0.0,0.0,41369.5,1,9700.0,26.55715263518138,48.0,1.0,0,48.0,False,False,False,False,False,False,False,False,True,False,False,False,False,False,False,False,False,False,False,False,True,False,False,False,False,False,False,True,False,False,False,0.08074534161490683,0.07117008443908324
753,4030,40,403,10,125,25,6.0,,,,,,,,,,,,,,,,,,,,,,,,,,,,,,,,,,,,,,,,,,,,,,,,,,,,,,,0,1478.0,4.046543463381246,48.0,1.0,0,48.0,False,True,False,False,False,False,False,False,False,False,False,False,False,True,False,False,False,False,False,False,False,False,False,False,False,False,False,True,False,False,False,0.024844720496894408,0.020506634499396863
754,4010,40,401,0,125,22,6.0,,,,,,,,,,,,,,,,,,,,,,,,,,,,,,,,,,,,,,,,,,,,,,,,,,,,,,,0,1490.0,4.079397672826831,36.0,1.0,0,36.0,False,True,False,False,False,False,False,False,False,False,False,False,False,True,False,False,False,False,False,False,False,False,False,False,True,False,False,False,False,False,False,0.024844720496894408,0.020506634499396863
755,2914,29,291,10,0,4,6.0,0.0,0.0,0.0,0.0,0.0,0.0,12992729.75,4891887.0,8100842.75,1372120.75,3664661.0,0.0,0.0,0.0,7049042.0,0.0,0.0,0.0,421421.0,15571305.75,15328.25,7147.75,15482467.0,5839834.0,1417916.5,1031530.5,7659902.25,4314560.25,793542.75,-249499.25,407156.75,0.0,0.0,0.0,0.0,4990986.0,3777023.25,8768009.25,4768263.5,6484227.75,319068.75,15571305.75,0.0,0.0,0.0,0.0,0.0,0.0,0.0,0.0,0.0,0.0,0.0,31163.5,0,6124.0,16.76659822039699,83.0,3.0,0,27.666666666666668,False,True,False,False,False,False,False,False,False,False,False,False,False,True,False,False,False,False,False,False,False,False,False,False,True,False,False,False,False,False,False,0.0012422360248447205,0.0012062726176115801
756,4529,45,452,0,11,23,1.0,0.0,0.0,0.0,0.0,0.0,0.0,5682677.0,1367616.25,4315060.75,1198447.25,2970968.0,0.0,0.0,0.0,5031526.5,0.0,0.0,0.0,113863.75,9460451.0,4427923.5,4573068.5,4933678.75,1566314.75,958707.75,827576.75,2825322.5,602602.0,378878.5,-54554.5,247747.5,0.0,0.0,0.0,0.0,4130626.5,3410407.0,7541033.5,473222.75,1919417.5,0.0,9460451.0,0.0,0.0,0.0,0.0,0.0,0.0,0.0,0.0,0.0,0.0,0.0,10592.5,0,1742.0,4.769336071184121,60.0,1.0,0,60.0,False,False,False,False,True,False,False,False,False,False,False,False,False,False,False,False,True,False,False,False,False,False,False,False,False,True,False,False,False,False,False,0.004968944099378882,0.0036188178528347406
757,2666,26,266,0,11,25,0.0,0.0,0.0,0.0,0.0,0.0,0.0,5682677.0,1367616.25,4315060.75,1198447.25,2970968.0,0.0,0.0,0.0,5031526.5,0.0,0.0,0.0,113863.75,9460451.0,4427923.5,4573068.5,4933678.75,1566314.75,958707.75,827576.75,2825322.5,602602.0,378878.5,-54554.5,247747.5,0.0,0.0,0.0,0.0,4130626.5,3410407.0,7541033.5,473222.75,1919417.5,0.0,9460451.0,0.0,0.0,0.0,0.0,0.0,0.0,0.0,0.0,0.0,0.0,0.0,10592.5,1,1900.0,5.201916495550993,60.0,1.0,0,60.0,False,False,False,False,True,False,False,False,False,False,False,False,False,False,False,False,True,False,False,False,False,False,False,False,False,True,False,False,False,False,False,0.004968944099378882,0.0036188178528347406
758,5511,55,551,0,31,32,5.5,100.0,0.0,0.0,100.0,0.0,0.0,12376864.5,2999997.0,9376867.5,0.0,3259756.5,100.0,0.0,0.0,4453949.5,100.0,0.0,0.0,1130629.5,14961446.5,6258752.5,4134130.0,5526020.5,1791289.5,1325824.5,888387.5,3698194.5,447947.5,839338.5,-192692.5,401901.5,30.0,0.0,0.0,1.0,12787274.5,1565564.0,14352838.5,187187.0,608608.0,0.0,14961446.5,51.0,0.0,0.0,37.6029,0.0,0.0,41.6403,66.0,0.0,0.0,1.0,9166.0,0,4036.0,,60.0,3.0,0,20.0,False,False,False,False,False,False,False,False,False,False,False,True,False,False,False,False,False,False,False,False,False,False,False,True,False,False,False,False,False,False,True,0.002484472049689441,0.0024125452352231603
759,1422,14,142,6,12,23,5.0,100.0,0.0,0.0,100.0,0.0,0.0,967967.0,393893.5,574073.5,1597596.0,1970969.0,100.0,0.0,0.0,3751748.0,100.0,0.0,0.0,1001.0,4326822.5,2046044.0,1843842.0,2468966.5,583082.5,174674.5,90090.0,1650148.5,385385.0,132632.5,-71571.5,48048.0,30.0,0.0,0.0,4.0,1609107.5,12012.0,1621119.5,477477.0,2542540.0,163163.0,4326822.5,51.0,0.0,0.0,41.5707,0.0,0.0,34.3415,100.0,0.0,0.0,2.0,4933.0,0,8681.0,23.76728268309377,48.0,1.0,0,48.0,False,False,False,False,False,False,False,False,False,False,True,False,False,False,False,False,False,False,False,False,False,False,True,False,False,False,False,False,False,False,False,0.04720496894409938,0.04945717732207479
760,6025,60,602,3,7,23,7.5,0.0,0.0,0.0,0.0,0.0,0.0,685434.75,231731.5,453703.25,0.0,331581.25,0.0,0.0,0.0,522021.5,0.0,0.0,0.0,9259.25,984984.0,1388887.5,498498.0,2045043.0,582081.5,371120.75,304804.5,1074573.5,205955.75,256005.75,-35285.25,189689.5,0.0,0.0,0.0,0.0,549048.5,281030.75,830079.25,78078.0,128628.5,35035.0,984984.0,0.0,0.0,0.0,0.0,0.0,0.0,0.0,0.0,0.0,0.0,0.0,4086.0,1,1539.0,4.213552361396304,60.0,1.0,0,60.0,False,True,False,False,False,False,False,False,False,False,False,False,False,True,False,False,False,False,False,False,False,False,False,False,True,False,False,False,False,False,False,0.3242236024844721,0.3823884197828709
761,7412,74,741,5,6,24,7.0,0.0,0.0,0.0,0.0,0.0,0.0,1983982.0,1123122.0,860860.0,0.0,603102.5,0.0,0.0,0.0,675174.5,0.0,0.0,0.0,28028.0,1564062.5,1016515.5,0.0,994994.0,591090.5,159159.0,155655.5,127627.5,405405.0,29529.5,500.5,26026.0,0.0,0.0,0.0,0.0,599098.5,414414.0,1013512.5,20020.0,550550.0,0.0,1564062.5,0.0,0.0,0.0,0.0,0.0,0.0,0.0,0.0,0.0,0.0,0.0,1909.0,0,5789.0,15.849418206707734,120.0,1.0,0,120.0,False,False,False,False,False,False,False,False,True,False,False,False,False,False,False,False,False,False,False,False,True,False,False,False,False,False,False,True,False,False,False,0.08074534161490683,0.07117008443908324
762,4521,45,452,2,2,22,6.5,0.0,0.0,0.0,0.0,0.0,0.0,3534030.5,2040038.0,1493992.5,1604102.5,5187682.5,0.0,0.0,0.0,7115608.5,0.0,0.0,0.0,43043.0,8652644.0,2416414.0,0.0,6807801.0,1372371.0,770770.0,699198.5,4871366.5,442942.5,452952.5,-5005.0,381381.0,0.0,0.0,0.0,0.0,276776.5,0.0,276776.5,2228726.5,8234726.5,141141.0,8652644.0,0.0,0.0,0.0,0.0,0.0,0.0,0.0,0.0,0.0,0.0,0.0,13195.0,0,2794.0,7.649555099247091,60.0,1.0,0,60.0,False,True,False,False,False,False,False,False,False,False,False,False,False,True,False,False,False,False,False,False,False,False,False,False,True,False,False,False,False,False,False,0.024844720496894408,0.3823884197828709
763,123,1,12,0,0,9,5.2,100.0,0.0,0.0,100.0,0.0,0.0,0.0,0.0,0.0,0.0,0.0,100.0,0.0,0.0,0.0,100.0,0.0,0.0,0.0,0.0,0.0,0.0,0.0,0.0,0.0,0.0,0.0,0.0,0.0,0.0,0.0,35.0,0.0,0.0,1.0,0.0,0.0,0.0,0.0,0.0,0.0,0.0,51.0,0.0,0.0,41.7372,0.0,0.0,49.0875,100.0,0.0,0.0,1.0,0.0,0,4036.0,,108.0,6.0,0,18.0,False,False,False,True,False,False,False,False,False,False,False,False,False,False,False,True,False,False,False,False,False,False,False,False,False,True,False,False,False,False,False,0.004968944099378882,0.020506634499396863
764,6042,60,604,3,10,24,8.0,,,,,,,,,,,,,,,,,,,,,,,,,,,,,,,,,,,,,,,,,,,,,,,,,,,,,,,1,1619.0,4.432580424366872,48.0,1.0,0,48.0,False,False,False,False,False,False,False,False,True,False,False,False,False,False,False,False,False,False,False,False,True,False,False,False,False,False,False,True,False,False,False,0.08074534161490683,0.07117008443908324
765,6042,60,604,2,10,24,8.0,,,,,,,,,,,,,,,,,,,,,,,,,,,,,,,,,,,,,,,,,,,,,,,,,,,,,,,1,1870.0,5.119780971937029,48.0,1.0,0,48.0,False,False,False,False,False,False,False,False,True,False,False,False,False,False,False,False,False,False,False,False,True,False,False,False,False,False,False,True,False,False,False,0.08074534161490683,0.07117008443908324
766,6042,60,604,2,10,24,8.0,,,,,,,,,,,,,,,,,,,,,,,,,,,,,,,,,,,,,,,,,,,,,,,,,,,,,,,1,1870.0,5.119780971937029,48.0,1.0,0,48.0,False,False,False,False,False,False,False,False,True,False,False,False,False,False,False,False,False,False,False,False,True,False,False,False,False,False,False,True,False,False,False,0.08074534161490683,0.07117008443908324
767,8040,80,804,7,0,2,6.25,0.0,0.0,0.0,0.0,0.0,0.0,2815312.5,1301800.5,1513512.0,0.0,52552.5,0.0,0.0,0.0,75575.5,0.0,0.0,0.0,74074.0,1663161.5,163663.5,175675.5,203703.5,189689.5,155655.5,100600.5,500.5,25025.0,5505.5,-53053.0,-49549.5,0.0,0.0,0.0,0.0,145145.0,1172671.5,1317816.5,13013.0,345345.0,0.0,1663161.5,0.0,0.0,0.0,0.0,0.0,0.0,0.0,0.0,0.0,0.0,0.0,407.0,0,4387.0,12.010951403148528,180.0,1.0,0,180.0,False,True,False,False,False,False,False,False,False,False,False,False,False,True,False,False,False,False,False,False,False,False,False,False,True,False,False,False,False,False,False,0.3242236024844721,0.3823884197828709
768,6062,60,606,0,0,25,0.0,0.0,0.0,0.0,0.0,0.0,0.0,2622620.0,1905403.5,717216.5,0.0,545044.5,0.0,0.0,0.0,829078.25,0.0,0.0,0.0,579078.5,2125373.25,1779778.0,708349.25,2831829.0,984733.75,665164.5,630129.5,1632631.0,311561.25,174674.5,0.0,139639.5,0.0,0.0,0.0,0.0,28028.0,0.0,28028.0,215215.0,2097345.25,0.0,2125373.25,0.0,0.0,0.0,0.0,0.0,0.0,0.0,0.0,0.0,0.0,0.0,5658.0,0,1936.0,5.300479123887748,60.0,1.0,0,60.0,False,False,False,False,False,False,False,False,False,False,True,False,False,False,False,False,False,False,False,False,False,False,True,False,False,True,False,False,False,False,False,0.03229813664596273,0.013268998793727383
769,5151,51,515,320,47,20,1.0,0.0,0.0,0.0,0.0,0.0,0.0,4686431.75,892141.25,3794290.5,1195944.75,7382875.5,0.0,0.0,0.0,15926911.0,0.0,0.0,0.0,2238986.75,21960188.25,209767057.5,218870652.0,147405758.5,2616614.0,1628376.75,1083332.25,142610468.0,985484.5,1325574.25,-114614.5,780529.75,0.0,0.0,0.0,0.0,7568310.75,0.0,7568310.75,8995486.5,14391877.5,0.0,21960188.25,0.0,0.0,0.0,0.0,0.0,0.0,0.0,0.0,0.0,0.0,0.0,294517.0,0,1404.0,3.8439425051334704,60.0,1.0,0,60.0,False,True,False,False,False,False,False,False,False,False,False,False,False,True,False,False,False,False,False,False,False,False,False,False,False,False,False,False,True,False,False,0.024844720496894408,0.020506634499396863
770,9999,99,999,0,0,28,8.2,0.0,0.0,0.0,0.0,0.0,0.0,0.0,0.0,0.0,0.0,0.0,0.0,0.0,0.0,0.0,0.0,0.0,0.0,0.0,0.0,0.0,0.0,0.0,0.0,0.0,0.0,0.0,0.0,0.0,0.0,0.0,0.0,0.0,0.0,0.0,0.0,0.0,0.0,0.0,0.0,0.0,0.0,0.0,0.0,0.0,0.0,0.0,0.0,0.0,0.0,0.0,0.0,0.0,0.0,1,4036.0,,144.0,3.0,0,48.0,False,False,False,False,True,False,False,False,False,False,False,False,False,False,False,False,False,False,False,False,False,False,False,False,False,True,False,False,False,False,False,0.06459627329192547,
771,5151,51,515,2,11,26,8.75,100.0,100.0,100.0,100.0,1.0,1.0,420920.5,41041.0,379879.5,1829327.5,3445942.5,100.0,100.0,100.0,5375870.5,100.0,100.0,100.0,252252.0,6008002.0,7624617.0,3624120.5,10114104.0,2050048.0,1684182.5,1167666.5,7991984.0,364864.5,1666665.0,0.0,1150149.0,70.0,70.0,70.0,1.0,3500997.5,0.0,3500997.5,1774272.5,2507004.5,0.0,6008002.0,51.0,51.0,51.0,38.9349,37.9527,37.9527,38.9743,66.0,100.0,100.0,2.0,20208.0,0,4782.0,13.092402464065708,84.0,4.0,0,21.0,False,False,False,False,False,False,False,True,False,False,False,False,False,False,False,False,False,False,False,True,False,False,False,False,False,False,False,False,False,False,False,0.02608695652173913,0.024125452352231604
772,2466,24,246,10,15,3,6.0,0.0,0.0,0.0,0.0,0.0,0.0,929428.5,189189.0,740239.5,1454453.0,0.0,0.0,0.0,0.0,1482981.5,0.0,0.0,0.0,39039.0,2262260.0,2795793.0,2706203.5,3700196.5,451951.5,317817.5,266766.5,3140637.5,127127.0,221721.5,-28028.0,170670.5,0.0,0.0,0.0,0.0,743242.5,188688.5,931931.0,10010.0,1330329.0,0.0,2262260.0,0.0,0.0,0.0,0.0,0.0,0.0,0.0,0.0,0.0,0.0,0.0,7393.0,0,2506.0,6.861054072553046,84.0,3.0,0,28.0,False,False,False,False,True,False,False,False,False,False,False,False,False,False,False,False,True,False,False,False,False,False,False,False,False,True,False,False,False,False,False,0.06459627329192547,0.06031363088057901
773,5147,51,514,2,8,24,6.5,0.0,0.0,0.0,0.0,0.0,0.0,7480473.0,629378.75,6851094.25,587086.5,3608855.25,0.0,0.0,0.0,8820561.75,0.0,0.0,0.0,359609.25,16031265.25,11932331.5,15003.2225,11432170.75,2843340.5,2140638.5,1797295.5,8178420.25,632632.0,1700198.5,235985.75,1356855.5,0.0,0.0,0.0,0.0,4986481.5,1126125.0,6112606.5,6881124.25,9918658.75,0.0,16031265.25,0.0,0.0,0.0,0.0,0.0,0.0,0.0,0.0,0.0,0.0,0.0,22841.5,0,4430.0,12.128678986995208,60.0,1.0,0,60.0,False,True,False,False,False,False,False,False,False,False,False,False,False,True,False,False,False,False,False,False,False,False,False,False,True,False,False,False,False,False,False,0.3242236024844721,0.3823884197828709
774,5147,51,514,2,8,24,6.5,0.0,0.0,0.0,0.0,0.0,0.0,7480473.0,629378.75,6851094.25,587086.5,3608855.25,0.0,0.0,0.0,8820561.75,0.0,0.0,0.0,359609.25,16031265.25,11932331.5,15003.2225,11432170.75,2843340.5,2140638.5,1797295.5,8178420.25,632632.0,1700198.5,235985.75,1356855.5,0.0,0.0,0.0,0.0,4986481.5,1126125.0,6112606.5,6881124.25,9918658.75,0.0,16031265.25,0.0,0.0,0.0,0.0,0.0,0.0,0.0,0.0,0.0,0.0,0.0,22841.5,0,4430.0,12.128678986995208,60.0,1.0,0,60.0,False,True,False,False,False,False,False,False,False,False,False,False,False,True,False,False,False,False,False,False,False,False,False,False,True,False,False,False,False,False,False,0.3242236024844721,0.3823884197828709
775,5147,51,514,2,8,24,6.5,0.0,0.0,0.0,0.0,0.0,0.0,7480473.0,629378.75,6851094.25,587086.5,3608855.25,0.0,0.0,0.0,8820561.75,0.0,0.0,0.0,359609.25,16031265.25,11932331.5,15003.2225,11432170.75,2843340.5,2140638.5,1797295.5,8178420.25,632632.0,1700198.5,235985.75,1356855.5,0.0,0.0,0.0,0.0,4986481.5,1126125.0,6112606.5,6881124.25,9918658.75,0.0,16031265.25,0.0,0.0,0.0,0.0,0.0,0.0,0.0,0.0,0.0,0.0,0.0,22841.5,0,4430.0,12.128678986995208,60.0,1.0,0,60.0,False,True,False,False,False,False,False,False,False,False,False,False,False,True,False,False,False,False,False,False,False,False,False,False,True,False,False,False,False,False,False,0.3242236024844721,0.3823884197828709
776,5147,51,514,2,8,24,6.5,0.0,0.0,0.0,0.0,0.0,0.0,7480473.0,629378.75,6851094.25,587086.5,3608855.25,0.0,0.0,0.0,8820561.75,0.0,0.0,0.0,359609.25,16031265.25,11932331.5,15003.2225,11432170.75,2843340.5,2140638.5,1797295.5,8178420.25,632632.0,1700198.5,235985.75,1356855.5,0.0,0.0,0.0,0.0,4986481.5,1126125.0,6112606.5,6881124.25,9918658.75,0.0,16031265.25,0.0,0.0,0.0,0.0,0.0,0.0,0.0,0.0,0.0,0.0,0.0,22841.5,0,4430.0,12.128678986995208,60.0,1.0,0,60.0,False,True,False,False,False,False,False,False,False,False,False,False,False,True,False,False,False,False,False,False,False,False,False,False,True,False,False,False,False,False,False,0.3242236024844721,0.3823884197828709
777,5147,51,514,2,8,24,6.5,0.0,0.0,0.0,0.0,0.0,0.0,7480473.0,629378.75,6851094.25,587086.5,3608855.25,0.0,0.0,0.0,8820561.75,0.0,0.0,0.0,359609.25,16031265.25,11932331.5,15003.2225,11432170.75,2843340.5,2140638.5,1797295.5,8178420.25,632632.0,1700198.5,235985.75,1356855.5,0.0,0.0,0.0,0.0,4986481.5,1126125.0,6112606.5,6881124.25,9918658.75,0.0,16031265.25,0.0,0.0,0.0,0.0,0.0,0.0,0.0,0.0,0.0,0.0,0.0,22841.5,0,4430.0,12.128678986995208,60.0,1.0,0,60.0,False,True,False,False,False,False,False,False,False,False,False,False,False,True,False,False,False,False,False,False,False,False,False,False,True,False,False,False,False,False,False,0.3242236024844721,0.3823884197828709
778,6062,60,606,6,32,23,6.75,0.0,0.0,0.0,0.0,0.0,0.0,8685927.25,4242488.25,4443439.0,0.0,8278270.0,0.0,0.0,0.0,11054043.0,0.0,0.0,0.0,2463711.25,17961193.25,10328818.5,4935011.5,12302790.5,2966964.0,1865613.75,1697696.0,9103594.5,1016765.75,173423.25,-105605.5,5505.5,0.0,0.0,0.0,0.0,2775022.25,7784026.25,10559048.5,4139385.25,7402144.75,0.0,17961193.25,0.0,0.0,0.0,0.0,0.0,0.0,0.0,0.0,0.0,0.0,0.0,24581.0,0,1267.0,3.468856947296372,60.0,1.0,0,60.0,False,True,False,False,False,False,False,False,False,False,False,False,False,True,False,False,False,False,False,False,False,False,False,False,True,False,False,False,False,False,False,0.3242236024844721,0.3823884197828709
779,500,5,50,3,0,7,6.5,100.0,0.0,0.0,100.0,0.0,0.0,0.0,0.0,0.0,0.0,0.0,100.0,0.0,0.0,0.0,100.0,0.0,0.0,0.0,0.0,0.0,0.0,0.0,0.0,0.0,0.0,0.0,0.0,0.0,0.0,0.0,30.0,0.0,0.0,1.0,0.0,0.0,0.0,0.0,0.0,0.0,0.0,51.0,0.0,0.0,35.7357,0.0,0.0,35.6743,50.0,0.0,0.0,2.0,0.0,1,4036.0,,48.0,3.0,0,16.0,False,False,False,False,False,False,False,False,False,False,False,True,False,False,False,False,False,False,False,False,False,False,False,True,False,False,False,False,False,True,False,0.0037267080745341614,0.0036188178528347406
780,6062,60,606,2,0,23,5.0,0.0,0.0,0.0,0.0,0.0,0.0,225225.0,4004.0,221221.0,0.0,1993491.5,0.0,0.0,0.0,6860353.5,0.0,0.0,0.0,8008.0,7089582.5,3494491.0,0.0,11046535.5,1175174.0,246246.0,188688.5,8991482.5,920419.5,242242.0,-2002.0,184684.5,0.0,0.0,0.0,0.0,1284783.5,166166.0,1450949.5,4572067.5,5635129.5,3503.5,7089582.5,0.0,0.0,0.0,0.0,0.0,0.0,0.0,0.0,0.0,0.0,0.0,22071.0,0,2403.0,6.579055441478439,60.0,1.0,0,60.0,False,True,False,False,False,False,False,False,False,False,False,False,False,True,False,False,False,False,False,False,False,False,False,False,True,False,False,False,False,False,False,0.3242236024844721,0.3823884197828709
781,6062,60,606,7,100,24,5.0,0.0,0.0,0.0,0.0,0.0,0.0,9289530.25,5309804.5,3979725.75,826575.75,14805540.75,0.0,0.0,0.0,23401628.25,0.0,0.0,0.0,47047.0,27428401.0,24341317.0,10160650.5,31744963.25,7013506.5,3021768.75,1347095.75,21064793.75,3737483.75,2316314.0,-1519267.75,605855.25,0.0,0.0,0.0,0.0,5324068.75,35035.0,5359103.75,15335820.5,19478959.5,2590337.75,27428401.0,0.0,0.0,0.0,0.0,0.0,0.0,0.0,0.0,0.0,0.0,0.0,63426.5,0,3937.0,10.778918548939084,60.0,1.0,0,60.0,False,True,False,False,False,False,False,False,False,False,False,False,False,True,False,False,False,False,False,False,False,False,False,False,True,False,False,False,False,False,False,0.3242236024844721,0.3823884197828709
782,5148,51,514,5,10,7,6.0,,,,,,,,,,,,,,,,,,,,,,,,,,,,,,,,,,,,,,,,,,,,,,,,,,,,,,,0,2442.0,6.685831622176591,84.0,1.0,0,84.0,False,True,False,False,False,False,False,False,False,False,False,False,False,True,False,False,False,False,False,False,False,False,False,False,True,False,False,False,False,False,False,0.3242236024844721,0.3823884197828709
783,5241,52,524,6,0,9,6.5,100.0,0.0,0.0,100.0,0.0,0.0,0.0,0.0,0.0,0.0,0.0,100.0,0.0,0.0,0.0,100.0,0.0,0.0,0.0,0.0,0.0,0.0,0.0,0.0,0.0,0.0,0.0,0.0,0.0,0.0,0.0,30.0,0.0,0.0,0.0,0.0,0.0,0.0,0.0,0.0,0.0,0.0,100.0,0.0,0.0,44.839,0.0,0.0,0.0,100.0,0.0,0.0,0.0,0.0,1,1293.0,3.540041067761807,120.0,1.0,0,120.0,False,True,False,False,False,False,False,False,False,False,False,False,False,True,False,False,False,False,False,False,False,False,False,False,True,False,False,False,False,False,False,0.3242236024844721,0.3823884197828709
784,8511,85,851,10,0,24,1.0,,,,,,,0.0,0.0,0.0,0.0,0.0,,,,0.0,,,,1000000.0,1000000.0,0.0,0.0,0.0,0.0,0.0,0.0,0.0,0.0,0.0,0.0,0.0,,,,,1000000.0,0.0,1000000.0,0.0,0.0,0.0,1000000.0,,,,,,,,,,,,,1,218.0,0.5968514715947981,84.0,1.0,0,84.0,False,False,False,False,False,False,False,False,False,True,False,False,False,False,False,False,False,False,False,False,False,True,False,False,False,False,False,False,True,False,False,0.02111801242236025,0.016887816646562123
785,5131,51,513,5,0,7,7.0,0.0,0.0,0.0,0.0,0.0,0.0,0.0,0.0,0.0,0.0,0.0,0.0,0.0,0.0,0.0,0.0,0.0,0.0,0.0,0.0,0.0,0.0,0.0,0.0,0.0,0.0,0.0,0.0,0.0,0.0,0.0,0.0,0.0,0.0,0.0,0.0,0.0,0.0,0.0,0.0,0.0,0.0,0.0,0.0,0.0,0.0,0.0,0.0,0.0,0.0,0.0,0.0,0.0,0.0,0,4036.0,,84.0,12.0,0,7.0,False,False,False,False,False,False,False,False,False,False,False,False,False,False,False,False,True,False,False,False,False,False,False,False,False,True,False,False,False,False,False,,0.0012062726176115801
786,2663,26,266,34,0,1,6.0,65.0,100.0,0.0,1.0,100.0,0.0,1659157.5,61061.0,1598096.5,7507.5,12512.5,100.0,100.0,0.0,20020.0,50.0,100.0,0.0,9009.0,1627125.5,0.0,0.0,2490988.5,202702.5,174674.5,145145.0,2276274.0,27527.5,114114.0,-11511.5,84584.5,100.0,100.0,0.0,2.0,132632.5,344844.5,477477.0,0.0,1149648.5,0.0,1627125.5,51.0,51.0,0.0,27.1167,43.9017,0.0,36.2243,50.0,100.0,0.0,2.0,4977.0,1,834.0,2.2833675564681726,84.0,3.0,0,28.0,False,False,False,False,False,False,False,False,True,False,False,False,False,False,False,False,False,False,False,False,True,False,False,False,False,False,False,True,False,False,False,0.0012422360248447205,0.0012062726176115801
787,1825,18,182,0,0,1,6.5,0.0,0.0,0.0,0.0,0.0,0.0,474974.5,237737.5,237237.0,23023.0,213713.5,0.0,0.0,0.0,1281780.5,0.0,0.0,0.0,38538.5,1557556.0,4852848.0,4859855.0,4280276.0,1295294.0,339839.5,293293.0,2704702.0,953452.5,311311.0,0.0,264764.5,0.0,0.0,0.0,0.0,570570.0,0.0,570570.0,887887.0,986986.0,0.0,1557556.0,0.0,0.0,0.0,0.0,0.0,0.0,0.0,0.0,0.0,0.0,0.0,8552.0,1,4259.0,11.66050650239562,12.0,3.0,0,4.0,False,False,False,False,False,False,False,False,False,False,False,True,False,False,False,False,False,False,False,False,False,False,False,True,False,False,False,False,False,True,False,0.07080745341614907,0.054282267792521106
788,2451,24,245,5,50,35,5.65,0.0,0.0,0.0,0.0,0.0,0.0,2695192.5,862862.0,1832330.5,1329077.75,1551049.5,0.0,0.0,0.0,3250497.25,0.0,0.0,0.0,16266.25,5099094.0,5192.25,3913.75,5748242.5,1233982.75,509008.5,397146.75,4027023.0,687937.25,255755.5,-37037.0,143893.75,0.0,0.0,0.0,0.0,1398397.0,0.0,1398397.0,1383632.25,3700697.0,0.0,5099094.0,0.0,0.0,0.0,0.0,0.0,0.0,0.0,0.0,0.0,0.0,0.0,11485.0,0,2170.0,5.94113620807666,120.0,1.0,0,120.0,False,True,False,False,False,False,False,False,False,False,False,False,False,True,False,False,False,False,False,False,False,False,False,False,False,False,True,False,False,False,False,0.024844720496894408,0.020506634499396863
789,8021,80,802,12,0,36,8.0,0.0,0.0,0.0,0.0,0.0,0.0,3461458.0,1040539.5,2420918.5,0.0,9009.0,0.0,0.0,0.0,17517.5,0.0,0.0,0.0,21521.5,2459957.5,1233732.5,865865.0,2038536.5,1904402.5,864363.5,727727.0,79079.0,1036035.0,542041.5,-6006.0,405405.0,0.0,0.0,0.0,0.0,903903.0,25025.0,928928.0,27027.0,1531029.5,0.0,2459957.5,0.0,0.0,0.0,0.0,0.0,0.0,0.0,0.0,0.0,0.0,0.0,4073.0,0,1996.0,5.464750171115674,48.0,1.0,0,48.0,False,False,False,False,False,False,False,False,False,True,False,False,False,False,False,False,False,False,False,False,False,True,False,False,False,False,False,False,True,False,False,0.02111801242236025,0.016887816646562123
790,6025,60,602,5,204,20,5.0,50.0,0.0,0.0,50.0,0.0,0.0,39010471.5,3147894.75,35862576.75,0.0,23048525.5,50.0,0.0,0.0,26600824.25,50.0,0.0,0.0,392141.75,62855542.75,12561636.5,7344.75,42312770.5,14075061.0,11662901.25,4211457.25,21191670.5,2360107.75,8584826.25,-329579.25,1133382.25,15.0,0.0,0.0,0.0,19489470.0,17278761.5,36768231.5,17923906.0,18732463.75,7354847.5,62855542.75,50.0,0.0,0.0,22.4195,0.0,0.0,0.0,50.0,0.0,0.0,0.0,84541.0,0,1367.0,3.7426420260095825,60.0,1.0,0,60.0,False,True,False,False,False,False,False,False,False,False,False,False,False,True,False,False,False,False,False,False,False,False,False,False,True,False,False,False,False,False,False,0.3242236024844721,0.3823884197828709
791,2222,22,222,1,16,22,6.5,0.0,0.0,0.0,0.0,0.0,0.0,2882880.0,2027025.0,855855.0,0.0,5058053.0,0.0,0.0,0.0,5939433.5,0.0,0.0,0.0,914914.0,7710202.5,5353848.5,0.0,6082576.5,1571069.5,267267.0,379879.5,3438935.5,1257756.5,187687.5,0.0,300300.0,0.0,0.0,0.0,0.0,1946945.0,0.0,1946945.0,3275772.5,5763257.5,0.0,7710202.5,0.0,0.0,0.0,0.0,0.0,0.0,0.0,0.0,0.0,0.0,0.0,12153.0,0,12904.0,35.32922655715264,60.0,1.0,0,60.0,False,True,False,False,False,False,False,False,False,False,False,False,False,True,False,False,False,False,False,False,False,False,False,False,True,False,False,False,False,False,False,0.3242236024844721,0.3823884197828709
792,8022,80,802,30,120,9,5.75,0.0,0.0,0.0,0.0,0.0,0.0,6162156.0,4956952.0,1205204.0,0.0,0.0,0.0,0.0,0.0,0.0,0.0,0.0,0.0,7108601.5,8313805.5,7513506.0,6448942.5,8389381.0,6883376.5,2208206.0,1649147.5,738237.5,4562558.0,1937936.0,0.0,1378877.5,0.0,0.0,0.0,0.0,7831323.5,0.0,7831323.5,81081.0,482482.0,0.0,8313805.5,0.0,0.0,0.0,0.0,0.0,0.0,0.0,0.0,0.0,0.0,0.0,16762.0,0,10483.0,28.700889801505816,120.0,1.0,0,120.0,False,False,False,False,False,False,False,False,False,True,False,False,False,False,False,False,False,False,False,False,False,True,False,False,False,False,False,False,True,False,False,0.07204968944099378,0.05066344993968637
793,4529,45,452,0,75,23,6.2,0.0,0.0,0.0,0.0,0.0,0.0,392892.5,126626.5,266266.0,0.0,4220216.0,0.0,0.0,0.0,5340335.0,0.0,0.0,0.0,500.5,5607101.5,13296283.0,19954935.0,12702690.0,2420418.0,381881.5,278778.5,10171161.0,2023021.0,336336.0,-37537.5,233233.0,0.0,0.0,0.0,0.0,1076075.0,243743.5,1319818.5,1970468.5,2982980.0,1304303.0,5607101.5,0.0,0.0,0.0,0.0,0.0,0.0,0.0,0.0,0.0,0.0,0.0,25380.0,0,1557.0,4.262833675564682,48.0,1.0,0,48.0,False,False,False,False,False,False,False,False,False,False,False,True,False,False,False,False,False,False,False,False,False,False,False,True,False,False,False,False,False,True,False,0.07080745341614907,0.054282267792521106
794,6062,60,606,2,0,25,1.0,50.0,0.0,0.0,50.0,0.0,0.0,1372621.25,839839.0,532782.25,0.0,847596.75,37.5,0.0,0.0,1689938.25,50.0,0.0,0.0,41791.75,2264512.25,2486734.25,1811559.75,3332829.5,489489.0,156156.0,265515.25,2217715.5,301801.5,-53303.25,-14014.0,-2502.5,15.0,0.0,0.0,2.0,862862.0,0.0,862862.0,1200699.5,1312811.5,88838.75,2264512.25,25.5,0.0,0.0,20.41035,0.0,0.0,17.17075,50.0,0.0,0.0,1.0,6659.0,1,434.0,1.1882272416153319,60.0,1.0,0,60.0,False,False,False,False,False,False,False,False,False,False,True,False,False,False,False,False,False,False,False,False,False,False,True,False,False,False,False,False,False,False,False,0.04720496894409938,0.04945717732207479
795,4531,45,453,25,12,5,6.5,0.0,0.0,0.0,0.0,0.0,0.0,321321.0,119119.0,202202.0,11511.5,2115613.5,0.0,0.0,0.0,2220718.5,0.0,0.0,0.0,48048.0,2470968.5,3248245.0,2818315.5,2470968.5,524023.5,267767.5,227727.5,1828326.5,205705.5,249749.5,0.0,209709.5,0.0,0.0,0.0,0.0,1307306.0,29029.0,1336335.0,675174.5,1134633.5,0.0,2470968.5,0.0,0.0,0.0,0.0,0.0,0.0,0.0,0.0,0.0,0.0,0.0,4937.0,0,5881.0,16.10130047912389,84.0,1.0,0,84.0,False,False,False,False,False,False,False,False,False,False,True,False,False,False,False,False,False,False,False,False,False,False,True,False,False,False,False,False,False,False,False,0.04720496894409938,0.04945717732207479
796,4102,41,410,24,0,7,7.0,100.0,100.0,0.0,100.0,1.0,0.0,389889.5,23023.0,366866.5,0.0,0.0,100.0,100.0,0.0,13513.5,100.0,100.0,0.0,1001.0,381381.0,0.0,0.0,140640.5,15515.5,9009.0,9009.0,119119.0,2002.0,-14014.0,0.0,-14014.0,70.0,70.0,0.0,1.0,36036.0,0.0,36036.0,290790.5,345345.0,0.0,381381.0,50.0,50.0,0.0,38.8682,32.051,0.0,38.3403,66.0,50.0,0.0,1.0,281.0,0,564.0,1.5441478439425051,60.0,1.0,0,60.0,False,True,False,False,False,False,False,False,False,False,False,False,False,True,False,False,False,False,False,False,False,False,False,False,True,False,False,False,False,False,False,0.3242236024844721,0.3823884197828709
797,6062,60,606,0,0,20,6.0,0.0,0.0,0.0,0.0,0.0,0.0,1099098.0,465965.5,633132.5,0.0,3740236.5,0.0,0.0,0.0,4401897.5,0.0,0.0,0.0,747747.0,5782777.0,12731.0,11074.5,17465948.5,4084080.0,1456455.0,1219718.5,12490478.0,2627625.0,905905.0,-3003.0,584584.0,0.0,0.0,0.0,0.0,2479977.5,0.0,2479977.5,1462961.5,3302799.5,0.0,5782777.0,0.0,0.0,0.0,0.0,0.0,0.0,0.0,0.0,0.0,0.0,0.0,34897.0,0,10873.0,29.76865160848734,48.0,1.0,0,48.0,False,False,False,False,False,False,False,False,False,False,False,True,False,False,False,False,False,False,False,False,False,False,False,True,False,False,False,False,False,True,False,0.07080745341614907,0.054282267792521106
798,8512,85,851,4,0,5,6.5,0.0,0.0,0.0,0.0,0.0,0.0,113613.5,18018.0,95595.5,0.0,23023.0,0.0,0.0,0.0,24024.0,0.0,0.0,0.0,8008.0,127627.5,88588.5,0.0,146646.5,93593.5,68068.0,58058.0,12512.5,21521.5,63063.0,-500.5,53053.0,0.0,0.0,0.0,0.0,114614.5,0.0,114614.5,500.5,13013.0,0.0,127627.5,0.0,0.0,0.0,0.0,0.0,0.0,0.0,0.0,0.0,0.0,0.0,293.0,0,1460.0,3.997262149212868,180.0,1.0,0,180.0,False,False,False,False,False,False,False,False,False,False,False,False,False,True,False,False,False,False,False,False,False,False,False,False,True,False,False,False,False,False,False,,0.3823884197828709
799,6062,60,606,2,0,25,7.0,0.0,0.0,0.0,0.0,0.0,0.0,539288.75,13492.6466675,525796.1033325,0.0,1954903.7933425,0.0,0.0,0.0,2248558.48217,0.0,0.0,0.0,95427.21438250001,2869781.799885,3468826242.61693,3107909121.175,6752362.54693,720745.71569,268918.7425925,233579.85901249998,2748854.0204125,449785.08574999997,262011.8425925,0.0,226672.9590125,0.0,0.0,0.0,0.0,1223272.8282774999,0.0,1223272.8282774999,1101995.16427,1646508.9716075,0.0,2869781.799885,0.0,0.0,0.0,0.0,0.0,0.0,0.0,0.0,0.0,0.0,0.0,13491.23386,0,3167.0,8.670773442847365,60.0,1.0,0,60.0,False,True,False,False,False,False,False,False,False,False,False,False,False,True,False,False,False,False,False,False,False,False,False,False,False,False,False,False,True,False,False,0.3242236024844721,0.3823884197828709
800,3611,36,361,0,450,35,4.95,0.0,0.0,0.0,0.0,0.0,0.0,142578936.5,95583237.75,46995698.75,48915616.75,108652043.5,0.0,0.0,0.0,161212551.5,0.0,0.0,0.0,1331580.25,209539830.5,160270860.75,154112708.75,169683015.75,48604057.75,12730720.25,9120361.25,114337473.25,35185150.0,6670664.0,-3785031.25,2323571.25,0.0,0.0,0.0,0.0,85592006.5,1259007.75,86851014.25,27801273.5,68632063.5,54056752.75,209539830.5,0.0,0.0,0.0,0.0,0.0,0.0,0.0,0.0,0.0,0.0,0.0,334961.0,0,16492.0,45.152635181382614,60.0,1.0,0,60.0,False,True,False,False,False,False,False,False,False,False,False,False,False,True,False,False,False,False,False,False,False,False,False,False,True,False,False,False,False,False,False,0.3242236024844721,0.3823884197828709
801,5523,55,552,15,4,5,7.25,0.0,0.0,0.0,0.0,0.0,0.0,31531.5,8008.0,23523.5,0.0,0.0,0.0,0.0,0.0,5505.5,0.0,0.0,0.0,0.0,29029.0,0.0,0.0,0.0,-36036.0,-36036.0,-36536.5,0.0,0.0,-38538.5,-500.5,-39039.0,0.0,0.0,0.0,0.0,-80080.0,101601.5,21521.5,0.0,7007.0,500.5,29029.0,0.0,0.0,0.0,0.0,0.0,0.0,0.0,0.0,0.0,0.0,0.0,0.0,1,1443.0,3.9507186858316223,84.0,1.0,0,84.0,False,False,False,False,True,False,False,False,False,False,False,False,False,False,False,False,True,False,False,False,False,False,False,False,False,True,False,False,False,False,False,0.0012422360248447205,0.0024125452352231603
802,2222,22,222,0,0,22,0.0,,,,,,,36105000.0,15922000.0,20183000.0,3170000.0,17096000.0,,,,36119000.0,,,,3098000.0,59400000.0,30582000.0,57190000.0,18540000.0,4298000.0,2304000.0,736000.0,12296000.0,1913000.0,1064000.0,-190000.0,-504000.0,,,,,12749000.0,3158000.0,15907000.0,40141000.0,43493000.0,,59400000.0,,,,,,,,,,,,,0,11597.0,31.750855578370977,48.0,1.0,0,48.0,False,False,False,False,False,False,False,False,False,True,False,False,False,False,False,False,False,False,False,False,False,True,False,False,False,False,False,False,True,False,False,0.07204968944099378,0.05066344993968637
803,9306,93,930,5,0,1,5.0,100.0,0.0,0.0,100.0,0.0,0.0,99599.5,18018.0,81581.5,0.0,0.0,100.0,0.0,0.0,6506.5,100.0,0.0,0.0,40040.0,128128.0,125125.0,0.0,0.0,-37537.5,-122622.5,-123123.0,1001.0,85085.0,-136636.5,0.0,-137137.0,30.0,0.0,0.0,3.0,-87087.0,0.0,-87087.0,2002.0,214714.5,500.5,128128.0,51.0,0.0,0.0,41.5707,0.0,0.0,30.7243,100.0,0.0,0.0,2.0,0.0,0,1372.0,3.756331279945243,72.0,12.0,0,6.0,False,False,False,False,False,False,False,False,False,False,False,True,False,False,False,False,False,False,False,False,False,False,False,True,False,False,False,False,False,True,False,0.07080745341614907,0.010856453558504222
804,9999,99,999,15,0,1,6.0,0.0,0.0,0.0,0.0,0.0,0.0,3993500.0,58000.0,3935500.0,0.0,1470500.0,0.0,0.0,0.0,1979000.0,0.0,0.0,0.0,995000.0,6909500.0,0.0,0.0,3237500.0,978500.0,957000.0,299500.0,2215000.0,21500.0,957000.0,-657500.0,299500.0,0.0,0.0,0.0,0.0,4162000.0,0.0,4162000.0,2117500.0,2733000.0,14500.0,6909500.0,0.0,0.0,0.0,0.0,0.0,0.0,0.0,0.0,0.0,0.0,0.0,0.0,0,4036.0,,84.0,3.0,0,28.0,False,False,False,False,False,False,False,False,False,False,False,False,False,False,False,False,True,False,False,False,False,False,False,False,False,True,False,False,False,False,False,,0.0024125452352231603
805,3430,34,343,5,75,3,5.0,0.0,0.0,0.0,0.0,0.0,0.0,1517265.75,366866.5,1150399.25,1257005.75,558057.5,0.0,0.0,0.0,2435933.5,0.0,0.0,0.0,317066.75,3903399.5,177593.25,166.0,1009258.25,529028.5,269018.75,166166.0,382131.75,255505.25,209959.75,-46296.25,107107.0,0.0,0.0,0.0,0.0,466966.5,1001000.0,1467966.5,433433.0,2381379.0,72072.0,3903399.5,0.0,0.0,0.0,0.0,0.0,0.0,0.0,0.0,0.0,0.0,0.0,1520.0,0,5063.0,13.86173853524983,84.0,1.0,0,84.0,False,True,False,False,False,False,False,False,False,False,False,False,False,True,False,False,False,False,False,False,False,False,False,False,True,False,False,False,False,False,False,0.3242236024844721,0.3823884197828709
806,122,1,12,0,0,7,5.0,0.0,0.0,0.0,0.0,0.0,0.0,0.0,0.0,0.0,0.0,0.0,0.0,0.0,0.0,0.0,0.0,0.0,0.0,0.0,0.0,0.0,0.0,0.0,0.0,0.0,0.0,0.0,0.0,0.0,0.0,0.0,0.0,0.0,0.0,0.0,0.0,0.0,0.0,0.0,0.0,0.0,0.0,0.0,0.0,0.0,0.0,0.0,0.0,0.0,0.0,0.0,0.0,0.0,0.0,0,4036.0,,84.0,12.0,0,7.0,False,False,False,False,False,False,False,False,False,False,False,False,False,False,False,False,True,False,False,False,False,False,False,False,False,True,False,False,False,False,False,,0.06031363088057901
807,6062,60,606,1,9,25,1.0,100.0,100.0,0.0,1.0,1.0,0.0,3053050.0,1519518.0,1533532.0,0.0,1697696.0,100.0,100.0,0.0,2381379.0,100.0,100.0,0.0,1001.0,3915912.0,3706703.0,0.0,4156152.0,948948.0,774273.5,673172.5,2354352.0,163163.0,186186.0,-80580.5,85085.0,100.0,100.0,0.0,2.0,1161660.5,415415.0,1577075.5,1023022.0,2307805.5,31031.0,3915912.0,51.0,51.0,0.0,27.3984,27.3984,0.0,37.8893,1.0,1.0,0.0,2.0,8304.0,0,1917.0,5.248459958932238,60.0,1.0,0,60.0,False,False,False,False,False,False,False,False,False,False,True,False,False,False,False,False,False,False,False,False,False,False,True,False,False,False,False,False,False,False,False,0.03229813664596273,0.013268998793727383
808,5241,52,524,5,0,1,5.25,32.0,0.0,0.0,100.0,0.0,0.0,0.0,0.0,0.0,0.0,0.0,100.0,0.0,0.0,50050.0,50.0,0.0,0.0,0.0,50050.0,0.0,0.0,0.0,0.0,0.0,-1501.5,0.0,0.0,0.0,0.0,-1501.5,35.0,0.0,0.0,0.0,48548.5,0.0,48548.5,1501.5,1501.5,0.0,50050.0,51.0,0.0,0.0,27.8522,0.0,0.0,0.0,50.0,0.0,0.0,0.0,0.0,0,1573.0,4.306639288158795,84.0,3.0,0,28.0,False,True,False,False,False,False,False,False,False,False,False,False,False,True,False,False,False,False,False,False,False,False,False,False,True,False,False,False,False,False,False,0.3242236024844721,0.3823884197828709
809,7412,74,741,0,160,23,0.0,0.0,0.0,0.0,0.0,0.0,0.0,16171655.5,7118861.75,9052793.75,3477974.5,26937660.75,0.0,0.0,0.0,32310528.25,0.0,0.0,0.0,651400.75,42014722.75,21896097.0,46282.75,48650101.5,34604069.5,3119116.0,1555804.25,3159656.5,31160879.75,2401899.5,-795795.0,-771270.5,0.0,0.0,0.0,0.0,6739983.25,9710450.75,16450434.0,4708704.0,23004731.75,2559557.0,42014722.75,0.0,0.0,0.0,0.0,0.0,0.0,0.0,0.0,0.0,0.0,0.0,98798.0,0,14462.0,39.59479808350445,48.0,1.0,0,48.0,False,False,False,False,False,False,False,False,False,True,False,False,False,False,False,False,False,False,False,False,False,True,False,False,False,False,False,False,True,False,False,0.07204968944099378,0.05066344993968637
810,4526,45,452,5,0,24,5.3,0.0,0.0,0.0,0.0,0.0,0.0,133591708.25,97227380.25,36364328.0,108127269.25,198017069.25,0.0,0.0,0.0,341564973.75,0.0,0.0,0.0,22550528.0,400479829.75,405659504.25,226633910.25,362712600.25,54327773.5,20270500.25,16288021.75,275281756.75,30486205.75,8414656.25,-2906403.5,4432177.75,0.0,0.0,0.0,0.0,92133291.25,29547017.5,121680308.75,138004366.5,190364924.75,88434596.25,400479829.75,0.0,0.0,0.0,0.0,0.0,0.0,0.0,0.0,0.0,0.0,0.0,698265.5,0,7145.0,19.561943874058862,48.0,1.0,0,48.0,False,False,False,False,False,False,True,False,False,False,False,False,False,False,False,False,False,False,True,False,False,False,False,False,False,False,False,False,False,False,True,0.02608695652173913,0.018094089264173704
811,6031,60,603,0,34,25,5.3,0.0,0.0,0.0,0.0,0.0,0.0,66243427.25,38370832.5,27872594.75,756255.5,25489464.0,0.0,0.0,0.0,51687135.5,0.0,0.0,0.0,5922166.25,85481896.5,48322.75,45463.75,53190887.75,14293028.75,6467711.25,13367604.25,32958926.0,7704196.5,3506503.0,-209209.0,8416658.25,0.0,0.0,0.0,0.0,45462917.5,0.0,45462917.5,21739718.0,35928392.5,4090586.5,85481896.5,0.0,0.0,0.0,0.0,0.0,0.0,0.0,0.0,0.0,0.0,0.0,95032.0,1,2678.0,7.3319644079397674,60.0,1.0,0,60.0,False,False,False,False,False,False,False,False,False,True,False,False,False,False,False,False,True,False,False,False,False,False,False,False,False,True,False,False,False,False,False,0.07204968944099378,0.06031363088057901
812,4533,45,453,2,0,23,6.5,0.0,0.0,0.0,0.0,0.0,0.0,3421418.0,2652650.0,768768.0,2014012.0,4481977.5,0.0,0.0,0.0,6495989.5,0.0,0.0,0.0,118618.5,7383376.0,17129112.0,18400382.0,16167651.5,5394389.0,733232.5,593092.5,9918408.5,4629124.5,526526.0,-87087.0,370370.0,0.0,0.0,0.0,0.0,1646645.0,275775.5,1922420.5,3596593.0,5256251.0,204704.5,7383376.0,0.0,0.0,0.0,0.0,0.0,0.0,0.0,0.0,0.0,0.0,0.0,31866.0,0,9932.0,27.19233401779603,48.0,1.0,0,48.0,False,True,False,False,False,False,False,False,False,False,False,False,False,True,False,False,False,False,False,False,False,False,False,False,True,False,False,False,False,False,False,0.3242236024844721,0.3823884197828709
813,5511,55,551,150,0,4,5.62,100.0,0.0,0.0,100.0,0.0,0.0,0.0,0.0,0.0,3698695.0,0.0,100.0,0.0,0.0,3699195.5,100.0,0.0,0.0,394394.0,4093589.5,0.0,0.0,0.0,0.0,0.0,-1501.5,0.0,0.0,0.0,0.0,-1501.5,30.0,0.0,0.0,1.0,36036.5,4053.0,40089.5,0.0,4053500.0,0.0,4093589.5,100.0,0.0,0.0,44.839,0.0,0.0,43.7228,100.0,0.0,0.0,1.0,0.0,0,4293.0,11.75359342915811,120.0,3.0,0,40.0,False,True,False,False,False,False,False,False,False,False,False,False,False,True,False,False,False,False,False,False,False,False,False,False,True,False,False,False,False,False,False,0.3242236024844721,0.3823884197828709
814,4543,45,454,10,120,23,5.0,0.0,0.0,0.0,0.0,0.0,0.0,7577570.0,4138634.5,3438935.5,3860857.0,66234668.5,0.0,0.0,0.0,89925585.75,0.0,0.0,0.0,291040.75,93655562.0,47735.0,37277.25,51246945.75,14347833.5,4305050.75,4043289.25,32952669.75,9896386.5,3203700.5,-149149.0,2114362.25,0.0,0.0,0.0,0.0,35600815.25,0.0,35600815.25,28288260.0,49672122.5,8382624.25,93655562.0,0.0,0.0,0.0,0.0,0.0,0.0,0.0,0.0,0.0,0.0,0.0,98453.5,0,13506.0,36.97741273100616,60.0,1.0,0,60.0,False,True,False,False,False,False,False,False,False,False,False,False,False,True,False,False,False,False,False,False,False,False,False,False,True,False,False,False,False,False,False,0.3242236024844721,0.3823884197828709
815,2522,25,252,6,95,22,5.0,0.0,0.0,0.0,0.0,0.0,0.0,6318061.75,1662661.0,5071066.0,2092090.0,3592255.3333333335,0.0,0.0,0.0,4840335.5,0.0,0.0,0.0,692692.0,10430920.5,20902882.0,10615354.75,10454193.75,2309557.25,299549.25,292041.75,9541532.0,2624288.3333333335,55305.25,13513.5,47797.75,0.0,0.0,0.0,0.0,1802050.25,0.0,1802050.25,3773102.6666666665,5058303.25,0.0,6860353.5,0.0,0.0,0.0,0.0,0.0,0.0,0.0,0.0,0.0,0.0,0.0,20554.5,0,11206.0,30.680355920602327,60.0,1.0,0,60.0,False,True,False,False,False,False,False,False,False,False,False,False,False,True,False,False,False,False,False,False,False,False,False,False,True,False,False,False,False,False,False,0.3242236024844721,0.3823884197828709
816,6022,60,602,20,90,25,5.0,0.0,0.0,0.0,0.0,0.0,0.0,1323322.0,232232.0,1091090.0,429929.5,1170169.0,0.0,0.0,0.0,23384110.75,0.0,0.0,0.0,5646390.75,30121591.5,18210.0,6200.0,26571795.25,8711953.25,4188184.0,3279776.5,11048037.0,11335073.75,4044290.25,-95345.25,3093840.75,0.0,0.0,0.0,0.0,17733465.75,1394393.0,19127858.75,6716710.0,9760500.75,1233232.0,30121591.5,0.0,0.0,0.0,0.0,0.0,0.0,0.0,0.0,0.0,0.0,0.0,53072.0,1,1231.0,3.370294318959617,60.0,1.0,0,60.0,False,True,False,False,False,False,False,False,False,False,False,False,False,True,False,False,False,False,False,False,False,False,False,False,True,False,False,False,False,False,False,0.3242236024844721,0.3823884197828709
817,116,1,11,10,0,4,6.0,,,,,,,0.0,,0.0,,,,,,0.0,,,,,0.0,0.0,0.0,0.0,0.0,0.0,0.0,,,0.0,0.0,0.0,,,,,0.0,0.0,0.0,,0.0,,0.0,,,,,,,,,,,,,0,4036.0,,72.0,12.0,0,6.0,False,False,False,False,True,False,False,False,False,False,False,False,False,False,False,False,True,False,False,False,False,False,False,False,False,True,False,False,False,False,False,0.02981366459627329,0.025331724969843185
818,122,1,12,0,0,4,6.0,100.0,0.0,0.0,100.0,0.0,0.0,0.0,0.0,0.0,0.0,0.0,100.0,0.0,0.0,0.0,100.0,0.0,0.0,0.0,0.0,0.0,0.0,0.0,0.0,0.0,0.0,0.0,0.0,0.0,0.0,0.0,35.0,0.0,0.0,2.0,0.0,0.0,0.0,0.0,0.0,0.0,0.0,100.0,0.0,0.0,45.0055,0.0,0.0,40.505,100.0,0.0,0.0,3.0,0.0,0,5445.0,14.907597535934292,72.0,12.0,0,6.0,False,False,False,False,True,False,False,False,False,False,False,False,False,False,False,False,True,False,False,False,False,False,False,False,False,True,False,False,False,False,False,0.02981366459627329,0.025331724969843185
819,7260,72,726,15,0,3,5.0,0.0,0.0,0.0,0.0,0.0,0.0,359359.0,173673.5,185685.5,4004.0,1505003.5,0.0,0.0,0.0,1607105.5,0.0,0.0,0.0,0.0,1792791.0,3557053.5,0.0,5179674.5,4240736.5,753252.5,598097.5,401901.5,3483480.0,726225.5,0.0,571070.5,0.0,0.0,0.0,0.0,644644.0,0.0,644644.0,24524.5,1122621.5,25525.5,1792791.0,0.0,0.0,0.0,0.0,0.0,0.0,0.0,0.0,0.0,0.0,0.0,10349.0,0,5760.0,15.770020533880903,72.0,12.0,0,6.0,False,False,False,False,False,False,False,False,False,True,False,False,False,False,False,False,False,False,False,False,False,True,False,False,False,True,False,False,False,False,False,0.07204968944099378,0.05066344993968637
820,6023,60,602,2,0,25,7.0,0.0,0.0,0.0,0.0,0.0,0.0,211211.0,211211.0,0.0,0.0,0.0,0.0,0.0,0.0,0.0,0.0,0.0,0.0,19019.0,19019.0,48048.0,0.0,243243.0,11011.0,-30030.0,-32532.5,195195.0,41041.0,-30030.0,0.0,-32532.5,0.0,0.0,0.0,0.0,15515.5,0.0,15515.5,500.5,3503.5,0.0,19019.0,0.0,0.0,0.0,0.0,0.0,0.0,0.0,0.0,0.0,0.0,0.0,486.0,0,2730.0,7.474332648870637,60.0,1.0,0,60.0,True,False,False,False,False,False,False,False,False,False,False,False,True,False,False,False,False,False,False,False,False,False,False,False,False,False,False,True,False,False,False,0.0012422360248447205,0.0012062726176115801
821,5050,50,505,14,0,1,5.0,32.0,32.0,0.0,1.0,1.0,0.0,6991.985,0.0,6991.985,1253752.5,0.0,75.0,75.0,0.0,1259721.9635,100.0,100.0,0.0,655.655,1267369.6035,0.0,0.0,0.0,-24663.639,-24663.639,-26165.139,0.0,0.0,-24663.639,0.0,-26165.139,35.0,35.0,0.0,0.0,-22661.639,0.0,-22661.639,28126.5985,1290031.2425,0.0,1267369.6035,100.0,51.0,0.0,26.6705,23.4022,0.0,0.0,50.0,50.0,0.0,0.0,0.0,0,2894.0,7.923340177960301,84.0,1.0,0,84.0,False,True,False,False,False,False,False,False,False,False,False,False,False,True,False,False,False,False,False,False,False,False,False,False,True,False,False,False,False,False,False,0.3242236024844721,0.3823884197828709
822,1421,14,142,0,0,23,6.5,0.0,0.0,0.0,0.0,0.0,0.0,1675423.75,805805.0,869618.75,754003.25,593092.5,0.0,0.0,0.0,1424923.5,0.0,0.0,0.0,86836.75,2381379.0,2503000.5,963212.25,3245742.5,958457.5,571571.0,528528.0,1489988.5,378378.0,248748.5,-24524.5,205705.5,0.0,0.0,0.0,0.0,163913.75,1522771.25,1686685.0,394894.5,570319.75,165832.33333333334,2381379.0,0.0,0.0,0.0,0.0,0.0,0.0,0.0,0.0,0.0,0.0,0.0,6351.0,0,1827.0,5.002053388090349,48.0,1.0,0,48.0,False,False,False,False,False,False,False,False,False,False,False,True,False,False,False,False,False,False,False,False,False,False,False,True,False,False,False,False,False,True,False,0.011180124223602485,0.010856453558504222
823,2466,24,246,0,0,22,1.0,16.0,16.0,16.0,25.0,0.5,0.5,6891634.75,226976.75,6664658.0,1346595.25,3156903.75,50.0,50.0,50.0,5522266.75,50.0,50.0,50.0,253503.25,12440428.0,1864.5,103.25,5120115.0,1085584.5,489489.0,432932.5,3907153.25,590840.25,304804.5,-13763.75,248248.0,50.0,50.0,50.0,2.0,1859858.0,5005000.0,6864858.0,3113860.75,5575570.0,0.0,12440428.0,50.0,50.0,50.0,16.0175,14.7925,14.7925,19.57015,25.0,25.0,25.0,0.5,10230.0,0,1947.0,5.330595482546201,60.0,1.0,0,60.0,False,True,False,False,False,False,False,False,False,False,False,False,False,True,False,False,False,False,False,False,False,False,False,False,True,False,False,False,False,False,False,0.3242236024844721,0.3823884197828709
824,116,1,11,0,140,7,5.5,50.0,50.0,50.0,0.5,0.5,0.5,28337309.0,18919901.0,9417408.0,11363852.5,1957205.25,50.0,50.0,50.0,13371107.75,33.0,50.0,50.0,8258.25,22796774.0,7278162.25,7302051.5,13074811.75,5218963.75,3227974.75,2611859.25,4596592.0,1944442.5,731230.5,-548548.0,115115.0,17.5,50.0,50.0,0.5,7338581.25,5519514.0,12858095.25,1661660.0,2026024.0,7912654.75,22796774.0,25.5,25.5,25.5,15.8761,17.49195,17.49195,20.31965,25.0,33.0,33.0,1.0,23486.0,0,4488.0,12.28747433264887,60.0,6.0,0,10.0,False,False,False,False,False,False,False,False,False,False,True,False,False,False,False,False,False,False,False,False,False,False,True,False,False,False,False,False,False,False,False,0.007453416149068323,0.007237635705669481
825,8021,80,802,41,0,1,6.0,100.0,0.0,0.0,100.0,0.0,0.0,0.0,0.0,0.0,0.0,0.0,75.0,0.0,0.0,0.0,50.0,0.0,0.0,0.0,0.0,0.0,0.0,0.0,0.0,0.0,0.0,0.0,0.0,0.0,0.0,0.0,30.0,0.0,0.0,0.0,0.0,0.0,0.0,0.0,0.0,0.0,0.0,51.0,0.0,0.0,34.9857,0.0,0.0,0.0,50.0,0.0,0.0,0.0,0.0,0,1640.0,4.490075290896646,84.0,1.0,0,84.0,False,True,False,False,False,False,False,False,False,False,False,False,False,True,False,False,False,False,False,False,False,False,False,False,True,False,False,False,False,False,False,0.3242236024844721,0.3823884197828709
826,7485,74,748,6,5,25,7.0,100.0,0.0,0.0,100.0,0.0,0.0,476476.0,315815.5,160660.5,0.0,1827826.0,100.0,0.0,0.0,1935433.5,100.0,0.0,0.0,34534.5,2130628.5,1068567.5,0.0,1758256.5,743743.0,54054.0,38038.0,704704.0,664163.5,32532.5,-7507.5,16516.5,100.0,0.0,0.0,0.0,973973.0,0.0,973973.0,190190.0,1156655.5,0.0,2130628.5,100.0,0.0,0.0,35.5,0.0,0.0,0.0,0.0,0.0,0.0,0.0,3513.0,0,15179.0,41.55783709787816,59.0,1.0,0,59.0,False,True,False,False,False,False,False,False,False,False,False,False,False,True,False,False,False,False,False,False,False,False,False,False,True,False,False,False,False,False,False,0.3242236024844721,0.3823884197828709
827,114,1,11,5,0,7,5.0,0.0,0.0,0.0,0.0,0.0,0.0,0.0,0.0,0.0,0.0,0.0,0.0,0.0,0.0,0.0,0.0,0.0,0.0,0.0,0.0,0.0,0.0,0.0,0.0,0.0,0.0,0.0,0.0,0.0,0.0,0.0,0.0,0.0,0.0,0.0,0.0,0.0,0.0,0.0,0.0,0.0,0.0,0.0,0.0,0.0,0.0,0.0,0.0,0.0,0.0,0.0,0.0,0.0,0.0,0,4036.0,,60.0,12.0,0,5.0,False,False,False,False,True,False,False,False,False,False,False,False,False,False,False,False,True,False,False,False,False,False,False,False,False,True,False,False,False,False,False,0.06459627329192547,0.06031363088057901
828,1573,15,157,0,300,24,0.0,0.0,0.0,0.0,0.0,0.0,0.0,35822536.75,14735470.75,21087066.0,17245728.5,0.0,0.0,0.0,0.0,20647627.0,0.0,0.0,0.0,7396138.75,49130831.75,15595.25,10920.25,24071547.5,10665404.75,5624368.75,5216211.0,11192431.25,4874619.75,1344092.75,-72822.75,935935.0,0.0,0.0,0.0,0.0,37297510.25,3805301.5,41102811.75,3579576.0,8028020.0,0.0,49130831.75,0.0,0.0,0.0,0.0,0.0,0.0,0.0,0.0,0.0,0.0,0.0,46099.5,0,4625.0,12.66255989048597,60.0,1.0,0,60.0,False,False,False,False,True,False,False,False,False,False,False,False,False,False,False,False,True,False,False,False,False,False,False,False,False,True,False,False,False,False,False,0.02981366459627329,0.025331724969843185
829,2661,26,266,7,13,24,1.0,100.0,100.0,100.0,100.0,100.0,100.0,3383880.5,386886.5,2996994.0,13513.5,74574.5,100.0,100.0,100.0,449449.0,100.0,50.0,100.0,133633.5,3580076.5,0.0,0.0,841841.0,86086.0,-56056.0,-50050.0,658157.5,114614.5,-295795.5,-500.5,-296296.0,100.0,100.0,100.0,1.0,-323323.0,200200.0,-123123.0,581080.5,3703199.5,0.0,3580076.5,51.0,51.0,51.0,43.9017,41.4017,43.9017,38.9743,100.0,100.0,100.0,2.0,1659.0,0,1397.0,3.8247775496235454,60.0,1.0,0,60.0,False,False,False,False,False,False,False,False,False,False,True,False,False,False,False,False,False,False,False,False,False,False,True,False,False,False,False,False,False,False,False,0.03229813664596273,0.013268998793727383
830,1744,17,174,0,210,25,0.0,0.0,0.0,0.0,0.0,0.0,0.0,6856349.5,5931425.5,924924.0,940940.0,5195190.0,0.0,0.0,0.0,8650642.0,0.0,0.0,0.0,6506.5,9582072.5,21694.0,0.0,19593574.0,6107101.0,343343.0,-657657.0,12837324.5,5676170.5,187187.0,-384384.0,-813813.0,0.0,0.0,0.0,0.0,2705703.0,0.0,2705703.0,2493991.5,5500495.0,1375874.5,9582072.5,0.0,0.0,0.0,0.0,0.0,0.0,0.0,0.0,0.0,0.0,0.0,39692.0,0,10120.0,27.707049965776864,60.0,1.0,0,60.0,False,False,False,False,True,False,False,False,False,False,False,False,False,False,False,False,True,False,False,False,False,False,False,False,False,True,False,False,False,False,False,0.02981366459627329,0.025331724969843185
831,122,1,12,0,3,7,5.0,,,,,,,,,,,,,,,,,,,,,,,,,,,,,,,,,,,,,,,,,,,,,,,,,,,,,,,0,4036.0,,60.0,12.0,0,5.0,False,False,False,False,False,False,True,False,False,False,False,False,False,False,False,True,False,False,False,False,False,False,False,False,False,True,False,False,False,False,False,0.002484472049689441,0.020506634499396863
832,122,1,12,0,3,7,5.0,,,,,,,,,,,,,,,,,,,,,,,,,,,,,,,,,,,,,,,,,,,,,,,,,,,,,,,0,4036.0,,24.0,12.0,0,2.0,False,False,False,False,False,False,True,False,False,False,False,False,False,False,False,True,False,False,False,False,False,False,False,False,False,True,False,False,False,False,False,0.002484472049689441,0.020506634499396863
833,8511,85,851,10,0,23,6.0,0.0,0.0,0.0,0.0,0.0,0.0,4253749.5,33533.5,4220216.0,7007.0,512512.0,0.0,0.0,0.0,528027.5,0.0,0.0,0.0,5938933.0,10687176.5,2175673.5,1128127.0,2537034.5,-1328827.5,-1581079.5,1239238.0,792792.0,242242.0,-1770769.0,-122122.0,965965.0,0.0,0.0,0.0,0.0,1016015.0,8716500.0,9732515.0,833332.5,954161.0,500.5,10687176.5,0.0,0.0,0.0,0.0,0.0,0.0,0.0,0.0,0.0,0.0,0.0,5069.0,0,1084.0,2.967830253251198,60.0,1.0,0,60.0,False,True,False,False,False,False,False,False,False,False,False,False,False,True,False,False,False,False,False,False,False,False,False,False,True,False,False,False,False,False,False,0.3242236024844721,0.3823884197828709
834,6025,60,602,0,25,22,6.0,0.0,0.0,0.0,0.0,0.0,0.0,1768266.5,1707372.3333333333,487737.25,0.0,9077318.25,0.0,0.0,0.0,9581321.75,0.0,0.0,0.0,400900.5,10469959.5,6452234.5,11603.0,14494229.75,2226724.5,1351099.75,864113.25,10701691.0,844593.75,864864.0,-215715.5,377877.5,0.0,0.0,0.0,0.0,3922668.75,24524.5,3947193.25,1666164.5,3214461.25,3308305.0,10469959.5,0.0,0.0,0.0,0.0,0.0,0.0,0.0,0.0,0.0,0.0,0.0,28959.5,0,3837.0,10.505133470225873,24.0,1.0,0,24.0,False,True,False,False,False,False,False,False,False,False,False,False,False,True,False,False,False,False,False,False,False,False,False,False,True,False,False,False,False,False,False,0.3242236024844721,0.3823884197828709
835,5511,55,551,20,0,4,6.5,0.0,0.0,0.0,0.0,0.0,0.0,61061.0,39039.0,22022.0,1156155.0,0.0,0.0,0.0,0.0,1384383.0,0.0,0.0,0.0,149649.5,1556054.5,0.0,0.0,0.0,-2502.5,-2502.5,-4004.0,0.0,0.0,-8508.5,0.0,-10010.0,0.0,0.0,0.0,0.0,-26526.5,0.0,-26526.5,0.0,1582581.0,0.0,1556054.5,0.0,0.0,0.0,0.0,0.0,0.0,0.0,0.0,0.0,0.0,0.0,0.0,0,3970.0,10.869267624914443,84.0,3.0,0,28.0,False,False,False,False,False,False,False,False,True,False,False,False,False,False,False,False,False,False,False,False,True,False,False,False,False,False,False,True,False,False,False,0.009937888198757764,0.0036188178528347406
836,4547,45,454,0,35,22,1.0,0.0,0.0,0.0,0.0,0.0,0.0,102602.5,15015.0,87587.5,3957954.0,2719717.0,0.0,0.0,0.0,7816809.0,0.0,0.0,0.0,3503.5,7907900.0,2348346.0,1129128.0,3831327.5,205705.5,67067.0,47047.0,3308805.5,138638.5,57057.0,-500.5,37037.0,0.0,0.0,0.0,0.0,238238.0,0.0,238238.0,6361355.0,7618110.5,51551.5,7907900.0,0.0,0.0,0.0,0.0,0.0,0.0,0.0,0.0,0.0,0.0,0.0,7655.0,1,2766.0,7.572895277207392,60.0,1.0,0,60.0,False,True,False,False,False,False,False,False,False,False,False,False,False,True,False,False,False,False,False,False,False,False,False,False,True,False,False,False,False,False,False,0.3242236024844721,0.3823884197828709
837,6042,60,604,0,0,22,1.0,0.0,0.0,0.0,0.0,0.0,0.0,2109607.5,1965463.5,144144.0,0.0,2166664.5,0.0,0.0,0.0,2293291.0,0.0,0.0,0.0,4004.0,2441439.0,3936933.0,2973470.5,3653650.0,974974.0,227227.0,298798.5,1149648.5,733733.0,166166.0,500.5,234734.5,0.0,0.0,0.0,0.0,1584583.0,1001.0,1585584.0,487487.0,848347.5,7507.5,2441439.0,0.0,0.0,0.0,0.0,0.0,0.0,0.0,0.0,0.0,0.0,0.0,7300.0,0,6562.0,17.965776865160848,60.0,1.0,0,60.0,False,True,False,False,False,False,False,False,False,False,False,False,False,True,False,False,False,False,False,False,False,False,False,False,True,False,False,False,False,False,False,0.3242236024844721,0.3823884197828709
838,5030,50,503,0,0,39,6.1,100.0,0.0,0.0,100.0,0.0,0.0,0.0,0.0,0.0,0.0,0.0,100.0,0.0,0.0,0.0,100.0,0.0,0.0,0.0,0.0,0.0,0.0,0.0,0.0,0.0,0.0,0.0,0.0,0.0,0.0,0.0,30.0,0.0,0.0,0.0,0.0,0.0,0.0,0.0,0.0,0.0,0.0,100.0,0.0,0.0,44.839,0.0,0.0,0.0,100.0,0.0,0.0,0.0,0.0,0,4036.0,,84.0,1.0,0,84.0,False,False,False,False,False,False,False,False,False,False,False,False,False,False,False,False,False,False,False,False,False,False,False,False,True,False,False,False,False,False,False,,
839,7421,74,742,1,0,39,6.0,100.0,0.0,0.0,100.0,0.0,0.0,0.0,0.0,0.0,0.0,0.0,100.0,0.0,0.0,0.0,100.0,0.0,0.0,0.0,0.0,0.0,0.0,0.0,0.0,0.0,0.0,0.0,0.0,0.0,0.0,0.0,30.0,0.0,0.0,1.0,0.0,0.0,0.0,0.0,0.0,0.0,0.0,100.0,0.0,0.0,44.839,0.0,0.0,40.4228,100.0,0.0,0.0,1.0,0.0,0,4036.0,,120.0,1.0,0,120.0,False,False,False,False,False,False,False,False,False,False,False,False,False,False,False,False,False,False,False,False,True,False,False,False,False,False,False,True,False,False,False,,0.07117008443908324
840,5511,55,551,25,202,24,1.0,,,,,,,,,,,,,,,,,,,,,,,,,,,,,,,,,,,,,,,,,,,,,,,,,,,,,,,0,6345.0,17.371663244353183,120.0,1.0,0,120.0,False,False,False,False,False,False,False,False,True,False,False,False,False,False,False,False,False,False,False,False,False,False,False,False,False,False,False,True,False,False,False,0.08074534161490683,
841,5166,51,516,1,12,2,5.75,,,,,,,,,,,,,,,,,,,,,,,,,,,,,,,,,,,,,,,,,,,,,,,,,,,,,,,0,4036.0,,120.0,1.0,0,120.0,False,True,False,False,False,False,False,False,False,False,False,False,False,True,False,False,False,False,False,False,False,False,False,False,True,False,False,False,False,False,False,0.3242236024844721,0.3823884197828709
842,1744,17,174,2,34,35,6.0,0.0,0.0,0.0,0.0,0.0,0.0,3620366.75,1312561.25,2307805.5,4540536.0,1357356.0,0.0,0.0,0.0,6738982.25,0.0,0.0,0.0,539539.0,9586326.75,7810.0,8103.0,9111602.5,457957.5,-501751.25,379879.5,7445187.75,829829.0,345595.25,-58808.75,169169.0,0.0,0.0,0.0,0.0,2490738.25,1070819.75,3561558.0,3754500.75,5273768.5,751000.25,9586326.75,0.0,0.0,0.0,0.0,0.0,0.0,0.0,0.0,0.0,0.0,0.0,18205.0,0,4898.0,13.409993155373032,60.0,1.0,0,60.0,False,False,False,False,True,False,False,False,False,False,False,False,False,False,False,False,True,False,False,False,False,False,False,False,True,False,False,False,False,False,False,0.02981366459627329,0.025331724969843185
843,3663,36,366,10,124,4,5.0,0.0,0.0,0.0,0.0,0.0,0.0,2625372.75,299048.75,2326324.0,2071569.5,101601.5,0.0,0.0,0.0,4318063.75,0.0,0.0,0.0,551801.25,7196189.0,2752.25,0.0,7523015.5,1536535.0,727476.75,628628.0,5500495.0,799548.75,526275.75,-71321.25,399899.5,0.0,0.0,0.0,0.0,1724723.0,567066.5,2291789.5,1775523.75,4904399.5,0.0,7196189.0,0.0,0.0,0.0,0.0,0.0,0.0,0.0,0.0,0.0,0.0,0.0,14906.0,0,867.0,2.3737166324435317,84.0,3.0,0,28.0,False,True,False,False,False,False,False,False,False,False,False,False,False,True,False,False,False,False,False,False,False,False,False,False,False,False,False,False,True,False,False,0.3242236024844721,0.3823884197828709
844,5249,52,524,4,2,26,9.0,0.0,0.0,0.0,0.0,0.0,0.0,1589588.0,552802.25,1036785.75,11511.5,219219.0,0.0,0.0,0.0,342342.0,0.0,0.0,0.0,134134.0,1513261.75,161445.0,554.25,261261.0,189939.75,121121.0,119619.5,69069.0,67067.0,103853.75,0.0,102352.25,0.0,0.0,0.0,0.0,1071820.75,300300.0,1372120.75,8258.25,141141.0,0.0,1513261.75,0.0,0.0,0.0,0.0,0.0,0.0,0.0,0.0,0.0,0.0,0.0,522.0,0,10132.0,27.73990417522245,120.0,4.0,0,30.0,False,False,False,True,False,False,False,False,False,False,False,False,False,False,False,True,False,False,False,False,False,False,False,False,False,False,False,False,False,False,False,0.016149068322981366,0.015681544028950542
845,8511,85,851,3,47,23,1.0,,,,,,,,,,,,,,,,,,,,,,,,,,,,,,,,,,,,,,,,,,,,,,,,,,,,,,,0,4036.0,,48.0,1.0,0,48.0,False,False,False,False,False,False,False,False,False,False,True,False,False,False,False,False,False,False,False,False,False,False,True,False,False,False,False,False,False,False,False,0.04720496894409938,0.04945717732207479
